Currency,Model,Observations,Signal_Triggers,Hit_Rate_Pct,Information_Coefficient,Sharpe_Ratio,Maximum_Drawdown_Pct,Strategy_Total_Return_Pct,Average_Adj_R2,Average_Train_RMSE,Average_Validation_RMSE,Test_RMSE,Generalization_Gap
EUR,RidgeCV,199,6,66.66666666666666,0.13147782709372755,0.677328272420169,-0.9866919728713675,0.7601621964765215,0.3601705222007859,0.4075002785703832,0.443906734544364,0.3348566536059547,-0.0726436249644285
EUR,OLS,199,5,80.0,0.06706778631067,1.2441621242790677,-0.7978038946555688,1.6604452419446636,0.3531001720297872,0.4096536836407477,0.43646583710742115,0.34285725389083144,-0.06679642974991629
EUR,LGBMRegressor,199,5,80.0,0.05218759518637376,1.4439426836450366,-0.36076275554027815,1.432546299420423,0.35757382319339565,0.4055986391390943,0.46686020251029525,0.3576903236499846,-0.047908315489109676
EUR,XGBRegressor,199,4,50.0,0.003194798150901186,0.6420637887115132,-0.6505619180869782,0.7128327680709035,0.42014551629496044,0.3837758426311957,0.44966195180793406,0.3617259094063522,-0.0220499332248435
