Date,Model,Signal,Forward_10d_Return,Hit,Attribution_Method,Largest_Attribution_Driver,Largest_Attribution_Value,Largest_Attribution_Abs,Driver_1_Name,Driver_1_Beta,Driver_1_SHAP,Driver_2_Name,Driver_2_Beta,Driver_2_SHAP,Driver_3_Name,Driver_3_Beta,Driver_3_SHAP,Dominant_Attribution_Method
2001-09-24,OLS,BUY,0.0331368164261027,True,BETA,5y yield,1.3234129028567303,1.3234129028567303,Gold,0.3434355299610016,,MSCI World ex-US,0.1775772163628662,,5y yield,1.3234129028567303,,
2001-12-20,OLS,BUY,0.020387965162312,True,BETA,Asia EMFX,-0.649946986455584,0.649946986455584,Gold,0.2991035393577926,,MSCI World ex-US,0.1880815007565022,,Asia EMFX,-0.649946986455584,,
2001-12-26,OLS,BUY,0.0347277032359905,True,BETA,Asia EMFX,-0.6433393588614682,0.6433393588614682,Gold,0.3015932457856538,,MSCI World ex-US,0.1789625494917634,,Asia EMFX,-0.6433393588614682,,
2002-06-14,OLS,BUY,0.0053533190578158,True,BETA,5y yield,1.1147721431536453,1.1147721431536453,MSCI World ex-US,0.145785301851574,,5y yield,1.1147721431536453,,Asia EMFX,-0.8773594515616298,,
2003-02-25,OLS,SELL,-0.0023113752682847,True,BETA,Gold,0.208156354195399,0.208156354195399,Gold,0.208156354195399,,MSCI EM,0.1661560908608492,,VIX Index,-0.0078663714547436,,
2003-05-06,OLS,BUY,0.0250622665006226,True,BETA,Gold,0.2163469000431833,0.2163469000431833,Gold,0.2163469000431833,,MSCI EM,0.1506627679519556,,VIX Index,-0.0134786486369974,,
2003-05-21,OLS,BUY,0.0135940125248206,True,BETA,Gold,0.2213413106668166,0.2213413106668166,Gold,0.2213413106668166,,MSCI EM,0.1471743362294741,,VIX Index,-0.0134031701222894,,
2003-06-06,OLS,BUY,0.0147282113574249,True,BETA,Gold,0.2063157693724413,0.2063157693724413,Gold,0.2063157693724413,,MSCI EM,0.1410001209250781,,VIX Index,-0.0121453262279782,,
2003-07-14,OLS,BUY,0.0063723258989529,True,BETA,Gold,0.2101491958848941,0.2101491958848941,Gold,0.2101491958848941,,MSCI World ex-US,0.112232638451825,,VIX Index,-0.0067489837487166,,
2003-12-08,OLS,SELL,-0.0091829844699528,True,BETA,2y yield,0.8841364168720063,0.8841364168720063,MSCI World - Dow Jones,0.2891108524377037,,Gold,0.2129545069217419,,2y yield,0.8841364168720063,,
2004-01-19,OLS,BUY,0.0048993644067796,True,BETA,2y yield,0.9737224596472376,0.9737224596472376,MSCI World - Dow Jones,0.3261521342014491,,Gold,0.2397689245259186,,2y yield,0.9737224596472376,,
2004-01-29,OLS,BUY,0.0378598659129747,True,BETA,2y yield,1.2469387900789457,1.2469387900789457,MSCI World - Dow Jones,0.3186609372736819,,Gold,0.2517571299724537,,2y yield,1.2469387900789457,,
2004-02-02,OLS,BUY,0.0448016866517329,True,BETA,2y yield,1.2255008771167828,1.2255008771167828,MSCI World - S&P500,0.3433779759724614,,Gold,0.2468543987723688,,2y yield,1.2255008771167828,,
2004-03-25,OLS,BUY,0.0319350473612989,True,BETA,2y yield,1.651079512731351,1.651079512731351,MSCI World ex-US,0.2982025469844234,,Gold,0.3128240487745284,,2y yield,1.651079512731351,,
2004-09-21,OLS,BUY,0.029562251279136,True,BETA,2y yield,2.415127710469644,2.415127710469644,Gold,0.4305931054554215,,MSCI World ex-US,0.3091050230409565,,2y yield,2.415127710469644,,
2004-12-16,OLS,BUY,0.0309360126916975,True,BETA,2y yield,2.35448512172636,2.35448512172636,Gold,0.4462262669299491,,MSCI World ex-US,0.3352733678209597,,2y yield,2.35448512172636,,
2005-07-04,OLS,BUY,0.0045309168443496,True,BETA,2y yield,1.483350181105638,1.483350181105638,Gold,0.4425104170619948,,MSCI World ex-US,0.3220576306095264,,2y yield,1.483350181105638,,
2005-12-27,OLS,BUY,0.0341066003866337,True,BETA,Real 2y yield,0.4350042312789934,0.4350042312789934,MSCI World ex-US,0.3766108274997764,,Gold,0.2600446042470237,,Real 2y yield,0.4350042312789934,,
2006-02-07,OLS,SELL,-0.0012167094768149,True,BETA,Real 2y yield,0.500666230630487,0.500666230630487,MSCI World ex-US,0.3467975847956254,,Gold,0.2007596116804826,,Real 2y yield,0.500666230630487,,
2006-06-13,OLS,SELL,-0.0067796610169491,True,BETA,Real 2y yield,0.628047118603582,0.628047118603582,MSCI World ex-US,0.2306291685894861,,Gold,0.1557984327800806,,Real 2y yield,0.628047118603582,,
2007-01-09,OLS,BUY,0.015627001408992,True,BETA,2y yield,3.514243422404361,3.514243422404361,Gold,0.13496896818829,,2y yield,3.514243422404361,,MSCI World ex-US,0.1359917091863152,,
2007-04-12,OLS,SELL,-0.0028954035468693,True,BETA,5y yield,3.4873816949612904,3.4873816949612904,Gold,0.153361728441284,,5y yield,3.4873816949612904,,MSCI World ex-US,0.1192884257476176,,
2007-04-17,OLS,SELL,-0.0114681638991757,True,BETA,5y yield,3.486443329092066,3.486443329092066,Gold,0.155540241583316,,5y yield,3.486443329092066,,MSCI World ex-US,0.1145250036869347,,
2008-02-28,OLS,SELL,-0.0021074815595363,True,BETA,Gold,0.3190734602769568,0.3190734602769568,Gold,0.3190734602769568,,MSCI World ex-US,0.2699479699379575,,VIX Index,-0.019107239297897,,
2008-06-12,OLS,BUY,0.0230118805522852,True,BETA,MSCI World ex-US,0.308671576701914,0.308671576701914,Copper LME,0.105991894970134,,MSCI World ex-US,0.308671576701914,,Asia EMFX,-0.2701240347345813,,
2008-09-08,OLS,BUY,0.0339294463498285,True,BETA,Asia EMFX,-0.4076381497739039,0.4076381497739039,Gold,0.2931742050297504,,MSCI World ex-US,0.2314250222411685,,Asia EMFX,-0.4076381497739039,,
2008-11-11,OLS,SELL,-0.0120225232080353,True,BETA,Asia EMFX,0.391222902734043,0.391222902734043,Copper LME,0.1899939888734735,,MSCI EM,0.3256156401990698,,Asia EMFX,0.391222902734043,,
2008-11-13,OLS,SELL,-0.0139618675874493,True,BETA,Asia EMFX,0.3490278121809542,0.3490278121809542,Copper LME,0.1876621912718356,,MSCI EM,0.3254485199088597,,Asia EMFX,0.3490278121809542,,
2008-12-16,OLS,SELL,-0.0040328388304767,True,BETA,Asia EMFX,0.4404105760734433,0.4404105760734433,MSCI EM,0.3263329413844955,,Copper LME,0.1852725843020884,,Asia EMFX,0.4404105760734433,,
2009-04-20,OLS,BUY,0.0623026126902095,True,BETA,Asia EMFX,0.7600096114970587,0.7600096114970587,MSCI EM,0.3996113209990914,,Copper LME,0.138417606160941,,Asia EMFX,0.7600096114970587,,
2009-07-22,OLS,BUY,0.030525928650239,True,BETA,Asia EMFX,1.1349935221287586,1.1349935221287586,MSCI EM,0.41067483784193,,BCOM Index,0.2964411207613548,,Asia EMFX,1.1349935221287586,,
2009-07-30,OLS,BUY,0.0208308102216301,True,BETA,Asia EMFX,0.5409478784505485,0.5409478784505485,MSCI World ex-US,0.4163327510800213,,BCOM Index,0.2558347464070355,,Asia EMFX,0.5409478784505485,,
2009-08-11,OLS,BUY,0.0079604390302738,True,BETA,Asia EMFX,0.5679613998891392,0.5679613998891392,MSCI World ex-US,0.4282672176630712,,BCOM Index,0.2367357283376945,,Asia EMFX,0.5679613998891392,,
2009-11-27,OLS,BUY,0.0070616793556217,True,BETA,Asia EMFX,0.638130407774696,0.638130407774696,MSCI World ex-US,0.3920816658680937,,BCOM Index,0.2787051578826275,,Asia EMFX,0.638130407774696,,
2010-04-28,OLS,SELL,-0.0342591591916136,True,BETA,MSCI World ex-US,0.3049261219034772,0.3049261219034772,MSCI World ex-US,0.3049261219034772,,Copper LME,0.1824127898537867,,Asia EMFX,-0.0380783394847475,,
2010-05-05,OLS,SELL,-0.0651070403884352,True,BETA,MSCI World ex-US,0.3023200208048587,0.3023200208048587,MSCI World ex-US,0.3023200208048587,,Copper LME,0.176739378355352,,Asia EMFX,-0.0171487576992997,,
2010-05-26,OLS,BUY,0.0077906269020084,True,BETA,MSCI World ex-US,0.2982808050289232,0.2982808050289232,BCOM Index,0.2748337346771856,,MSCI World ex-US,0.2982808050289232,,Asia EMFX,-0.1264493052016345,,
2010-06-01,OLS,BUY,0.0413859480269489,True,BETA,Asia EMFX,-0.3215122892117144,0.3215122892117144,BCOM Index,0.2676465062904044,,MSCI World ex-US,0.2866891004249857,,Asia EMFX,-0.3215122892117144,,
2010-06-04,OLS,BUY,0.0590235608452756,True,BETA,Asia EMFX,-0.5185080325082209,0.5185080325082209,BCOM Index,0.2793213255830704,,MSCI World ex-US,0.2582410238591045,,Asia EMFX,-0.5185080325082209,,
2010-09-17,OLS,BUY,0.0385560183701805,True,BETA,BCOM Index,0.3391775373234562,0.3391775373234562,BCOM Index,0.3391775373234562,,MSCI EM,0.309295291798534,,Asia EMFX,-0.0578817214872369,,
2010-11-03,OLS,SELL,-0.0263367123832239,True,BETA,BCOM Index,0.3479042266284798,0.3479042266284798,BCOM Index,0.3479042266284798,,MSCI EM,0.2817713974513856,,Asia EMFX,-0.3099068905129681,,
2010-11-29,OLS,BUY,0.0343681860658291,True,BETA,Asia EMFX,-0.3150678866435755,0.3150678866435755,Oil,0.2031107600987709,,MSCI EM,0.2648166872078053,,Asia EMFX,-0.3150678866435755,,
2010-12-01,OLS,BUY,0.0193121966332747,True,BETA,Asia EMFX,-0.293284110825775,0.293284110825775,Oil,0.201488230688062,,MSCI EM,0.2672675326477325,,Asia EMFX,-0.293284110825775,,
2011-01-11,OLS,BUY,0.0096231766612642,True,BETA,MSCI EM,0.2727233754233104,0.2727233754233104,Oil,0.2030017335610557,,MSCI EM,0.2727233754233104,,Asia EMFX,-0.2241717335340251,,
2011-04-27,OLS,SELL,-0.0158204562178071,True,BETA,MSCI World ex-US,0.402418773735875,0.402418773735875,MSCI World ex-US,0.402418773735875,,Oil,0.1186107361987083,,Asia EMFX,-0.3044948523756174,,
2011-05-09,OLS,SELL,-0.0279448505598223,True,BETA,MSCI World ex-US,0.435839939522648,0.435839939522648,MSCI World ex-US,0.435839939522648,,Copper LME,0.0606866816549543,,Asia EMFX,-0.2707698007021139,,
2011-08-26,OLS,SELL,-0.0097417951385604,True,BETA,MSCI World ex-US,0.434822700978745,0.434822700978745,MSCI World ex-US,0.434822700978745,,Copper LME,0.0350717932614651,,Asia EMFX,-0.2544077295768645,,
2011-09-05,OLS,SELL,-0.0311818784949293,True,BETA,MSCI World ex-US,0.4216918209899414,0.4216918209899414,MSCI World ex-US,0.4216918209899414,,Copper LME,0.0387925074038269,,Asia EMFX,-0.2678548717270165,,
2012-02-17,OLS,BUY,0.0025219503082383,True,BETA,MSCI World ex-US,0.3904623823975017,0.3904623823975017,MSCI World ex-US,0.3904623823975017,,BCOM Index,0.1473899120153184,,Asia EMFX,-0.1408838234538745,,
2012-03-30,OLS,BUY,0.0023197370964622,True,BETA,MSCI World ex-US,0.3892078480186812,0.3892078480186812,MSCI World ex-US,0.3892078480186812,,BCOM Index,0.1718441752244048,,Asia EMFX,-0.0647659718217368,,
2012-04-03,OLS,BUY,0.0057109669925468,True,BETA,MSCI World ex-US,0.3938526652412779,0.3938526652412779,MSCI World ex-US,0.3938526652412779,,BCOM Index,0.1654249161821175,,Asia EMFX,-0.0482991650500061,,
2012-10-05,OLS,BUY,0.0141356631000293,True,BETA,MSCI World ex-US,0.4391775469236419,0.4391775469236419,MSCI World ex-US,0.4391775469236419,,Copper LME,0.0393291629799066,,Asia EMFX,0.1592376147015373,,
2013-01-01,OLS,BUY,0.0163540163540163,True,BETA,MSCI World ex-US,0.3251848683631392,0.3251848683631392,MSCI World ex-US,0.3251848683631392,,Copper LME,0.0464269341459646,,Asia EMFX,0.1721547512442614,,
2013-02-11,OLS,BUY,0.0001950078003118,True,BETA,MSCI World ex-US,0.2665151629067858,0.2665151629067858,MSCI World ex-US,0.2665151629067858,,Copper LME,0.0865300291345809,,Asia EMFX,0.0440082266671258,,
2013-09-23,OLS,SELL,-0.000212066588909,True,BETA,2y yield,3.593729347748988,3.593729347748988,2y yield,3.593729347748988,,Gold,0.1609600519033559,,MSCI World ex-US,0.1613159330991916,,
2014-01-23,OLS,BUY,0.0217837591240876,True,BETA,2y yield,4.584399384773573,4.584399384773573,2y yield,4.584399384773573,,MSCI World ex-US,0.1867680508711193,,Gold,0.1571132241599547,,
2014-02-11,OLS,SELL,-0.002102235007745,True,BETA,2y yield,4.265564563596042,4.265564563596042,2y yield,4.265564563596042,,Gold,0.1399112574218738,,MSCI World ex-US,0.1588809685461003,,
2014-02-14,OLS,SELL,-0.0121762231569626,True,BETA,2y yield,4.404963372877346,4.404963372877346,2y yield,4.404963372877346,,MSCI World ex-US,0.1681147842356966,,Gold,0.1384968164696759,,
2014-08-12,OLS,BUY,0.0039918006257417,True,BETA,2y yield,4.266503378157425,4.266503378157425,2y yield,4.266503378157425,,Asia EMFX,-0.9175172610206984,,MSCI World ex-US,0.0931074908954336,,
2015-02-17,OLS,SELL,-0.0002557871850621,True,BETA,Real 2y yield,1.07462301841049,1.07462301841049,Gold,0.1770038347099087,,Real 2y yield,1.07462301841049,,Asia EMFX,-0.7988382995482712,,
2015-02-20,OLS,SELL,-0.0160673297628156,True,BETA,Real 2y yield,1.053983197785202,1.053983197785202,Gold,0.1676363338067936,,Real 2y yield,1.053983197785202,,Asia EMFX,-0.7423380266449997,,
2015-02-25,OLS,SELL,-0.0368961582350702,True,BETA,Real 2y yield,1.0548852944616556,1.0548852944616556,Gold,0.1676499126426791,,Real 2y yield,1.0548852944616556,,Asia EMFX,-0.7225925356248893,,
2015-04-28,OLS,SELL,-0.0057342308651209,True,BETA,Real 2y yield,1.281159313614045,1.281159313614045,Gold,0.1930546352562559,,Real 2y yield,1.281159313614045,,MSCI World ex-US,0.2424356160333671,,
2015-05-05,OLS,SELL,-0.0033996474439688,True,BETA,Real 2y yield,1.3445453026395136,1.3445453026395136,Gold,0.2020090154464723,,Real 2y yield,1.3445453026395136,,Asia EMFX,-0.927103538207858,,
2015-05-12,OLS,SELL,-0.0302156469408224,True,BETA,Real 2y yield,1.4065800606336798,1.4065800606336798,Gold,0.2067101484084284,,Real 2y yield,1.4065800606336798,,Asia EMFX,-0.9398471964666482,,
2016-05-27,OLS,BUY,0.0265942634363687,True,BETA,Asia EMFX,-0.3166892035966824,0.3166892035966824,BCOM Index,0.2514506836030354,,MSCI EM,0.1220382308304819,,Asia EMFX,-0.3166892035966824,,
2016-11-21,OLS,BUY,0.0139774731985342,True,BETA,Asia EMFX,-0.3144763743246424,0.3144763743246424,BCOM Index,0.2766079232888716,,MSCI World ex-US,0.1838080068705594,,Asia EMFX,-0.3144763743246424,,
2017-04-11,OLS,BUY,0.0048006400853446,True,BETA,2y yield,5.620166694317651,5.620166694317651,MSCI World ex-US,0.2707963256578898,,BCOM Index,0.2092928722558001,,2y yield,5.620166694317651,,
2017-05-03,OLS,BUY,0.0012124477973864,True,BETA,Asia EMFX,-0.3202612340836035,0.3202612340836035,MSCI World ex-US,0.2193259605639224,,BCOM Index,0.1961405742852072,,Asia EMFX,-0.3202612340836035,,
2017-11-02,OLS,SELL,-0.0162064047711655,True,BETA,5y yield,3.05654723146498,3.05654723146498,Gold,0.239895212936172,,MSCI World ex-US,0.2539521694734989,,5y yield,3.05654723146498,,
2018-01-22,OLS,SELL,-0.0173381564176126,True,BETA,5y yield,3.607497950023681,3.607497950023681,5y yield,3.607497950023681,,Gold,0.1951758939373463,,MSCI World ex-US,0.2943563753763173,,
2018-03-27,OLS,BUY,0.0106784737596041,True,BETA,2y yield,2.1867939673156123,2.1867939673156123,Gold,0.2989570529792798,,MSCI World ex-US,0.2084297946237066,,2y yield,2.1867939673156123,,
2018-04-02,OLS,BUY,0.015398668928618,True,BETA,2y yield,2.1023829051110234,2.1023829051110234,Gold,0.3103914972682593,,MSCI World ex-US,0.1984087223320874,,2y yield,2.1023829051110234,,
2018-05-08,OLS,BUY,0.0162307176391682,True,BETA,2y yield,2.222716713975815,2.222716713975815,Gold,0.3099259873516151,,MSCI World ex-US,0.1784100604383718,,2y yield,2.222716713975815,,
2018-07-25,OLS,SELL,-0.0032193158953722,True,BETA,Gold,0.3601961160740817,0.3601961160740817,Gold,0.3601961160740817,,MSCI World ex-US,0.217306889367823,,Asia EMFX,-0.1580109068745264,,
2018-08-07,OLS,SELL,-0.0071418946233661,True,BETA,Gold,0.3776781302693253,0.3776781302693253,Gold,0.3776781302693253,,MSCI World ex-US,0.2036412303678397,,Asia EMFX,-0.1750674949258041,,
2018-10-03,OLS,BUY,0.0008447135013374,True,BETA,Gold,0.3740050816057628,0.3740050816057628,Gold,0.3740050816057628,,MSCI World ex-US,0.1966873002656452,,Asia EMFX,-0.2455760846004314,,
2019-02-06,OLS,BUY,0.0084447572132302,True,BETA,Gold,0.3883984454501674,0.3883984454501674,Gold,0.3883984454501674,,MSCI World ex-US,0.2519850205709144,,Asia EMFX,-0.2126808407905421,,
2019-04-12,OLS,SELL,-0.0182629304335703,True,BETA,Gold,0.3936885353379314,0.3936885353379314,Gold,0.3936885353379314,,MSCI World ex-US,0.2707008517559073,,Asia EMFX,-0.1876544796894813,,
2019-04-16,OLS,SELL,-0.0177003484320558,True,BETA,Gold,0.3869842164391432,0.3869842164391432,Gold,0.3869842164391432,,MSCI World ex-US,0.2712919195319786,,Asia EMFX,-0.1999279409998903,,
2019-06-13,OLS,BUY,0.0135936370209688,True,BETA,Gold,0.3703066647780073,0.3703066647780073,Gold,0.3703066647780073,,Asia EMFX,-0.3018254054532755,,MSCI World ex-US,0.2341579462021082,,
2019-09-17,OLS,SELL,-0.0235945237401689,True,BETA,Asia EMFX,-0.4192231047910646,0.4192231047910646,Copper LME,0.0928817800826441,,Local - Dow Jones,-0.1134736215829583,,Asia EMFX,-0.4192231047910646,,
2019-12-27,OLS,SELL,-0.0113180515759311,True,BETA,Asia EMFX,-0.3219415383649024,0.3219415383649024,Local - Dow Jones,-0.1087859642408046,,Copper LME,0.0994602898892889,,Asia EMFX,-0.3219415383649024,,
2020-06-02,OLS,SELL,-0.0011599246049006,True,BETA,Asia EMFX,-0.2260742959233228,0.2260742959233228,Copper LME,0.1362111509733491,,MSCI World ex-US,0.2177050307275754,,Asia EMFX,-0.2260742959233228,,
2020-07-30,OLS,SELL,-0.0063933287004864,True,BETA,Asia EMFX,-0.3129858551332311,0.3129858551332311,Asia EMFX,-0.3129858551332311,,MSCI World ex-US,0.2253182977006274,,Copper LME,0.1081357757066309,,
2020-08-04,OLS,BUY,0.0115921787709498,True,BETA,Asia EMFX,-0.3224169909623133,0.3224169909623133,MSCI World ex-US,0.2274073854448414,,Asia EMFX,-0.3224169909623133,,Copper LME,0.104773830416091,,
2020-08-07,OLS,BUY,0.0005588933910856,True,BETA,Asia EMFX,-0.3199866015996073,0.3199866015996073,MSCI World ex-US,0.2272935972808385,,Asia EMFX,-0.3199866015996073,,Copper LME,0.1049871434591841,,
2020-08-19,OLS,BUY,0.0217209690893902,True,BETA,Asia EMFX,-0.3339557310344907,0.3339557310344907,MSCI World ex-US,0.2211259625792511,,Asia EMFX,-0.3339557310344907,,Copper LME,0.1159077920040793,,
2020-10-20,OLS,BUY,0.0164585698070376,True,BETA,Asia EMFX,-0.3577732282919874,0.3577732282919874,MSCI World ex-US,0.2179097008381926,,Asia EMFX,-0.3577732282919874,,Copper LME,0.1243349458882651,,
2021-03-05,OLS,BUY,0.0072859744990894,True,BETA,Asia EMFX,-0.2971464613453527,0.2971464613453527,MSCI World ex-US,0.2298414706320463,,BCOM Index,0.2011224140171053,,Asia EMFX,-0.2971464613453527,,
2021-03-23,OLS,BUY,0.0052465897166842,True,BETA,Asia EMFX,-0.3311494679832546,0.3311494679832546,MSCI World ex-US,0.2681230320242375,,BCOM Index,0.2103930194889995,,Asia EMFX,-0.3311494679832546,,
2021-04-07,OLS,BUY,0.0183871815077489,True,BETA,Asia EMFX,-0.363470369838393,0.363470369838393,MSCI World ex-US,0.259514652529107,,BCOM Index,0.2254851811872374,,Asia EMFX,-0.363470369838393,,
2021-10-19,OLS,SELL,-0.0060208723575059,True,BETA,MSCI World ex-US,0.4106272429944395,0.4106272429944395,MSCI World ex-US,0.4106272429944395,,Gold,0.2009944706529869,,Asia EMFX,-0.0811459703169966,,
2022-06-13,OLS,BUY,0.0004333381482015,True,BETA,MSCI World ex-US,0.3024740414267872,0.3024740414267872,MSCI World ex-US,0.3024740414267872,,Copper LME,0.1112246836038745,,Asia EMFX,-0.1240102174238473,,
2022-10-24,OLS,BUY,0.0264575411913816,True,BETA,MSCI World ex-US,0.3578382376141457,0.3578382376141457,MSCI World ex-US,0.3578382376141457,,Gold,0.2987416048677994,,Asia EMFX,0.2531994233700289,,
2023-03-15,OLS,BUY,0.0098202145339174,True,BETA,5y yield,1.7478829466729453,1.7478829466729453,Gold,0.3569730181773736,,MSCI World ex-US,0.3458041324131566,,5y yield,1.7478829466729453,,
2023-03-22,OLS,BUY,0.005235602094241,True,BETA,5y yield,1.475735727686904,1.475735727686904,Gold,0.3412704749858602,,MSCI World ex-US,0.3637277473956393,,5y yield,1.475735727686904,,
2023-03-31,OLS,BUY,0.0032909498878084,True,BETA,5y yield,1.2839819712640526,1.2839819712640526,Gold,0.3453274402473547,,MSCI World ex-US,0.3555333581974459,,5y yield,1.2839819712640526,,
2023-05-09,OLS,SELL,-0.0224785566400472,True,BETA,5y yield,0.9208480234660474,0.9208480234660474,MSCI World ex-US,0.3399980550026584,,Gold,0.3654970093482069,,5y yield,0.9208480234660474,,
2023-05-17,OLS,SELL,-0.0235735735735735,True,BETA,5y yield,0.969239603381097,0.969239603381097,MSCI World ex-US,0.3420691546150032,,Gold,0.3661385643094862,,5y yield,0.969239603381097,,
2023-09-05,OLS,BUY,0.0117573287349113,True,BETA,MSCI World ex-US,0.3519407648715551,0.3519407648715551,BCOM Index,0.2800745557520258,,MSCI World ex-US,0.3519407648715551,,Asia EMFX,-0.1670123662027665,,
2023-10-05,OLS,SELL,-0.006436420722135,True,BETA,MSCI World ex-US,0.3863580226146569,0.3863580226146569,MSCI World ex-US,0.3863580226146569,,BCOM Index,0.2526691751904237,,Asia EMFX,-0.2675818852031588,,
2023-10-09,OLS,SELL,-0.0116986429574168,True,BETA,MSCI World ex-US,0.3955091969586486,0.3955091969586486,MSCI World ex-US,0.3955091969586486,,BCOM Index,0.2460062371509838,,Asia EMFX,-0.2939261971425914,,
2023-11-09,OLS,BUY,0.029998429401602,True,BETA,MSCI World ex-US,0.3537634061062497,0.3537634061062497,MSCI World ex-US,0.3537634061062497,,Copper LME,0.1883280988327936,,Asia EMFX,-0.1592959389730832,,
2024-02-02,OLS,BUY,0.0029176904176904,True,BETA,MSCI World ex-US,0.3024929806130295,0.3024929806130295,Copper LME,0.1938997941784659,,MSCI World ex-US,0.3024929806130295,,Asia EMFX,-0.1417488057593729,,
2024-02-28,OLS,BUY,0.0192426108374386,True,BETA,5y yield,1.875701934617072,1.875701934617072,MSCI World ex-US,0.3509266340347421,,Copper LME,0.169130479902404,,5y yield,1.875701934617072,,
2024-03-04,OLS,BUY,0.0076804915514592,True,BETA,2y yield,2.0258687994743205,2.0258687994743205,MSCI World ex-US,0.3549504328445163,,Copper LME,0.1743438520346227,,2y yield,2.0258687994743205,,
2024-03-22,OLS,BUY,0.0098234842670761,True,BETA,2y yield,2.2272437825827995,2.2272437825827995,MSCI World ex-US,0.360509130066974,,Copper LME,0.1752134744703337,,2y yield,2.2272437825827995,,
2024-12-17,OLS,SELL,-0.0235127031718479,True,BETA,5y yield,2.566448058475061,2.566448058475061,MSCI World ex-US,0.2497924133313471,,5y yield,2.566448058475061,,Copper LME,0.1298712275361846,,
2024-12-19,OLS,SELL,-0.0057701554736336,True,BETA,5y yield,2.3700826507733224,2.3700826507733224,MSCI World ex-US,0.2884168240232625,,5y yield,2.3700826507733224,,Gold,0.1595948428183575,,
2025-03-17,OLS,SELL,-0.0214598997493733,True,BETA,5y yield,2.292853528255866,2.292853528255866,MSCI World ex-US,0.2092412571679094,,Copper LME,0.1390654656362653,,5y yield,2.292853528255866,,
2025-09-11,OLS,SELL,-0.0178705511338038,True,BETA,Asia EMFX,-0.247878815170449,0.247878815170449,Copper LME,0.1854726037698148,,MSCI World ex-US,0.2175654879680428,,Asia EMFX,-0.247878815170449,,
2025-10-16,OLS,BUY,0.0107941403238243,True,BETA,MSCI World ex-US,0.2481095834436061,0.2481095834436061,MSCI World ex-US,0.2481095834436061,,Copper LME,0.1675185878360203,,Asia EMFX,-0.1843670706076143,,
2026-01-13,OLS,BUY,0.0492367554624362,True,BETA,Asia EMFX,-0.3853542491033227,0.3853542491033227,MSCI World ex-US,0.2367919224617106,,BCOM Index,0.2498013329266027,,Asia EMFX,-0.3853542491033227,,
2001-09-24,RidgeCV,BUY,0.0331368164261027,True,BETA,Gold,0.2716235389494735,0.2716235389494735,Gold,0.2716235389494735,,MSCI World ex-US,0.1446625904569482,,5y yield,0.0899527224545192,,
2001-12-20,RidgeCV,BUY,0.020387965162312,True,BETA,Gold,0.2553398858253295,0.2553398858253295,Gold,0.2553398858253295,,MSCI World ex-US,0.1746849961093769,,Asia EMFX,-0.0770076610683443,,
2001-12-25,RidgeCV,BUY,0.0297068660240016,True,BETA,Gold,0.2581870705774724,0.2581870705774724,Gold,0.2581870705774724,,MSCI World ex-US,0.1668440836288094,,Asia EMFX,-0.0759412130231074,,
2002-04-24,RidgeCV,SELL,-0.0080941869021338,True,BETA,MSCI World ex-US,0.1266066004425022,0.1266066004425022,MSCI World ex-US,0.1266066004425022,,Gold,0.0940069806769919,,VIX Index,-0.0548510115499389,,
2002-06-14,RidgeCV,BUY,0.0053533190578158,True,BETA,MSCI World ex-US,0.1034647484396748,0.1034647484396748,MSCI World ex-US,0.1034647484396748,,5y yield,0.0816671495332188,,Asia EMFX,-0.0615322203322169,,
2003-02-25,RidgeCV,SELL,-0.0023113752682847,True,BETA,Gold,0.1671146711325444,0.1671146711325444,Gold,0.1671146711325444,,MSCI EM,0.1631042712837587,,VIX Index,-0.0632350071845524,,
2003-05-15,RidgeCV,BUY,0.0181023720349562,True,BETA,Gold,0.1427605340614196,0.1427605340614196,Gold,0.1427605340614196,,MSCI EM,0.1111099001142689,,VIX Index,-0.0669928578970545,,
2003-05-28,RidgeCV,BUY,0.0172043010752687,True,BETA,Gold,0.1432622693460732,0.1432622693460732,Gold,0.1432622693460732,,MSCI EM,0.1112762169557615,,VIX Index,-0.0607277854986795,,
2003-06-06,RidgeCV,BUY,0.0147282113574249,True,BETA,Gold,0.1353429146768485,0.1353429146768485,Gold,0.1353429146768485,,MSCI EM,0.106974689116094,,VIX Index,-0.0604019246539868,,
2003-06-23,RidgeCV,BUY,0.0207956600361665,True,BETA,Gold,0.1311488602299527,0.1311488602299527,Gold,0.1311488602299527,,MSCI EM,0.0856843393614835,,VIX Index,-0.0578207939707302,,
2003-12-08,RidgeCV,SELL,-0.0091829844699528,True,BETA,MSCI World - Dow Jones,0.2024723376945474,0.2024723376945474,MSCI World - Dow Jones,0.2024723376945474,,Gold,0.1914696126731076,,2y yield,0.0765507410030806,,
2004-01-19,RidgeCV,BUY,0.0048993644067796,True,BETA,Gold,0.2270274031624346,0.2270274031624346,MSCI World - Dow Jones,0.1931528863200301,,Gold,0.2270274031624346,,2y yield,0.0749575395833328,,
2004-01-29,RidgeCV,BUY,0.0378598659129747,True,BETA,Gold,0.244771688086866,0.244771688086866,MSCI World - Dow Jones,0.1800834206954314,,Gold,0.244771688086866,,2y yield,0.097842991607445,,
2004-02-02,RidgeCV,BUY,0.0448016866517329,True,BETA,Gold,0.2381514205332936,0.2381514205332936,MSCI World - S&P500,0.1846734434708897,,Gold,0.2381514205332936,,2y yield,0.0965080951922199,,
2004-07-16,RidgeCV,SELL,-0.0404205926532841,True,BETA,Gold,0.3909212174470654,0.3909212174470654,Gold,0.3909212174470654,,MSCI World ex-US,0.2934559263378826,,2y yield,0.163419349341764,,
2004-11-19,RidgeCV,SELL,-0.0026792549119675,True,BETA,Gold,0.4359267804757089,0.4359267804757089,Gold,0.4359267804757089,,MSCI World ex-US,0.2682428726122978,,2y yield,0.1960413782707693,,
2004-11-23,RidgeCV,SELL,-0.0151418755566866,True,BETA,Gold,0.4383970416534428,0.4383970416534428,Gold,0.4383970416534428,,MSCI World ex-US,0.2689283519047019,,2y yield,0.2007100039690346,,
2005-07-04,RidgeCV,BUY,0.0045309168443496,True,BETA,Gold,0.4011014708023511,0.4011014708023511,Gold,0.4011014708023511,,MSCI World ex-US,0.235640620126972,,2y yield,0.1056489136179056,,
2005-07-11,RidgeCV,BUY,0.0206047631790207,True,BETA,Gold,0.4027595702893183,0.4027595702893183,Gold,0.4027595702893183,,MSCI World ex-US,0.2319375812031064,,5y yield,0.1028710483750722,,
2006-02-07,RidgeCV,SELL,-0.0012167094768149,True,BETA,MSCI World ex-US,0.2047636377429819,0.2047636377429819,MSCI World ex-US,0.2047636377429819,,Gold,0.1494569413729727,,Real 2y yield,0.090878192193068,,
2006-12-04,RidgeCV,SELL,-0.012158054711246,True,BETA,2y yield,0.1781419612303283,0.1781419612303283,2y yield,0.1781419612303283,,MSCI World ex-US,0.1428270659231262,,BCOM Index,0.1260542517137098,,
2007-01-09,RidgeCV,BUY,0.015627001408992,True,BETA,2y yield,0.1840596940922705,0.1840596940922705,Gold,0.1678328680474994,,2y yield,0.1840596940922705,,MSCI World ex-US,0.1073134545336752,,
2007-01-25,RidgeCV,BUY,0.0107346094154163,True,BETA,2y yield,0.1873218116316737,0.1873218116316737,Gold,0.1759004013395636,,2y yield,0.1873218116316737,,MSCI World ex-US,0.1045121396971009,,
2007-02-01,RidgeCV,BUY,0.0133057744477458,True,BETA,2y yield,0.1895254229760367,0.1895254229760367,Gold,0.1809116038920047,,2y yield,0.1895254229760367,,MSCI World ex-US,0.104224365983526,,
2007-04-13,RidgeCV,SELL,-0.0041996640268778,True,BETA,Gold,0.2177331472858619,0.2177331472858619,Gold,0.2177331472858619,,5y yield,0.1920189624984664,,MSCI World ex-US,0.0977519098239993,,
2008-05-13,RidgeCV,BUY,0.019245082402977,True,BETA,Gold,0.3155034757148915,0.3155034757148915,Gold,0.3155034757148915,,MSCI World ex-US,0.2539746877165011,,VIX Index,-0.119287622556473,,
2008-10-27,RidgeCV,BUY,0.1137535340096458,True,BETA,Copper LME,0.4686087553102007,0.4686087553102007,Copper LME,0.4686087553102007,,MSCI EM,0.3373770747662361,,Asia EMFX,-0.0243873150403333,,
2008-11-13,RidgeCV,SELL,-0.0139618675874493,True,BETA,MSCI EM,0.4553643447207511,0.4553643447207511,Copper LME,0.4343827217212369,,MSCI EM,0.4553643447207511,,Asia EMFX,-0.0322057885173487,,
2009-01-30,RidgeCV,BUY,0.0302745098039216,True,BETA,MSCI EM,0.5875794977019464,0.5875794977019464,MSCI EM,0.5875794977019464,,Copper LME,0.3850205070795774,,Asia EMFX,-0.011825883459905,,
2009-04-20,RidgeCV,BUY,0.0623026126902095,True,BETA,MSCI EM,0.6678643312379451,0.6678643312379451,MSCI EM,0.6678643312379451,,Copper LME,0.3980094820102891,,Asia EMFX,0.0312616831391339,,
2009-04-22,RidgeCV,BUY,0.0608165579812871,True,BETA,MSCI EM,0.6685014457001254,0.6685014457001254,MSCI EM,0.6685014457001254,,Copper LME,0.4055026258988886,,Asia EMFX,0.0367438490132597,,
2009-07-21,RidgeCV,BUY,0.0320215106330969,True,BETA,MSCI EM,0.8274693435603445,0.8274693435603445,MSCI EM,0.8274693435603445,,BCOM Index,0.5232424285108394,,Asia EMFX,0.2121677236105706,,
2009-07-30,RidgeCV,BUY,0.0208308102216301,True,BETA,MSCI World ex-US,0.736844527720567,0.736844527720567,MSCI World ex-US,0.736844527720567,,BCOM Index,0.4677703491542705,,Asia EMFX,0.0697801707994631,,
2009-08-11,RidgeCV,BUY,0.0079604390302738,True,BETA,MSCI World ex-US,0.765264291101648,0.765264291101648,MSCI World ex-US,0.765264291101648,,BCOM Index,0.4452622765574618,,Asia EMFX,0.0807284307944817,,
2009-12-23,RidgeCV,BUY,0.0453460620525059,True,BETA,MSCI World ex-US,0.8369085416945439,0.8369085416945439,MSCI World ex-US,0.8369085416945439,,BCOM Index,0.5052768060164236,,Asia EMFX,0.1164297836744118,,
2010-01-28,RidgeCV,SELL,-0.0048066174826737,True,BETA,MSCI World ex-US,0.7788625058823194,0.7788625058823194,MSCI World ex-US,0.7788625058823194,,Copper LME,0.4257117924075934,,Asia EMFX,0.0503184097059478,,
2010-02-01,RidgeCV,SELL,-0.0033654924837334,True,BETA,MSCI World ex-US,0.7758442374260538,0.7758442374260538,MSCI World ex-US,0.7758442374260538,,Copper LME,0.3979575639513329,,Asia EMFX,0.0284091017415488,,
2010-03-30,RidgeCV,BUY,0.0102207241491791,True,BETA,MSCI World ex-US,0.5480838251576692,0.5480838251576692,MSCI World ex-US,0.5480838251576692,,Oil,0.4159409214329165,,Asia EMFX,-0.0309089573440714,,
2010-11-03,RidgeCV,SELL,-0.0263367123832239,True,BETA,BCOM Index,0.3879341737388136,0.3879341737388136,BCOM Index,0.3879341737388136,,MSCI EM,0.3160863487710119,,Asia EMFX,-0.092449762866383,,
2010-11-26,RidgeCV,BUY,0.0215655780196992,True,BETA,Oil,0.3707450256505798,0.3707450256505798,Oil,0.3707450256505798,,MSCI EM,0.2997338817272247,,Asia EMFX,-0.0729093313794628,,
2011-01-11,RidgeCV,BUY,0.0096231766612642,True,BETA,Oil,0.3883046943443511,0.3883046943443511,Oil,0.3883046943443511,,MSCI EM,0.3621774178446805,,Asia EMFX,-0.0311833365223951,,
2011-01-14,RidgeCV,BUY,0.0052588996763753,True,BETA,MSCI EM,0.3926976873265268,0.3926976873265268,Oil,0.3700477219437413,,MSCI EM,0.3926976873265268,,Asia EMFX,-0.0111872070012864,,
2011-05-09,RidgeCV,SELL,-0.0279448505598223,True,BETA,MSCI World ex-US,0.5150964145811823,0.5150964145811823,MSCI World ex-US,0.5150964145811823,,Copper LME,0.1029033334416743,,Asia EMFX,-0.058684088518048,,
2011-08-26,RidgeCV,SELL,-0.0097417951385604,True,BETA,MSCI World ex-US,0.4395871108363222,0.4395871108363222,MSCI World ex-US,0.4395871108363222,,Copper LME,0.0762196149279568,,Asia EMFX,-0.0666353556297263,,
2011-09-05,RidgeCV,SELL,-0.0311818784949293,True,BETA,MSCI World ex-US,0.4279080465333117,0.4279080465333117,MSCI World ex-US,0.4279080465333117,,Copper LME,0.0803560757858387,,Asia EMFX,-0.06829953804546,,
2011-09-07,RidgeCV,SELL,-0.0580566497842807,True,BETA,MSCI World ex-US,0.4165852802220123,0.4165852802220123,MSCI World ex-US,0.4165852802220123,,Copper LME,0.0865325234467192,,Asia EMFX,-0.0679159558049723,,
2011-09-27,RidgeCV,BUY,0.0038329634859795,True,BETA,MSCI World ex-US,0.3749326000498738,0.3749326000498738,MSCI World ex-US,0.3749326000498738,,BCOM Index,0.17903400897366,,Asia EMFX,-0.0748904539988987,,
2012-03-12,RidgeCV,BUY,0.0017116774438947,True,BETA,MSCI World ex-US,0.4296110321167809,0.4296110321167809,MSCI World ex-US,0.4296110321167809,,BCOM Index,0.1928831983322369,,Asia EMFX,-0.0479584011192993,,
2012-03-30,RidgeCV,BUY,0.0023197370964622,True,BETA,MSCI World ex-US,0.4264432545971867,0.4264432545971867,MSCI World ex-US,0.4264432545971867,,BCOM Index,0.2102073544781836,,Asia EMFX,-0.0442870483408544,,
2012-04-03,RidgeCV,BUY,0.0057109669925468,True,BETA,MSCI World ex-US,0.4317712428724042,0.4317712428724042,MSCI World ex-US,0.4317712428724042,,BCOM Index,0.2033660070943089,,Asia EMFX,-0.0407128748103958,,
2012-07-31,RidgeCV,SELL,-0.0013329524897649,True,BETA,MSCI World ex-US,0.4324096381150074,0.4324096381150074,MSCI World ex-US,0.4324096381150074,,BCOM Index,0.2491872508399109,,Asia EMFX,-0.042966694686847,,
2012-10-05,RidgeCV,BUY,0.0141356631000293,True,BETA,MSCI World ex-US,0.621605032759557,0.621605032759557,MSCI World ex-US,0.621605032759557,,Copper LME,0.0761928310965297,,Asia EMFX,0.0347781013035886,,
2013-01-01,RidgeCV,BUY,0.0163540163540163,True,BETA,MSCI World ex-US,0.3702870776807525,0.3702870776807525,MSCI World ex-US,0.3702870776807525,,Copper LME,0.1111283929276024,,Asia EMFX,0.0076874081187068,,
2013-03-25,RidgeCV,SELL,-0.0050640168163578,True,BETA,MSCI World ex-US,0.2502955471791953,0.2502955471791953,MSCI World ex-US,0.2502955471791953,,BCOM Index,0.2137110498980939,,Asia EMFX,-0.0089646237938084,,
2014-02-11,RidgeCV,SELL,-0.002102235007745,True,BETA,2y yield,0.2277480670602605,0.2277480670602605,2y yield,0.2277480670602605,,Gold,0.1767717558065692,,MSCI World ex-US,0.1403988644273322,,
2014-02-14,RidgeCV,SELL,-0.0121762231569626,True,BETA,2y yield,0.2321038187205968,0.2321038187205968,2y yield,0.2321038187205968,,MSCI World ex-US,0.1453507537705709,,Gold,0.1767136981993172,,
2014-08-12,RidgeCV,BUY,0.0039918006257417,True,BETA,2y yield,0.1762204485429867,0.1762204485429867,2y yield,0.1762204485429867,,Asia EMFX,-0.1390990746596051,,MSCI World ex-US,0.0667717867185476,,
2015-02-17,RidgeCV,SELL,-0.0002557871850621,True,BETA,Gold,0.1691373633663117,0.1691373633663117,Gold,0.1691373633663117,,Real 2y yield,0.1353622388774512,,Asia EMFX,-0.1251496228701499,,
2015-02-20,RidgeCV,SELL,-0.0160673297628156,True,BETA,Gold,0.1603377259570868,0.1603377259570868,Gold,0.1603377259570868,,Real 2y yield,0.132290986088984,,Asia EMFX,-0.1167958675416389,,
2015-04-28,RidgeCV,SELL,-0.0057342308651209,True,BETA,Gold,0.1791399837750567,0.1791399837750567,Gold,0.1791399837750567,,Real 2y yield,0.1719197946104416,,MSCI World ex-US,0.1425472349077347,,
2015-05-05,RidgeCV,SELL,-0.0033996474439688,True,BETA,Gold,0.1863543981581252,0.1863543981581252,Gold,0.1863543981581252,,Real 2y yield,0.1822792462519413,,Asia EMFX,-0.1481019479747016,,
2015-05-12,RidgeCV,SELL,-0.0302156469408224,True,BETA,Real 2y yield,0.1917106905497911,0.1917106905497911,Gold,0.1901150579040343,,Real 2y yield,0.1917106905497911,,Asia EMFX,-0.1503660139730183,,
2015-09-04,RidgeCV,BUY,0.0406774753908512,True,BETA,Gold,0.1930047724750878,0.1930047724750878,Real 2y yield,0.1675758569111643,,Gold,0.1930047724750878,,MSCI World ex-US,0.1660460920051335,,
2015-11-24,RidgeCV,SELL,-0.0057875155022736,True,BETA,MSCI World ex-US,0.1999295775362717,0.1999295775362717,Gold,0.1861167036652211,,Real 2y yield,0.1850147642861873,,MSCI World ex-US,0.1999295775362717,,
2015-12-10,RidgeCV,SELL,-0.0024721878862793,True,BETA,Real 2y yield,0.235414699804189,0.235414699804189,BCOM Index,0.2064191112344996,,Real 2y yield,0.235414699804189,,MSCI World ex-US,0.1544029732084555,,
2016-12-23,RidgeCV,BUY,0.0174191750278707,True,BETA,BCOM Index,0.2299091941017843,0.2299091941017843,MSCI World ex-US,0.2139650706300484,,BCOM Index,0.2299091941017843,,Asia EMFX,-0.0743918074089398,,
2016-12-27,RidgeCV,BUY,0.0254697286012526,True,BETA,BCOM Index,0.2432257674222826,0.2432257674222826,MSCI World ex-US,0.2170312652733593,,BCOM Index,0.2432257674222826,,Asia EMFX,-0.0581356628787371,,
2017-05-03,RidgeCV,BUY,0.0012124477973864,True,BETA,MSCI World ex-US,0.246351325321139,0.246351325321139,MSCI World ex-US,0.246351325321139,,BCOM Index,0.1827839163300146,,Asia EMFX,-0.095705345316615,,
2017-11-02,RidgeCV,SELL,-0.0162064047711655,True,BETA,Gold,0.1676272146413192,0.1676272146413192,Gold,0.1676272146413192,,MSCI World ex-US,0.1581781843624765,,5y yield,0.1522093896682367,,
2017-11-06,RidgeCV,SELL,-0.018333116629827,True,BETA,Gold,0.1633850450275584,0.1633850450275584,Gold,0.1633850450275584,,5y yield,0.1532049958868047,,MSCI World ex-US,0.1578564315823024,,
2018-01-22,RidgeCV,SELL,-0.0173381564176126,True,BETA,5y yield,0.1638832040969774,0.1638832040969774,5y yield,0.1638832040969774,,Gold,0.1318029786483311,,MSCI World ex-US,0.1478565478138441,,
2018-03-27,RidgeCV,BUY,0.0106784737596041,True,BETA,Gold,0.1983644687559318,0.1983644687559318,Gold,0.1983644687559318,,MSCI World ex-US,0.121613828246111,,2y yield,0.0806148871298161,,
2018-05-08,RidgeCV,BUY,0.0162307176391682,True,BETA,Gold,0.1980535684120718,0.1980535684120718,Gold,0.1980535684120718,,MSCI World ex-US,0.105915962869796,,2y yield,0.0797121425007803,,
2018-09-07,RidgeCV,BUY,0.0257492612916843,True,BETA,Gold,0.20908780080993,0.20908780080993,Gold,0.20908780080993,,MSCI World ex-US,0.1026174126349547,,Asia EMFX,-0.0510416563652653,,
2018-11-07,RidgeCV,SELL,-0.001786695986806,True,BETA,Gold,0.2527975843226064,0.2527975843226064,Gold,0.2527975843226064,,Local - Dow Jones,-0.1446960594950551,,Asia EMFX,-0.0514906550619187,,
2018-12-21,RidgeCV,BUY,0.0103693181818182,True,BETA,Gold,0.2520315530898668,0.2520315530898668,Gold,0.2520315530898668,,Local - Dow Jones,-0.1584036691518139,,Asia EMFX,-0.05109746951556,,
2019-02-06,RidgeCV,BUY,0.0084447572132302,True,BETA,Gold,0.2338126172524741,0.2338126172524741,Gold,0.2338126172524741,,MSCI World ex-US,0.1530689307706667,,Asia EMFX,-0.0452156006340027,,
2019-06-14,RidgeCV,BUY,0.0215366705471478,True,BETA,Gold,0.2117252796930635,0.2117252796930635,Gold,0.2117252796930635,,Asia EMFX,-0.0767085563695293,,MSCI World ex-US,0.1505710891561434,,
2019-09-17,RidgeCV,SELL,-0.0235945237401689,True,BETA,Local - Dow Jones,-0.1256127529144172,0.1256127529144172,Copper LME,0.0913417026899541,,Local - Dow Jones,-0.1256127529144172,,Asia EMFX,-0.0990409497621175,,
2019-12-27,RidgeCV,SELL,-0.0113180515759311,True,BETA,Local - Dow Jones,-0.0853881569837735,0.0853881569837735,Local - Dow Jones,-0.0853881569837735,,Copper LME,0.073737923851328,,Asia EMFX,-0.0625858044545943,,
2020-06-02,RidgeCV,SELL,-0.0011599246049006,True,BETA,MSCI World ex-US,0.1699819829605497,0.1699819829605497,Copper LME,0.1411016741397965,,MSCI World ex-US,0.1699819829605497,,Asia EMFX,-0.096775047258303,,
2020-08-04,RidgeCV,BUY,0.0115921787709498,True,BETA,MSCI World ex-US,0.2007767673385706,0.2007767673385706,MSCI World ex-US,0.2007767673385706,,Asia EMFX,-0.1302604829312408,,Copper LME,0.1051750986380296,,
2020-08-07,RidgeCV,BUY,0.0005588933910856,True,BETA,MSCI World ex-US,0.2015744717693863,0.2015744717693863,MSCI World ex-US,0.2015744717693863,,Asia EMFX,-0.1301341781814223,,Copper LME,0.1051945785291783,,
2020-08-19,RidgeCV,BUY,0.0217209690893902,True,BETA,MSCI World ex-US,0.1968014697431508,0.1968014697431508,MSCI World ex-US,0.1968014697431508,,Asia EMFX,-0.1346105853403831,,Copper LME,0.1169405489755296,,
2021-05-11,RidgeCV,SELL,-0.0116041826064778,True,BETA,MSCI World ex-US,0.3985091875695968,0.3985091875695968,MSCI World ex-US,0.3985091875695968,,Oil,0.1930341259608671,,Asia EMFX,-0.1093177106177786,,
2021-05-20,RidgeCV,SELL,-0.0151748971193415,True,BETA,MSCI World ex-US,0.3389350984397886,0.3389350984397886,MSCI World ex-US,0.3389350984397886,,BCOM Index,0.2205966192648808,,Asia EMFX,-0.0711897632813471,,
2022-05-11,RidgeCV,BUY,0.0220524646872297,True,BETA,MSCI World ex-US,0.2244143007082537,0.2244143007082537,MSCI World ex-US,0.2244143007082537,,Copper LME,0.1278563581089002,,Asia EMFX,-0.0548883013504807,,
2022-07-11,RidgeCV,BUY,0.0328185328185328,True,BETA,MSCI World ex-US,0.2346491205523973,0.2346491205523973,MSCI World ex-US,0.2346491205523973,,Copper LME,0.1383569998658018,,Asia EMFX,-0.0618750097708728,,
2022-08-30,RidgeCV,SELL,-0.0180916253282754,True,BETA,MSCI World ex-US,0.2680641952649144,0.2680641952649144,MSCI World ex-US,0.2680641952649144,,Copper LME,0.1334962229784249,,Asia EMFX,-0.0375454164185704,,
2022-10-19,RidgeCV,BUY,0.0129186602870814,True,BETA,MSCI World ex-US,0.2972022134913238,0.2972022134913238,MSCI World ex-US,0.2972022134913238,,Copper LME,0.1486298367091564,,Asia EMFX,0.0075177313288537,,
2023-03-15,RidgeCV,BUY,0.0098202145339174,True,BETA,MSCI World ex-US,0.3747246378779013,0.3747246378779013,Gold,0.3242749667958552,,MSCI World ex-US,0.3747246378779013,,5y yield,0.1570909272978963,,
2023-03-22,RidgeCV,BUY,0.005235602094241,True,BETA,MSCI World ex-US,0.3932632502023923,0.3932632502023923,Gold,0.310314810788282,,MSCI World ex-US,0.3932632502023923,,5y yield,0.1434945416836661,,
2023-05-09,RidgeCV,SELL,-0.0224785566400472,True,BETA,MSCI World ex-US,0.3727323713518621,0.3727323713518621,MSCI World ex-US,0.3727323713518621,,Gold,0.3381020671368949,,5y yield,0.0955211749525561,,
2023-05-15,RidgeCV,SELL,-0.0240298507462686,True,BETA,MSCI World ex-US,0.3723499591480289,0.3723499591480289,MSCI World ex-US,0.3723499591480289,,Gold,0.3381138741094183,,5y yield,0.1002645543720379,,
2024-02-28,RidgeCV,BUY,0.0192426108374386,True,BETA,MSCI World ex-US,0.3134318743763959,0.3134318743763959,MSCI World ex-US,0.3134318743763959,,Copper LME,0.2176167405263733,,5y yield,0.2141408633252328,,
2024-03-22,RidgeCV,BUY,0.0098234842670761,True,BETA,MSCI World ex-US,0.3138984006137447,0.3138984006137447,MSCI World ex-US,0.3138984006137447,,Copper LME,0.2114916477579009,,2y yield,0.27785295807184,,
2024-07-26,RidgeCV,BUY,0.004581551618815,True,BETA,MSCI World ex-US,0.2769177374513062,0.2769177374513062,MSCI World ex-US,0.2769177374513062,,5y yield,0.2171806615695557,,Gold,0.1159021417546841,,
2024-12-17,RidgeCV,SELL,-0.0235127031718479,True,BETA,5y yield,0.2069130258297093,0.2069130258297093,MSCI World ex-US,0.1866995130662867,,5y yield,0.2069130258297093,,Copper LME,0.1306508166083759,,
2024-12-19,RidgeCV,SELL,-0.0057701554736336,True,BETA,MSCI World ex-US,0.2102378346919221,0.2102378346919221,MSCI World ex-US,0.2102378346919221,,5y yield,0.1937273576279413,,Gold,0.1325299168792795,,
2024-12-23,RidgeCV,SELL,-0.0004800768122898,True,BETA,MSCI World ex-US,0.2025956453630139,0.2025956453630139,MSCI World ex-US,0.2025956453630139,,5y yield,0.1985455271511849,,Gold,0.1338396142307837,,
2024-12-25,RidgeCV,SELL,-0.0036864882192658,True,BETA,MSCI World ex-US,0.2025032810406662,0.2025032810406662,MSCI World ex-US,0.2025032810406662,,5y yield,0.1941095153008989,,Gold,0.1344454129260547,,
2025-03-17,RidgeCV,SELL,-0.0214598997493733,True,BETA,5y yield,0.158851940573003,0.158851940573003,MSCI World ex-US,0.1505169195813415,,Copper LME,0.1370123994743081,,5y yield,0.158851940573003,,
2025-09-11,RidgeCV,SELL,-0.0178705511338038,True,BETA,Copper LME,0.221414246393551,0.221414246393551,Copper LME,0.221414246393551,,MSCI World ex-US,0.1896220326619599,,Asia EMFX,-0.0635657640264151,,
2025-10-16,RidgeCV,BUY,0.0107941403238243,True,BETA,MSCI World ex-US,0.2267854174999216,0.2267854174999216,MSCI World ex-US,0.2267854174999216,,Copper LME,0.1924162254395977,,Asia EMFX,-0.0468431519161323,,
2001-09-24,LassoCV,BUY,0.0331368164261027,True,BETA,Gold,0.2570085044285407,0.2570085044285407,Gold,0.2570085044285407,,MSCI World ex-US,0.1112878138739371,,5y yield,0.0562801075027328,,
2001-12-20,LassoCV,BUY,0.020387965162312,True,BETA,Gold,0.2591050525913647,0.2591050525913647,Gold,0.2591050525913647,,MSCI World ex-US,0.1758261311220392,,Asia EMFX,-0.0745496989145845,,
2002-04-19,LassoCV,SELL,-0.0020347761746207,True,BETA,MSCI World ex-US,0.1279883557384373,0.1279883557384373,MSCI World ex-US,0.1279883557384373,,Gold,0.0807004373156728,,VIX Index,-0.0299647707023186,,
2002-04-24,LassoCV,SELL,-0.0080941869021338,True,BETA,MSCI World ex-US,0.1283887290439805,0.1283887290439805,MSCI World ex-US,0.1283887290439805,,Gold,0.079485336963327,,VIX Index,-0.0296841017332574,,
2002-06-10,LassoCV,BUY,0.0022819027558362,True,BETA,MSCI World ex-US,0.0,0.0,MSCI World ex-US,0.0,,Gold,0.0,,5y yield,0.0,,
2002-06-26,LassoCV,BUY,0.0085698982324582,True,BETA,MSCI World ex-US,0.0,0.0,MSCI World ex-US,0.0,,5y yield,0.0,,Gold,0.0,,
2003-02-25,LassoCV,SELL,-0.0023113752682847,True,BETA,Gold,0.1596958085210835,0.1596958085210835,Gold,0.1596958085210835,,MSCI EM,0.1557545052799482,,VIX Index,-0.0537588856459971,,
2003-03-07,LassoCV,SELL,-0.0376589501141179,True,BETA,Gold,0.1618640264510968,0.1618640264510968,Gold,0.1618640264510968,,MSCI EM,0.1572719319827456,,VIX Index,-0.0525335801926999,,
2003-05-15,LassoCV,BUY,0.0181023720349562,True,BETA,Gold,0.1488304598485544,0.1488304598485544,Gold,0.1488304598485544,,MSCI EM,0.1111789697852773,,VIX Index,-0.0431452922137629,,
2003-05-28,LassoCV,BUY,0.0172043010752687,True,BETA,Gold,0.1502105012681626,0.1502105012681626,Gold,0.1502105012681626,,MSCI EM,0.1119612921238663,,VIX Index,-0.0375148535392436,,
2003-06-06,LassoCV,BUY,0.0147282113574249,True,BETA,Gold,0.1394594628381663,0.1394594628381663,Gold,0.1394594628381663,,MSCI EM,0.1057174924115875,,VIX Index,-0.0398922648523604,,
2003-06-23,LassoCV,BUY,0.0207956600361665,True,BETA,Gold,0.1326399191477733,0.1326399191477733,Gold,0.1326399191477733,,MSCI EM,0.0739350531576065,,VIX Index,-0.041427344567034,,
2003-12-08,LassoCV,SELL,-0.0091829844699528,True,BETA,MSCI World - Dow Jones,0.1954449735547052,0.1954449735547052,MSCI World - Dow Jones,0.1954449735547052,,Gold,0.1900506876508744,,2y yield,0.0722682521482462,,
2004-01-19,LassoCV,BUY,0.0048993644067796,True,BETA,Gold,0.2240021152712788,0.2240021152712788,MSCI World - Dow Jones,0.1810525067721535,,Gold,0.2240021152712788,,2y yield,0.062653754185379,,
2004-01-29,LassoCV,BUY,0.0378598659129747,True,BETA,Gold,0.2422297516771564,0.2422297516771564,MSCI World - Dow Jones,0.1676864156762258,,Gold,0.2422297516771564,,2y yield,0.0867717805612211,,
2004-02-02,LassoCV,BUY,0.0448016866517329,True,BETA,Gold,0.2355956673252932,0.2355956673252932,MSCI World - S&P500,0.1730108098151011,,Gold,0.2355956673252932,,2y yield,0.0848851679401694,,
2004-07-16,LassoCV,SELL,-0.0404205926532841,True,BETA,Gold,0.3937106531497373,0.3937106531497373,Gold,0.3937106531497373,,MSCI World ex-US,0.2951853724781316,,2y yield,0.1642120982207627,,
2004-11-19,LassoCV,SELL,-0.0026792549119675,True,BETA,Gold,0.4358789392443387,0.4358789392443387,Gold,0.4358789392443387,,MSCI World ex-US,0.2681596496691859,,2y yield,0.1959425401939927,,
2004-11-23,LassoCV,SELL,-0.0151418755566866,True,BETA,Gold,0.4383471751605532,0.4383471751605532,Gold,0.4383471751605532,,MSCI World ex-US,0.2688461700648197,,2y yield,0.2006096780215747,,
2005-07-04,LassoCV,BUY,0.0045309168443496,True,BETA,Gold,0.4010118337576426,0.4010118337576426,Gold,0.4010118337576426,,MSCI World ex-US,0.2355286958628623,,2y yield,0.1055034302951985,,
2005-07-11,LassoCV,BUY,0.0206047631790207,True,BETA,Gold,0.4026654067714948,0.4026654067714948,Gold,0.4026654067714948,,MSCI World ex-US,0.2318234371471582,,5y yield,0.1027342142608301,,
2006-02-07,LassoCV,SELL,-0.0012167094768149,True,BETA,MSCI World ex-US,0.1840059808783908,0.1840059808783908,MSCI World ex-US,0.1840059808783908,,Gold,0.1350396710495982,,Real 2y yield,0.0337613085176596,,
2006-09-29,LassoCV,BUY,0.0067015145422866,True,BETA,2y yield,0.1641811425687335,0.1641811425687335,BCOM Index,0.1287311094932784,,MSCI World ex-US,0.1495692146208196,,2y yield,0.1641811425687335,,
2006-10-09,LassoCV,BUY,0.0170607200429877,True,BETA,2y yield,0.1680599138750735,0.1680599138750735,BCOM Index,0.135359887130306,,MSCI World ex-US,0.1507886996000674,,2y yield,0.1680599138750735,,
2006-12-04,LassoCV,SELL,-0.012158054711246,True,BETA,2y yield,0.1831703189175733,0.1831703189175733,2y yield,0.1831703189175733,,MSCI World ex-US,0.1445032280876317,,BCOM Index,0.1286825213836159,,
2007-01-09,LassoCV,BUY,0.015627001408992,True,BETA,2y yield,0.1839767469280122,0.1839767469280122,Gold,0.1677900968481713,,2y yield,0.1839767469280122,,MSCI World ex-US,0.1072614057274134,,
2007-01-25,LassoCV,BUY,0.0107346094154163,True,BETA,2y yield,0.1872409954553889,0.1872409954553889,Gold,0.1758580456302682,,2y yield,0.1872409954553889,,MSCI World ex-US,0.1044584338916127,,
2007-02-01,LassoCV,BUY,0.0133057744477458,True,BETA,2y yield,0.1894451740781433,0.1894451740781433,Gold,0.1808638428445689,,2y yield,0.1894451740781433,,MSCI World ex-US,0.104171997186309,,
2007-04-13,LassoCV,SELL,-0.0041996640268778,True,BETA,Gold,0.2176551155533448,0.2176551155533448,Gold,0.2176551155533448,,5y yield,0.1919290724219689,,MSCI World ex-US,0.0977097324903965,,
2008-02-28,LassoCV,SELL,-0.0021074815595363,True,BETA,Gold,0.3192775512384184,0.3192775512384184,Gold,0.3192775512384184,,MSCI World ex-US,0.2353579685518985,,VIX Index,-0.0857080732407422,,
2008-05-13,LassoCV,BUY,0.019245082402977,True,BETA,Gold,0.3196665641141794,0.3196665641141794,Gold,0.3196665641141794,,MSCI World ex-US,0.2555452457365055,,VIX Index,-0.1182213284062553,,
2008-07-15,LassoCV,SELL,-0.0270573820706555,True,BETA,MSCI World ex-US,0.2929886579580141,0.2929886579580141,Copper LME,0.1569120647854742,,MSCI World ex-US,0.2929886579580141,,Asia EMFX,-0.0,,
2008-10-27,LassoCV,BUY,0.1137535340096458,True,BETA,Copper LME,0.412220114155585,0.412220114155585,Copper LME,0.412220114155585,,MSCI EM,0.2889449429596405,,Asia EMFX,-0.0,,
2008-11-13,LassoCV,SELL,-0.0139618675874493,True,BETA,MSCI EM,0.4553465668510873,0.4553465668510873,Copper LME,0.4343382845692239,,MSCI EM,0.4553465668510873,,Asia EMFX,-0.0321753670537983,,
2009-02-02,LassoCV,BUY,0.0296073464217858,True,BETA,MSCI EM,0.5883438923473868,0.5883438923473868,MSCI EM,0.5883438923473868,,Copper LME,0.3872388772367959,,Asia EMFX,-0.0082797320062814,,
2009-04-20,LassoCV,BUY,0.0623026126902095,True,BETA,MSCI EM,0.667759342739572,0.667759342739572,MSCI EM,0.667759342739572,,Copper LME,0.3979739343247149,,Asia EMFX,0.0311308104377524,,
2009-04-22,LassoCV,BUY,0.0608165579812871,True,BETA,MSCI EM,0.66839641519143,0.66839641519143,MSCI EM,0.66839641519143,,Copper LME,0.4054671430110638,,Asia EMFX,0.0366127069909187,,
2009-07-21,LassoCV,BUY,0.0320215106330969,True,BETA,MSCI EM,0.7265431687324642,0.7265431687324642,MSCI EM,0.7265431687324642,,BCOM Index,0.4958130532871518,,Asia EMFX,0.0987444476929184,,
2009-07-30,LassoCV,BUY,0.0208308102216301,True,BETA,MSCI World ex-US,0.6778025209879618,0.6778025209879618,MSCI World ex-US,0.6778025209879618,,BCOM Index,0.4382849777243293,,Asia EMFX,0.0,,
2009-08-11,LassoCV,BUY,0.0079604390302738,True,BETA,MSCI World ex-US,0.6988463129875445,0.6988463129875445,MSCI World ex-US,0.6988463129875445,,BCOM Index,0.4163822560496129,,Asia EMFX,0.0,,
2009-12-10,LassoCV,SELL,-0.0366572114335587,True,BETA,MSCI World ex-US,0.8619330535640676,0.8619330535640676,MSCI World ex-US,0.8619330535640676,,BCOM Index,0.5080107052110365,,Asia EMFX,0.1515343829868102,,
2009-12-23,LassoCV,BUY,0.0453460620525059,True,BETA,MSCI World ex-US,0.8364069460259526,0.8364069460259526,MSCI World ex-US,0.8364069460259526,,BCOM Index,0.5052364048257897,,Asia EMFX,0.1158863584664837,,
2009-12-28,LassoCV,BUY,0.0480270574971815,True,BETA,MSCI World ex-US,0.8173222110886057,0.8173222110886057,MSCI World ex-US,0.8173222110886057,,BCOM Index,0.5006729792199439,,Asia EMFX,0.0892835422674215,,
2010-01-28,LassoCV,SELL,-0.0048066174826737,True,BETA,MSCI World ex-US,0.7261611634374112,0.7261611634374112,MSCI World ex-US,0.7261611634374112,,Copper LME,0.4110088116620666,,Asia EMFX,0.0,,
2010-02-01,LassoCV,SELL,-0.0033654924837334,True,BETA,MSCI World ex-US,0.7378182759653213,0.7378182759653213,MSCI World ex-US,0.7378182759653213,,Copper LME,0.3840354701129277,,Asia EMFX,-0.0,,
2010-03-30,LassoCV,BUY,0.0102207241491791,True,BETA,MSCI World ex-US,0.4117171765451412,0.4117171765451412,MSCI World ex-US,0.4117171765451412,,Oil,0.1326057177347025,,Asia EMFX,-0.0,,
2010-05-26,LassoCV,BUY,0.0077906269020084,True,BETA,BCOM Index,0.3112713565457858,0.3112713565457858,BCOM Index,0.3112713565457858,,MSCI World ex-US,0.210421743998313,,Asia EMFX,-0.0,,
2010-11-26,LassoCV,BUY,0.0215655780196992,True,BETA,Oil,0.3562941023038965,0.3562941023038965,Oil,0.3562941023038965,,MSCI EM,0.3416884184385451,,Asia EMFX,-0.0137088735877648,,
2011-01-14,LassoCV,BUY,0.0052588996763753,True,BETA,MSCI EM,0.3947462674928177,0.3947462674928177,Oil,0.3567687562694714,,MSCI EM,0.3947462674928177,,Asia EMFX,-0.0022229839954666,,
2011-05-09,LassoCV,SELL,-0.0279448505598223,True,BETA,MSCI World ex-US,0.5177540637082402,0.5177540637082402,MSCI World ex-US,0.5177540637082402,,Copper LME,0.0860105610538479,,Asia EMFX,-0.0500952993773747,,
2011-08-26,LassoCV,SELL,-0.0097417951385604,True,BETA,MSCI World ex-US,0.4542020732064218,0.4542020732064218,MSCI World ex-US,0.4542020732064218,,Copper LME,0.0132012240099104,,Asia EMFX,-0.0246662784834745,,
2011-09-05,LassoCV,SELL,-0.0311818784949293,True,BETA,MSCI World ex-US,0.4423464215847705,0.4423464215847705,MSCI World ex-US,0.4423464215847705,,Copper LME,0.0177739086131245,,Asia EMFX,-0.0257636926948848,,
2011-09-07,LassoCV,SELL,-0.0580566497842807,True,BETA,MSCI World ex-US,0.4312435312817462,0.4312435312817462,MSCI World ex-US,0.4312435312817462,,Copper LME,0.0243523612777629,,Asia EMFX,-0.0254565219097267,,
2011-09-22,LassoCV,BUY,0.000410593307329,True,BETA,MSCI World ex-US,0.4168229796528904,0.4168229796528904,MSCI World ex-US,0.4168229796528904,,Copper LME,0.0317244533565559,,Asia EMFX,-0.0474713953211128,,
2011-09-27,LassoCV,BUY,0.0038329634859795,True,BETA,MSCI World ex-US,0.3740389248088938,0.3740389248088938,MSCI World ex-US,0.3740389248088938,,BCOM Index,0.1495737783624653,,Asia EMFX,-0.0426047266978388,,
2012-03-12,LassoCV,BUY,0.0017116774438947,True,BETA,MSCI World ex-US,0.442805161501731,0.442805161501731,MSCI World ex-US,0.442805161501731,,BCOM Index,0.1928088827272792,,Asia EMFX,-0.0403460567215637,,
2012-03-30,LassoCV,BUY,0.0023197370964622,True,BETA,MSCI World ex-US,0.4391909471131608,0.4391909471131608,MSCI World ex-US,0.4391909471131608,,BCOM Index,0.2109919519073728,,Asia EMFX,-0.0366233068022729,,
2012-04-03,LassoCV,BUY,0.0057109669925468,True,BETA,MSCI World ex-US,0.4451916465665195,0.4451916465665195,MSCI World ex-US,0.4451916465665195,,BCOM Index,0.2035582994554579,,Asia EMFX,-0.0326826200281289,,
2012-07-31,LassoCV,SELL,-0.0013329524897649,True,BETA,MSCI World ex-US,0.4320650955895535,0.4320650955895535,MSCI World ex-US,0.4320650955895535,,BCOM Index,0.2460621426738924,,Asia EMFX,-0.0399612436691144,,
2012-10-05,LassoCV,BUY,0.0141356631000293,True,BETA,MSCI World ex-US,0.6070751823808048,0.6070751823808048,MSCI World ex-US,0.6070751823808048,,Copper LME,0.0726356113483042,,Asia EMFX,0.0173161977129584,,
2013-01-01,LassoCV,BUY,0.0163540163540163,True,BETA,MSCI World ex-US,0.3399412770505445,0.3399412770505445,MSCI World ex-US,0.3399412770505445,,Copper LME,0.0226271527374155,,Asia EMFX,-0.0,,
2013-09-23,LassoCV,SELL,-0.000212066588909,True,BETA,2y yield,0.2205624878032323,0.2205624878032323,2y yield,0.2205624878032323,,Gold,0.1873347930118699,,MSCI World ex-US,0.1627331793948682,,
2014-01-23,LassoCV,BUY,0.0217837591240876,True,BETA,2y yield,0.2505760073189843,0.2505760073189843,2y yield,0.2505760073189843,,MSCI World ex-US,0.1740269717919726,,Gold,0.1959466596560916,,
2014-02-11,LassoCV,SELL,-0.002102235007745,True,BETA,2y yield,0.2299429584276054,0.2299429584276054,2y yield,0.2299429584276054,,Gold,0.1779956479822625,,MSCI World ex-US,0.1415184631853155,,
2014-02-14,LassoCV,SELL,-0.0121762231569626,True,BETA,2y yield,0.2343771371547561,0.2343771371547561,2y yield,0.2343771371547561,,MSCI World ex-US,0.1465392531613434,,Gold,0.177897618543826,,
2014-10-03,LassoCV,BUY,0.0079538904899134,True,BETA,Asia EMFX,-0.1133927348725205,0.1133927348725205,Gold,0.0382860020888435,,Asia EMFX,-0.1133927348725205,,2y yield,0.1002903629262179,,
2015-04-28,LassoCV,SELL,-0.0057342308651209,True,BETA,Gold,0.1790554643298564,0.1790554643298564,Gold,0.1790554643298564,,Real 2y yield,0.1717855178383669,,MSCI World ex-US,0.142466326986606,,
2015-05-05,LassoCV,SELL,-0.0033996474439688,True,BETA,Gold,0.1862741743174086,0.1862741743174086,Gold,0.1862741743174086,,Real 2y yield,0.1821387239415413,,Asia EMFX,-0.1480205000124461,,
2015-05-12,LassoCV,SELL,-0.0302156469408224,True,BETA,Real 2y yield,0.191570789570865,0.191570789570865,Gold,0.1900354381768648,,Real 2y yield,0.191570789570865,,Asia EMFX,-0.1502863415643702,,
2015-09-04,LassoCV,BUY,0.0406774753908512,True,BETA,Gold,0.1685255735023498,0.1685255735023498,Real 2y yield,0.1160170811014959,,Gold,0.1685255735023498,,MSCI World ex-US,0.1467388914260505,,
2015-11-24,LassoCV,SELL,-0.0057875155022736,True,BETA,MSCI World ex-US,0.2032383718926976,0.2032383718926976,Gold,0.1917305390492424,,Real 2y yield,0.1957810397689085,,MSCI World ex-US,0.2032383718926976,,
2015-12-10,LassoCV,SELL,-0.0024721878862793,True,BETA,Real 2y yield,0.2498899362349828,0.2498899362349828,BCOM Index,0.2113036123065319,,Real 2y yield,0.2498899362349828,,MSCI World ex-US,0.1555665929668227,,
2016-12-23,LassoCV,BUY,0.0174191750278707,True,BETA,BCOM Index,0.2298328235103338,0.2298328235103338,MSCI World ex-US,0.2139448830878425,,BCOM Index,0.2298328235103338,,Asia EMFX,-0.0742897133564198,,
2016-12-27,LassoCV,BUY,0.0254697286012526,True,BETA,BCOM Index,0.243150131360936,0.243150131360936,MSCI World ex-US,0.2170108043364203,,BCOM Index,0.243150131360936,,Asia EMFX,-0.0580331483607581,,
2017-05-03,LassoCV,BUY,0.0012124477973864,True,BETA,MSCI World ex-US,0.2353396853447658,0.2353396853447658,MSCI World ex-US,0.2353396853447658,,BCOM Index,0.1681957393509208,,Asia EMFX,-0.084024370792757,,
2017-11-02,LassoCV,SELL,-0.0162064047711655,True,BETA,Gold,0.1727477540146073,0.1727477540146073,Gold,0.1727477540146073,,MSCI World ex-US,0.164071048726541,,5y yield,0.1524307231863058,,
2018-01-22,LassoCV,SELL,-0.0173381564176126,True,BETA,5y yield,0.1706275278105304,0.1706275278105304,5y yield,0.1706275278105304,,Gold,0.1281219672019898,,MSCI World ex-US,0.1511680940791043,,
2018-03-27,LassoCV,BUY,0.0106784737596041,True,BETA,Gold,0.1938805764944889,0.1938805764944889,Gold,0.1938805764944889,,MSCI World ex-US,0.110421275657198,,2y yield,0.0679130682518838,,
2018-05-08,LassoCV,BUY,0.0162307176391682,True,BETA,Gold,0.1941469724349279,0.1941469724349279,Gold,0.1941469724349279,,MSCI World ex-US,0.094883564253165,,2y yield,0.0675076171556813,,
2018-07-25,LassoCV,SELL,-0.0032193158953722,True,BETA,Gold,0.1883119159395501,0.1883119159395501,Gold,0.1883119159395501,,MSCI World ex-US,0.0961582125707703,,Asia EMFX,-0.0084701439987301,,
2018-09-07,LassoCV,BUY,0.0257492612916843,True,BETA,Gold,0.193760643453961,0.193760643453961,Gold,0.193760643453961,,MSCI World ex-US,0.0838677455701877,,Asia EMFX,-0.0269205110976757,,
2018-11-06,LassoCV,SELL,-0.0045536083896784,True,BETA,Gold,0.2309545936683707,0.2309545936683707,Gold,0.2309545936683707,,MSCI World ex-US,0.0936575127475303,,Asia EMFX,-0.0414428798487993,,
2018-12-21,LassoCV,BUY,0.0103693181818182,True,BETA,Gold,0.2480601814481404,0.2480601814481404,Gold,0.2480601814481404,,Local - Dow Jones,-0.153393817931168,,Asia EMFX,-0.043578183954478,,
2019-02-06,LassoCV,BUY,0.0084447572132302,True,BETA,Gold,0.2362304065805989,0.2362304065805989,Gold,0.2362304065805989,,MSCI World ex-US,0.1543964817757675,,Asia EMFX,-0.0440279940291022,,
2019-06-14,LassoCV,BUY,0.0215366705471478,True,BETA,Gold,0.205536535683721,0.205536535683721,Gold,0.205536535683721,,Asia EMFX,-0.0675374460354307,,MSCI World ex-US,0.1455609426116254,,
2019-06-19,LassoCV,BUY,0.0215085016712686,True,BETA,Gold,0.2042076744476127,0.2042076744476127,Gold,0.2042076744476127,,Asia EMFX,-0.0685284862180063,,MSCI World ex-US,0.1427807781768909,,
2019-09-17,LassoCV,SELL,-0.0235945237401689,True,BETA,Local - Dow Jones,-0.1260161535996971,0.1260161535996971,Copper LME,0.0859114197199136,,Local - Dow Jones,-0.1260161535996971,,Asia EMFX,-0.0969853556761768,,
2019-12-27,LassoCV,SELL,-0.0113180515759311,True,BETA,Local - Dow Jones,-0.0643329651954587,0.0643329651954587,Local - Dow Jones,-0.0643329651954587,,Copper LME,0.0545162410255019,,Asia EMFX,-0.0369681666902688,,
2020-01-31,LassoCV,BUY,0.0032875074716078,True,BETA,Copper LME,0.0642530518331341,0.0642530518331341,Copper LME,0.0642530518331341,,Local - Dow Jones,-0.0619873304985145,,Asia EMFX,-0.0167408703328426,,
2020-06-02,LassoCV,SELL,-0.0011599246049006,True,BETA,MSCI World ex-US,0.1699603391139945,0.1699603391139945,Copper LME,0.1410612416021377,,MSCI World ex-US,0.1699603391139945,,Asia EMFX,-0.0967223545531352,,
2020-08-04,LassoCV,BUY,0.0115921787709498,True,BETA,MSCI World ex-US,0.2007554920031169,0.2007554920031169,MSCI World ex-US,0.2007554920031169,,Asia EMFX,-0.1301961243131817,,Copper LME,0.1051382667391061,,
2020-08-07,LassoCV,BUY,0.0005588933910856,True,BETA,MSCI World ex-US,0.2015534005300132,0.2015534005300132,MSCI World ex-US,0.2015534005300132,,Asia EMFX,-0.1300705248301215,,Copper LME,0.1051567922670608,,
2020-08-19,LassoCV,BUY,0.0217209690893902,True,BETA,MSCI World ex-US,0.1967797707066742,0.1967797707066742,MSCI World ex-US,0.1967797707066742,,Asia EMFX,-0.1345447469444521,,Copper LME,0.1169052926929363,,
2021-05-11,LassoCV,SELL,-0.0116041826064778,True,BETA,MSCI World ex-US,0.4010172739071057,0.4010172739071057,MSCI World ex-US,0.4010172739071057,,Oil,0.1936145313767905,,Asia EMFX,-0.1086783551309826,,
2021-05-20,LassoCV,SELL,-0.0151748971193415,True,BETA,MSCI World ex-US,0.3410955746780283,0.3410955746780283,MSCI World ex-US,0.3410955746780283,,BCOM Index,0.2209001816373496,,Asia EMFX,-0.0704572270187681,,
2022-01-28,LassoCV,BUY,0.0213222667429879,True,BETA,MSCI World ex-US,0.2640624535139065,0.2640624535139065,MSCI World ex-US,0.2640624535139065,,Gold,0.1483988753163157,,Asia EMFX,-0.0104538074408213,,
2022-05-09,LassoCV,BUY,0.0225834292289988,True,BETA,MSCI World ex-US,0.2188797629315978,0.2188797629315978,MSCI World ex-US,0.2188797629315978,,Copper LME,0.1079431313846802,,Asia EMFX,-0.0081453491040993,,
2022-08-30,LassoCV,SELL,-0.0180916253282754,True,BETA,MSCI World ex-US,0.2677307435837764,0.2677307435837764,MSCI World ex-US,0.2677307435837764,,Copper LME,0.1326996381515947,,Asia EMFX,-0.0370480713019211,,
2022-10-19,LassoCV,BUY,0.0129186602870814,True,BETA,MSCI World ex-US,0.2960870685443547,0.2960870685443547,MSCI World ex-US,0.2960870685443547,,Copper LME,0.1469782418954069,,Asia EMFX,0.0056095904045266,,
2023-03-15,LassoCV,BUY,0.0098202145339174,True,BETA,MSCI World ex-US,0.3746435864032795,0.3746435864032795,Gold,0.3242473937917937,,MSCI World ex-US,0.3746435864032795,,5y yield,0.1570307442251788,,
2023-03-22,LassoCV,BUY,0.005235602094241,True,BETA,MSCI World ex-US,0.3931762234732371,0.3931762234732371,Gold,0.3102956287873381,,MSCI World ex-US,0.3931762234732371,,5y yield,0.1434349344972582,,
2023-05-09,LassoCV,SELL,-0.0224785566400472,True,BETA,MSCI World ex-US,0.3726439146364093,0.3726439146364093,MSCI World ex-US,0.3726439146364093,,Gold,0.3380720987799403,,5y yield,0.0954659356622029,,
2023-05-15,LassoCV,SELL,-0.0240298507462686,True,BETA,MSCI World ex-US,0.3722581401435578,0.3722581401435578,MSCI World ex-US,0.3722581401435578,,Gold,0.3380864128364603,,5y yield,0.1002081932182216,,
2023-06-15,LassoCV,SELL,-0.0390704429920116,True,BETA,MSCI World ex-US,0.4026224064136079,0.4026224064136079,MSCI World ex-US,0.4026224064136079,,Gold,0.3040056131440035,,5y yield,0.1110448505190279,,
2024-02-02,LassoCV,BUY,0.0029176904176904,True,BETA,MSCI World ex-US,0.266307249357577,0.266307249357577,Copper LME,0.2531056339178165,,MSCI World ex-US,0.266307249357577,,Asia EMFX,-0.0146674215353212,,
2024-02-28,LassoCV,BUY,0.0192426108374386,True,BETA,MSCI World ex-US,0.2983324186918658,0.2983324186918658,MSCI World ex-US,0.2983324186918658,,Copper LME,0.202351438788195,,5y yield,0.1953370505209903,,
2024-03-22,LassoCV,BUY,0.0098234842670761,True,BETA,MSCI World ex-US,0.2986907732155437,0.2986907732155437,MSCI World ex-US,0.2986907732155437,,Copper LME,0.1968039620155348,,2y yield,0.2489476160713146,,
2024-10-24,LassoCV,BUY,0.0058734939759035,True,BETA,MSCI World ex-US,0.1712058460496181,0.1712058460496181,MSCI World ex-US,0.1712058460496181,,5y yield,0.1312198250738863,,Gold,0.1223080520961264,,
2024-12-17,LassoCV,SELL,-0.0235127031718479,True,BETA,5y yield,0.1956636025009256,0.1956636025009256,MSCI World ex-US,0.1813852073255028,,5y yield,0.1956636025009256,,Copper LME,0.1238350796550952,,
2024-12-19,LassoCV,SELL,-0.0057701554736336,True,BETA,MSCI World ex-US,0.2041502314759482,0.2041502314759482,MSCI World ex-US,0.2041502314759482,,5y yield,0.1834842351787598,,Gold,0.1269154302349965,,
2024-12-23,LassoCV,SELL,-0.0004800768122898,True,BETA,MSCI World ex-US,0.1961492312263263,0.1961492312263263,MSCI World ex-US,0.1961492312263263,,5y yield,0.1886188801597962,,Gold,0.1283377277881232,,
2024-12-25,LassoCV,SELL,-0.0036864882192658,True,BETA,MSCI World ex-US,0.1959921748381071,0.1959921748381071,MSCI World ex-US,0.1959921748381071,,5y yield,0.1841341119545985,,Gold,0.129012791006236,,
2025-03-17,LassoCV,SELL,-0.0214598997493733,True,BETA,MSCI World ex-US,0.1317548428415626,0.1317548428415626,MSCI World ex-US,0.1317548428415626,,Copper LME,0.1132544500949805,,5y yield,0.1210979711122232,,
2025-04-08,LassoCV,BUY,0.0682885906040269,True,BETA,MSCI World ex-US,0.1616598454443137,0.1616598454443137,MSCI World ex-US,0.1616598454443137,,Copper LME,0.1410166873342586,,5y yield,0.1082019673585344,,
2025-09-11,LassoCV,SELL,-0.0178705511338038,True,BETA,Copper LME,0.2174016189966326,0.2174016189966326,Copper LME,0.2174016189966326,,MSCI World ex-US,0.1879127666364254,,Asia EMFX,-0.061162306698965,,
2025-10-16,LassoCV,BUY,0.0107941403238243,True,BETA,MSCI World ex-US,0.2245897821818163,0.2245897821818163,MSCI World ex-US,0.2245897821818163,,Copper LME,0.1891654805931494,,Asia EMFX,-0.0442008421067318,,
2001-09-24,ElasticNetCV,BUY,0.0331368164261027,True,BETA,Gold,0.2487020831135618,0.2487020831135618,Gold,0.2487020831135618,,MSCI World ex-US,0.1247730983794449,,5y yield,0.0743513158150084,,
2001-12-20,ElasticNetCV,BUY,0.020387965162312,True,BETA,Gold,0.2481643759783048,0.2481643759783048,Gold,0.2481643759783048,,MSCI World ex-US,0.1686611311348714,,Asia EMFX,-0.0719408202323726,,
2002-04-19,ElasticNetCV,SELL,-0.0020347761746207,True,BETA,MSCI World ex-US,0.0674704069234796,0.0674704069234796,MSCI World ex-US,0.0674704069234796,,Gold,0.0376683804064932,,VIX Index,-0.0171677470655801,,
2002-04-24,ElasticNetCV,SELL,-0.0080941869021338,True,BETA,MSCI World ex-US,0.0673915337731994,0.0673915337731994,MSCI World ex-US,0.0673915337731994,,Gold,0.0367485801211802,,VIX Index,-0.0169201147974257,,
2002-06-14,ElasticNetCV,BUY,0.0053533190578158,True,BETA,MSCI World ex-US,0.0470560302987275,0.0470560302987275,MSCI World ex-US,0.0470560302987275,,5y yield,0.0382888411950517,,Asia EMFX,-0.0,,
2003-02-25,ElasticNetCV,SELL,-0.0023113752682847,True,BETA,Gold,0.1370159847144443,0.1370159847144443,Gold,0.1370159847144443,,MSCI EM,0.1307390019875023,,VIX Index,-0.050679964879809,,
2003-05-15,ElasticNetCV,BUY,0.0181023720349562,True,BETA,Gold,0.1330610511329336,0.1330610511329336,Gold,0.1330610511329336,,MSCI EM,0.0969199581588354,,VIX Index,-0.041028000622676,,
2003-05-28,ElasticNetCV,BUY,0.0172043010752687,True,BETA,Gold,0.1342483068051875,0.1342483068051875,Gold,0.1342483068051875,,MSCI EM,0.0971168749109987,,VIX Index,-0.0369460242466392,,
2003-06-06,ElasticNetCV,BUY,0.0147282113574249,True,BETA,Gold,0.1247447856040524,0.1247447856040524,Gold,0.1247447856040524,,MSCI EM,0.0915768004466944,,VIX Index,-0.0392640838946075,,
2003-06-23,ElasticNetCV,BUY,0.0207956600361665,True,BETA,Gold,0.1191261713434062,0.1191261713434062,Gold,0.1191261713434062,,MSCI EM,0.0629882837268308,,VIX Index,-0.0397416432423882,,
2003-12-08,ElasticNetCV,SELL,-0.0091829844699528,True,BETA,Gold,0.1876685687342989,0.1876685687342989,MSCI World - Dow Jones,0.1837691779499657,,Gold,0.1876685687342989,,2y yield,0.0658308614407312,,
2004-01-19,ElasticNetCV,BUY,0.0048993644067796,True,BETA,Gold,0.2255278839126596,0.2255278839126596,MSCI World - Dow Jones,0.1861551073210828,,Gold,0.2255278839126596,,2y yield,0.066603323510562,,
2004-01-29,ElasticNetCV,BUY,0.0378598659129747,True,BETA,Gold,0.2438528152876024,0.2438528152876024,MSCI World - Dow Jones,0.1724916740034993,,Gold,0.2438528152876024,,2y yield,0.0904907931732982,,
2004-02-02,ElasticNetCV,BUY,0.0448016866517329,True,BETA,Gold,0.2371511851113848,0.2371511851113848,MSCI World - S&P500,0.1775384122809759,,Gold,0.2371511851113848,,2y yield,0.0888303148150807,,
2004-07-16,ElasticNetCV,SELL,-0.0404205926532841,True,BETA,Gold,0.3937262380389642,0.3937262380389642,Gold,0.3937262380389642,,MSCI World ex-US,0.2952493609381134,,2y yield,0.1642827457506796,,
2004-11-19,ElasticNetCV,SELL,-0.0026792549119675,True,BETA,Gold,0.4358868652232684,0.4358868652232684,Gold,0.4358868652232684,,MSCI World ex-US,0.2682254876073456,,2y yield,0.1960200015418372,,
2004-11-23,ElasticNetCV,SELL,-0.0151418755566866,True,BETA,Gold,0.4383560184927784,0.4383560184927784,Gold,0.4383560184927784,,MSCI World ex-US,0.2689114323792128,,2y yield,0.2006875944181784,,
2005-07-04,ElasticNetCV,BUY,0.0045309168443496,True,BETA,Gold,0.4010471908409791,0.4010471908409791,Gold,0.4010471908409791,,MSCI World ex-US,0.2356168723816441,,2y yield,0.1056234204625486,,
2005-07-11,ElasticNetCV,BUY,0.0206047631790207,True,BETA,Gold,0.402701967663818,0.402701967663818,Gold,0.402701967663818,,MSCI World ex-US,0.2319140107353036,,5y yield,0.1028478246116013,,
2006-02-07,ElasticNetCV,SELL,-0.0012167094768149,True,BETA,MSCI World ex-US,0.1842296791800702,0.1842296791800702,MSCI World ex-US,0.1842296791800702,,Gold,0.1394531906099098,,Real 2y yield,0.0664257530236181,,
2006-03-02,ElasticNetCV,SELL,-0.0140299305184392,True,BETA,MSCI World ex-US,0.1694873118087905,0.1694873118087905,MSCI World ex-US,0.1694873118087905,,Gold,0.1274484686094647,,Real 2y yield,0.0721105229361271,,
2006-09-28,ElasticNetCV,BUY,0.0036076964190272,True,BETA,2y yield,0.1531699562975066,0.1531699562975066,BCOM Index,0.1230181867685342,,MSCI World ex-US,0.1442663695762102,,2y yield,0.1531699562975066,,
2006-10-03,ElasticNetCV,BUY,0.0137225884568814,True,BETA,2y yield,0.1524139404725474,0.1524139404725474,BCOM Index,0.1239090949824246,,MSCI World ex-US,0.1433589845381131,,2y yield,0.1524139404725474,,
2006-10-06,ElasticNetCV,BUY,0.0214083748485256,True,BETA,2y yield,0.1552860062992683,0.1552860062992683,BCOM Index,0.1288840754165175,,MSCI World ex-US,0.1453325680779372,,2y yield,0.1552860062992683,,
2006-12-04,ElasticNetCV,SELL,-0.012158054711246,True,BETA,2y yield,0.1712140651449667,0.1712140651449667,2y yield,0.1712140651449667,,MSCI World ex-US,0.1399265307703575,,BCOM Index,0.1206919402680549,,
2007-01-09,ElasticNetCV,BUY,0.015627001408992,True,BETA,2y yield,0.1840373574551163,0.1840373574551163,Gold,0.1678215790444519,,2y yield,0.1840373574551163,,MSCI World ex-US,0.1073055536314562,,
2007-01-25,ElasticNetCV,BUY,0.0107346094154163,True,BETA,2y yield,0.1873001795212129,0.1873001795212129,Gold,0.175889754318114,,2y yield,0.1873001795212129,,MSCI World ex-US,0.1045038037390002,,
2007-02-01,ElasticNetCV,BUY,0.0133057744477458,True,BETA,2y yield,0.1895034812002816,0.1895034812002816,Gold,0.1808981212714695,,2y yield,0.1895034812002816,,MSCI World ex-US,0.1042171767544856,,
2007-04-13,ElasticNetCV,SELL,-0.0041996640268778,True,BETA,Gold,0.2177065810084449,0.2177065810084449,Gold,0.2177065810084449,,5y yield,0.1919937141411421,,MSCI World ex-US,0.0977498030568889,,
2008-02-28,ElasticNetCV,SELL,-0.0021074815595363,True,BETA,Gold,0.3084351930013123,0.3084351930013123,Gold,0.3084351930013123,,MSCI World ex-US,0.2326135556871126,,VIX Index,-0.0839616077926008,,
2008-05-13,ElasticNetCV,BUY,0.019245082402977,True,BETA,Gold,0.3185862899926267,0.3185862899926267,Gold,0.3185862899926267,,MSCI World ex-US,0.2551608580911259,,VIX Index,-0.1194850372348968,,
2008-10-27,ElasticNetCV,BUY,0.1137535340096458,True,BETA,Copper LME,0.4248101521740598,0.4248101521740598,Copper LME,0.4248101521740598,,MSCI EM,0.3063551896806101,,Asia EMFX,-0.0,,
2008-11-13,ElasticNetCV,SELL,-0.0139618675874493,True,BETA,MSCI EM,0.4553367569357477,0.4553367569357477,Copper LME,0.4343611718342395,,MSCI EM,0.4553367569357477,,Asia EMFX,-0.0322202342108703,,
2009-01-30,ElasticNetCV,BUY,0.0302745098039216,True,BETA,MSCI EM,0.5875442532661014,0.5875442532661014,MSCI EM,0.5875442532661014,,Copper LME,0.3850108363824194,,Asia EMFX,-0.0118415434277773,,
2009-04-20,ElasticNetCV,BUY,0.0623026126902095,True,BETA,MSCI EM,0.6678046508524098,0.6678046508524098,MSCI EM,0.6678046508524098,,Copper LME,0.3980040543376205,,Asia EMFX,0.0312166992452014,,
2009-04-22,ElasticNetCV,BUY,0.0608165579812871,True,BETA,MSCI EM,0.6684416804610368,0.6684416804610368,MSCI EM,0.6684416804610368,,Copper LME,0.4054967172988523,,Asia EMFX,0.0366982944553511,,
2009-07-21,ElasticNetCV,BUY,0.0320215106330969,True,BETA,MSCI EM,0.7314769411460103,0.7314769411460103,MSCI EM,0.7314769411460103,,BCOM Index,0.4979320072180671,,Asia EMFX,0.1059157483065982,,
2009-07-30,ElasticNetCV,BUY,0.0208308102216301,True,BETA,MSCI World ex-US,0.6774749695310479,0.6774749695310479,MSCI World ex-US,0.6774749695310479,,BCOM Index,0.4406871124898772,,Asia EMFX,0.0,,
2009-08-11,ElasticNetCV,BUY,0.0079604390302738,True,BETA,MSCI World ex-US,0.698223230528902,0.698223230528902,MSCI World ex-US,0.698223230528902,,BCOM Index,0.4191258014357893,,Asia EMFX,0.0,,
2009-12-10,ElasticNetCV,SELL,-0.0366572114335587,True,BETA,MSCI World ex-US,0.8620791787996289,0.8620791787996289,MSCI World ex-US,0.8620791787996289,,BCOM Index,0.5080715139402202,,Asia EMFX,0.1517789288730454,,
2009-12-23,ElasticNetCV,BUY,0.0453460620525059,True,BETA,MSCI World ex-US,0.836594576902295,0.836594576902295,MSCI World ex-US,0.836594576902295,,BCOM Index,0.5052933204682681,,Asia EMFX,0.1161915478393364,,
2009-12-28,ElasticNetCV,BUY,0.0480270574971815,True,BETA,MSCI World ex-US,0.8175169880705082,0.8175169880705082,MSCI World ex-US,0.8175169880705082,,BCOM Index,0.5007315765948457,,Asia EMFX,0.0896020023582789,,
2010-01-28,ElasticNetCV,SELL,-0.0048066174826737,True,BETA,MSCI World ex-US,0.6595013510382143,0.6595013510382143,MSCI World ex-US,0.6595013510382143,,Copper LME,0.427321192920914,,Asia EMFX,-0.0110380283372232,,
2010-02-01,ElasticNetCV,SELL,-0.0033654924837334,True,BETA,MSCI World ex-US,0.6558677799027711,0.6558677799027711,MSCI World ex-US,0.6558677799027711,,Copper LME,0.405668562180419,,Asia EMFX,-0.0285436229291619,,
2010-03-30,ElasticNetCV,BUY,0.0102207241491791,True,BETA,MSCI World ex-US,0.4509216668785008,0.4509216668785008,MSCI World ex-US,0.4509216668785008,,Oil,0.2879706742677995,,Asia EMFX,-0.0,,
2010-05-20,ElasticNetCV,BUY,0.0337738619676946,True,BETA,BCOM Index,0.4220852262397834,0.4220852262397834,BCOM Index,0.4220852262397834,,MSCI EM,0.2146526555174164,,Asia EMFX,-0.0,,
2010-05-26,ElasticNetCV,BUY,0.0077906269020084,True,BETA,BCOM Index,0.3676301689575037,0.3676301689575037,BCOM Index,0.3676301689575037,,MSCI World ex-US,0.2835678634322972,,Asia EMFX,-0.0,,
2010-11-03,ElasticNetCV,SELL,-0.0263367123832239,True,BETA,BCOM Index,0.3473740702813329,0.3473740702813329,BCOM Index,0.3473740702813329,,MSCI EM,0.2893157281739036,,Asia EMFX,-0.0972367554483921,,
2010-11-26,ElasticNetCV,BUY,0.0215655780196992,True,BETA,Oil,0.3358264639508447,0.3358264639508447,Oil,0.3358264639508447,,MSCI EM,0.273731937606427,,Asia EMFX,-0.0793414901520057,,
2011-01-11,ElasticNetCV,BUY,0.0096231766612642,True,BETA,Oil,0.3814052708470326,0.3814052708470326,Oil,0.3814052708470326,,MSCI EM,0.3596048371591028,,Asia EMFX,-0.0288555202746896,,
2011-01-14,ElasticNetCV,BUY,0.0052588996763753,True,BETA,MSCI EM,0.3901812999398419,0.3901812999398419,Oil,0.3631217157512837,,MSCI EM,0.3901812999398419,,Asia EMFX,-0.0088742952733712,,
2011-05-09,ElasticNetCV,SELL,-0.0279448505598223,True,BETA,MSCI World ex-US,0.470687770608944,0.470687770608944,MSCI World ex-US,0.470687770608944,,Copper LME,0.1106108496855335,,Asia EMFX,-0.0710252064464834,,
2011-08-26,ElasticNetCV,SELL,-0.0097417951385604,True,BETA,MSCI World ex-US,0.4507138675056552,0.4507138675056552,MSCI World ex-US,0.4507138675056552,,Copper LME,0.0207528320241054,,Asia EMFX,-0.0296637776893772,,
2011-09-07,ElasticNetCV,SELL,-0.0580566497842807,True,BETA,MSCI World ex-US,0.4279945798067949,0.4279945798067949,MSCI World ex-US,0.4279945798067949,,Copper LME,0.0316809426897174,,Asia EMFX,-0.0304447359229859,,
2011-09-22,ElasticNetCV,BUY,0.000410593307329,True,BETA,MSCI World ex-US,0.4139750202404822,0.4139750202404822,MSCI World ex-US,0.4139750202404822,,Copper LME,0.0384614714346216,,Asia EMFX,-0.0518494993944086,,
2011-09-27,ElasticNetCV,BUY,0.0038329634859795,True,BETA,MSCI World ex-US,0.3731593376451738,0.3731593376451738,MSCI World ex-US,0.3731593376451738,,BCOM Index,0.1526621638766077,,Asia EMFX,-0.0463325597277583,,
2012-03-12,ElasticNetCV,BUY,0.0017116774438947,True,BETA,MSCI World ex-US,0.4370608203634729,0.4370608203634729,MSCI World ex-US,0.4370608203634729,,BCOM Index,0.1918164032926952,,Asia EMFX,-0.0427809266419568,,
2012-03-30,ElasticNetCV,BUY,0.0023197370964622,True,BETA,MSCI World ex-US,0.4336596172401935,0.4336596172401935,MSCI World ex-US,0.4336596172401935,,BCOM Index,0.2095961654551356,,Asia EMFX,-0.0390625861208307,,
2012-04-03,ElasticNetCV,BUY,0.0057109669925468,True,BETA,MSCI World ex-US,0.4393543139451212,0.4393543139451212,MSCI World ex-US,0.4393543139451212,,BCOM Index,0.2024480349877674,,Asia EMFX,-0.0352866855229551,,
2012-07-31,ElasticNetCV,SELL,-0.0013329524897649,True,BETA,MSCI World ex-US,0.4318529194055443,0.4318529194055443,MSCI World ex-US,0.4318529194055443,,BCOM Index,0.2463540305827137,,Asia EMFX,-0.0404251971577097,,
2012-10-05,ElasticNetCV,BUY,0.0141356631000293,True,BETA,MSCI World ex-US,0.6074397188354602,0.6074397188354602,MSCI World ex-US,0.6074397188354602,,Copper LME,0.0735656175793691,,Asia EMFX,0.0186380113277422,,
2013-01-01,ElasticNetCV,BUY,0.0163540163540163,True,BETA,MSCI World ex-US,0.3397410035417715,0.3397410035417715,MSCI World ex-US,0.3397410035417715,,Copper LME,0.0337231814044525,,Asia EMFX,-0.0,,
2013-11-26,ElasticNetCV,BUY,0.0026295606442423,True,BETA,2y yield,0.23520398719362,0.23520398719362,2y yield,0.23520398719362,,MSCI World ex-US,0.1638088204137518,,Gold,0.194441963772714,,
2014-01-23,ElasticNetCV,BUY,0.0217837591240876,True,BETA,2y yield,0.2506531859315856,0.2506531859315856,2y yield,0.2506531859315856,,MSCI World ex-US,0.1741125806872412,,Gold,0.1959995650477476,,
2014-02-11,ElasticNetCV,SELL,-0.002102235007745,True,BETA,2y yield,0.2300157124009028,0.2300157124009028,2y yield,0.2300157124009028,,Gold,0.1780511777799125,,MSCI World ex-US,0.1416003952751976,,
2014-02-14,ElasticNetCV,SELL,-0.0121762231569626,True,BETA,2y yield,0.2344510976244366,0.2344510976244366,2y yield,0.2344510976244366,,MSCI World ex-US,0.146621103582366,,Gold,0.1779514533953785,,
2014-08-20,ElasticNetCV,BUY,0.0064606439108432,True,BETA,2y yield,0.1090612009021736,0.1090612009021736,2y yield,0.1090612009021736,,Asia EMFX,-0.0949387747858943,,MSCI EM,0.0158216720446194,,
2014-10-03,ElasticNetCV,BUY,0.0079538904899134,True,BETA,Asia EMFX,-0.0938998838299732,0.0938998838299732,Gold,0.0282854879232771,,Asia EMFX,-0.0938998838299732,,2y yield,0.0798981582046542,,
2015-04-28,ElasticNetCV,SELL,-0.0057342308651209,True,BETA,Gold,0.1791177201044902,0.1791177201044902,Gold,0.1791177201044902,,Real 2y yield,0.1718854820561152,,MSCI World ex-US,0.1425291655765347,,
2015-05-05,ElasticNetCV,SELL,-0.0033996474439688,True,BETA,Gold,0.1863326829697144,0.1863326829697144,Gold,0.1863326829697144,,Real 2y yield,0.1822422649806941,,Asia EMFX,-0.1480832473251326,,
2015-05-12,ElasticNetCV,SELL,-0.0302156469408224,True,BETA,Real 2y yield,0.1916726396902949,0.1916726396902949,Gold,0.1900932555425883,,Real 2y yield,0.1916726396902949,,Asia EMFX,-0.1503475932393152,,
2015-09-04,ElasticNetCV,BUY,0.0406774753908512,True,BETA,Gold,0.1722401899583213,0.1722401899583213,Real 2y yield,0.1345956622865798,,Gold,0.1722401899583213,,MSCI World ex-US,0.1517555409296222,,
2015-11-24,ElasticNetCV,SELL,-0.0057875155022736,True,BETA,MSCI World ex-US,0.2032745534961174,0.2032745534961174,Gold,0.191799877671158,,Real 2y yield,0.195913496306023,,MSCI World ex-US,0.2032745534961174,,
2015-12-10,ElasticNetCV,SELL,-0.0024721878862793,True,BETA,Real 2y yield,0.2500168931714405,0.2500168931714405,BCOM Index,0.2113480290324637,,Real 2y yield,0.2500168931714405,,MSCI World ex-US,0.1555995808956352,,
2016-12-23,ElasticNetCV,BUY,0.0174191750278707,True,BETA,BCOM Index,0.2298850309678198,0.2298850309678198,MSCI World ex-US,0.2139531268064616,,BCOM Index,0.2298850309678198,,Asia EMFX,-0.0743827449444188,,
2016-12-27,ElasticNetCV,BUY,0.0254697286012526,True,BETA,BCOM Index,0.243200175309868,0.243200175309868,MSCI World ex-US,0.2170170482059113,,BCOM Index,0.243200175309868,,Asia EMFX,-0.0581308784377384,,
2017-05-03,ElasticNetCV,BUY,0.0012124477973864,True,BETA,MSCI World ex-US,0.1832240689083088,0.1832240689083088,MSCI World ex-US,0.1832240689083088,,BCOM Index,0.1425282616928047,,Asia EMFX,-0.085975327024271,,
2017-05-08,ElasticNetCV,BUY,0.0121835657235684,True,BETA,MSCI World ex-US,0.1931797126392639,0.1931797126392639,MSCI World ex-US,0.1931797126392639,,BCOM Index,0.1414157177496455,,Asia EMFX,-0.0785074784267383,,
2017-11-02,ElasticNetCV,SELL,-0.0162064047711655,True,BETA,Gold,0.1456020697375345,0.1456020697375345,Gold,0.1456020697375345,,MSCI World ex-US,0.1150015857180557,,5y yield,0.1335064885190077,,
2018-01-22,ElasticNetCV,SELL,-0.0173381564176126,True,BETA,5y yield,0.1386830064007183,0.1386830064007183,5y yield,0.1386830064007183,,Gold,0.1148741921640317,,MSCI World ex-US,0.1126190356886281,,
2018-03-27,ElasticNetCV,BUY,0.0106784737596041,True,BETA,Gold,0.1914439721001035,0.1914439721001035,Gold,0.1914439721001035,,MSCI World ex-US,0.1154287053878191,,2y yield,0.0755048897726411,,
2018-05-08,ElasticNetCV,BUY,0.0162307176391682,True,BETA,Gold,0.1629074704288398,0.1629074704288398,Gold,0.1629074704288398,,MSCI World ex-US,0.08314115587118,,2y yield,0.0617234760371558,,
2018-07-10,ElasticNetCV,SELL,-0.0048263842338115,True,BETA,Gold,0.1797932656908259,0.1797932656908259,Gold,0.1797932656908259,,MSCI World ex-US,0.0916537978867272,,Asia EMFX,-0.0297198125423072,,
2018-07-12,ElasticNetCV,SELL,-0.0041846652267818,True,BETA,Gold,0.1798793170037475,0.1798793170037475,Gold,0.1798793170037475,,MSCI World ex-US,0.0931448718663565,,Asia EMFX,-0.0341546310223684,,
2018-07-20,ElasticNetCV,SELL,-0.0014834794335807,True,BETA,Gold,0.1797587811280883,0.1797587811280883,Gold,0.1797587811280883,,MSCI World ex-US,0.098575969803951,,Asia EMFX,-0.0344648367764946,,
2018-07-24,ElasticNetCV,SELL,-0.0002694328438636,True,BETA,Gold,0.1819988065999628,0.1819988065999628,Gold,0.1819988065999628,,MSCI World ex-US,0.1012347770061607,,Asia EMFX,-0.0318972565893313,,
2018-11-06,ElasticNetCV,SELL,-0.0045536083896784,True,BETA,Gold,0.2271218168815998,0.2271218168815998,Gold,0.2271218168815998,,MSCI World ex-US,0.0956804657755576,,Asia EMFX,-0.0473012073302178,,
2018-12-21,ElasticNetCV,BUY,0.0103693181818182,True,BETA,Gold,0.2434505376167329,0.2434505376167329,Gold,0.2434505376167329,,Local - Dow Jones,-0.1535889091201176,,Asia EMFX,-0.0503392496517854,,
2019-02-06,ElasticNetCV,BUY,0.0084447572132302,True,BETA,Gold,0.2361991144584695,0.2361991144584695,Gold,0.2361991144584695,,MSCI World ex-US,0.1543832741030463,,Asia EMFX,-0.0440883986108282,,
2019-06-14,ElasticNetCV,BUY,0.0215366705471478,True,BETA,Gold,0.2038838217152092,0.2038838217152092,Gold,0.2038838217152092,,Asia EMFX,-0.0746526245466299,,MSCI World ex-US,0.1451566013747214,,
2019-06-19,ElasticNetCV,BUY,0.0215085016712686,True,BETA,Gold,0.2027067013256624,0.2027067013256624,Gold,0.2027067013256624,,Asia EMFX,-0.0755387387744692,,MSCI World ex-US,0.1426501836545576,,
2019-09-17,ElasticNetCV,SELL,-0.0235945237401689,True,BETA,Local - Dow Jones,-0.1091633266523027,0.1091633266523027,Copper LME,0.0759356808258302,,Local - Dow Jones,-0.1091633266523027,,Asia EMFX,-0.08337447852216,,
2019-12-26,ElasticNetCV,SELL,-0.0125269978401728,True,BETA,Local - Dow Jones,-0.0279040051092664,0.0279040051092664,Local - Dow Jones,-0.0279040051092664,,Copper LME,0.0271177024926464,,Asia EMFX,-0.0217555237103484,,
2020-01-31,ElasticNetCV,BUY,0.0032875074716078,True,BETA,Copper LME,0.0324856187548747,0.0324856187548747,Copper LME,0.0324856187548747,,Local - Dow Jones,-0.0285665769399949,,Asia EMFX,-0.0108244161066181,,
2020-03-25,ElasticNetCV,BUY,0.045477429098842,True,BETA,Copper LME,0.1194320197999477,0.1194320197999477,Copper LME,0.1194320197999477,,Asia EMFX,-0.0942904837019979,,MSCI World ex-US,0.1050689119271895,,
2020-06-02,ElasticNetCV,SELL,-0.0011599246049006,True,BETA,MSCI World ex-US,0.16997309720045,0.16997309720045,Copper LME,0.1410927473240701,,MSCI World ex-US,0.16997309720045,,Asia EMFX,-0.0967685823718306,,
2020-08-04,ElasticNetCV,BUY,0.0115921787709498,True,BETA,MSCI World ex-US,0.2007643746702236,0.2007643746702236,MSCI World ex-US,0.2007643746702236,,Asia EMFX,-0.1302480620720623,,Copper LME,0.1051730005569539,,
2020-08-07,ElasticNetCV,BUY,0.0005588933910856,True,BETA,MSCI World ex-US,0.2015620352168084,0.2015620352168084,MSCI World ex-US,0.2015620352168084,,Asia EMFX,-0.130121973509778,,Copper LME,0.1051923107856966,,
2020-08-19,ElasticNetCV,BUY,0.0217209690893902,True,BETA,MSCI World ex-US,0.1967902398708873,0.1967902398708873,MSCI World ex-US,0.1967902398708873,,Asia EMFX,-0.1345973995777254,,Copper LME,0.1169372489699864,,
2021-05-11,ElasticNetCV,SELL,-0.0116041826064778,True,BETA,MSCI World ex-US,0.401043362353082,0.401043362353082,MSCI World ex-US,0.401043362353082,,Oil,0.1938277827853018,,Asia EMFX,-0.108753677851867,,
2021-05-20,ElasticNetCV,SELL,-0.0151748971193415,True,BETA,MSCI World ex-US,0.341163608485506,0.341163608485506,MSCI World ex-US,0.341163608485506,,BCOM Index,0.2209627361588058,,Asia EMFX,-0.0705287451711342,,
2022-01-28,ElasticNetCV,BUY,0.0213222667429879,True,BETA,MSCI World ex-US,0.2264753060185932,0.2264753060185932,MSCI World ex-US,0.2264753060185932,,Gold,0.1276431004938962,,Asia EMFX,-0.0226383921522727,,
2022-05-10,ElasticNetCV,BUY,0.024214471029115,True,BETA,MSCI World ex-US,0.2095769593467488,0.2095769593467488,MSCI World ex-US,0.2095769593467488,,Copper LME,0.1146178269953689,,Asia EMFX,-0.048036828487867,,
2022-07-11,ElasticNetCV,BUY,0.0328185328185328,True,BETA,MSCI World ex-US,0.2218046282465161,0.2218046282465161,MSCI World ex-US,0.2218046282465161,,Copper LME,0.1243577722731427,,Asia EMFX,-0.0562696828263394,,
2022-08-30,ElasticNetCV,SELL,-0.0180916253282754,True,BETA,MSCI World ex-US,0.2677391742935561,0.2677391742935561,MSCI World ex-US,0.2677391742935561,,Copper LME,0.13276969212164,,Asia EMFX,-0.0371106638798175,,
2022-10-19,ElasticNetCV,BUY,0.0129186602870814,True,BETA,MSCI World ex-US,0.2961711048167033,0.2961711048167033,MSCI World ex-US,0.2961711048167033,,Copper LME,0.1471299243727265,,Asia EMFX,0.0057820380316111,,
2023-03-15,ElasticNetCV,BUY,0.0098202145339174,True,BETA,MSCI World ex-US,0.3746874465946251,0.3746874465946251,Gold,0.3242665176200182,,MSCI World ex-US,0.3746874465946251,,5y yield,0.1570771038079138,,
2023-03-22,ElasticNetCV,BUY,0.005235602094241,True,BETA,MSCI World ex-US,0.3932247426625243,0.3932247426625243,Gold,0.3103053492268246,,MSCI World ex-US,0.3932247426625243,,5y yield,0.1434819589545982,,
2023-05-09,ElasticNetCV,SELL,-0.0224785566400472,True,BETA,MSCI World ex-US,0.3726949856815039,0.3726949856815039,MSCI World ex-US,0.3726949856815039,,Gold,0.3380813936371568,,5y yield,0.0955178976765317,,
2023-05-15,ElasticNetCV,SELL,-0.0240298507462686,True,BETA,MSCI World ex-US,0.3723120954851734,0.3723120954851734,MSCI World ex-US,0.3723120954851734,,Gold,0.3380937641114317,,5y yield,0.100260699704717,,
2023-06-15,ElasticNetCV,SELL,-0.0390704429920116,True,BETA,MSCI World ex-US,0.4026853854565537,0.4026853854565537,MSCI World ex-US,0.4026853854565537,,Gold,0.3040098540185495,,5y yield,0.1111059844197953,,
2024-03-22,ElasticNetCV,BUY,0.0098234842670761,True,BETA,MSCI World ex-US,0.2996077058328592,0.2996077058328592,MSCI World ex-US,0.2996077058328592,,Copper LME,0.1981336126275104,,2y yield,0.2511086956463703,,
2024-10-24,ElasticNetCV,BUY,0.0058734939759035,True,BETA,MSCI World ex-US,0.173841187747779,0.173841187747779,MSCI World ex-US,0.173841187747779,,5y yield,0.1430836213053111,,Gold,0.1301422190925862,,
2024-12-17,ElasticNetCV,SELL,-0.0235127031718479,True,BETA,5y yield,0.1961955379264267,0.1961955379264267,MSCI World ex-US,0.1810304530673047,,5y yield,0.1961955379264267,,Copper LME,0.127072928650797,,
2024-12-19,ElasticNetCV,SELL,-0.0057701554736336,True,BETA,MSCI World ex-US,0.2032511030345555,0.2032511030345555,MSCI World ex-US,0.2032511030345555,,5y yield,0.1843370418089003,,Gold,0.1297824640387501,,
2024-12-23,ElasticNetCV,SELL,-0.0004800768122898,True,BETA,MSCI World ex-US,0.1957726364641501,0.1957726364641501,MSCI World ex-US,0.1957726364641501,,5y yield,0.1890478793969659,,Gold,0.1310866869494465,,
2024-12-25,ElasticNetCV,SELL,-0.0036864882192658,True,BETA,MSCI World ex-US,0.1956178406644679,0.1956178406644679,MSCI World ex-US,0.1956178406644679,,5y yield,0.1848227812169623,,Gold,0.1317058165906754,,
2025-03-17,ElasticNetCV,SELL,-0.0214598997493733,True,BETA,MSCI World ex-US,0.136754945756877,0.136754945756877,MSCI World ex-US,0.136754945756877,,Copper LME,0.1228227103805346,,5y yield,0.1341042533715496,,
2025-09-11,ElasticNetCV,SELL,-0.0178705511338038,True,BETA,Copper LME,0.2182741185638257,0.2182741185638257,Copper LME,0.2182741185638257,,MSCI World ex-US,0.1882885212355492,,Asia EMFX,-0.061947570592879,,
2025-10-16,ElasticNetCV,BUY,0.0107941403238243,True,BETA,MSCI World ex-US,0.2249780273502207,0.2249780273502207,MSCI World ex-US,0.2249780273502207,,Copper LME,0.1899442137252004,,Asia EMFX,-0.0450909819626019,,
2001-09-24,XGBRegressor,BUY,0.0331368164261027,True,SHAP,Gold,-0.5822961330413818,0.5822961330413818,Gold,,-0.5822961330413818,MSCI World ex-US,,0.3379629552364349,5y yield,,-0.0396826118230819,
2001-10-15,XGBRegressor,SELL,-0.0211158465710965,True,SHAP,Gold,-0.5882522463798523,0.5882522463798523,Gold,,-0.5882522463798523,Local Index,,-0.0858387351036071,Asia EMFX,,0.0170893967151641,
2001-12-19,XGBRegressor,BUY,0.0074363992172212,True,SHAP,Gold,-0.5500636696815491,0.5500636696815491,Gold,,-0.5500636696815491,MSCI World ex-US,,-0.1628344357013702,Asia EMFX,,-0.0206657536327838,
2002-04-24,XGBRegressor,SELL,-0.0080941869021338,True,SHAP,MSCI World ex-US,-0.0697589367628097,0.0697589367628097,MSCI World ex-US,,-0.0697589367628097,Gold,,0.0180073343217372,VIX Index,,0.0665046870708465,
2002-06-17,XGBRegressor,BUY,0.0075214899713467,True,SHAP,MSCI World ex-US,0.254199355840683,0.254199355840683,MSCI World ex-US,,0.254199355840683,5y yield,,-0.0003910174127668,Asia EMFX,,-0.0009269454167224,
2002-11-07,XGBRegressor,SELL,-0.0070559181513494,True,SHAP,Gold,0.2629308998584747,0.2629308998584747,MSCI EM,,-0.0029383022338151,Gold,,0.2629308998584747,VIX Index,,0.0445428639650344,
2002-12-27,XGBRegressor,BUY,0.039729200071263,True,SHAP,Gold,-0.0649342536926269,0.0649342536926269,MSCI EM,,0.0476907603442668,Gold,,-0.0649342536926269,VIX Index,,0.0456185191869735,
2003-01-17,XGBRegressor,SELL,-0.009113924050633,True,SHAP,MSCI EM,-0.2295659780502319,0.2295659780502319,MSCI EM,,-0.2295659780502319,Gold,,-0.1115159913897514,VIX Index,,0.0121412463486194,
2003-03-03,XGBRegressor,SELL,-0.0340224645938465,True,SHAP,MSCI EM,0.2309607714414596,0.2309607714414596,Gold,,-0.0747905746102333,MSCI EM,,0.2309607714414596,VIX Index,,0.060459416359663,
2003-03-05,XGBRegressor,SELL,-0.0418559377027902,True,SHAP,MSCI EM,-0.2133397758007049,0.2133397758007049,Gold,,-0.1437738984823227,MSCI EM,,-0.2133397758007049,VIX Index,,-0.0338797122240066,
2003-05-07,XGBRegressor,BUY,0.0261755485893415,True,SHAP,Gold,-0.2473546415567398,0.2473546415567398,Gold,,-0.2473546415567398,MSCI EM,,0.1490777134895324,VIX Index,,0.0578092709183692,
2003-05-14,XGBRegressor,BUY,0.0063379193074664,True,SHAP,Gold,0.1486702263355255,0.1486702263355255,Gold,,0.1486702263355255,MSCI EM,,-0.0135826142504811,VIX Index,,0.1060435622930526,
2003-05-28,XGBRegressor,BUY,0.0172043010752687,True,SHAP,MSCI EM,0.2865903973579407,0.2865903973579407,Gold,,-0.0421994887292385,MSCI EM,,0.2865903973579407,VIX Index,,0.0446742512285709,
2004-01-05,XGBRegressor,SELL,-0.0164105235738474,True,SHAP,Gold,0.4999037384986877,0.4999037384986877,MSCI World - Dow Jones,,0.111344464123249,Gold,,0.4999037384986877,2y yield,,-0.0370027050375938,
2004-01-16,XGBRegressor,BUY,0.0005236973029587,True,SHAP,Gold,-0.2523616850376129,0.2523616850376129,MSCI World - Dow Jones,,-0.0780009105801582,Gold,,-0.2523616850376129,2y yield,,-0.0252224318683147,
2004-01-29,XGBRegressor,BUY,0.0378598659129747,True,SHAP,Gold,-0.3055004179477691,0.3055004179477691,MSCI World - Dow Jones,,-0.2464617937803268,Gold,,-0.3055004179477691,2y yield,,0.059746790677309,
2004-07-12,XGBRegressor,SELL,-0.0246149614961495,True,SHAP,MSCI World ex-US,0.0495033264160156,0.0495033264160156,Gold,,0.0387254282832145,MSCI World ex-US,,0.0495033264160156,2y yield,,-0.0435039848089218,
2005-06-21,XGBRegressor,SELL,-0.0507107184018441,True,SHAP,MSCI World ex-US,0.1598732471466064,0.1598732471466064,Gold,,-0.0012507163919508,MSCI World ex-US,,0.1598732471466064,2y yield,,0.0766664072871208,
2005-07-05,XGBRegressor,BUY,0.0124106299743693,True,SHAP,Gold,-0.4462469518184662,0.4462469518184662,Gold,,-0.4462469518184662,MSCI World ex-US,,-0.0751261711120605,2y yield,,-0.075594738125801,
2005-08-18,XGBRegressor,BUY,0.0126128518321828,True,SHAP,MSCI World ex-US,-0.5513380765914917,0.5513380765914917,Gold,,0.0167533475905656,MSCI World ex-US,,-0.5513380765914917,5y yield,,-0.0224404539912939,
2005-11-14,XGBRegressor,BUY,0.0200797689451246,True,SHAP,Real 2y yield,-0.1213008612394332,0.1213008612394332,Gold,,-0.0837340503931045,MSCI World ex-US,,-0.1033262237906456,Real 2y yield,,-0.1213008612394332,
2006-03-23,XGBRegressor,BUY,0.0225206322562596,True,SHAP,MSCI World ex-US,-0.2167965024709701,0.2167965024709701,MSCI World ex-US,,-0.2167965024709701,Gold,,-0.1821749061346054,Real 2y yield,,-0.0581419393420219,
2006-06-23,XGBRegressor,BUY,0.0269236025693588,True,SHAP,MSCI World ex-US,-0.1709739714860916,0.1709739714860916,MSCI World ex-US,,-0.1709739714860916,Gold,,0.1553042083978653,Real 2y yield,,0.1120081171393394,
2006-10-30,XGBRegressor,SELL,-0.0098752598752598,True,SHAP,BCOM Index,-0.2117931693792343,0.2117931693792343,2y yield,,-0.0688647255301475,MSCI World ex-US,,-0.0726768523454666,BCOM Index,,-0.2117931693792343,
2006-12-07,XGBRegressor,SELL,-0.0064606029896123,True,SHAP,2y yield,0.1803440004587173,0.1803440004587173,2y yield,,0.1803440004587173,Gold,,0.0451666712760925,MSCI World ex-US,,-0.0077326488681137,
2007-01-09,XGBRegressor,BUY,0.015627001408992,True,SHAP,Gold,0.0503036603331565,0.0503036603331565,Gold,,0.0503036603331565,2y yield,,-0.0408252775669097,MSCI World ex-US,,0.0405868515372276,
2007-01-25,XGBRegressor,BUY,0.0107346094154163,True,SHAP,2y yield,-0.1522531360387802,0.1522531360387802,Gold,,-0.1064192280173301,2y yield,,-0.1522531360387802,MSCI World ex-US,,-0.0238621346652507,
2007-05-14,XGBRegressor,SELL,-0.0151405912040375,True,SHAP,MSCI World ex-US,0.0483243092894554,0.0483243092894554,Gold,,0.000362793682143,MSCI World ex-US,,0.0483243092894554,5y yield,,-0.0366068147122859,
2007-06-27,XGBRegressor,BUY,0.0287418008348241,True,SHAP,MSCI World ex-US,-0.1604963988065719,0.1604963988065719,Gold,,0.0520281195640563,MSCI World ex-US,,-0.1604963988065719,5y yield,,-0.0857687145471572,
2008-02-28,XGBRegressor,SELL,-0.0021074815595363,True,SHAP,Gold,0.2776860892772674,0.2776860892772674,Gold,,0.2776860892772674,MSCI World ex-US,,-0.2103314101696014,VIX Index,,0.0011671972461044,
2008-06-09,XGBRegressor,BUY,0.0022093634928985,True,SHAP,MSCI World ex-US,-0.4112802445888519,0.4112802445888519,Copper LME,,0.0372475869953632,MSCI World ex-US,,-0.4112802445888519,Asia EMFX,,0.065882034599781,
2008-06-12,XGBRegressor,BUY,0.0230118805522852,True,SHAP,MSCI World ex-US,-0.7602065801620483,0.7602065801620483,Copper LME,,0.0195460971444845,MSCI World ex-US,,-0.7602065801620483,Asia EMFX,,0.0160357132554054,
2008-10-08,XGBRegressor,BUY,0.0130964925485475,True,SHAP,Copper LME,-0.9870710968971252,0.9870710968971252,Copper LME,,-0.9870710968971252,MSCI World ex-US,,-0.6222654581069946,Asia EMFX,,-0.2138146609067917,
2008-12-16,XGBRegressor,SELL,-0.0040328388304767,True,SHAP,Copper LME,-0.992611825466156,0.992611825466156,MSCI EM,,0.3568792641162872,Copper LME,,-0.992611825466156,Asia EMFX,,0.0360241457819938,
2009-06-09,XGBRegressor,SELL,-0.0094822208359325,True,SHAP,BCOM Index,0.3541670441627502,0.3541670441627502,MSCI EM,,-0.0943036451935768,BCOM Index,,0.3541670441627502,Asia EMFX,,-0.2447480112314224,
2009-06-11,XGBRegressor,SELL,-0.0205053094104723,True,SHAP,BCOM Index,0.3228132724761963,0.3228132724761963,MSCI EM,,0.2408387660980224,BCOM Index,,0.3228132724761963,Asia EMFX,,-0.1132087633013725,
2009-06-18,XGBRegressor,SELL,-0.0057615230460922,True,SHAP,Asia EMFX,-0.4815272390842438,0.4815272390842438,MSCI EM,,-0.2629167437553406,BCOM Index,,0.0176897086203098,Asia EMFX,,-0.4815272390842438,
2009-06-23,XGBRegressor,SELL,-0.0060461015241214,True,SHAP,BCOM Index,0.4385491609573364,0.4385491609573364,MSCI EM,,-0.2814888954162597,BCOM Index,,0.4385491609573364,Asia EMFX,,-0.2385683357715606,
2009-07-21,XGBRegressor,BUY,0.0320215106330969,True,SHAP,MSCI EM,0.4138044714927673,0.4138044714927673,MSCI EM,,0.4138044714927673,BCOM Index,,-0.1420180350542068,Asia EMFX,,0.0980588495731353,
2009-11-26,XGBRegressor,BUY,0.003173908284995,True,SHAP,MSCI World ex-US,-1.0947753190994265,1.0947753190994265,MSCI World ex-US,,-1.0947753190994265,BCOM Index,,0.083388864994049,Asia EMFX,,-0.142990842461586,
2010-06-01,XGBRegressor,BUY,0.0413859480269489,True,SHAP,BCOM Index,-0.2112854868173599,0.2112854868173599,BCOM Index,,-0.2112854868173599,MSCI World ex-US,,-0.0106901712715625,Asia EMFX,,0.2070266902446746,
2010-06-04,XGBRegressor,BUY,0.0590235608452756,True,SHAP,MSCI World ex-US,-1.3381587266921997,1.3381587266921997,BCOM Index,,-0.7192481160163879,MSCI World ex-US,,-1.3381587266921997,Asia EMFX,,-0.0741419568657875,
2010-10-08,XGBRegressor,SELL,-0.002233502538071,True,SHAP,MSCI EM,-0.2144044935703277,0.2144044935703277,Oil,,0.1604291498661041,MSCI EM,,-0.2144044935703277,Asia EMFX,,-0.0261403080075979,
2010-10-12,XGBRegressor,SELL,-0.0009125012673627,True,SHAP,MSCI EM,-0.3441221415996551,0.3441221415996551,Oil,,-0.0753553733229637,MSCI EM,,-0.3441221415996551,Asia EMFX,,0.1106095165014267,
2010-12-29,XGBRegressor,SELL,-0.0209254347185381,True,SHAP,MSCI EM,0.3500290513038635,0.3500290513038635,Oil,,-0.1558824032545089,MSCI EM,,0.3500290513038635,Asia EMFX,,-0.0220202654600143,
2011-01-11,XGBRegressor,BUY,0.0096231766612642,True,SHAP,Asia EMFX,0.4303065836429596,0.4303065836429596,Oil,,0.3515653908252716,MSCI EM,,0.1362184286117553,Asia EMFX,,0.4303065836429596,
2011-01-20,XGBRegressor,BUY,0.0285685340897579,True,SHAP,MSCI EM,-0.7517165541648865,0.7517165541648865,Oil,,-0.1770869046449661,MSCI EM,,-0.7517165541648865,Real 2y yield,,0.3605867624282837,
2011-03-17,XGBRegressor,BUY,0.0536570437621135,True,SHAP,Oil,0.4353666007518768,0.4353666007518768,MSCI EM,,-0.0172694195061922,Oil,,0.4353666007518768,Asia EMFX,,0.0143495723605155,
2011-05-09,XGBRegressor,SELL,-0.0279448505598223,True,SHAP,MSCI World ex-US,-0.4294028878211975,0.4294028878211975,MSCI World ex-US,,-0.4294028878211975,Copper LME,,0.107376791536808,Asia EMFX,,0.0870241969823837,
2011-08-08,XGBRegressor,BUY,0.0217924806125453,True,SHAP,MSCI World ex-US,-0.8936073184013367,0.8936073184013367,MSCI World ex-US,,-0.8936073184013367,Copper LME,,-0.2477721124887466,Asia EMFX,,0.0406015291810035,
2011-08-26,XGBRegressor,SELL,-0.0097417951385604,True,SHAP,MSCI World ex-US,-0.0983427613973617,0.0983427613973617,MSCI World ex-US,,-0.0983427613973617,Copper LME,,0.0167060606181621,Asia EMFX,,0.0292444471269845,
2011-09-22,XGBRegressor,BUY,0.000410593307329,True,SHAP,MSCI World ex-US,-0.9294124245643616,0.9294124245643616,MSCI World ex-US,,-0.9294124245643616,Copper LME,,-0.28474822640419,Asia EMFX,,-0.3790519535541534,
2011-10-03,XGBRegressor,BUY,0.0661278471711976,True,SHAP,MSCI World ex-US,-0.6861497163772583,0.6861497163772583,MSCI World ex-US,,-0.6861497163772583,BCOM Index,,0.0465660169720649,Asia EMFX,,0.0564929991960525,
2012-02-17,XGBRegressor,BUY,0.0025219503082383,True,SHAP,MSCI World ex-US,0.4644613564014435,0.4644613564014435,MSCI World ex-US,,0.4644613564014435,BCOM Index,,0.0447183027863502,Asia EMFX,,-0.1590305864810943,
2012-08-30,XGBRegressor,BUY,0.025075323160657,True,SHAP,MSCI World ex-US,-0.3391918838024139,0.3391918838024139,MSCI World ex-US,,-0.3391918838024139,BCOM Index,,0.1115268766880035,Asia EMFX,,0.012872171588242,
2012-10-02,XGBRegressor,BUY,0.0007791954806664,True,SHAP,MSCI World ex-US,-0.0889231637120246,0.0889231637120246,MSCI World ex-US,,-0.0889231637120246,BCOM Index,,0.0853363573551178,Asia EMFX,,0.0087949279695749,
2013-12-17,XGBRegressor,BUY,0.0020226991796832,True,SHAP,Gold,-0.2087496817111969,0.2087496817111969,2y yield,,0.0717354565858841,MSCI World ex-US,,-0.0518119521439075,Gold,,-0.2087496817111969,
2014-02-11,XGBRegressor,SELL,-0.002102235007745,True,SHAP,Gold,0.2361867427825927,0.2361867427825927,2y yield,,0.0550072565674781,Gold,,0.2361867427825927,MSCI World ex-US,,0.1771534830331802,
2014-02-14,XGBRegressor,SELL,-0.0121762231569626,True,SHAP,2y yield,-0.2590148150920868,0.2590148150920868,2y yield,,-0.2590148150920868,MSCI World ex-US,,0.0966725647449493,Gold,,0.2354552447795868,
2014-08-12,XGBRegressor,BUY,0.0039918006257417,True,SHAP,2y yield,0.1106488108634948,0.1106488108634948,2y yield,,0.1106488108634948,Asia EMFX,,-0.0405513979494571,MSCI World ex-US,,-0.0614075027406215,
2014-08-14,XGBRegressor,BUY,0.0040776907393498,True,SHAP,Asia EMFX,0.3032567501068115,0.3032567501068115,2y yield,,-0.1432911157608032,Asia EMFX,,0.3032567501068115,MSCI World ex-US,,0.0916576012969017,
2015-05-05,XGBRegressor,SELL,-0.0033996474439688,True,SHAP,Real 2y yield,0.1199459433555603,0.1199459433555603,Gold,,0.0650641471147537,Real 2y yield,,0.1199459433555603,Asia EMFX,,0.0576200559735298,
2015-05-12,XGBRegressor,SELL,-0.0302156469408224,True,SHAP,Real 2y yield,0.348497211933136,0.348497211933136,Gold,,0.2879961729049682,Real 2y yield,,0.348497211933136,Asia EMFX,,0.0106024295091629,
2015-07-24,XGBRegressor,BUY,0.0186761878604779,True,SHAP,Gold,0.302661269903183,0.302661269903183,Gold,,0.302661269903183,Real 2y yield,,0.0020171001087874,MSCI World ex-US,,-0.2691079974174499,
2016-01-08,XGBRegressor,BUY,0.0070473177045879,True,SHAP,MSCI World ex-US,-0.2389616966247558,0.2389616966247558,BCOM Index,,-0.0745772868394851,MSCI World ex-US,,-0.2389616966247558,Real 2y yield,,0.1747443228960037,
2016-11-17,XGBRegressor,BUY,0.0012152308938697,True,SHAP,BCOM Index,0.0835938677191734,0.0835938677191734,BCOM Index,,0.0835938677191734,MSCI World ex-US,,0.0792874619364738,Asia EMFX,,0.002224926603958,
2017-05-03,XGBRegressor,BUY,0.0012124477973864,True,SHAP,MSCI World ex-US,-0.1199376434087753,0.1199376434087753,MSCI World ex-US,,-0.1199376434087753,BCOM Index,,0.0089976983144879,Asia EMFX,,0.0761235058307647,
2018-02-08,XGBRegressor,BUY,0.0083536820460095,True,SHAP,MSCI World ex-US,-0.2429332584142685,0.2429332584142685,Gold,,0.0336876660585403,5y yield,,0.0849767476320266,MSCI World ex-US,,-0.2429332584142685,
2018-02-28,XGBRegressor,BUY,0.014815769131667,True,SHAP,5y yield,0.2477531731128692,0.2477531731128692,Gold,,-0.0143007840961217,MSCI World ex-US,,-0.1567153334617614,5y yield,,0.2477531731128692,
2018-06-06,XGBRegressor,SELL,-0.0389983044215469,True,SHAP,MSCI World ex-US,0.1063473001122474,0.1063473001122474,Gold,,-0.0474211648106575,MSCI World ex-US,,0.1063473001122474,Asia EMFX,,0.0697035416960716,
2018-07-10,XGBRegressor,SELL,-0.0048263842338115,True,SHAP,Gold,-0.1896339058876037,0.1896339058876037,Gold,,-0.1896339058876037,MSCI World ex-US,,0.0308070760220289,Asia EMFX,,-0.063433438539505,
2018-07-12,XGBRegressor,SELL,-0.0041846652267818,True,SHAP,Gold,0.2281524538993835,0.2281524538993835,Gold,,0.2281524538993835,MSCI World ex-US,,0.1130652576684951,Asia EMFX,,-0.0092453733086586,
2018-12-31,XGBRegressor,BUY,0.0209958859412682,True,SHAP,Asia EMFX,0.1495347619056701,0.1495347619056701,Gold,,0.1401415020227432,MSCI World ex-US,,0.1199694499373436,Asia EMFX,,0.1495347619056701,
2019-01-02,XGBRegressor,BUY,0.0261989978525412,True,SHAP,MSCI World ex-US,-0.196349412202835,0.196349412202835,Gold,,0.129557728767395,MSCI World ex-US,,-0.196349412202835,Asia EMFX,,-0.0623608082532882,
2019-06-13,XGBRegressor,BUY,0.0135936370209688,True,SHAP,Gold,0.3269053697586059,0.3269053697586059,Gold,,0.3269053697586059,Asia EMFX,,-0.0311433766037225,MSCI World ex-US,,-0.1123348027467727,
2020-08-04,XGBRegressor,BUY,0.0115921787709498,True,SHAP,MSCI World ex-US,0.0674478337168693,0.0674478337168693,MSCI World ex-US,,0.0674478337168693,Asia EMFX,,0.0577726326882839,Copper LME,,-0.0211338233202695,
2020-08-07,XGBRegressor,BUY,0.0005588933910856,True,SHAP,Copper LME,-0.3355295658111572,0.3355295658111572,MSCI World ex-US,,-0.0239257533103227,Asia EMFX,,-0.0598885640501976,Copper LME,,-0.3355295658111572,
2021-01-05,XGBRegressor,SELL,-0.0082484856295915,True,SHAP,Asia EMFX,-0.1130095496773719,0.1130095496773719,MSCI World ex-US,,-0.0672912076115608,Asia EMFX,,-0.1130095496773719,BCOM Index,,0.0542839244008064,
2021-01-12,XGBRegressor,SELL,-0.0032166752444672,True,SHAP,Copper LME,0.1737128794193267,0.1737128794193267,MSCI World ex-US,,-0.1515421271324157,Asia EMFX,,0.0920964479446411,Copper LME,,0.1737128794193267,
2021-03-05,XGBRegressor,BUY,0.0072859744990894,True,SHAP,BCOM Index,0.428460031747818,0.428460031747818,MSCI World ex-US,,-0.2166337221860885,BCOM Index,,0.428460031747818,Asia EMFX,,0.0074339723214507,
2021-03-23,XGBRegressor,BUY,0.0052465897166842,True,SHAP,BCOM Index,-0.5154184699058533,0.5154184699058533,MSCI World ex-US,,-0.1611284762620926,BCOM Index,,-0.5154184699058533,Asia EMFX,,-0.1379399448633194,
2021-10-19,XGBRegressor,SELL,-0.0060208723575059,True,SHAP,MSCI World ex-US,0.1152813732624054,0.1152813732624054,MSCI World ex-US,,0.1152813732624054,Gold,,-0.0014487206935882,Asia EMFX,,-0.0013981903903186,
2022-05-12,XGBRegressor,BUY,0.0352975495915985,True,SHAP,MSCI World ex-US,-0.514960765838623,0.514960765838623,MSCI World ex-US,,-0.514960765838623,Copper LME,,-0.1603883057832718,Asia EMFX,,-0.0372819006443023,
2022-06-13,XGBRegressor,BUY,0.0004333381482015,True,SHAP,Asia EMFX,-0.4544662833213806,0.4544662833213806,MSCI World ex-US,,-0.3857027590274811,Copper LME,,-0.1704218983650207,Asia EMFX,,-0.4544662833213806,
2022-10-11,XGBRegressor,BUY,0.0194515306122449,True,SHAP,MSCI World ex-US,-0.4129396677017212,0.4129396677017212,MSCI World ex-US,,-0.4129396677017212,Copper LME,,0.0524454116821289,Asia EMFX,,0.0558167211711406,
2022-10-14,XGBRegressor,BUY,0.0341990643652201,True,SHAP,MSCI World ex-US,0.3930924236774444,0.3930924236774444,MSCI World ex-US,,0.3930924236774444,Copper LME,,0.0120079461485147,Asia EMFX,,-0.0190175585448741,
2022-10-18,XGBRegressor,BUY,0.0136313203360278,True,SHAP,MSCI World ex-US,0.4526320099830627,0.4526320099830627,MSCI World ex-US,,0.4526320099830627,Copper LME,,0.0532706081867218,Asia EMFX,,-0.0220740046352148,
2023-01-25,XGBRegressor,SELL,-0.0251970720720721,True,SHAP,Gold,0.1307992339134216,0.1307992339134216,MSCI World ex-US,,-0.0072738239541649,Gold,,0.1307992339134216,Asia EMFX,,-0.0522153973579406,
2023-02-01,XGBRegressor,SELL,-0.0327868852459015,True,SHAP,Gold,0.4414131045341491,0.4414131045341491,Gold,,0.4414131045341491,MSCI World ex-US,,0.0332013294100761,Asia EMFX,,-0.1787003874778747,
2023-03-07,XGBRegressor,BUY,0.0129100850546781,True,SHAP,Gold,-0.4299926459789276,0.4299926459789276,Gold,,-0.4299926459789276,MSCI World ex-US,,-0.3553827404975891,5y yield,,-0.2344320863485336,
2023-03-15,XGBRegressor,BUY,0.0098202145339174,True,SHAP,MSCI World ex-US,-0.7640252113342285,0.7640252113342285,Gold,,0.5738862156867981,MSCI World ex-US,,-0.7640252113342285,5y yield,,0.5925509929656982,
2023-03-22,XGBRegressor,BUY,0.005235602094241,True,SHAP,5y yield,0.5648267865180969,0.5648267865180969,Gold,,0.4941230118274688,MSCI World ex-US,,0.0845694988965988,5y yield,,0.5648267865180969,
2023-05-09,XGBRegressor,SELL,-0.0224785566400472,True,SHAP,Gold,0.2931105494499206,0.2931105494499206,MSCI World ex-US,,-0.1743335723876953,Gold,,0.2931105494499206,5y yield,,-0.008061533793807,
2023-10-25,XGBRegressor,BUY,0.0147408464098905,True,SHAP,Copper LME,-0.1579357683658599,0.1579357683658599,MSCI World ex-US,,0.0715399086475372,Copper LME,,-0.1579357683658599,Asia EMFX,,0.0246258396655321,
2024-02-02,XGBRegressor,BUY,0.0029176904176904,True,SHAP,MSCI World ex-US,-0.1336380690336227,0.1336380690336227,Copper LME,,-0.1321144998073578,MSCI World ex-US,,-0.1336380690336227,Asia EMFX,,0.0215905234217643,
2024-05-09,XGBRegressor,SELL,-0.0021148036253777,True,SHAP,MSCI World ex-US,0.1152199804782867,0.1152199804782867,MSCI World ex-US,,0.1152199804782867,2y yield,,0.0257725045084953,Copper LME,,0.009393292479217,
2024-05-15,XGBRegressor,SELL,-0.0125485509411412,True,SHAP,Copper LME,0.14237080514431,0.14237080514431,MSCI World ex-US,,0.1320513188838958,2y yield,,0.088871456682682,Copper LME,,0.14237080514431,
2024-12-17,XGBRegressor,SELL,-0.0235127031718479,True,SHAP,MSCI World ex-US,-0.1738217324018478,0.1738217324018478,MSCI World ex-US,,-0.1738217324018478,5y yield,,-0.1031014770269393,Copper LME,,-0.0724914819002151,
2025-03-14,XGBRegressor,SELL,-0.0058507273877291,True,SHAP,5y yield,-0.1868215799331665,0.1868215799331665,MSCI World ex-US,,0.1679285764694214,Copper LME,,-0.0097239296883344,5y yield,,-0.1868215799331665,
2025-04-08,XGBRegressor,BUY,0.0682885906040269,True,SHAP,MSCI World ex-US,0.4151594042778015,0.4151594042778015,MSCI World ex-US,,0.4151594042778015,Copper LME,,-0.0787573978304863,5y yield,,0.1165828257799148,
2025-08-26,XGBRegressor,BUY,0.0138568129330254,True,SHAP,MSCI World ex-US,-0.1658670753240585,0.1658670753240585,Copper LME,,0.0244614072144031,MSCI World ex-US,,-0.1658670753240585,Asia EMFX,,-0.0391657948493957,
2025-11-18,XGBRegressor,BUY,0.008606116489934,True,SHAP,Asia EMFX,-0.088183619081974,0.088183619081974,MSCI World ex-US,,0.0796883851289749,Copper LME,,-0.0296282935887575,Asia EMFX,,-0.088183619081974,
2001-09-24,LGBMRegressor,BUY,0.0331368164261027,True,SHAP,Gold,-0.4113014712789192,0.4113014712789192,Gold,,-0.4113014712789192,MSCI World ex-US,,0.2838989346267027,5y yield,,-0.0131262698308819,
2001-12-19,LGBMRegressor,BUY,0.0074363992172212,True,SHAP,Gold,-0.0548200249122952,0.0548200249122952,Gold,,-0.0548200249122952,MSCI World ex-US,,-0.0322054363327948,Asia EMFX,,0.0,
2002-04-19,LGBMRegressor,SELL,-0.0020347761746207,True,SHAP,MSCI World ex-US,-0.06938911306784,0.06938911306784,MSCI World ex-US,,-0.06938911306784,Gold,,-0.0352649202673752,VIX Index,,0.0200670834032255,
2002-04-24,LGBMRegressor,SELL,-0.0080941869021338,True,SHAP,MSCI World ex-US,-0.0857543363006606,0.0857543363006606,MSCI World ex-US,,-0.0857543363006606,Gold,,0.0004361443184703,VIX Index,,0.0154910887690402,
2002-06-17,LGBMRegressor,BUY,0.0075214899713467,True,SHAP,MSCI World ex-US,0.2556072929990794,0.2556072929990794,MSCI World ex-US,,0.2556072929990794,5y yield,,0.0242149327520551,Asia EMFX,,-0.0249876777394917,
2002-11-06,LGBMRegressor,SELL,-0.0065544729849424,True,SHAP,MSCI EM,0.0240095950118345,0.0240095950118345,MSCI EM,,0.0240095950118345,Gold,,0.0142116356050029,VIX Index,,-0.0059771498810275,
2002-12-27,LGBMRegressor,BUY,0.039729200071263,True,SHAP,MSCI EM,0.0497401873957835,0.0497401873957835,MSCI EM,,0.0497401873957835,Gold,,-0.0203802428536613,VIX Index,,-0.0047746360899891,
2003-05-07,LGBMRegressor,BUY,0.0261755485893415,True,SHAP,Gold,-0.281527400295444,0.281527400295444,Gold,,-0.281527400295444,MSCI EM,,0.1273071516136452,VIX Index,,0.0510670020449101,
2003-05-14,LGBMRegressor,BUY,0.0063379193074664,True,SHAP,Gold,0.2190697070989866,0.2190697070989866,Gold,,0.2190697070989866,MSCI EM,,-0.0200598223671549,VIX Index,,0.1076620799700429,
2003-05-28,LGBMRegressor,BUY,0.0172043010752687,True,SHAP,MSCI EM,0.3241551442067914,0.3241551442067914,Gold,,-0.0200175928785005,MSCI EM,,0.3241551442067914,VIX Index,,0.045933182883768,
2004-01-05,LGBMRegressor,SELL,-0.0164105235738474,True,SHAP,Gold,0.4496826062597124,0.4496826062597124,MSCI World - Dow Jones,,0.1394567804152945,Gold,,0.4496826062597124,2y yield,,-0.0126400016234678,
2004-01-19,LGBMRegressor,BUY,0.0048993644067796,True,SHAP,Gold,0.106794331144638,0.106794331144638,MSCI World - Dow Jones,,0.0640052311231169,Gold,,0.106794331144638,2y yield,,0.0387995208286947,
2004-01-29,LGBMRegressor,BUY,0.0378598659129747,True,SHAP,Gold,-0.3518734372075184,0.3518734372075184,MSCI World - Dow Jones,,-0.2262279387127466,Gold,,-0.3518734372075184,2y yield,,0.1746190179987674,
2004-02-04,LGBMRegressor,BUY,0.0366237857705433,True,SHAP,Gold,0.1234228022609834,0.1234228022609834,MSCI World - S&P500,,-0.0012906060883476,Gold,,0.1234228022609834,2y yield,,-0.0471543612239522,
2004-07-12,LGBMRegressor,SELL,-0.0246149614961495,True,SHAP,MSCI World ex-US,0.0583906850556491,0.0583906850556491,Gold,,0.0316060809450871,MSCI World ex-US,,0.0583906850556491,2y yield,,-0.0236162913320927,
2004-11-19,LGBMRegressor,SELL,-0.0026792549119675,True,SHAP,Gold,0.3826454443253859,0.3826454443253859,Gold,,0.3826454443253859,MSCI World ex-US,,-0.0142263054606766,2y yield,,-0.2613131864826681,
2004-11-23,LGBMRegressor,SELL,-0.0151418755566866,True,SHAP,Gold,-0.1146291359051141,0.1146291359051141,Gold,,-0.1146291359051141,MSCI World ex-US,,0.0269004032084684,2y yield,,0.0501576022151939,
2005-07-04,LGBMRegressor,BUY,0.0045309168443496,True,SHAP,2y yield,0.0791345942012804,0.0791345942012804,Gold,,0.0599220870174017,MSCI World ex-US,,0.0504702185050957,2y yield,,0.0791345942012804,
2005-08-18,LGBMRegressor,BUY,0.0126128518321828,True,SHAP,MSCI World ex-US,-0.4195430889862743,0.4195430889862743,Gold,,0.022717709674493,MSCI World ex-US,,-0.4195430889862743,5y yield,,0.0464641042847759,
2005-11-14,LGBMRegressor,BUY,0.0200797689451246,True,SHAP,Gold,-0.0494987173062123,0.0494987173062123,Gold,,-0.0494987173062123,MSCI World ex-US,,-0.0144509298773181,Real 2y yield,,0.0,
2005-12-05,LGBMRegressor,SELL,-0.0154316881734735,True,SHAP,Gold,0.1553633988151876,0.1553633988151876,MSCI World ex-US,,0.0219185396281322,Gold,,0.1553633988151876,Real 2y yield,,0.0096100667973325,
2005-12-27,LGBMRegressor,BUY,0.0341066003866337,True,SHAP,Gold,0.115369571903799,0.115369571903799,MSCI World ex-US,,-0.041421019851965,Gold,,0.115369571903799,Real 2y yield,,0.0168279979290128,
2006-06-23,LGBMRegressor,BUY,0.0269236025693588,True,SHAP,Gold,0.1546558870800748,0.1546558870800748,MSCI World ex-US,,-0.1487410487948207,Gold,,0.1546558870800748,Real 2y yield,,0.0970408065554537,
2006-06-28,LGBMRegressor,BUY,0.0308515014397368,True,SHAP,MSCI World ex-US,-0.1970759304238098,0.1970759304238098,MSCI World ex-US,,-0.1970759304238098,Gold,,0.187981408350086,Real 2y yield,,-0.0830057792202205,
2006-07-28,LGBMRegressor,SELL,-0.0013029315960911,True,SHAP,MSCI World ex-US,0.2397571973532461,0.2397571973532461,MSCI World ex-US,,0.2397571973532461,Oil,,-0.1306507296751214,Real 2y yield,,0.0762783837825053,
2006-08-10,LGBMRegressor,SELL,-0.0075579880114672,True,SHAP,MSCI World ex-US,-0.3481513486263164,0.3481513486263164,MSCI World ex-US,,-0.3481513486263164,Real 2y yield,,0.2150946370789002,Gold,,-0.2798609446053933,
2007-01-02,LGBMRegressor,SELL,-0.0165808315538248,True,SHAP,2y yield,0.1502069502794552,0.1502069502794552,2y yield,,0.1502069502794552,Gold,,0.0120998264332973,MSCI World ex-US,,0.0949920977567463,
2007-01-25,LGBMRegressor,BUY,0.0107346094154163,True,SHAP,Gold,-0.1278691908334249,0.1278691908334249,Gold,,-0.1278691908334249,2y yield,,-0.1201024294917255,MSCI World ex-US,,-0.0178166291696879,
2007-04-12,LGBMRegressor,SELL,-0.0028954035468693,True,SHAP,Gold,0.0171878866150779,0.0171878866150779,Gold,,0.0171878866150779,5y yield,,0.0047366013393951,MSCI World ex-US,,-0.0127354035180513,
2007-04-25,LGBMRegressor,SELL,-0.0068394528437725,True,SHAP,MSCI World ex-US,0.0561672168729298,0.0561672168729298,Gold,,-0.0106757312118215,MSCI World ex-US,,0.0561672168729298,5y yield,,-0.0075380209796022,
2007-05-15,LGBMRegressor,SELL,-0.0182276052284446,True,SHAP,MSCI World ex-US,0.0287514239449895,0.0287514239449895,Gold,,-0.0034951359639322,MSCI World ex-US,,0.0287514239449895,5y yield,,-0.0253252981710755,
2008-03-03,LGBMRegressor,SELL,-0.0190506598552575,True,SHAP,MSCI World ex-US,-0.7889520238420674,0.7889520238420674,Gold,,0.0839939374938546,MSCI World ex-US,,-0.7889520238420674,VIX Index,,-0.0990143701243514,
2008-06-09,LGBMRegressor,BUY,0.0022093634928985,True,SHAP,MSCI World ex-US,-0.3102978076248621,0.3102978076248621,Copper LME,,0.0271475919834168,MSCI World ex-US,,-0.3102978076248621,Asia EMFX,,0.0037368557068782,
2008-10-08,LGBMRegressor,BUY,0.0130964925485475,True,SHAP,Copper LME,-0.78621670880437,0.78621670880437,Copper LME,,-0.78621670880437,MSCI World ex-US,,-0.716603739877981,Asia EMFX,,-0.1981525315493455,
2008-12-16,LGBMRegressor,SELL,-0.0040328388304767,True,SHAP,Copper LME,-0.8486159323699625,0.8486159323699625,MSCI EM,,0.1744201085868459,Copper LME,,-0.8486159323699625,Asia EMFX,,0.0960264824798039,
2009-07-21,LGBMRegressor,BUY,0.0320215106330969,True,SHAP,MSCI EM,0.2741904336865577,0.2741904336865577,MSCI EM,,0.2741904336865577,BCOM Index,,-0.0922472306769844,Asia EMFX,,0.0108520137100278,
2009-11-03,LGBMRegressor,BUY,0.03125,True,SHAP,BCOM Index,0.2599693327372541,0.2599693327372541,MSCI World ex-US,,-0.0300787612606465,BCOM Index,,0.2599693327372541,Asia EMFX,,-0.0691019132098038,
2010-06-01,LGBMRegressor,BUY,0.0413859480269489,True,SHAP,BCOM Index,-0.2510202710825712,0.2510202710825712,BCOM Index,,-0.2510202710825712,MSCI World ex-US,,-0.0982304897731669,Asia EMFX,,-0.0532002673599511,
2010-06-04,LGBMRegressor,BUY,0.0590235608452756,True,SHAP,MSCI World ex-US,-1.227482112492265,1.227482112492265,BCOM Index,,-0.4357114152427661,MSCI World ex-US,,-1.227482112492265,Asia EMFX,,-0.0633641321341043,
2010-12-29,LGBMRegressor,SELL,-0.0209254347185381,True,SHAP,MSCI EM,0.2987489435955265,0.2987489435955265,Oil,,-0.1462943249915748,MSCI EM,,0.2987489435955265,Asia EMFX,,-0.0021646399771692,
2011-01-11,LGBMRegressor,BUY,0.0096231766612642,True,SHAP,Oil,0.3285962605737301,0.3285962605737301,Oil,,0.3285962605737301,MSCI EM,,0.1269628602878576,Asia EMFX,,0.104225159206386,
2011-01-20,LGBMRegressor,BUY,0.0285685340897579,True,SHAP,MSCI EM,-0.7265094198704244,0.7265094198704244,Oil,,-0.2183427653874212,MSCI EM,,-0.7265094198704244,Real 2y yield,,0.1178066696516382,
2011-03-16,LGBMRegressor,BUY,0.0498018091269436,True,SHAP,MSCI EM,0.1038979633552046,0.1038979633552046,MSCI EM,,0.1038979633552046,BCOM Index,,0.0087528373028489,Asia EMFX,,0.0167278247591339,
2011-05-09,LGBMRegressor,SELL,-0.0279448505598223,True,SHAP,MSCI World ex-US,-0.4491504007256909,0.4491504007256909,MSCI World ex-US,,-0.4491504007256909,Copper LME,,0.1110115939440295,Asia EMFX,,0.0424828498963627,
2011-08-08,LGBMRegressor,BUY,0.0217924806125453,True,SHAP,MSCI World ex-US,-0.8297363195963405,0.8297363195963405,MSCI World ex-US,,-0.8297363195963405,Copper LME,,-0.2382447159488986,Asia EMFX,,0.0896143070026977,
2011-08-10,LGBMRegressor,BUY,0.0290823344468462,True,SHAP,MSCI World ex-US,-0.8084633209571814,0.8084633209571814,MSCI World ex-US,,-0.8084633209571814,Copper LME,,-0.0121798087607893,Asia EMFX,,0.1178484785643832,
2011-08-12,LGBMRegressor,BUY,0.0210526315789472,True,SHAP,MSCI World ex-US,0.5862603571443584,0.5862603571443584,MSCI World ex-US,,0.5862603571443584,Copper LME,,-0.0004984589230575,Asia EMFX,,0.0654840569870364,
2011-08-26,LGBMRegressor,SELL,-0.0097417951385604,True,SHAP,MSCI World ex-US,-0.0774399745704488,0.0774399745704488,MSCI World ex-US,,-0.0774399745704488,Copper LME,,-0.0084495252721881,Asia EMFX,,0.0277997274595091,
2012-02-17,LGBMRegressor,BUY,0.0025219503082383,True,SHAP,MSCI World ex-US,0.4160472576009398,0.4160472576009398,MSCI World ex-US,,0.4160472576009398,BCOM Index,,0.0097847009319897,Asia EMFX,,0.0260324801043088,
2012-04-27,LGBMRegressor,SELL,-0.0430713398911277,True,SHAP,MSCI World ex-US,0.2812591344642262,0.2812591344642262,BCOM Index,,-0.001286903285012,MSCI World ex-US,,0.2812591344642262,Asia EMFX,,0.0048479337502891,
2012-08-30,LGBMRegressor,BUY,0.025075323160657,True,SHAP,MSCI World ex-US,-0.2078548608745856,0.2078548608745856,MSCI World ex-US,,-0.2078548608745856,BCOM Index,,0.0662798664288009,Asia EMFX,,0.0197821502605631,
2012-10-02,LGBMRegressor,BUY,0.0007791954806664,True,SHAP,MSCI World ex-US,-0.0574178274709762,0.0574178274709762,MSCI World ex-US,,-0.0574178274709762,BCOM Index,,0.0339473721427282,Asia EMFX,,0.0045821861686479,
2013-12-17,LGBMRegressor,BUY,0.0020226991796832,True,SHAP,Gold,-0.1202203373580778,0.1202203373580778,2y yield,,0.0276647330402776,MSCI World ex-US,,-0.0912826633132388,Gold,,-0.1202203373580778,
2014-02-11,LGBMRegressor,SELL,-0.002102235007745,True,SHAP,MSCI World ex-US,0.148530035788791,0.148530035788791,2y yield,,-0.0212221056722378,Gold,,0.1324612708120882,MSCI World ex-US,,0.148530035788791,
2014-02-14,LGBMRegressor,SELL,-0.0121762231569626,True,SHAP,Gold,0.109999157804262,0.109999157804262,2y yield,,-0.084298359491705,MSCI World ex-US,,0.0590612318491108,Gold,,0.109999157804262,
2014-08-12,LGBMRegressor,BUY,0.0039918006257417,True,SHAP,2y yield,0.0720461651551633,0.0720461651551633,2y yield,,0.0720461651551633,Asia EMFX,,-0.0344645456434881,MSCI World ex-US,,-0.0320191092614039,
2015-04-28,LGBMRegressor,SELL,-0.0057342308651209,True,SHAP,Gold,0.160894921810809,0.160894921810809,Gold,,0.160894921810809,Real 2y yield,,-0.0245181656529273,MSCI World ex-US,,0.01593762209851,
2015-05-05,LGBMRegressor,SELL,-0.0033996474439688,True,SHAP,Real 2y yield,0.1387109034567829,0.1387109034567829,Gold,,0.0510005327353145,Real 2y yield,,0.1387109034567829,Asia EMFX,,0.052307034592428,
2015-05-12,LGBMRegressor,SELL,-0.0302156469408224,True,SHAP,Gold,0.2502221343491118,0.2502221343491118,Gold,,0.2502221343491118,Real 2y yield,,0.2064457478002998,Asia EMFX,,-0.0244146890941198,
2015-07-24,LGBMRegressor,BUY,0.0186761878604779,True,SHAP,Gold,0.3430231784738453,0.3430231784738453,Gold,,0.3430231784738453,Real 2y yield,,-0.1344257147714015,MSCI World ex-US,,-0.2323570112693414,
2016-01-08,LGBMRegressor,BUY,0.0070473177045879,True,SHAP,MSCI World ex-US,-0.1609696203442839,0.1609696203442839,BCOM Index,,-0.0544466807751891,MSCI World ex-US,,-0.1609696203442839,Real 2y yield,,0.11273375830217,
2016-09-16,LGBMRegressor,BUY,0.0230943799225737,True,SHAP,BCOM Index,0.3299162780165701,0.3299162780165701,BCOM Index,,0.3299162780165701,MSCI World ex-US,,-0.23322531927936,Asia EMFX,,0.0183085877963511,
2016-11-17,LGBMRegressor,BUY,0.0012152308938697,True,SHAP,BCOM Index,0.0723682296711592,0.0723682296711592,BCOM Index,,0.0723682296711592,MSCI World ex-US,,0.0315519774164864,Asia EMFX,,0.021908592780065,
2017-05-03,LGBMRegressor,BUY,0.0012124477973864,True,SHAP,MSCI World ex-US,-0.103446343937735,0.103446343937735,MSCI World ex-US,,-0.103446343937735,BCOM Index,,0.0292761003621884,Asia EMFX,,0.0543524253628858,
2018-03-20,LGBMRegressor,BUY,0.0002603149811271,True,SHAP,MSCI World ex-US,-0.0550278801584321,0.0550278801584321,Gold,,-0.0164099940968866,MSCI World ex-US,,-0.0550278801584321,5y yield,,0.0213877702626832,
2018-05-08,LGBMRegressor,BUY,0.0162307176391682,True,SHAP,Gold,0.0546814939777483,0.0546814939777483,Gold,,0.0546814939777483,MSCI World ex-US,,-0.0428386362687846,2y yield,,0.0271258857769068,
2018-07-10,LGBMRegressor,SELL,-0.0048263842338115,True,SHAP,Gold,-0.2151655209834309,0.2151655209834309,Gold,,-0.2151655209834309,MSCI World ex-US,,-0.0004249670110863,Asia EMFX,,-0.0574779156503811,
2018-07-31,LGBMRegressor,SELL,-0.0243803879310343,True,SHAP,Gold,0.1370593917618558,0.1370593917618558,Gold,,0.1370593917618558,MSCI World ex-US,,-0.1302752830921955,Asia EMFX,,-0.0259671254230163,
2018-11-16,LGBMRegressor,SELL,-0.00354609929078,True,SHAP,Gold,0.4054855209941645,0.4054855209941645,Gold,,0.4054855209941645,Local - Dow Jones,,0.1313796919959433,Asia EMFX,,-0.009706975898636,
2019-01-02,LGBMRegressor,BUY,0.0261989978525412,True,SHAP,MSCI World ex-US,-0.1392053942882053,0.1392053942882053,Gold,,0.0954486405997516,MSCI World ex-US,,-0.1392053942882053,Asia EMFX,,-0.0332274594969239,
2019-04-16,LGBMRegressor,SELL,-0.0177003484320558,True,SHAP,Gold,-0.2998276978419695,0.2998276978419695,Gold,,-0.2998276978419695,MSCI World ex-US,,0.1212197451728982,Asia EMFX,,-0.0547803754764898,
2019-06-12,LGBMRegressor,BUY,0.0082274826789838,True,SHAP,Gold,0.2264914772615123,0.2264914772615123,Gold,,0.2264914772615123,Asia EMFX,,0.0249248002533469,MSCI World ex-US,,-0.0901616459550632,
2020-06-08,LGBMRegressor,SELL,-0.0160945734225893,True,SHAP,Asia EMFX,0.1581333469854028,0.1581333469854028,Copper LME,,0.0262297395361114,MSCI World ex-US,,0.0208347882868383,Asia EMFX,,0.1581333469854028,
2020-08-04,LGBMRegressor,BUY,0.0115921787709498,True,SHAP,Asia EMFX,0.0915540359578287,0.0915540359578287,MSCI World ex-US,,0.0243282453553851,Asia EMFX,,0.0915540359578287,Copper LME,,0.0020383422102925,
2021-01-05,LGBMRegressor,SELL,-0.0082484856295915,True,SHAP,MSCI World ex-US,-0.0948059814171737,0.0948059814171737,MSCI World ex-US,,-0.0948059814171737,Asia EMFX,,-0.0570555135699406,BCOM Index,,0.0712256428165135,
2021-01-12,LGBMRegressor,SELL,-0.0032166752444672,True,SHAP,MSCI World ex-US,-0.1033929895532776,0.1033929895532776,MSCI World ex-US,,-0.1033929895532776,Asia EMFX,,0.0362676558579714,Copper LME,,0.0464352253079558,
2021-03-24,LGBMRegressor,BUY,0.0042205222896332,True,SHAP,BCOM Index,0.4330844200060199,0.4330844200060199,MSCI World ex-US,,-0.1123109116507108,BCOM Index,,0.4330844200060199,Asia EMFX,,-0.0382130455854357,
2021-08-19,LGBMRegressor,BUY,0.0353994683083811,True,SHAP,MSCI World ex-US,-0.526241459670089,0.526241459670089,MSCI World ex-US,,-0.526241459670089,Gold,,-0.0668330849526712,Asia EMFX,,0.0155551168078387,
2021-10-19,LGBMRegressor,SELL,-0.0060208723575059,True,SHAP,MSCI World ex-US,0.1002220330387657,0.1002220330387657,MSCI World ex-US,,0.1002220330387657,Gold,,0.0076346208641274,Asia EMFX,,0.0231740793998151,
2022-06-13,LGBMRegressor,BUY,0.0004333381482015,True,SHAP,MSCI World ex-US,-0.4867946750575184,0.4867946750575184,MSCI World ex-US,,-0.4867946750575184,Copper LME,,-0.188727056562499,Asia EMFX,,-0.0800266312902326,
2022-09-28,LGBMRegressor,SELL,-0.0374118368598589,True,SHAP,Asia EMFX,-0.4754730588137904,0.4754730588137904,MSCI World ex-US,,-0.0409092406170789,Copper LME,,0.1600524814274683,Asia EMFX,,-0.4754730588137904,
2022-10-14,LGBMRegressor,BUY,0.0341990643652201,True,SHAP,MSCI World ex-US,0.3565162570212906,0.3565162570212906,MSCI World ex-US,,0.3565162570212906,Copper LME,,0.1505156313832132,Asia EMFX,,0.1097148127879841,
2022-10-24,LGBMRegressor,BUY,0.0264575411913816,True,SHAP,MSCI World ex-US,0.6119153002218339,0.6119153002218339,MSCI World ex-US,,0.6119153002218339,Gold,,-0.0510292658564952,Asia EMFX,,0.0666141864476189,
2023-01-25,LGBMRegressor,SELL,-0.0251970720720721,True,SHAP,Gold,0.1075392423857815,0.1075392423857815,MSCI World ex-US,,0.0036210971391847,Gold,,0.1075392423857815,Asia EMFX,,-0.0226239699090316,
2023-02-01,LGBMRegressor,SELL,-0.0327868852459015,True,SHAP,Gold,0.5144877132778064,0.5144877132778064,Gold,,0.5144877132778064,MSCI World ex-US,,0.066405633602002,Asia EMFX,,0.038564272595892,
2023-03-15,LGBMRegressor,BUY,0.0098202145339174,True,SHAP,MSCI World ex-US,-0.6675340402396105,0.6675340402396105,Gold,,0.5026158988980246,MSCI World ex-US,,-0.6675340402396105,5y yield,,0.3868376373531624,
2023-05-10,LGBMRegressor,SELL,-0.0346658799232925,True,SHAP,Gold,-0.1250130826130769,0.1250130826130769,MSCI World ex-US,,-0.0246004830483006,Gold,,-0.1250130826130769,5y yield,,0.0505035557543897,
2023-10-05,LGBMRegressor,SELL,-0.006436420722135,True,SHAP,MSCI World ex-US,0.1690103644409076,0.1690103644409076,MSCI World ex-US,,0.1690103644409076,BCOM Index,,-0.0844178047451514,Asia EMFX,,0.0123421133768093,
2023-10-25,LGBMRegressor,BUY,0.0147408464098905,True,SHAP,Copper LME,-0.1801296586161826,0.1801296586161826,MSCI World ex-US,,0.0896272650065067,Copper LME,,-0.1801296586161826,Asia EMFX,,0.0134495416084813,
2023-11-09,LGBMRegressor,BUY,0.029998429401602,True,SHAP,MSCI World ex-US,0.1425607599101873,0.1425607599101873,MSCI World ex-US,,0.1425607599101873,Copper LME,,0.0142204163482352,Asia EMFX,,0.0085224722300395,
2024-02-02,LGBMRegressor,BUY,0.0029176904176904,True,SHAP,MSCI World ex-US,-0.135728336601064,0.135728336601064,Copper LME,,-0.0625427444641176,MSCI World ex-US,,-0.135728336601064,Asia EMFX,,0.0402245945126084,
2024-02-13,LGBMRegressor,BUY,0.0141019680768634,True,SHAP,MSCI World ex-US,-0.181948001242654,0.181948001242654,Copper LME,,0.1370802856760281,MSCI World ex-US,,-0.181948001242654,Asia EMFX,,0.0327215026157612,
2024-05-09,LGBMRegressor,SELL,-0.0021148036253777,True,SHAP,MSCI World ex-US,0.1275994442959203,0.1275994442959203,MSCI World ex-US,,0.1275994442959203,2y yield,,0.0069492526378007,Copper LME,,-0.0132390583826084,
2024-12-17,LGBMRegressor,SELL,-0.0235127031718479,True,SHAP,MSCI World ex-US,-0.1917323275995203,0.1917323275995203,MSCI World ex-US,,-0.1917323275995203,5y yield,,-0.1032740185595909,Copper LME,,-0.0956426055600295,
2024-12-23,LGBMRegressor,SELL,-0.0004800768122898,True,SHAP,5y yield,-0.3294518437175922,0.3294518437175922,MSCI World ex-US,,0.1590691794633121,5y yield,,-0.3294518437175922,Gold,,-0.1974966285979507,
2025-03-12,LGBMRegressor,SELL,-0.0034804619522227,True,SHAP,MSCI World ex-US,0.183800252261387,0.183800252261387,MSCI World ex-US,,0.183800252261387,Copper LME,,0.0246067225722293,5y yield,,0.023982257072175,
2025-03-14,LGBMRegressor,SELL,-0.0058507273877291,True,SHAP,MSCI World ex-US,0.1917070147843065,0.1917070147843065,MSCI World ex-US,,0.1917070147843065,Copper LME,,-0.0388909971826656,5y yield,,-0.143803741163165,
2025-04-04,LGBMRegressor,BUY,0.055794701986755,True,SHAP,MSCI World ex-US,-0.1663986850760579,0.1663986850760579,MSCI World ex-US,,-0.1663986850760579,Copper LME,,-0.113388579862861,5y yield,,-0.0921281362125747,
2025-09-11,LGBMRegressor,SELL,-0.0178705511338038,True,SHAP,Asia EMFX,-0.0466091265408282,0.0466091265408282,Copper LME,,0.0121705244869291,MSCI World ex-US,,0.034721544815231,Asia EMFX,,-0.0466091265408282,
2025-11-18,LGBMRegressor,BUY,0.008606116489934,True,SHAP,MSCI World ex-US,-0.1400840175945437,0.1400840175945437,MSCI World ex-US,,-0.1400840175945437,Copper LME,,-0.042929975876657,Asia EMFX,,-0.0125885824305241,
2001-09-24,SGDRegressor,BUY,0.03313681642610278,True,BETA,Gold,0.2605697013441944,0.2605697013441944,Gold,0.2605697013441944,,MSCI World ex-US,0.14771951149943569,,5y yield,0.06498165478643127,,BETA
2001-12-20,SGDRegressor,BUY,0.020387965162312005,True,BETA,Gold,0.2429832798005396,0.2429832798005396,Gold,0.2429832798005396,,MSCI World ex-US,0.19132091216509536,,Asia EMFX,-0.08311628928144023,,BETA
2001-12-26,SGDRegressor,BUY,0.034727703235990504,True,BETA,Gold,0.2465512527433178,0.2465512527433178,Gold,0.2465512527433178,,MSCI World ex-US,0.18056725908398658,,Asia EMFX,-0.08361324400652034,,BETA
2002-04-24,SGDRegressor,SELL,-0.008094186902133815,True,BETA,MSCI World ex-US,0.1721415235732029,0.1721415235732029,MSCI World ex-US,0.1721415235732029,,Gold,0.12471036359459017,,VIX Index,-0.008690962835981012,,BETA
2002-06-14,SGDRegressor,BUY,0.005353319057815886,True,BETA,MSCI World ex-US,0.14078725551055649,0.14078725551055649,MSCI World ex-US,0.14078725551055649,,5y yield,0.07493078801798181,,Asia EMFX,-0.06317288025497039,,BETA
2002-08-05,SGDRegressor,BUY,0.02825715911245985,True,BETA,Local Index,0.10304311501423657,0.10304311501423657,Local Index,0.10304311501423657,,Gold,0.08413031733094961,,VIX Index,-0.038806738154323894,,BETA
2002-12-20,SGDRegressor,BUY,0.0067399787158566316,True,BETA,MSCI EM,0.14886926029212263,0.14886926029212263,MSCI EM,0.14886926029212263,,Gold,0.12291222662000795,,VIX Index,-0.027267260027487743,,BETA
2002-12-26,SGDRegressor,BUY,0.022876396524206477,True,BETA,MSCI EM,0.14998328120445084,0.14998328120445084,MSCI EM,0.14998328120445084,,Gold,0.12208409758652479,,VIX Index,-0.024533919430571538,,BETA
2003-05-15,SGDRegressor,BUY,0.018102372034956238,True,BETA,Gold,0.18074358818676592,0.18074358818676592,Gold,0.18074358818676592,,MSCI EM,0.12710222125430312,,VIX Index,-0.04498340594204311,,BETA
2003-05-27,SGDRegressor,BUY,0.0007630093087136469,True,BETA,Gold,0.1774392400020036,0.1774392400020036,Gold,0.1774392400020036,,MSCI EM,0.12727069111984088,,VIX Index,-0.03886332601720087,,BETA
2003-06-06,SGDRegressor,BUY,0.01472821135742497,True,BETA,Gold,0.16897050378011347,0.16897050378011347,Gold,0.16897050378011347,,MSCI EM,0.12558485028388178,,VIX Index,-0.033637610443127026,,BETA
2003-06-23,SGDRegressor,BUY,0.020795660036166508,True,BETA,Gold,0.16066625465067866,0.16066625465067866,Gold,0.16066625465067866,,MSCI EM,0.0998741248353012,,VIX Index,-0.039097432434338976,,BETA
2003-12-08,SGDRegressor,SELL,-0.009182984469952804,True,BETA,MSCI World - Dow Jones,0.20071475917727014,0.20071475917727014,MSCI World - Dow Jones,0.20071475917727014,,Gold,0.19881568461528745,,2y yield,0.07022207651242046,,BETA
2004-01-19,SGDRegressor,BUY,0.004899364406779627,True,BETA,Gold,0.21836141581774485,0.21836141581774485,MSCI World - Dow Jones,0.17837484298848005,,Gold,0.21836141581774485,,2y yield,0.055293785094610186,,BETA
2004-01-29,SGDRegressor,BUY,0.037859865912974744,True,BETA,Gold,0.23874183999120027,0.23874183999120027,MSCI World - Dow Jones,0.15691873275306412,,Gold,0.23874183999120027,,2y yield,0.0832069054469033,,BETA
2004-02-02,SGDRegressor,BUY,0.0448016866517329,True,BETA,Gold,0.23176492405148708,0.23176492405148708,MSCI World - S&P500,0.16147761253263918,,Gold,0.23176492405148708,,2y yield,0.08198185795829292,,BETA
2004-07-16,SGDRegressor,SELL,-0.040420592653284126,True,BETA,Gold,0.3960208377644131,0.3960208377644131,Gold,0.3960208377644131,,MSCI World ex-US,0.2826830699948385,,2y yield,0.16563722324575333,,BETA
2004-11-19,SGDRegressor,SELL,-0.0026792549119675213,True,BETA,Gold,0.4364347962491071,0.4364347962491071,Gold,0.4364347962491071,,MSCI World ex-US,0.26071371169046453,,2y yield,0.19423961573153212,,BETA
2004-11-23,SGDRegressor,SELL,-0.015141875556686668,True,BETA,Gold,0.43848827141314595,0.43848827141314595,Gold,0.43848827141314595,,MSCI World ex-US,0.261805425904901,,2y yield,0.19859784529944546,,BETA
2005-07-04,SGDRegressor,BUY,0.004530916844349697,True,BETA,Gold,0.39922013666888834,0.39922013666888834,Gold,0.39922013666888834,,MSCI World ex-US,0.2281730036807792,,2y yield,0.10789109915075505,,BETA
2005-07-11,SGDRegressor,BUY,0.020604763179020713,True,BETA,Gold,0.39909283687466623,0.39909283687466623,Gold,0.39909283687466623,,MSCI World ex-US,0.22460303929490377,,5y yield,0.10494715001804522,,BETA
2006-02-07,SGDRegressor,SELL,-0.0012167094768149589,True,BETA,MSCI World ex-US,0.2021355371249845,0.2021355371249845,MSCI World ex-US,0.2021355371249845,,Gold,0.15485906049456977,,Real 2y yield,0.06706846295715418,,BETA
2006-12-04,SGDRegressor,SELL,-0.012158054711246091,True,BETA,2y yield,0.18545110616219565,0.18545110616219565,2y yield,0.18545110616219565,,MSCI World ex-US,0.1393768891537449,,BCOM Index,0.12695888650079976,,BETA
2007-01-09,SGDRegressor,BUY,0.01562700140899209,True,BETA,2y yield,0.18312950347513052,0.18312950347513052,Gold,0.16783545790600135,,2y yield,0.18312950347513052,,MSCI World ex-US,0.10729839499999036,,BETA
2007-01-25,SGDRegressor,BUY,0.010734609415416374,True,BETA,2y yield,0.1883209757454747,0.1883209757454747,Gold,0.17365241738473164,,2y yield,0.1883209757454747,,MSCI World ex-US,0.1052859097669979,,BETA
2007-02-01,SGDRegressor,BUY,0.013305774447745833,True,BETA,2y yield,0.1904556723841831,0.1904556723841831,Gold,0.1781727195882967,,2y yield,0.1904556723841831,,MSCI World ex-US,0.10581365812420294,,BETA
2007-04-13,SGDRegressor,SELL,-0.004199664026877881,True,BETA,Gold,0.21139022783540676,0.21139022783540676,Gold,0.21139022783540676,,5y yield,0.19165541992410398,,MSCI World ex-US,0.09845545310426469,,BETA
2008-02-28,SGDRegressor,SELL,-0.0021074815595363283,True,BETA,Gold,0.2881583704537423,0.2881583704537423,Gold,0.2881583704537423,,MSCI World ex-US,0.22662715512318746,,VIX Index,-0.09481165572259112,,BETA
2008-05-08,SGDRegressor,BUY,0.012929207291225042,True,BETA,Gold,0.3056867494138576,0.3056867494138576,Gold,0.3056867494138576,,MSCI World ex-US,0.2564787728978102,,VIX Index,-0.15983656902253043,,BETA
2008-05-13,SGDRegressor,BUY,0.019245082402977065,True,BETA,Gold,0.3025994667172867,0.3025994667172867,Gold,0.3025994667172867,,MSCI World ex-US,0.25778164416091676,,VIX Index,-0.15454061835907945,,BETA
2008-10-27,SGDRegressor,BUY,0.11375353400964583,True,BETA,Copper LME,0.42121975546677626,0.42121975546677626,Copper LME,0.42121975546677626,,MSCI EM,0.2617771780810615,,Asia EMFX,0.021428106743998605,,BETA
2008-11-13,SGDRegressor,SELL,-0.013961867587449328,True,BETA,MSCI EM,0.37066364448489625,0.37066364448489625,Copper LME,0.35013571247301367,,MSCI EM,0.37066364448489625,,Asia EMFX,-0.004017594242953432,,BETA
2009-02-02,SGDRegressor,BUY,0.029607346421785863,True,BETA,MSCI EM,0.5487442824254457,0.5487442824254457,MSCI EM,0.5487442824254457,,Copper LME,0.321393827414501,,Asia EMFX,0.010064309386335646,,BETA
2009-04-20,SGDRegressor,BUY,0.062302612690209536,True,BETA,MSCI EM,0.6755955991721505,0.6755955991721505,MSCI EM,0.6755955991721505,,Copper LME,0.36096148805398864,,Asia EMFX,0.050185207589222916,,BETA
2009-06-02,SGDRegressor,SELL,-0.033499817273723975,True,BETA,MSCI EM,0.7041498159846282,0.7041498159846282,MSCI EM,0.7041498159846282,,BCOM Index,0.4879849696293375,,Asia EMFX,0.12153560494846476,,BETA
2009-07-21,SGDRegressor,BUY,0.032021510633096995,True,BETA,MSCI EM,0.7752199461709217,0.7752199461709217,MSCI EM,0.7752199461709217,,BCOM Index,0.5415626117142862,,Asia EMFX,0.18244288584163026,,BETA
2009-07-30,SGDRegressor,BUY,0.020830810221630136,True,BETA,MSCI World ex-US,0.6787955538734703,0.6787955538734703,MSCI World ex-US,0.6787955538734703,,BCOM Index,0.4940993126538045,,Asia EMFX,0.04515830940218248,,BETA
2009-12-23,SGDRegressor,BUY,0.04534606205250591,True,BETA,MSCI World ex-US,0.8296073453274875,0.8296073453274875,MSCI World ex-US,0.8296073453274875,,BCOM Index,0.5047609100372455,,Asia EMFX,0.1071017268310129,,BETA
2010-01-28,SGDRegressor,SELL,-0.004806617482673747,True,BETA,MSCI World ex-US,0.7405830017758156,0.7405830017758156,MSCI World ex-US,0.7405830017758156,,Copper LME,0.4071025772506336,,Asia EMFX,0.021125760812317727,,BETA
2010-02-01,SGDRegressor,SELL,-0.003365492483733412,True,BETA,MSCI World ex-US,0.7485721724240921,0.7485721724240921,MSCI World ex-US,0.7485721724240921,,Copper LME,0.38406997691138345,,Asia EMFX,0.03143468633166243,,BETA
2010-03-30,SGDRegressor,BUY,0.010220724149179183,True,BETA,MSCI World ex-US,0.6948663004197904,0.6948663004197904,MSCI World ex-US,0.6948663004197904,,Oil,0.4308495838490406,,Asia EMFX,0.013906908806832253,,BETA
2010-11-26,SGDRegressor,BUY,0.021565578019699272,True,BETA,Oil,0.3913907463648939,0.3913907463648939,Oil,0.3913907463648939,,MSCI EM,0.37590192587613847,,Asia EMFX,-0.014374034710249645,,BETA
2010-12-06,SGDRegressor,BUY,0.003636730982927716,True,BETA,Oil,0.3857933597152613,0.3857933597152613,Oil,0.3857933597152613,,MSCI EM,0.36793733452646554,,Asia EMFX,-0.02242500157750483,,BETA
2011-04-27,SGDRegressor,SELL,-0.015820456217807144,True,BETA,MSCI World ex-US,0.4795073167805722,0.4795073167805722,MSCI World ex-US,0.4795073167805722,,Oil,0.18840764475299893,,Asia EMFX,-0.04822995976847343,,BETA
2011-05-09,SGDRegressor,SELL,-0.02794485055982232,True,BETA,MSCI World ex-US,0.5111220254634825,0.5111220254634825,MSCI World ex-US,0.5111220254634825,,Copper LME,0.0873774013687178,,Asia EMFX,-0.03936252725060269,,BETA
2011-08-26,SGDRegressor,SELL,-0.009741795138560438,True,BETA,MSCI World ex-US,0.4679052933069944,0.4679052933069944,MSCI World ex-US,0.4679052933069944,,Copper LME,0.04299236871595139,,Asia EMFX,-0.0361869784178394,,BETA
2011-09-05,SGDRegressor,SELL,-0.03118187849492937,True,BETA,MSCI World ex-US,0.4487140880065035,0.4487140880065035,MSCI World ex-US,0.4487140880065035,,Copper LME,0.04953160249344378,,Asia EMFX,-0.040867519567651604,,BETA
2011-09-07,SGDRegressor,SELL,-0.05805664978428071,True,BETA,MSCI World ex-US,0.432732426528887,0.432732426528887,MSCI World ex-US,0.432732426528887,,Copper LME,0.057758455404047435,,Asia EMFX,-0.04312263995272883,,BETA
2011-09-22,SGDRegressor,BUY,0.00041059330732906574,True,BETA,MSCI World ex-US,0.41971427609734535,0.41971427609734535,MSCI World ex-US,0.41971427609734535,,Copper LME,0.06381393726156309,,Asia EMFX,-0.061086966021324234,,BETA
2011-09-27,SGDRegressor,BUY,0.0038329634859795014,True,BETA,MSCI World ex-US,0.38948135755659086,0.38948135755659086,MSCI World ex-US,0.38948135755659086,,BCOM Index,0.1609661836006865,,Asia EMFX,-0.046310329079691966,,BETA
2012-03-30,SGDRegressor,BUY,0.002319737096462271,True,BETA,MSCI World ex-US,0.4836195349190846,0.4836195349190846,MSCI World ex-US,0.4836195349190846,,BCOM Index,0.20098586775770688,,Asia EMFX,-0.026216465067603615,,BETA
2012-04-03,SGDRegressor,BUY,0.0057109669925468065,True,BETA,MSCI World ex-US,0.4910786694961164,0.4910786694961164,MSCI World ex-US,0.4910786694961164,,BCOM Index,0.19373542368349458,,Asia EMFX,-0.021664905020903423,,BETA
2012-10-05,SGDRegressor,BUY,0.014135663100029339,True,BETA,MSCI World ex-US,0.595645389165184,0.595645389165184,MSCI World ex-US,0.595645389165184,,Copper LME,0.08374475549636592,,Asia EMFX,0.010593301472887144,,BETA
2012-11-07,SGDRegressor,SELL,-0.0037471176018447627,True,BETA,MSCI World ex-US,0.4843309816308517,0.4843309816308517,MSCI World ex-US,0.4843309816308517,,Copper LME,0.09686630309143265,,Asia EMFX,-0.015130601408425287,,BETA
2013-01-01,SGDRegressor,BUY,0.016354016354016343,True,BETA,MSCI World ex-US,0.3552949960945752,0.3552949960945752,MSCI World ex-US,0.3552949960945752,,Copper LME,0.07676371390203789,,Asia EMFX,-0.02936147757270132,,BETA
2013-03-25,SGDRegressor,SELL,-0.005064016816357819,True,BETA,MSCI World ex-US,0.22936876008416546,0.22936876008416546,MSCI World ex-US,0.22936876008416546,,BCOM Index,0.17907920612818767,,Asia EMFX,-0.03690906408671113,,BETA
2013-09-23,SGDRegressor,SELL,-0.0002120665889090434,True,BETA,2y yield,0.22366715578990903,0.22366715578990903,2y yield,0.22366715578990903,,Gold,0.19008835866961926,,MSCI World ex-US,0.15959860018874408,,BETA
2014-01-23,SGDRegressor,BUY,0.021783759124087698,True,BETA,2y yield,0.2506189432519224,0.2506189432519224,2y yield,0.2506189432519224,,MSCI World ex-US,0.17131248143919056,,Gold,0.2012911865511906,,BETA
2014-02-11,SGDRegressor,SELL,-0.00210223500774509,True,BETA,2y yield,0.23008095338450835,0.23008095338450835,2y yield,0.23008095338450835,,Gold,0.18593514651884763,,MSCI World ex-US,0.13715307545712255,,BETA
2014-08-12,SGDRegressor,BUY,0.0039918006257417815,True,BETA,2y yield,0.1781647005150586,0.1781647005150586,2y yield,0.1781647005150586,,Asia EMFX,-0.1371371726906865,,MSCI World ex-US,0.047003640409713505,,BETA
2015-04-28,SGDRegressor,SELL,-0.005734230865120926,True,BETA,Real 2y yield,0.17240499007622698,0.17240499007622698,Gold,0.16104414997318853,,Real 2y yield,0.17240499007622698,,MSCI World ex-US,0.15447097771521348,,BETA
2015-05-05,SGDRegressor,SELL,-0.003399647443968812,True,BETA,Real 2y yield,0.18270667085388112,0.18270667085388112,Gold,0.17562117128099425,,Real 2y yield,0.18270667085388112,,Asia EMFX,-0.1530671830171683,,BETA
2015-05-12,SGDRegressor,SELL,-0.03021564694082246,True,BETA,Real 2y yield,0.19192239327993352,0.19192239327993352,Gold,0.18016187638064188,,Real 2y yield,0.19192239327993352,,Asia EMFX,-0.15441172409613071,,BETA
2015-09-04,SGDRegressor,BUY,0.0406774753908512,True,BETA,Gold,0.20114025143537603,0.20114025143537603,Real 2y yield,0.19399108787694921,,Gold,0.20114025143537603,,MSCI World ex-US,0.17261706962606754,,BETA
2015-11-24,SGDRegressor,SELL,-0.005787515502273632,True,BETA,Real 2y yield,0.20423977772442103,0.20423977772442103,Gold,0.1940820799584937,,Real 2y yield,0.20423977772442103,,MSCI World ex-US,0.20232926236013404,,BETA
2015-12-10,SGDRegressor,SELL,-0.0024721878862793423,True,BETA,Real 2y yield,0.2559046907423959,0.2559046907423959,BCOM Index,0.21717582303280192,,Real 2y yield,0.2559046907423959,,MSCI World ex-US,0.15645625547123074,,BETA
2016-12-23,SGDRegressor,BUY,0.017419175027870715,True,BETA,BCOM Index,0.2344305342863042,0.2344305342863042,MSCI World ex-US,0.2325967433030341,,BCOM Index,0.2344305342863042,,Asia EMFX,-0.06903068211098853,,BETA
2016-12-27,SGDRegressor,BUY,0.025469728601252628,True,BETA,BCOM Index,0.2458325476669842,0.2458325476669842,MSCI World ex-US,0.23482919236037222,,BCOM Index,0.2458325476669842,,Asia EMFX,-0.05529322936427184,,BETA
2017-02-03,SGDRegressor,SELL,-0.002083333333333437,True,BETA,MSCI World ex-US,0.28112488784844625,0.28112488784844625,MSCI World ex-US,0.28112488784844625,,BCOM Index,0.18156678232649406,,Asia EMFX,-0.09660372006000231,,BETA
2017-05-03,SGDRegressor,BUY,0.0012124477973864956,True,BETA,MSCI World ex-US,0.24071340679793843,0.24071340679793843,MSCI World ex-US,0.24071340679793843,,BCOM Index,0.1587603120127688,,Asia EMFX,-0.08088743348943028,,BETA
2017-11-02,SGDRegressor,SELL,-0.016206404771165528,True,BETA,MSCI World ex-US,0.17426431474500423,0.17426431474500423,Gold,0.16995103487200847,,MSCI World ex-US,0.17426431474500423,,5y yield,0.14753764024500785,,BETA
2018-01-22,SGDRegressor,SELL,-0.017338156417612605,True,BETA,5y yield,0.1675845054889798,0.1675845054889798,5y yield,0.1675845054889798,,Gold,0.12308312418767312,,MSCI World ex-US,0.15166021930124735,,BETA
2018-03-27,SGDRegressor,BUY,0.010678473759604179,True,BETA,Gold,0.19371132386609818,0.19371132386609818,Gold,0.19371132386609818,,MSCI World ex-US,0.11741265147425638,,2y yield,0.06344510214903734,,BETA
2018-05-08,SGDRegressor,BUY,0.01623071763916828,True,BETA,Gold,0.18659442228447431,0.18659442228447431,Gold,0.18659442228447431,,MSCI World ex-US,0.09030526820798433,,2y yield,0.05736967388659688,,BETA
2018-07-10,SGDRegressor,SELL,-0.004826384233811543,True,BETA,Gold,0.20600667014992038,0.20600667014992038,Gold,0.20600667014992038,,MSCI World ex-US,0.09881019404741,,Asia EMFX,-0.023807168718648415,,BETA
2018-07-13,SGDRegressor,SELL,-0.003232758620689613,True,BETA,Gold,0.2053114762878888,0.2053114762878888,Gold,0.2053114762878888,,MSCI World ex-US,0.10365670434618193,,Asia EMFX,-0.03209649389696522,,BETA
2018-07-25,SGDRegressor,SELL,-0.0032193158953722767,True,BETA,Gold,0.20648550340750024,0.20648550340750024,Gold,0.20648550340750024,,MSCI World ex-US,0.11637126774010358,,Asia EMFX,-0.026335055866942982,,BETA
2018-11-07,SGDRegressor,SELL,-0.0017866959868060306,True,BETA,Gold,0.25726290525833045,0.25726290525833045,Gold,0.25726290525833045,,Local - Dow Jones,-0.14602979450766732,,Asia EMFX,-0.04667245082794422,,BETA
2018-12-21,SGDRegressor,BUY,0.010369318181818299,True,BETA,Gold,0.25639220342829083,0.25639220342829083,Gold,0.25639220342829083,,Local - Dow Jones,-0.1559428006567862,,Asia EMFX,-0.046454809022917765,,BETA
2019-02-06,SGDRegressor,BUY,0.008444757213230236,True,BETA,Gold,0.23796951557999627,0.23796951557999627,Gold,0.23796951557999627,,MSCI World ex-US,0.1541189019531447,,Asia EMFX,-0.04445596686237031,,BETA
2019-06-14,SGDRegressor,BUY,0.021536670547147807,True,BETA,Gold,0.2180561930012805,0.2180561930012805,Gold,0.2180561930012805,,Asia EMFX,-0.06867784638422943,,MSCI World ex-US,0.15688380410608116,,BETA
2019-06-19,SGDRegressor,BUY,0.02150850167126861,True,BETA,Gold,0.21692234711045993,0.21692234711045993,Gold,0.21692234711045993,,Asia EMFX,-0.06996401256337198,,MSCI World ex-US,0.15438184025975576,,BETA
2019-09-17,SGDRegressor,SELL,-0.023594523740168905,True,BETA,Local - Dow Jones,-0.1114839174124585,0.1114839174124585,Copper LME,0.08816844666224481,,Local - Dow Jones,-0.1114839174124585,,Asia EMFX,-0.09637927434203059,,BETA
2019-12-27,SGDRegressor,SELL,-0.011318051575931132,True,BETA,Local - Dow Jones,-0.10352925290773232,0.10352925290773232,Local - Dow Jones,-0.10352925290773232,,Copper LME,0.08233069289120243,,Asia EMFX,-0.06237570128337457,,BETA
2020-03-25,SGDRegressor,BUY,0.045477429098842004,True,BETA,MSCI World ex-US,0.1154351800629746,0.1154351800629746,Copper LME,0.10101617394381901,,Asia EMFX,-0.06440792427359095,,MSCI World ex-US,0.1154351800629746,,BETA
2020-06-02,SGDRegressor,SELL,-0.001159924604900664,True,BETA,MSCI World ex-US,0.19928677507739653,0.19928677507739653,Copper LME,0.12139099588423673,,MSCI World ex-US,0.19928677507739653,,Asia EMFX,-0.06869817561759119,,BETA
2020-08-04,SGDRegressor,BUY,0.011592178770949868,True,BETA,MSCI World ex-US,0.24634747246907804,0.24634747246907804,MSCI World ex-US,0.24634747246907804,,Asia EMFX,-0.10727951538049477,,Copper LME,0.08641611058222266,,BETA
2020-08-07,SGDRegressor,BUY,0.0005588933910856131,True,BETA,MSCI World ex-US,0.24710223647810492,0.24710223647810492,MSCI World ex-US,0.24710223647810492,,Asia EMFX,-0.10634606979029684,,Copper LME,0.08744861299541355,,BETA
2020-08-19,SGDRegressor,BUY,0.021720969089390252,True,BETA,MSCI World ex-US,0.2464191554487013,0.2464191554487013,MSCI World ex-US,0.2464191554487013,,Asia EMFX,-0.11123367819285149,,Copper LME,0.09902878760572904,,BETA
2021-05-11,SGDRegressor,SELL,-0.011604182606477886,True,BETA,MSCI World ex-US,0.3921158422349378,0.3921158422349378,MSCI World ex-US,0.3921158422349378,,Oil,0.19586902740595707,,Asia EMFX,-0.10652796214315462,,BETA
2021-05-20,SGDRegressor,SELL,-0.015174897119341502,True,BETA,MSCI World ex-US,0.34685693437369974,0.34685693437369974,MSCI World ex-US,0.34685693437369974,,BCOM Index,0.21268723969040615,,Asia EMFX,-0.06508018945892317,,BETA
2022-05-10,SGDRegressor,BUY,0.024214471029115003,True,BETA,MSCI World ex-US,0.24699891456560977,0.24699891456560977,MSCI World ex-US,0.24699891456560977,,Copper LME,0.10930743624234393,,Asia EMFX,-0.022535884407703877,,BETA
2022-08-30,SGDRegressor,SELL,-0.018091625328275462,True,BETA,MSCI World ex-US,0.2835654233230922,0.2835654233230922,MSCI World ex-US,0.2835654233230922,,Copper LME,0.11982997709902657,,Asia EMFX,-0.018889175315442947,,BETA
2022-10-19,SGDRegressor,BUY,0.01291866028708144,True,BETA,MSCI World ex-US,0.31311793230475576,0.31311793230475576,MSCI World ex-US,0.31311793230475576,,Copper LME,0.1260587574560569,,Asia EMFX,0.025605655575260754,,BETA
2023-03-15,SGDRegressor,BUY,0.00982021453391746,True,BETA,MSCI World ex-US,0.3804649639467575,0.3804649639467575,Gold,0.3252447120663073,,MSCI World ex-US,0.3804649639467575,,5y yield,0.16554948504123188,,BETA
2023-03-22,SGDRegressor,BUY,0.00523560209424101,True,BETA,MSCI World ex-US,0.3975897673189216,0.3975897673189216,Gold,0.3062056147273447,,MSCI World ex-US,0.3975897673189216,,5y yield,0.1584370122027867,,BETA
2023-05-09,SGDRegressor,SELL,-0.022478556640047276,True,BETA,MSCI World ex-US,0.3848631307114544,0.3848631307114544,MSCI World ex-US,0.3848631307114544,,Gold,0.33345944156747825,,5y yield,0.10987315933125831,,BETA
2023-05-15,SGDRegressor,SELL,-0.02402985074626862,True,BETA,MSCI World ex-US,0.38457568094567357,0.38457568094567357,MSCI World ex-US,0.38457568094567357,,Gold,0.3334077072262737,,5y yield,0.11304144134898354,,BETA
2024-02-28,SGDRegressor,BUY,0.019242610837438612,True,BETA,MSCI World ex-US,0.2913534198690224,0.2913534198690224,MSCI World ex-US,0.2913534198690224,,Copper LME,0.20151107986313954,,5y yield,0.18696734282810115,,BETA
2024-03-21,SGDRegressor,BUY,0.00273972602739736,True,BETA,MSCI World ex-US,0.29238738045333734,0.29238738045333734,MSCI World ex-US,0.29238738045333734,,Copper LME,0.19273208688778906,,2y yield,0.2530427184216151,,BETA
2024-12-17,SGDRegressor,SELL,-0.02351270317184795,True,BETA,5y yield,0.19463564537350916,0.19463564537350916,MSCI World ex-US,0.18067142079849358,,5y yield,0.19463564537350916,,Copper LME,0.13520500655114362,,BETA
2024-12-23,SGDRegressor,SELL,-0.00048007681228989796,True,BETA,MSCI World ex-US,0.20400686711783303,0.20400686711783303,MSCI World ex-US,0.20400686711783303,,5y yield,0.19253422311832827,,Gold,0.1208365423085342,,BETA
2025-03-17,SGDRegressor,SELL,-0.021459899749373346,True,BETA,5y yield,0.16150419283620102,0.16150419283620102,MSCI World ex-US,0.14388681811184634,,Copper LME,0.142660611814413,,5y yield,0.16150419283620102,,BETA
2025-09-11,SGDRegressor,SELL,-0.01787055113380387,True,BETA,Copper LME,0.21650794182018654,0.21650794182018654,Copper LME,0.21650794182018654,,MSCI World ex-US,0.17392105572132954,,Asia EMFX,-0.04612313142071926,,BETA
2025-10-16,SGDRegressor,BUY,0.010794140323824308,True,BETA,MSCI World ex-US,0.21161639448322433,0.21161639448322433,MSCI World ex-US,0.21161639448322433,,Copper LME,0.18993723859005537,,Asia EMFX,-0.031217072860414058,,BETA
2001-09-24,StackedEnsemble,BUY,0.03313681642610278,True,STACK,LGBMRegressor,0.43977868713257934,0.43977868713257934,ElasticNetCV,0.340894872741703,,XGBRegressor,0.205160512209023,,LGBMRegressor,0.43977868713257934,,STACK
2001-10-15,StackedEnsemble,SELL,-0.021115846571096553,True,STACK,ElasticNetCV,0.7019402999729499,0.7019402999729499,ElasticNetCV,0.7019402999729499,,XGBRegressor,0.5827680356457312,,LGBMRegressor,-0.39693616744650523,,STACK
2001-12-19,StackedEnsemble,BUY,0.007436399217221279,True,STACK,LGBMRegressor,0.4288130911302117,0.4288130911302117,ElasticNetCV,0.3644494096955914,,XGBRegressor,0.2260573687286326,,LGBMRegressor,0.4288130911302117,,STACK
2001-12-31,StackedEnsemble,BUY,0.017271835132482982,True,STACK,ElasticNetCV,0.4794806273190638,0.4794806273190638,ElasticNetCV,0.4794806273190638,,XGBRegressor,0.11773595526011656,,LGBMRegressor,0.4553453290250803,,STACK
2002-06-26,StackedEnsemble,BUY,0.00856989823245824,True,STACK,XGBRegressor,0.5210561468040263,0.5210561468040263,ElasticNetCV,-0.09146124225280994,,XGBRegressor,0.5210561468040263,,LGBMRegressor,0.2989810918666497,,STACK
2002-12-02,StackedEnsemble,BUY,0.010710460549803624,True,STACK,ElasticNetCV,0.686594350518991,0.686594350518991,ElasticNetCV,0.686594350518991,,XGBRegressor,0.41933437423133085,,LGBMRegressor,-0.10854454541940428,,STACK
2002-12-10,StackedEnsemble,BUY,0.007506702412868549,True,STACK,ElasticNetCV,0.6824904609656752,0.6824904609656752,ElasticNetCV,0.6824904609656752,,XGBRegressor,0.449251493726196,,LGBMRegressor,0.015248459625955446,,STACK
2002-12-27,StackedEnsemble,BUY,0.039729200071263016,True,STACK,ElasticNetCV,0.6953891906661198,0.6953891906661198,ElasticNetCV,0.6953891906661198,,XGBRegressor,0.10423059558245754,,LGBMRegressor,0.21714251677843827,,STACK
2003-05-15,StackedEnsemble,BUY,0.018102372034956238,True,STACK,XGBRegressor,0.27336019214954144,0.27336019214954144,ElasticNetCV,0.20816711962628415,,XGBRegressor,0.27336019214954144,,LGBMRegressor,0.2666212487816783,,STACK
2003-05-27,StackedEnsemble,BUY,0.0007630093087136469,True,STACK,LGBMRegressor,0.29633236467986607,0.29633236467986607,ElasticNetCV,0.20594333592825997,,XGBRegressor,0.2868005316365834,,LGBMRegressor,0.29633236467986607,,STACK
2003-06-06,StackedEnsemble,BUY,0.01472821135742497,True,STACK,XGBRegressor,0.26131418506552273,0.26131418506552273,ElasticNetCV,0.21462527980623552,,XGBRegressor,0.26131418506552273,,LGBMRegressor,0.23844128146509408,,STACK
2003-06-23,StackedEnsemble,BUY,0.020795660036166508,True,STACK,LGBMRegressor,0.23881348588723247,0.23881348588723247,ElasticNetCV,0.22230538554381446,,XGBRegressor,0.2215871455014395,,LGBMRegressor,0.23881348588723247,,STACK
2004-01-19,StackedEnsemble,BUY,0.004899364406779627,True,STACK,ElasticNetCV,0.5796839332976356,0.5796839332976356,ElasticNetCV,0.5796839332976356,,XGBRegressor,0.17548967132753893,,LGBMRegressor,0.4561394425687672,,STACK
2004-03-17,StackedEnsemble,BUY,0.03398058252427183,True,STACK,ElasticNetCV,0.9311275775661726,0.9311275775661726,ElasticNetCV,0.9311275775661726,,XGBRegressor,0.3441088619098496,,LGBMRegressor,0.007272773657660268,,STACK
2004-06-22,StackedEnsemble,BUY,0.03693470990257386,True,STACK,ElasticNetCV,0.7192728531942345,0.7192728531942345,ElasticNetCV,0.7192728531942345,,XGBRegressor,0.25943163142513626,,LGBMRegressor,0.17983097027419565,,STACK
2004-09-21,StackedEnsemble,BUY,0.02956225127913603,True,STACK,ElasticNetCV,1.033431605067989,1.033431605067989,ElasticNetCV,1.033431605067989,,XGBRegressor,0.20700002664786615,,LGBMRegressor,-0.17726815108199057,,STACK
2004-11-17,StackedEnsemble,SELL,-0.006776627029791538,True,STACK,ElasticNetCV,1.0063306412779696,1.0063306412779696,ElasticNetCV,1.0063306412779696,,XGBRegressor,0.298520383925215,,LGBMRegressor,-0.3308341409003603,,STACK
2004-12-16,StackedEnsemble,BUY,0.030936012691697545,True,STACK,ElasticNetCV,0.8937077957437882,0.8937077957437882,ElasticNetCV,0.8937077957437882,,XGBRegressor,0.042331058991890366,,LGBMRegressor,0.05858913111527115,,STACK
2004-12-20,StackedEnsemble,BUY,0.019656663608963454,True,STACK,ElasticNetCV,0.8247718715317095,0.8247718715317095,ElasticNetCV,0.8247718715317095,,XGBRegressor,-0.30529636506809515,,LGBMRegressor,0.5225058564724686,,STACK
2005-07-05,StackedEnsemble,BUY,0.01241062997436937,True,STACK,ElasticNetCV,0.6697537575927203,0.6697537575927203,ElasticNetCV,0.6697537575927203,,XGBRegressor,0.13052074074916803,,LGBMRegressor,0.2320402882191281,,STACK
2005-09-08,StackedEnsemble,SELL,-0.013324708926261253,True,STACK,ElasticNetCV,0.49854151420954024,0.49854151420954024,ElasticNetCV,0.49854151420954024,,XGBRegressor,0.311037402657685,,LGBMRegressor,0.16881608461390205,,STACK
2005-11-14,StackedEnsemble,BUY,0.020079768945124643,True,STACK,ElasticNetCV,0.35012195152075376,0.35012195152075376,ElasticNetCV,0.35012195152075376,,XGBRegressor,0.28025307179721226,,LGBMRegressor,0.23945594905497303,,STACK
2005-12-21,StackedEnsemble,BUY,0.018546297558980074,True,STACK,ElasticNetCV,0.5529916919636478,0.5529916919636478,ElasticNetCV,0.5529916919636478,,XGBRegressor,0.1551056932411787,,LGBMRegressor,0.32427315292780257,,STACK
2006-03-27,StackedEnsemble,BUY,0.034292192149638634,True,STACK,ElasticNetCV,0.3806971491336254,0.3806971491336254,ElasticNetCV,0.3806971491336254,,XGBRegressor,0.3558335072094523,,LGBMRegressor,0.26049421270020884,,STACK
2006-09-28,StackedEnsemble,BUY,0.003607696419027251,True,STACK,ElasticNetCV,0.6313789872490848,0.6313789872490848,ElasticNetCV,0.6313789872490848,,XGBRegressor,-0.027510597429176727,,LGBMRegressor,0.38790404540235496,,STACK
2006-10-03,StackedEnsemble,BUY,0.013722588456881457,True,STACK,ElasticNetCV,0.6420317728756071,0.6420317728756071,ElasticNetCV,0.6420317728756071,,XGBRegressor,0.0829063560149601,,LGBMRegressor,0.236843513367308,,STACK
2006-10-05,StackedEnsemble,BUY,0.017419268390727716,True,STACK,ElasticNetCV,0.6354204283036656,0.6354204283036656,ElasticNetCV,0.6354204283036656,,XGBRegressor,0.16427875272524875,,LGBMRegressor,0.0928390928260501,,STACK
2006-10-31,StackedEnsemble,SELL,-0.01072628586197999,True,STACK,ElasticNetCV,0.7226209432480446,0.7226209432480446,ElasticNetCV,0.7226209432480446,,XGBRegressor,-0.03149908842457767,,LGBMRegressor,0.3152291470010258,,STACK
2007-01-09,StackedEnsemble,BUY,0.01562700140899209,True,STACK,ElasticNetCV,0.4812653301523036,0.4812653301523036,ElasticNetCV,0.4812653301523036,,XGBRegressor,0.2985163395195361,,LGBMRegressor,0.20484021892909413,,STACK
2007-04-12,StackedEnsemble,SELL,-0.002895403546869346,True,STACK,ElasticNetCV,0.6416421686690527,0.6416421686690527,ElasticNetCV,0.6416421686690527,,XGBRegressor,0.24882010041340535,,LGBMRegressor,0.17182824615985304,,STACK
2007-04-17,StackedEnsemble,SELL,-0.01146816389917571,True,STACK,ElasticNetCV,0.6121095248385915,0.6121095248385915,ElasticNetCV,0.6121095248385915,,XGBRegressor,0.25718116215403414,,LGBMRegressor,0.18063312418741026,,STACK
2008-05-22,StackedEnsemble,BUY,0.00303410755388156,True,STACK,ElasticNetCV,0.5690626207831905,0.5690626207831905,ElasticNetCV,0.5690626207831905,,XGBRegressor,0.27150996651668474,,LGBMRegressor,0.17463574595510378,,STACK
2008-06-30,StackedEnsemble,BUY,0.013770081368662535,True,STACK,XGBRegressor,0.592512590433727,0.592512590433727,ElasticNetCV,0.3422413175019326,,XGBRegressor,0.592512590433727,,LGBMRegressor,0.16213658745767084,,STACK
2008-10-16,StackedEnsemble,SELL,-0.012447532204371003,True,STACK,ElasticNetCV,1.5254562081675973,1.5254562081675973,ElasticNetCV,1.5254562081675973,,XGBRegressor,0.6803012048185169,,LGBMRegressor,0.290453080726327,,STACK
2008-10-30,StackedEnsemble,SELL,-0.02374322145683716,True,STACK,ElasticNetCV,1.8845609302748159,1.8845609302748159,ElasticNetCV,1.8845609302748159,,XGBRegressor,1.5434705150316024,,LGBMRegressor,-0.715489479602608,,STACK
2008-11-07,StackedEnsemble,SELL,-0.061860258121940515,True,STACK,ElasticNetCV,3.062030547781456,3.062030547781456,ElasticNetCV,3.062030547781456,,XGBRegressor,0.8672006017969687,,LGBMRegressor,-0.3817354977648804,,STACK
2009-01-20,StackedEnsemble,BUY,0.0006146281499692652,True,STACK,ElasticNetCV,1.676996266266237,1.676996266266237,ElasticNetCV,1.676996266266237,,XGBRegressor,-0.7358009648927064,,LGBMRegressor,0.35772492513675286,,STACK
2009-01-26,StackedEnsemble,BUY,0.028653729533050454,True,STACK,ElasticNetCV,1.8633347868230825,1.8633347868230825,ElasticNetCV,1.8633347868230825,,XGBRegressor,-1.0772415770397663,,LGBMRegressor,0.47308875921313515,,STACK
2009-01-30,StackedEnsemble,BUY,0.030274509803921656,True,STACK,ElasticNetCV,1.7348808829999414,1.7348808829999414,ElasticNetCV,1.7348808829999414,,XGBRegressor,-0.6084107239215525,,LGBMRegressor,0.2027191309038733,,STACK
2009-06-02,StackedEnsemble,SELL,-0.033499817273723975,True,STACK,ElasticNetCV,1.8701091800285965,1.8701091800285965,ElasticNetCV,1.8701091800285965,,XGBRegressor,-0.9230879955403447,,LGBMRegressor,0.34928274629840145,,STACK
2009-07-21,StackedEnsemble,BUY,0.032021510633096995,True,STACK,ElasticNetCV,0.48362091248493627,0.48362091248493627,ElasticNetCV,0.48362091248493627,,XGBRegressor,0.2512106422174037,,LGBMRegressor,0.2309633076374735,,STACK
2009-07-30,StackedEnsemble,BUY,0.020830810221630136,True,STACK,ElasticNetCV,0.6428817347431957,0.6428817347431957,ElasticNetCV,0.6428817347431957,,XGBRegressor,0.32782246528691694,,LGBMRegressor,0.18328277315247293,,STACK
2009-08-11,StackedEnsemble,BUY,0.00796043903027388,True,STACK,ElasticNetCV,0.6073680779734351,0.6073680779734351,ElasticNetCV,0.6073680779734351,,XGBRegressor,0.18149584718194436,,LGBMRegressor,0.22877052998477962,,STACK
2010-03-31,StackedEnsemble,BUY,0.019515918011338895,True,STACK,ElasticNetCV,0.6674474605396141,0.6674474605396141,ElasticNetCV,0.6674474605396141,,XGBRegressor,0.17927098010692666,,LGBMRegressor,0.17279951330882554,,STACK
2010-05-26,StackedEnsemble,BUY,0.007790626902008491,True,STACK,ElasticNetCV,0.5488129526747867,0.5488129526747867,ElasticNetCV,0.5488129526747867,,XGBRegressor,0.3289489462775326,,LGBMRegressor,0.2332786341629218,,STACK
2010-10-26,StackedEnsemble,BUY,0.01836817536025981,True,STACK,LGBMRegressor,0.7844112789065091,0.7844112789065091,ElasticNetCV,0.5055576962707254,,XGBRegressor,-0.1367582494789741,,LGBMRegressor,0.7844112789065091,,STACK
2010-11-25,StackedEnsemble,BUY,0.002956769983686769,True,STACK,ElasticNetCV,1.7121423337241712,1.7121423337241712,ElasticNetCV,1.7121423337241712,,XGBRegressor,-0.8942773039547957,,LGBMRegressor,0.3759924214191033,,STACK
2010-12-06,StackedEnsemble,BUY,0.003636730982927716,True,STACK,ElasticNetCV,1.6005186703646608,1.6005186703646608,ElasticNetCV,1.6005186703646608,,XGBRegressor,-0.007331071169793583,,LGBMRegressor,-0.31536273758924094,,STACK
2011-05-09,StackedEnsemble,SELL,-0.02794485055982232,True,STACK,ElasticNetCV,0.4992510336728014,0.4992510336728014,ElasticNetCV,0.4992510336728014,,XGBRegressor,0.12735638004955704,,LGBMRegressor,0.32849395979106705,,STACK
2011-08-26,StackedEnsemble,SELL,-0.009741795138560438,True,STACK,ElasticNetCV,0.8106975003354666,0.8106975003354666,ElasticNetCV,0.8106975003354666,,XGBRegressor,-0.25226460667209655,,LGBMRegressor,0.5168642773621247,,STACK
2011-09-22,StackedEnsemble,BUY,0.00041059330732906574,True,STACK,ElasticNetCV,0.6481739601662567,0.6481739601662567,ElasticNetCV,0.6481739601662567,,XGBRegressor,-0.16015343672155355,,LGBMRegressor,0.5481160207025795,,STACK
2011-09-28,StackedEnsemble,BUY,0.03864635517840709,True,STACK,XGBRegressor,0.8741791733859078,0.8741791733859078,ElasticNetCV,0.5949546908137641,,XGBRegressor,0.8741791733859078,,LGBMRegressor,-0.34323406868908907,,STACK
2012-02-07,StackedEnsemble,SELL,-0.013507262466463055,True,STACK,ElasticNetCV,0.8500080120561277,0.8500080120561277,ElasticNetCV,0.8500080120561277,,XGBRegressor,-0.055036945482301376,,LGBMRegressor,0.4883520550410182,,STACK
2012-04-03,StackedEnsemble,BUY,0.0057109669925468065,True,STACK,ElasticNetCV,0.9053552084729892,0.9053552084729892,ElasticNetCV,0.9053552084729892,,XGBRegressor,0.3752376631569214,,LGBMRegressor,-0.010706108245948498,,STACK
2013-01-01,StackedEnsemble,BUY,0.016354016354016343,True,STACK,ElasticNetCV,0.5971365191272106,0.5971365191272106,ElasticNetCV,0.5971365191272106,,XGBRegressor,0.06363094668777651,,LGBMRegressor,0.3194843647653065,,STACK
2013-02-11,StackedEnsemble,BUY,0.00019500780031189713,True,STACK,ElasticNetCV,0.7721598147327199,0.7721598147327199,ElasticNetCV,0.7721598147327199,,XGBRegressor,-0.09323570774616971,,LGBMRegressor,0.08980326575401042,,STACK
2013-09-23,StackedEnsemble,SELL,-0.0002120665889090434,True,STACK,ElasticNetCV,0.7953632456292355,0.7953632456292355,ElasticNetCV,0.7953632456292355,,XGBRegressor,0.21223185211174317,,LGBMRegressor,0.17971568356991915,,STACK
2013-10-18,StackedEnsemble,SELL,-0.024697736901932443,True,STACK,ElasticNetCV,1.0289997311904338,1.0289997311904338,ElasticNetCV,1.0289997311904338,,XGBRegressor,-0.20825547875249548,,LGBMRegressor,0.25344282692195597,,STACK
2014-02-11,StackedEnsemble,SELL,-0.00210223500774509,True,STACK,ElasticNetCV,0.6400466013518846,0.6400466013518846,ElasticNetCV,0.6400466013518846,,XGBRegressor,-0.03389263505582088,,LGBMRegressor,0.3061385612240055,,STACK
2014-02-14,StackedEnsemble,SELL,-0.012176223156962651,True,STACK,ElasticNetCV,0.6715905681397508,0.6715905681397508,ElasticNetCV,0.6715905681397508,,XGBRegressor,-0.1593085519304125,,LGBMRegressor,0.41316628889536894,,STACK
2015-01-27,StackedEnsemble,SELL,-0.020914703288396064,True,STACK,LGBMRegressor,0.6951412578212541,0.6951412578212541,ElasticNetCV,0.6612316937566294,,XGBRegressor,-0.30218210711806065,,LGBMRegressor,0.6951412578212541,,STACK
2015-02-05,StackedEnsemble,SELL,-0.0007694280584765734,True,STACK,ElasticNetCV,0.653790558077844,0.653790558077844,ElasticNetCV,0.653790558077844,,XGBRegressor,0.2674826291737846,,LGBMRegressor,0.24152425766298208,,STACK
2015-07-24,StackedEnsemble,BUY,0.018676187860477977,True,STACK,XGBRegressor,0.7528434801362459,0.7528434801362459,ElasticNetCV,0.1372746303365201,,XGBRegressor,0.7528434801362459,,LGBMRegressor,0.4857860659103234,,STACK
2016-01-08,StackedEnsemble,BUY,0.0070473177045879964,True,STACK,ElasticNetCV,0.43538454042562585,0.43538454042562585,ElasticNetCV,0.43538454042562585,,XGBRegressor,0.3418662684634912,,LGBMRegressor,0.3350465354667877,,STACK
2016-11-07,StackedEnsemble,SELL,-0.046454451345755765,True,STACK,ElasticNetCV,0.6759009768723069,0.6759009768723069,ElasticNetCV,0.6759009768723069,,XGBRegressor,0.07712744646029546,,LGBMRegressor,0.3689157672897521,,STACK
2016-12-21,StackedEnsemble,BUY,0.006217187068250807,True,STACK,ElasticNetCV,0.7283711162866666,0.7283711162866666,ElasticNetCV,0.7283711162866666,,XGBRegressor,0.2535460974819916,,LGBMRegressor,0.08100994506489316,,STACK
2016-12-23,StackedEnsemble,BUY,0.017419175027870715,True,STACK,ElasticNetCV,0.6069828209643185,0.6069828209643185,ElasticNetCV,0.6069828209643185,,XGBRegressor,0.016839500703749007,,LGBMRegressor,0.36088541774716953,,STACK
2017-02-03,StackedEnsemble,SELL,-0.002083333333333437,True,STACK,ElasticNetCV,0.6093864117649204,0.6093864117649204,ElasticNetCV,0.6093864117649204,,XGBRegressor,0.24398445211383066,,LGBMRegressor,0.10011664558874368,,STACK
2017-05-09,StackedEnsemble,BUY,0.018107556160653404,True,STACK,ElasticNetCV,0.321430657695126,0.321430657695126,ElasticNetCV,0.321430657695126,,XGBRegressor,0.25975133389046806,,LGBMRegressor,0.18767828830120864,,STACK
2018-05-08,StackedEnsemble,BUY,0.01623071763916828,True,STACK,XGBRegressor,0.41825917608445023,0.41825917608445023,ElasticNetCV,0.41218953187079826,,XGBRegressor,0.41825917608445023,,LGBMRegressor,0.1892775650005156,,STACK
2018-08-14,StackedEnsemble,BUY,0.013116112108242373,True,STACK,LGBMRegressor,0.44659881067373947,0.44659881067373947,ElasticNetCV,0.2634507510763403,,XGBRegressor,0.3455152311125839,,LGBMRegressor,0.44659881067373947,,STACK
2018-09-07,StackedEnsemble,BUY,0.02574926129168431,True,STACK,XGBRegressor,0.45068955233330266,0.45068955233330266,ElasticNetCV,0.38434729684824326,,XGBRegressor,0.45068955233330266,,LGBMRegressor,0.3450277734563458,,STACK
2019-01-02,StackedEnsemble,BUY,0.026198997852541206,True,STACK,XGBRegressor,0.6789546235598841,0.6789546235598841,ElasticNetCV,0.42041973018676637,,XGBRegressor,0.6789546235598841,,LGBMRegressor,-0.03909648605213574,,STACK
2019-09-06,StackedEnsemble,SELL,-0.011685655857434973,True,STACK,XGBRegressor,0.7008211099118247,0.7008211099118247,ElasticNetCV,0.4272665253416876,,XGBRegressor,0.7008211099118247,,LGBMRegressor,-0.27799362688579926,,STACK
2020-07-09,StackedEnsemble,BUY,0.019241815048822497,True,STACK,ElasticNetCV,2.079764931036019,2.079764931036019,ElasticNetCV,2.079764931036019,,XGBRegressor,-0.2974898319685892,,LGBMRegressor,0.14158118767925396,,STACK
2020-09-23,StackedEnsemble,BUY,0.009473981900452344,True,STACK,ElasticNetCV,1.7566317667826234,1.7566317667826234,ElasticNetCV,1.7566317667826234,,XGBRegressor,0.2939580673006225,,LGBMRegressor,-0.4218811027611349,,STACK
2021-04-21,StackedEnsemble,SELL,-0.0009027598658756242,True,STACK,ElasticNetCV,1.005575348990285,1.005575348990285,ElasticNetCV,1.005575348990285,,XGBRegressor,0.07143095209251783,,LGBMRegressor,-0.16051672953945384,,STACK
2021-05-07,StackedEnsemble,SELL,-0.01427842937276902,True,STACK,ElasticNetCV,0.7170512951784376,0.7170512951784376,ElasticNetCV,0.7170512951784376,,XGBRegressor,0.14807882760085217,,LGBMRegressor,0.1186020113158927,,STACK
2021-05-11,StackedEnsemble,SELL,-0.011604182606477886,True,STACK,ElasticNetCV,0.8578483129502112,0.8578483129502112,ElasticNetCV,0.8578483129502112,,XGBRegressor,-0.04741153903756273,,LGBMRegressor,0.14232411901007574,,STACK
2021-05-20,StackedEnsemble,SELL,-0.015174897119341502,True,STACK,ElasticNetCV,0.9060564212395422,0.9060564212395422,ElasticNetCV,0.9060564212395422,,XGBRegressor,0.06826065821939888,,LGBMRegressor,0.08929982551733305,,STACK
2021-08-17,StackedEnsemble,BUY,0.008686060940300777,True,STACK,ElasticNetCV,0.5373443961553478,0.5373443961553478,ElasticNetCV,0.5373443961553478,,XGBRegressor,0.23668777683042327,,LGBMRegressor,0.1862406145487348,,STACK
2021-12-21,StackedEnsemble,BUY,0.01132075471698113,True,STACK,ElasticNetCV,0.7375074752964155,0.7375074752964155,ElasticNetCV,0.7375074752964155,,XGBRegressor,0.001487877730046882,,LGBMRegressor,0.2613633845856004,,STACK
2022-03-02,StackedEnsemble,SELL,-0.0009592983417843204,True,STACK,ElasticNetCV,0.7535390555048669,0.7535390555048669,ElasticNetCV,0.7535390555048669,,XGBRegressor,0.4660348152989343,,LGBMRegressor,-0.0973962244149796,,STACK
2022-10-24,StackedEnsemble,BUY,0.02645754119138166,True,STACK,ElasticNetCV,0.6173115356168786,0.6173115356168786,ElasticNetCV,0.6173115356168786,,XGBRegressor,-0.023857648001485737,,LGBMRegressor,0.4558414344500589,,STACK
2023-03-15,StackedEnsemble,BUY,0.00982021453391746,True,STACK,ElasticNetCV,0.7190374327563848,0.7190374327563848,ElasticNetCV,0.7190374327563848,,XGBRegressor,0.3193367033270809,,LGBMRegressor,0.08471013988685355,,STACK
2023-03-22,StackedEnsemble,BUY,0.00523560209424101,True,STACK,ElasticNetCV,0.9996411811585846,0.9996411811585846,ElasticNetCV,0.9996411811585846,,XGBRegressor,0.15349622285278125,,LGBMRegressor,-0.06315559854503049,,STACK
2023-05-09,StackedEnsemble,SELL,-0.022478556640047276,True,STACK,ElasticNetCV,0.6938038286600007,0.6938038286600007,ElasticNetCV,0.6938038286600007,,XGBRegressor,0.18916206545481948,,LGBMRegressor,0.2712934942987833,,STACK
2023-05-15,StackedEnsemble,SELL,-0.02402985074626862,True,STACK,ElasticNetCV,0.7713430785022409,0.7713430785022409,ElasticNetCV,0.7713430785022409,,XGBRegressor,0.24902974390178373,,LGBMRegressor,0.13371842541366644,,STACK
2023-06-09,StackedEnsemble,SELL,-0.00919608424799756,True,STACK,ElasticNetCV,0.8900491152556779,0.8900491152556779,ElasticNetCV,0.8900491152556779,,XGBRegressor,0.17025356641923767,,LGBMRegressor,0.0481523411821145,,STACK
2023-06-15,StackedEnsemble,SELL,-0.03907044299201168,True,STACK,ElasticNetCV,0.8795438483481428,0.8795438483481428,ElasticNetCV,0.8795438483481428,,XGBRegressor,0.11973869570228167,,LGBMRegressor,0.11880047177538691,,STACK
2023-10-09,StackedEnsemble,SELL,-0.01169864295741685,True,STACK,ElasticNetCV,0.4039789684508317,0.4039789684508317,ElasticNetCV,0.4039789684508317,,XGBRegressor,0.2637515189730984,,LGBMRegressor,0.18216676068757076,,STACK
2023-10-25,StackedEnsemble,BUY,0.014740846409890596,True,STACK,ElasticNetCV,0.4254539538192539,0.4254539538192539,ElasticNetCV,0.4254539538192539,,XGBRegressor,0.3411132253842899,,LGBMRegressor,0.217390716489653,,STACK
2023-11-09,StackedEnsemble,BUY,0.029998429401602023,True,STACK,ElasticNetCV,0.4810534839040033,0.4810534839040033,ElasticNetCV,0.4810534839040033,,XGBRegressor,0.43595300346833943,,LGBMRegressor,0.09620136937930593,,STACK
2024-02-02,StackedEnsemble,BUY,0.0029176904176904106,True,STACK,ElasticNetCV,0.5970389865648573,0.5970389865648573,ElasticNetCV,0.5970389865648573,,XGBRegressor,0.10983873526773458,,LGBMRegressor,0.2593316620008286,,STACK
2024-02-13,StackedEnsemble,BUY,0.01410196807686348,True,STACK,ElasticNetCV,0.5310156376425135,0.5310156376425135,ElasticNetCV,0.5310156376425135,,XGBRegressor,0.16556124952468487,,LGBMRegressor,0.31390219446763795,,STACK
2024-02-22,StackedEnsemble,BUY,0.009608052463016659,True,STACK,ElasticNetCV,0.4966392043991193,0.4966392043991193,ElasticNetCV,0.4966392043991193,,XGBRegressor,0.15248165664471267,,LGBMRegressor,0.3994118987990039,,STACK
2024-02-28,StackedEnsemble,BUY,0.019242610837438612,True,STACK,ElasticNetCV,0.5605983716253066,0.5605983716253066,ElasticNetCV,0.5605983716253066,,XGBRegressor,0.22664001617456328,,LGBMRegressor,0.2401623344946073,,STACK
2024-12-17,StackedEnsemble,SELL,-0.02351270317184795,True,STACK,ElasticNetCV,0.5611185813476739,0.5611185813476739,ElasticNetCV,0.5611185813476739,,XGBRegressor,0.23231450478043292,,LGBMRegressor,0.21996746973226286,,STACK
2024-12-23,StackedEnsemble,SELL,-0.00048007681228989796,True,STACK,ElasticNetCV,0.5275024630605001,0.5275024630605001,ElasticNetCV,0.5275024630605001,,XGBRegressor,0.21518428972152082,,LGBMRegressor,0.3840916977031125,,STACK
2025-03-14,StackedEnsemble,SELL,-0.005850727387729182,True,STACK,XGBRegressor,0.693071083081076,0.693071083081076,ElasticNetCV,0.3620189437098848,,XGBRegressor,0.693071083081076,,LGBMRegressor,0.05479393740967176,,STACK
2025-03-27,StackedEnsemble,SELL,-0.012846946867565379,True,STACK,XGBRegressor,0.7764461887520533,0.7764461887520533,ElasticNetCV,0.4112936397174826,,XGBRegressor,0.7764461887520533,,LGBMRegressor,-0.05135776614683562,,STACK
2025-08-26,StackedEnsemble,BUY,0.01385681293302543,True,STACK,ElasticNetCV,0.7987057070318438,0.7987057070318438,ElasticNetCV,0.7987057070318438,,XGBRegressor,0.25880199852416325,,LGBMRegressor,0.062217917423796454,,STACK
2025-09-24,StackedEnsemble,BUY,0.0004557192769254481,True,STACK,ElasticNetCV,0.9002935875540389,0.9002935875540389,ElasticNetCV,0.9002935875540389,,XGBRegressor,-0.15880215333922854,,LGBMRegressor,0.32419813645098977,,STACK
