Currency,Model,Observations,Signal_Triggers,Hit_Rate_Pct,Information_Coefficient,Sharpe_Ratio,Maximum_Drawdown_Pct,Strategy_Total_Return_Pct,Average_Adj_R2,Average_Train_RMSE,Average_Validation_RMSE,Test_RMSE,Generalization_Gap,Best_Params,Best_Validation_RMSE,Best_Alpha,Best_L1_Ratio,Best_N_Estimators,Best_Max_Depth,Best_Learning_Rate,Best_Subsample
AUD,OLS,6427,227,50.22026431718062,-0.006757688915273431,0.147739901532067,-15.810809962151817,17.051739285346468,0.3818406443745962,0.5480972927929587,0.5576674882869868,0.5936660029415071,0.04556871014854835,{},0.34663460539563695,,,,,,
AUD,RidgeCV,6427,222,46.846846846846844,-0.005577641341420203,0.08643841909881948,-17.849179769387856,8.03927288482431,0.37317185331199143,0.5528028660624026,0.5529699867913991,0.6003442878862802,0.04754142182387766,"{""alpha"": 28.48035868435799}",0.34653905125577433,28.48035868435799,,,,,
AUD,ElasticNetCV,6427,229,52.40174672489083,-0.002732322690116982,0.13621721034658468,-21.18579350939227,15.243769178293597,0.3632198217749043,0.5564469437268599,0.5526125374550888,0.6050013949606541,0.048554451233794205,"{""alpha"": 0.05336699231206307, ""l1_ratio"": 0.1}",0.34836972643413605,0.05336699231206307,0.1,,,,
AUD,LassoCV,6427,229,50.65502183406113,0.0031770656007512393,0.17758143612717128,-17.19368778368181,21.761864486977277,0.3648514726501017,0.5560683967337829,0.5543092008305246,0.6070783542371863,0.051009957503403314,"{""alpha"": 0.01519911082952933}",0.3486994741255086,0.01519911082952933,,,,,
AUD,LGBMRegressor,6427,203,49.26108374384236,-0.03820099804576109,0.2530255235870803,-13.306786559773077,30.249089360730252,0.4279455567210313,0.5276329570185497,0.57015358088115,0.6332146883203065,0.10558173130175674,"{""learning_rate"": 0.1, ""max_depth"": 2, ""n_estimators"": 200, ""subsample"": 0.8}",0.3600851607879113,,,200.0,2.0,0.1,0.8
AUD,XGBRegressor,6427,200,51.0,-0.025845850664387108,0.24836063811889098,-15.099500732298344,28.914607371662605,0.462709302100671,0.5085909803407345,0.5668357514024152,0.6325657184998881,0.12397473815915361,"{""learning_rate"": 0.1, ""max_depth"": 2, ""n_estimators"": 200, ""subsample"": 0.8}",0.361009323732691,,,200.0,2.0,0.1,0.8
