Date,Model,Signal,Forward_10d_Return,Hit,Attribution_Method,Largest_Attribution_Driver,Largest_Attribution_Value,Largest_Attribution_Abs,Driver_1_Name,Driver_1_Beta,Driver_1_SHAP,Driver_2_Name,Driver_2_Beta,Driver_2_SHAP,Driver_3_Name,Driver_3_Beta,Driver_3_SHAP,Dominant_Attribution_Method
2001-12-18,OLS,BUY,0.0148111298291633,True,BETA,MSCI World - Wilshire,-0.2664038038412818,0.2664038038412818,Gold,-0.2482690219582687,,MSCI World - Wilshire,-0.2664038038412818,,,,,
2002-02-05,OLS,SELL,-0.0205478695800993,True,BETA,Gold,-0.2307286286251403,0.2307286286251403,Gold,-0.2307286286251403,,MSCI World - Wilshire,-0.1843644984786892,,,,,
2002-03-14,OLS,BUY,0.0119690240291538,True,BETA,MSCI World - Wilshire,-0.2556194472329401,0.2556194472329401,MSCI World - Wilshire,-0.2556194472329401,,Gold,-0.1994397487170408,,,,,
2002-08-06,OLS,SELL,-0.0398550724637681,True,BETA,MSCI World - Wilshire,-0.3090544122492624,0.3090544122492624,MSCI World - Wilshire,-0.3090544122492624,,Gold,-0.2142056100634758,,Real 2y yield,-0.1804281133080383,,
2002-10-17,OLS,SELL,-0.0289203840376199,True,BETA,MSCI World - Wilshire,-0.3408722665474465,0.3408722665474465,Gold,-0.2178163755085255,,MSCI World - Wilshire,-0.3408722665474465,,Real 2y yield,-0.3345348634067918,,
2003-01-20,OLS,BUY,0.0118439861139472,True,BETA,Real 2y yield,-0.6007622968576886,0.6007622968576886,Gold,-0.2345857403546711,,MSCI World - Dow Jones,-0.2147126866291435,,Real 2y yield,-0.6007622968576886,,
2003-03-17,OLS,SELL,-0.0112176218641647,True,BETA,Gold,-0.3183956198344838,0.3183956198344838,Gold,-0.3183956198344838,,MSCI World - Dow Jones,-0.14646486233654,,Real 2y yield,-0.1305166760373597,,
2003-05-23,OLS,BUY,0.0489244727513069,True,BETA,Gold,-0.2832605890214719,0.2832605890214719,Gold,-0.2832605890214719,,MSCI World - Dow Jones,-0.1791682865190931,,Real 2y yield,-0.1821443697828261,,
2003-07-11,OLS,SELL,-0.0298793412685471,True,BETA,Gold,-0.2913328207897429,0.2913328207897429,Gold,-0.2913328207897429,,MSCI World - Dow Jones,-0.2065216569921978,,Real 2y yield,-0.2348047242144282,,
2003-12-05,OLS,BUY,0.0121048991007788,True,BETA,MSCI World - Dow Jones,-0.3407494727878031,0.3407494727878031,MSCI World - Dow Jones,-0.3407494727878031,,Gold,-0.2726205407936587,,Real 2y yield,-0.1953849403409733,,
2004-01-28,OLS,SELL,-0.0097589636295892,True,BETA,Real 2y yield,-1.0070412298988702,1.0070412298988702,Real 2y yield,-1.0070412298988702,,MSCI World - S&P500,-0.4248746069267313,,Gold,-0.2785857866033071,,
2004-05-04,OLS,BUY,0.0188915392997024,True,BETA,Real 2y yield,-1.094326280910782,1.094326280910782,Gold,-0.3658089519004191,,Real 2y yield,-1.094326280910782,,MSCI World - S&P500,-0.2827146872517028,,
2004-07-01,OLS,SELL,-0.0143121955425271,True,BETA,Real 2y yield,-0.8199164481356871,0.8199164481356871,Gold,-0.3998803109975611,,MSCI World - S&P500,-0.2902894583299739,,Real 2y yield,-0.8199164481356871,,
2004-11-26,OLS,BUY,0.0168838619785263,True,BETA,Real 2y yield,-0.8643073068677111,0.8643073068677111,Gold,-0.4494712525621851,,MSCI World ex-US,-0.0342876860097251,,Real 2y yield,-0.8643073068677111,,
2005-02-07,OLS,SELL,-0.0337261957400093,True,BETA,Real 2y yield,-0.6235075126354623,0.6235075126354623,Gold,-0.4553087484636829,,MSCI World - Dow Jones,-0.1682636379740037,,Real 2y yield,-0.6235075126354623,,
2005-02-10,OLS,SELL,-0.0449261414845025,True,BETA,Real 2y yield,-0.6528064517668154,0.6528064517668154,Gold,-0.4498936193366029,,MSCI World - Dow Jones,-0.1751536647816657,,Real 2y yield,-0.6528064517668154,,
2005-05-31,OLS,BUY,0.0136636148161919,True,BETA,Gold,-0.5263434107683406,0.5263434107683406,Gold,-0.5263434107683406,,MSCI World ex-US,-0.0680580350103523,,Real 2y yield,-0.4135342514224003,,
2005-06-07,OLS,BUY,0.008120559069259,True,BETA,Gold,-0.5095557456709522,0.5095557456709522,Gold,-0.5095557456709522,,MSCI World ex-US,-0.0925714019013462,,Real 2y yield,-0.3955918549071082,,
2005-12-28,OLS,SELL,-0.0249150622876558,True,BETA,Gold,-0.3419917388823273,0.3419917388823273,Gold,-0.3419917388823273,,MSCI World ex-US,-0.2386890102411039,,,,,
2006-02-07,OLS,BUY,0.0071489336298373,True,BETA,Gold,-0.2693931075754047,0.2693931075754047,MSCI World ex-US,-0.2394709569588088,,Gold,-0.2693931075754047,,,,,
2006-08-14,OLS,SELL,-0.0027902847358741,True,BETA,Real 2y yield,-0.6138335638332283,0.6138335638332283,MSCI World - Dow Jones,-0.381171565731111,,Real 2y yield,-0.6138335638332283,,Gold,-0.1219801655641286,,
2006-10-06,OLS,SELL,-0.0003289719626168,True,BETA,MSCI World - Dow Jones,-0.3875310684048147,0.3875310684048147,MSCI World - Dow Jones,-0.3875310684048147,,Gold,-0.1109924443821959,,Real 2y yield,-0.1807322771830028,,
2007-04-17,OLS,BUY,0.0018115942028986,True,BETA,MSCI World - Dow Jones,-0.3024650196176348,0.3024650196176348,Gold,-0.1421716318055037,,MSCI World - Dow Jones,-0.3024650196176348,,Real 2y yield,-0.2011115661237347,,
2007-04-24,OLS,BUY,0.0102952308856927,True,BETA,MSCI World - Dow Jones,-0.3043203062124664,0.3043203062124664,Gold,-0.1418812183716267,,MSCI World - Dow Jones,-0.3043203062124664,,Real 2y yield,-0.204966396983528,,
2007-04-27,OLS,BUY,0.0142295544654256,True,BETA,MSCI World - Dow Jones,-0.3059904195560729,0.3059904195560729,Gold,-0.1380818361782231,,MSCI World - Dow Jones,-0.3059904195560729,,Real 2y yield,-0.2091269168891913,,
2007-06-26,OLS,SELL,-0.0287390029325512,True,BETA,Real 2y yield,-0.2488045112505721,0.2488045112505721,Gold,-0.1539564056257013,,MSCI World ex-US,-0.2084954115224462,,Real 2y yield,-0.2488045112505721,,
2007-09-18,OLS,SELL,-0.0233516236394711,True,BETA,Gold,-0.2090801588257927,0.2090801588257927,Gold,-0.2090801588257927,,MSCI World ex-US,-0.1835365500972704,,,,,
2008-04-14,OLS,BUY,0.0162900263515131,True,BETA,Gold,-0.3361483534084066,0.3361483534084066,Gold,-0.3361483534084066,,MSCI World ex-US,-0.1779104563564262,,VIX Index,0.000863920515666,,
2008-06-13,OLS,SELL,-0.0319175383909277,True,BETA,Gold,-0.3576487057442831,0.3576487057442831,Gold,-0.3576487057442831,,MSCI World ex-US,-0.1707761488005239,,,,,
2008-10-21,OLS,SELL,-0.0425587278641128,True,BETA,Gold,-0.2334940534096178,0.2334940534096178,Gold,-0.2334940534096178,,MSCI World ex-US,-0.1860338186295362,,JPMVG71M Index,0.031282788180122,,
2008-11-13,OLS,BUY,0.0102070532048108,True,BETA,Copper LME,-0.1481748433952595,0.1481748433952595,Copper LME,-0.1481748433952595,,MSCI World ex-US,-0.136906338465109,,,,,
2008-11-24,OLS,BUY,0.0166830509454691,True,BETA,Copper LME,-0.1503759228560562,0.1503759228560562,Copper LME,-0.1503759228560562,,MSCI World ex-US,-0.1329169841061881,,,,,
2008-12-17,OLS,BUY,0.0610980559709464,True,BETA,MSCI World ex-US,-0.1512755210903871,0.1512755210903871,Copper LME,-0.1491878748778762,,MSCI World ex-US,-0.1512755210903871,,,,,
2009-08-20,OLS,BUY,0.0070663740356478,True,BETA,2y yield,-0.6478847124667448,0.6478847124667448,BCOM Index,-0.3108452058353277,,MSCI World ex-US,-0.1754777476824754,,2y yield,-0.6478847124667448,,
2010-03-25,OLS,SELL,-0.024312671114973,True,BETA,2y yield,1.7496936858610648,1.7496936858610648,MSCI World ex-US,-0.3682843294778601,,Oil,-0.1141877975627515,,2y yield,1.7496936858610648,,
2010-09-14,OLS,SELL,-0.0328275314886442,True,BETA,2y yield,-2.264164302782507,2.264164302782507,BCOM Index,-0.2007261337258266,,MSCI World ex-US,-0.3746037899382555,,2y yield,-2.264164302782507,,
2010-11-26,OLS,SELL,-0.0243379366368805,True,BETA,2y yield,-2.4850036526382038,2.4850036526382038,MSCI World ex-US,-0.3983517574137002,,Oil,-0.0886452437788121,,2y yield,-2.4850036526382038,,
2011-02-24,OLS,BUY,0.0066566994162038,True,BETA,MSCI World ex-US,-0.4002489992331969,0.4002489992331969,MSCI World ex-US,-0.4002489992331969,,Oil,-0.1114896086854242,,VIX Index,-0.0001090764849692,,
2011-05-24,OLS,SELL,-0.0400639873463225,True,BETA,MSCI World ex-US,-0.4175404323160461,0.4175404323160461,MSCI World ex-US,-0.4175404323160461,,Oil,-0.1265512372691522,,,,,
2011-06-15,OLS,SELL,-0.030819388655727,True,BETA,MSCI World ex-US,-0.4425981904608597,0.4425981904608597,MSCI World ex-US,-0.4425981904608597,,Oil,-0.1316015050965898,,,,,
2011-07-12,OLS,SELL,-0.0450080371494909,True,BETA,MSCI World ex-US,-0.4353077590131819,0.4353077590131819,MSCI World ex-US,-0.4353077590131819,,Oil,-0.1293982613640054,,VIX Index,0.0019379904790967,,
2011-08-03,OLS,BUY,0.0049773502600525,True,BETA,MSCI World ex-US,-0.4338615758766483,0.4338615758766483,MSCI World ex-US,-0.4338615758766483,,Oil,-0.1262337939900473,,5y yield,-0.0185080591843289,,
2011-12-15,OLS,SELL,-0.0002001334222816,True,BETA,5y yield,-2.9346387630468973,2.9346387630468973,MSCI World ex-US,-0.2617342225391394,,BCOM Index,-0.1636365350378898,,5y yield,-2.9346387630468973,,
2012-01-11,OLS,SELL,-0.0319398934233609,True,BETA,5y yield,-3.3445910990291794,3.3445910990291794,5y yield,-3.3445910990291794,,MSCI World ex-US,-0.243953384687617,,BCOM Index,-0.1699390960137484,,
2012-01-30,OLS,SELL,-0.0163548187383917,True,BETA,5y yield,-3.791110054435552,3.791110054435552,MSCI World ex-US,-0.2405561406656678,,BCOM Index,-0.1681172134920337,,5y yield,-3.791110054435552,,
2012-07-13,OLS,SELL,-0.0088700157397692,True,BETA,5y yield,-0.6265383772626236,0.6265383772626236,MSCI World ex-US,-0.2664357653526727,,BCOM Index,-0.1522873122333524,,5y yield,-0.6265383772626236,,
2012-10-25,OLS,SELL,-0.0089349102180049,True,BETA,MSCI World ex-US,-0.2798622461286963,0.2798622461286963,MSCI World ex-US,-0.2798622461286963,,Copper LME,-0.0517290125901255,,VIX Index,0.0063988380763777,,
2013-01-15,OLS,SELL,-0.013091026630991,True,BETA,2y yield,0.9767224326646622,0.9767224326646622,MSCI World ex-US,-0.2507144918080943,,Copper LME,-0.0770289984949296,,2y yield,0.9767224326646622,,
2013-01-18,OLS,SELL,-0.02591025160265,True,BETA,2y yield,1.064483534965944,1.064483534965944,MSCI World ex-US,-0.2545848334573848,,Copper LME,-0.0691082384496954,,2y yield,1.064483534965944,,
2013-03-19,OLS,SELL,-0.0034949460339214,True,BETA,2y yield,-3.089145425145189,3.089145425145189,MSCI World ex-US,-0.1690848636878213,,Copper LME,-0.1149219436536679,,2y yield,-3.089145425145189,,
2013-04-05,OLS,BUY,0.016300458995794,True,BETA,2y yield,-6.293330790384414,6.293330790384414,MSCI World ex-US,-0.1520023057412533,,Copper LME,-0.1326505325911385,,2y yield,-6.293330790384414,,
2013-12-03,OLS,BUY,0.0022633711108559,True,BETA,2y yield,8.133181095117779,8.133181095117779,MSCI World ex-US,-0.2876372087765573,,BCOM Index,-0.2885711299313053,,2y yield,8.133181095117779,,
2014-03-17,OLS,BUY,0.0061833151306391,True,BETA,2y yield,7.988747896930151,7.988747896930151,MSCI World ex-US,-0.3115520424764295,,2y yield,7.988747896930151,,BCOM Index,-0.2271661166336409,,
2014-12-15,OLS,SELL,-0.003046458492003,True,BETA,5y yield,4.287858785132786,4.287858785132786,5y yield,4.287858785132786,,Gold,-0.0764132471902604,,MSCI World ex-US,-0.2550764834810012,,
2015-01-06,OLS,SELL,-0.0095266371487212,True,BETA,5y yield,3.8736816630009807,3.8736816630009807,5y yield,3.8736816630009807,,Gold,-0.1098540902962079,,MSCI World ex-US,-0.2686464005946531,,
2015-05-12,OLS,BUY,0.0359962067077161,True,BETA,5y yield,3.0239708918611528,3.0239708918611528,MSCI World ex-US,-0.3267566092128346,,Gold,-0.1471559504419377,,5y yield,3.0239708918611528,,
2015-09-10,OLS,BUY,0.0328750381912619,True,BETA,Real 2y yield,-0.5143652937097667,0.5143652937097667,Gold,-0.3008155606869911,,MSCI World ex-US,-0.293508411773021,,Real 2y yield,-0.5143652937097667,,
2015-09-17,OLS,BUY,0.0443932183224271,True,BETA,Real 2y yield,-0.5235941187597166,0.5235941187597166,Gold,-0.3025049672660308,,MSCI World ex-US,-0.2850833015153481,,Real 2y yield,-0.5235941187597166,,
2016-02-09,OLS,BUY,0.0026906456384749,True,BETA,2y yield,4.048397333450961,4.048397333450961,2y yield,4.048397333450961,,BCOM Index,-0.3030457098015583,,MSCI World ex-US,-0.1445256532875672,,
2016-06-23,OLS,BUY,0.0445606540472858,True,BETA,Real 2y yield,-1.4225681004839776,1.4225681004839776,BCOM Index,-0.2504597600363176,,MSCI World ex-US,-0.1288078984345101,,Real 2y yield,-1.4225681004839776,,
2016-10-25,OLS,SELL,-0.006459012435108,True,BETA,MSCI World ex-US,-0.2508256724361795,0.2508256724361795,BCOM Index,-0.2475893453590443,,MSCI World ex-US,-0.2508256724361795,,,,,
2017-03-31,OLS,SELL,-0.0016165610280862,True,BETA,5y yield,6.509243607153163,6.509243607153163,MSCI World ex-US,-0.3974783429332444,,BCOM Index,-0.1791616165402143,,5y yield,6.509243607153163,,
2017-04-05,OLS,SELL,-0.003507508623593,True,BETA,5y yield,6.487320434613756,6.487320434613756,MSCI World ex-US,-0.400115980585323,,BCOM Index,-0.1761893663658696,,5y yield,6.487320434613756,,
2017-05-22,OLS,BUY,0.0132639355271995,True,BETA,5y yield,6.782870583185092,6.782870583185092,MSCI World ex-US,-0.4215001004654835,,Oil,-0.0735218840772237,,5y yield,6.782870583185092,,
2017-05-24,OLS,BUY,0.0197339991357372,True,BETA,5y yield,6.546032236697869,6.546032236697869,MSCI World ex-US,-0.4178252724665318,,BCOM Index,-0.1747106068022281,,5y yield,6.546032236697869,,
2017-07-31,OLS,BUY,0.0110760700933389,True,BETA,5y yield,4.796604138223384,4.796604138223384,Gold,-0.2211915912699569,,MSCI World ex-US,-0.3299689842028226,,5y yield,4.796604138223384,,
2017-10-27,OLS,SELL,-0.0016692032009426,True,BETA,5y yield,3.9366828355726193,3.9366828355726193,Gold,-0.2551558117655232,,5y yield,3.9366828355726193,,MSCI World ex-US,-0.3016774152114809,,
2018-07-06,OLS,BUY,0.0184424188085274,True,BETA,Gold,-0.4193128103182689,0.4193128103182689,Gold,-0.4193128103182689,,MSCI World ex-US,-0.1458429075743991,,VIX Index,0.0086658848497568,,
2018-09-26,OLS,BUY,0.015374183207989,True,BETA,Gold,-0.4068894983498932,0.4068894983498932,Gold,-0.4068894983498932,,MSCI World ex-US,-0.1990870888703001,,,,,
2018-11-20,OLS,SELL,-0.0082431676149613,True,BETA,Real 2y yield,1.4400702059769137,1.4400702059769137,Gold,-0.3660341689109378,,MSCI World ex-US,-0.2007801644991229,,Real 2y yield,1.4400702059769137,,
2018-11-23,OLS,SELL,-0.0106202307835474,True,BETA,Real 2y yield,1.416293317222424,1.416293317222424,Gold,-0.374595747086842,,MSCI World ex-US,-0.2134680150827821,,Real 2y yield,1.416293317222424,,
2019-06-18,OLS,SELL,-0.0204333657309472,True,BETA,MSCI World ex-US,-0.2958778072785218,0.2958778072785218,MSCI World ex-US,-0.2958778072785218,,Copper LME,-0.0913436619023545,,Real 2y yield,0.2337011689346585,,
2019-08-29,OLS,SELL,-0.0137415489473973,True,BETA,MSCI World ex-US,-0.2674952375926542,0.2674952375926542,MSCI World ex-US,-0.2674952375926542,,Copper LME,-0.1194873595663573,,,,,
2019-09-09,OLS,BUY,0.0135925593904078,True,BETA,MSCI World ex-US,-0.2547553032877938,0.2547553032877938,Copper LME,-0.1398270962260902,,MSCI World ex-US,-0.2547553032877938,,,,,
2020-01-06,OLS,BUY,0.0152616196422274,True,BETA,MSCI World ex-US,-0.2845559194886295,0.2845559194886295,MSCI World ex-US,-0.2845559194886295,,BCOM Index,-0.1978467031372114,,,,,
2020-03-02,OLS,BUY,0.1061354513070524,True,BETA,MSCI World ex-US,-0.1771408520602153,0.1771408520602153,Copper LME,-0.1432678649744888,,MSCI World ex-US,-0.1771408520602153,,,,,
2020-03-06,OLS,BUY,0.2639950758066605,True,BETA,MSCI World ex-US,-0.1899860847973039,0.1899860847973039,Copper LME,-0.1450370203650183,,MSCI World ex-US,-0.1899860847973039,,,,,
2020-03-18,OLS,SELL,-0.0739257907650335,True,BETA,MSCI EM,-0.2305615799549831,0.2305615799549831,Copper LME,-0.1248157718328551,,MSCI EM,-0.2305615799549831,,VIX Index,0.0126918635223858,,
2020-07-13,OLS,SELL,-0.0381894135688224,True,BETA,MSCI World ex-US,-0.3678812837828988,0.3678812837828988,MSCI World ex-US,-0.3678812837828988,,Copper LME,-0.2005375065706372,,MOVE Index,0.0023269877590872,,
2021-01-19,OLS,BUY,0.0071294778740342,True,BETA,MSCI World ex-US,-0.3993502088534126,0.3993502088534126,MSCI World ex-US,-0.3993502088534126,,BCOM Index,-0.258414657362524,,MOVE Index,-0.0001376036410229,,
2021-09-23,OLS,BUY,8.157177150591721e-05,True,BETA,5y yield,4.787016942182524,4.787016942182524,MSCI World ex-US,-0.4993364812128819,,Oil,-0.0894675656476216,,5y yield,4.787016942182524,,
2022-01-03,OLS,SELL,-0.0155621415129421,True,BETA,Real 2y yield,-0.5481989185237989,0.5481989185237989,MSCI World ex-US,-0.448151782922132,,Oil,-0.0947846794669978,,Real 2y yield,-0.5481989185237989,,
2022-03-30,OLS,BUY,0.0215318543069544,True,BETA,5y yield,2.063970373673304,2.063970373673304,MSCI World ex-US,-0.3580020105891551,,Copper LME,-0.117965380406628,,5y yield,2.063970373673304,,
2022-04-08,OLS,BUY,0.030209327187245,True,BETA,5y yield,2.4472230944470983,2.4472230944470983,MSCI World ex-US,-0.366286696268384,,Copper LME,-0.1134238649724468,,5y yield,2.4472230944470983,,
2022-05-11,OLS,SELL,-0.0177234404808304,True,BETA,5y yield,2.574931189119883,2.574931189119883,MSCI World ex-US,-0.3908272727113233,,Copper LME,-0.1088652730307896,,5y yield,2.574931189119883,,
2022-05-18,OLS,SELL,-0.0421502378715795,True,BETA,MSCI World ex-US,-0.402346422742681,0.402346422742681,MSCI World ex-US,-0.402346422742681,,Copper LME,-0.0977342547181347,,VIX Index,0.0019270936880881,,
2022-09-26,OLS,SELL,-0.0114595174064524,True,BETA,MSCI World ex-US,-0.4119617199226916,0.4119617199226916,MSCI World ex-US,-0.4119617199226916,,Copper LME,-0.0957882814079191,,MOVE Index,0.0009639846658903,,
2022-09-30,OLS,SELL,-0.0190424574231595,True,BETA,MSCI World ex-US,-0.4216546532227952,0.4216546532227952,MSCI World ex-US,-0.4216546532227952,,Copper LME,-0.0985726306106174,,Real 2y yield,-0.1395989098395454,,
2022-12-13,OLS,BUY,0.0053798633555619,True,BETA,5y yield,3.235670891478956,3.235670891478956,MSCI World ex-US,-0.4151582468371914,,Copper LME,-0.1322504040991418,,5y yield,3.235670891478956,,
2023-11-24,OLS,BUY,0.0161195643058804,True,BETA,2y yield,2.829195582519919,2.829195582519919,BCOM Index,-0.3532996947691192,,MSCI World ex-US,-0.3796539426757524,,2y yield,2.829195582519919,,
2024-05-27,OLS,BUY,0.013869176327145,True,BETA,2y yield,4.795174050276823,4.795174050276823,2y yield,4.795174050276823,,MSCI World ex-US,-0.377228751122767,,BCOM Index,-0.3115775241221179,,
2024-05-30,OLS,BUY,0.0103712411360963,True,BETA,2y yield,4.892065611956161,4.892065611956161,2y yield,4.892065611956161,,MSCI World ex-US,-0.3765685036939546,,BCOM Index,-0.2982612444557234,,
2024-07-23,OLS,SELL,-0.0096505310513091,True,BETA,2y yield,4.73581523408246,4.73581523408246,2y yield,4.73581523408246,,MSCI World ex-US,-0.3419536092809676,,BCOM Index,-0.2785855256911919,,
2024-12-17,OLS,BUY,0.0173057679937103,True,BETA,5y yield,5.024611092883578,5.024611092883578,5y yield,5.024611092883578,,MSCI World ex-US,-0.2941496517928796,,BCOM Index,-0.2338404752709044,,
2024-12-20,OLS,BUY,0.0038690528770559,True,BETA,5y yield,5.060103579096014,5.060103579096014,5y yield,5.060103579096014,,MSCI World ex-US,-0.2894762943914773,,BCOM Index,-0.2300584540156233,,
2025-03-24,OLS,BUY,0.0425317610391586,True,BETA,5y yield,4.13354501407728,4.13354501407728,5y yield,4.13354501407728,,MSCI World ex-US,-0.2653547971948017,,BCOM Index,-0.2345570967676437,,
2025-03-27,OLS,BUY,0.0322906925704689,True,BETA,5y yield,3.960184996440301,3.960184996440301,MSCI World ex-US,-0.2611451207307881,,5y yield,3.960184996440301,,BCOM Index,-0.2356912619303726,,
2025-04-21,OLS,BUY,0.0007226617076014,True,BETA,5y yield,3.57399207362706,3.57399207362706,MSCI World ex-US,-0.2068922301851686,,BCOM Index,-0.3099192845734589,,5y yield,3.57399207362706,,
2025-09-16,OLS,BUY,0.0229352164568621,True,BETA,5y yield,3.0753305145828933,3.0753305145828933,Copper LME,-0.1803874727315144,,MSCI World ex-US,-0.1675610992117718,,5y yield,3.0753305145828933,,
2025-11-04,OLS,SELL,-0.0111028505468275,True,BETA,5y yield,2.933783707003244,2.933783707003244,MSCI World ex-US,-0.2069201322778714,,BCOM Index,-0.3189369410467446,,5y yield,2.933783707003244,,
2001-12-18,RidgeCV,BUY,0.0148111298291633,True,BETA,Gold,-0.1881048164552747,0.1881048164552747,Gold,-0.1881048164552747,,MSCI World - Wilshire,-0.1538146241000919,,,,,
2002-08-06,RidgeCV,SELL,-0.0398550724637681,True,BETA,MSCI World - Wilshire,-0.1776418441728758,0.1776418441728758,MSCI World - Wilshire,-0.1776418441728758,,Gold,-0.1765399997735485,,Real 2y yield,-0.0165868192213555,,
2002-10-17,RidgeCV,SELL,-0.0289203840376199,True,BETA,MSCI World - Wilshire,-0.174400826601701,0.174400826601701,Gold,-0.1702033260275102,,MSCI World - Wilshire,-0.174400826601701,,Real 2y yield,-0.0359395843658537,,
2003-03-17,RidgeCV,SELL,-0.0112176218641647,True,BETA,Gold,-0.2632171051938441,0.2632171051938441,Gold,-0.2632171051938441,,MSCI World - Dow Jones,-0.0996860222646222,,Real 2y yield,-0.0695640792925542,,
2003-05-23,RidgeCV,BUY,0.0489244727513069,True,BETA,Gold,-0.2380936870360353,0.2380936870360353,Gold,-0.2380936870360353,,MSCI World - Dow Jones,-0.1150894361120651,,Real 2y yield,-0.0981620357436262,,
2003-07-11,RidgeCV,SELL,-0.0298793412685471,True,BETA,Gold,-0.2498228606521163,0.2498228606521163,Gold,-0.2498228606521163,,MSCI World - Dow Jones,-0.1214160050259194,,Real 2y yield,-0.1350419079078834,,
2003-12-04,RidgeCV,BUY,0.0037640592092489,True,BETA,Gold,-0.2480217268567144,0.2480217268567144,MSCI World - Dow Jones,-0.2198314626162012,,Gold,-0.2480217268567144,,Real 2y yield,-0.1834004476929592,,
2004-01-28,RidgeCV,SELL,-0.0097589636295892,True,BETA,Real 2y yield,-0.3087509963427935,0.3087509963427935,Real 2y yield,-0.3087509963427935,,MSCI World - S&P500,-0.2424664384137086,,Gold,-0.2688246225109788,,
2004-05-04,RidgeCV,BUY,0.0188915392997024,True,BETA,Gold,-0.3754795596314242,0.3754795596314242,Gold,-0.3754795596314242,,Real 2y yield,-0.1934546393324653,,MSCI World - S&P500,-0.1227578483838723,,
2004-07-01,RidgeCV,SELL,-0.0143121955425271,True,BETA,Gold,-0.410634120419276,0.410634120419276,Gold,-0.410634120419276,,MSCI World - S&P500,-0.1246560100647738,,Real 2y yield,-0.1468177099214674,,
2004-11-26,RidgeCV,BUY,0.0168838619785263,True,BETA,Gold,-0.4381550961320074,0.4381550961320074,Gold,-0.4381550961320074,,MSCI World ex-US,-0.0341926459220496,,Real 2y yield,-0.1129402548867512,,
2005-02-07,RidgeCV,SELL,-0.0337261957400093,True,BETA,Gold,-0.3962100254409353,0.3962100254409353,Gold,-0.3962100254409353,,MSCI World - Dow Jones,-0.0760135796236172,,Real 2y yield,-0.0879109522881849,,
2005-05-31,RidgeCV,BUY,0.0136636148161919,True,BETA,Gold,-0.4733631427360725,0.4733631427360725,Gold,-0.4733631427360725,,MSCI World ex-US,-0.0593397396415121,,Real 2y yield,-0.0673717766895525,,
2005-06-28,RidgeCV,SELL,-0.0200443068705995,True,BETA,Gold,-0.4400318637854591,0.4400318637854591,Gold,-0.4400318637854591,,MSCI World ex-US,-0.1009125942018505,,Real 2y yield,-0.0546417831509294,,
2006-02-07,RidgeCV,BUY,0.0071489336298373,True,BETA,Gold,-0.1951403618554463,0.1951403618554463,MSCI World ex-US,-0.1466527044631235,,Gold,-0.1951403618554463,,,,,
2006-08-14,RidgeCV,SELL,-0.0027902847358741,True,BETA,MSCI World - Dow Jones,-0.1312769355181703,0.1312769355181703,MSCI World - Dow Jones,-0.1312769355181703,,Real 2y yield,-0.074866308933085,,Gold,-0.1146580488348407,,
2006-10-06,RidgeCV,SELL,-0.0003289719626168,True,BETA,MSCI World - Dow Jones,-0.1307297054615048,0.1307297054615048,MSCI World - Dow Jones,-0.1307297054615048,,Gold,-0.1106226827641076,,Real 2y yield,-0.0436363884694813,,
2006-10-11,RidgeCV,SELL,-0.0223471976970218,True,BETA,MSCI World - Dow Jones,-0.1360331398045395,0.1360331398045395,MSCI World - Dow Jones,-0.1360331398045395,,Gold,-0.1098419007080804,,Real 2y yield,-0.0459155533279587,,
2006-10-13,RidgeCV,SELL,-0.0298434442270058,True,BETA,MSCI World - Dow Jones,-0.1348396544118905,0.1348396544118905,MSCI World - Dow Jones,-0.1348396544118905,,Gold,-0.109616593614727,,Real 2y yield,-0.045818670690746,,
2007-04-24,RidgeCV,BUY,0.0102952308856927,True,BETA,Gold,-0.2039371782047025,0.2039371782047025,Gold,-0.2039371782047025,,MSCI World - Dow Jones,-0.1288319739345856,,Real 2y yield,-0.1149018425632392,,
2007-04-27,RidgeCV,BUY,0.0142295544654256,True,BETA,Gold,-0.198580510177395,0.198580510177395,Gold,-0.198580510177395,,MSCI World - Dow Jones,-0.1297302078635896,,Real 2y yield,-0.1166160264295626,,
2007-06-26,RidgeCV,SELL,-0.0287390029325512,True,BETA,Gold,-0.2252712295675642,0.2252712295675642,Gold,-0.2252712295675642,,MSCI World ex-US,-0.1711800783319115,,Real 2y yield,-0.127803402677555,,
2007-09-18,RidgeCV,SELL,-0.0233516236394711,True,BETA,Gold,-0.2685268348964674,0.2685268348964674,Gold,-0.2685268348964674,,MSCI World ex-US,-0.1380311129775239,,,,,
2008-06-12,RidgeCV,SELL,-0.0277804516489229,True,BETA,Gold,-0.398347800577111,0.398347800577111,Gold,-0.398347800577111,,MSCI World ex-US,-0.1560441801284915,,,,,
2008-11-13,RidgeCV,BUY,0.0102070532048108,True,BETA,Copper LME,-0.3205873293583297,0.3205873293583297,Copper LME,-0.3205873293583297,,MSCI World ex-US,-0.190168985439258,,,,,
2008-12-17,RidgeCV,BUY,0.0610980559709464,True,BETA,Copper LME,-0.3463289376946579,0.3463289376946579,Copper LME,-0.3463289376946579,,MSCI World ex-US,-0.2154929488385636,,,,,
2009-03-02,RidgeCV,SELL,-0.0481850751242812,True,BETA,BCOM Index,-0.4047494970896515,0.4047494970896515,BCOM Index,-0.4047494970896515,,MSCI World ex-US,-0.2765398686156782,,,,,
2009-08-20,RidgeCV,BUY,0.0070663740356478,True,BETA,BCOM Index,-0.5771983252874736,0.5771983252874736,BCOM Index,-0.5771983252874736,,MSCI World ex-US,-0.2759427365925181,,2y yield,-0.1022690298505808,,
2010-01-22,RidgeCV,BUY,0.0309281901153779,True,BETA,MSCI World ex-US,-0.655546983928159,0.655546983928159,MSCI World ex-US,-0.655546983928159,,Oil,-0.4183300564944284,,5y yield,0.062237343573265,,
2010-03-30,RidgeCV,SELL,-0.0190452345184443,True,BETA,MSCI World ex-US,-0.5322264518798079,0.5322264518798079,MSCI World ex-US,-0.5322264518798079,,Oil,-0.3699837346067108,,2y yield,0.1388110157703735,,
2010-06-07,RidgeCV,SELL,-0.0413579234565324,True,BETA,MSCI World ex-US,-0.3786360787735336,0.3786360787735336,BCOM Index,-0.3562494597866624,,MSCI World ex-US,-0.3786360787735336,,5y yield,-0.1179460755259878,,
2010-09-09,RidgeCV,SELL,-0.0365508656783976,True,BETA,MSCI World ex-US,-0.4571182786229074,0.4571182786229074,BCOM Index,-0.2896720461349251,,MSCI World ex-US,-0.4571182786229074,,2y yield,-0.2042776274987192,,
2010-09-14,RidgeCV,SELL,-0.0328275314886442,True,BETA,MSCI World ex-US,-0.4257425958551092,0.4257425958551092,BCOM Index,-0.2847833275614135,,MSCI World ex-US,-0.4257425958551092,,2y yield,-0.1606816829986195,,
2010-11-23,RidgeCV,SELL,-0.0162642906279687,True,BETA,MSCI World ex-US,-0.4290916214905341,0.4290916214905341,MSCI World ex-US,-0.4290916214905341,,Oil,-0.1912585678704421,,2y yield,-0.1314693555377336,,
2011-02-24,RidgeCV,BUY,0.0066566994162038,True,BETA,MSCI World ex-US,-0.4661452217446242,0.4661452217446242,MSCI World ex-US,-0.4661452217446242,,Oil,-0.2075992609048567,,VIX Index,0.0076528687121889,,
2011-04-27,RidgeCV,BUY,0.0457121197763668,True,BETA,MSCI World ex-US,-0.5078477347059592,0.5078477347059592,MSCI World ex-US,-0.5078477347059592,,Oil,-0.1597802995549095,,VIX Index,0.0283125246786411,,
2011-05-24,RidgeCV,SELL,-0.0400639873463225,True,BETA,MSCI World ex-US,-0.4891192757663867,0.4891192757663867,MSCI World ex-US,-0.4891192757663867,,Oil,-0.215742189420021,,,,,
2011-07-12,RidgeCV,SELL,-0.0450080371494909,True,BETA,MSCI World ex-US,-0.4839286962251383,0.4839286962251383,MSCI World ex-US,-0.4839286962251383,,Oil,-0.2147495034830915,,VIX Index,0.0142756600200951,,
2011-08-03,RidgeCV,BUY,0.0049773502600525,True,BETA,MSCI World ex-US,-0.4766403862169578,0.4766403862169578,MSCI World ex-US,-0.4766403862169578,,Oil,-0.2055035664784244,,5y yield,0.0005636593437311,,
2012-01-11,RidgeCV,SELL,-0.0319398934233609,True,BETA,MSCI World ex-US,-0.2790123405679109,0.2790123405679109,5y yield,-0.1987309441504247,,MSCI World ex-US,-0.2790123405679109,,BCOM Index,-0.1813074105104062,,
2012-05-30,RidgeCV,SELL,-0.0177102995486253,True,BETA,MSCI World ex-US,-0.316290475407353,0.316290475407353,BCOM Index,-0.1582740167259186,,MSCI World ex-US,-0.316290475407353,,5y yield,-0.1755003371889793,,
2013-01-18,RidgeCV,SELL,-0.02591025160265,True,BETA,MSCI World ex-US,-0.266488049811965,0.266488049811965,MSCI World ex-US,-0.266488049811965,,Copper LME,-0.1344217223771149,,2y yield,-0.0053514884178184,,
2013-03-20,RidgeCV,SELL,-0.0061903621874893,True,BETA,MSCI World ex-US,-0.1914411922183381,0.1914411922183381,MSCI World ex-US,-0.1914411922183381,,Copper LME,-0.1653783598923218,,2y yield,-0.0901330761374844,,
2013-03-25,RidgeCV,SELL,-0.0178437008143433,True,BETA,MSCI World ex-US,-0.1916097642690285,0.1916097642690285,MSCI World ex-US,-0.1916097642690285,,Copper LME,-0.1660486116997661,,2y yield,-0.0883995194603433,,
2013-04-05,RidgeCV,BUY,0.016300458995794,True,BETA,MSCI World ex-US,-0.2038534907499754,0.2038534907499754,MSCI World ex-US,-0.2038534907499754,,Copper LME,-0.1835849773990114,,2y yield,-0.1121682014122764,,
2013-07-09,RidgeCV,SELL,-0.0492620403935785,True,BETA,MSCI World ex-US,-0.2185613544164689,0.2185613544164689,MSCI World ex-US,-0.2185613544164689,,BCOM Index,-0.2104435653138278,,VIX Index,0.0592724753642993,,
2013-09-10,RidgeCV,BUY,0.0092576950366589,True,BETA,MSCI World ex-US,-0.2484950751134546,0.2484950751134546,MSCI World ex-US,-0.2484950751134546,,BCOM Index,-0.2183563104530887,,2y yield,0.1508649962916741,,
2013-09-12,RidgeCV,BUY,0.0167423044889771,True,BETA,MSCI World ex-US,-0.2589921358192414,0.2589921358192414,MSCI World ex-US,-0.2589921358192414,,BCOM Index,-0.2110301384350754,,2y yield,0.1577670555129441,,
2013-12-03,RidgeCV,BUY,0.0022633711108559,True,BETA,MSCI World ex-US,-0.2178187220133464,0.2178187220133464,MSCI World ex-US,-0.2178187220133464,,BCOM Index,-0.1842727608045505,,2y yield,0.1740486723692789,,
2013-12-10,RidgeCV,BUY,0.0076101009770388,True,BETA,MSCI World ex-US,-0.2171392178144993,0.2171392178144993,MSCI World ex-US,-0.2171392178144993,,BCOM Index,-0.1833611778971731,,2y yield,0.1738261125920313,,
2013-12-30,RidgeCV,BUY,0.0079909051965596,True,BETA,MSCI World ex-US,-0.2067639467672726,0.2067639467672726,MSCI World ex-US,-0.2067639467672726,,BCOM Index,-0.1748684384479328,,2y yield,0.1755073619159579,,
2014-03-10,RidgeCV,BUY,0.0106965341214402,True,BETA,MSCI World ex-US,-0.2551165590091724,0.2551165590091724,MSCI World ex-US,-0.2551165590091724,,2y yield,0.2105748637264801,,BCOM Index,-0.1430220405566419,,
2014-12-15,RidgeCV,SELL,-0.003046458492003,True,BETA,5y yield,0.166468275532576,0.166468275532576,5y yield,0.166468275532576,,Gold,-0.0950376949690991,,MSCI World ex-US,-0.1361058556333596,,
2015-01-06,RidgeCV,SELL,-0.0095266371487212,True,BETA,5y yield,0.1486417121076771,0.1486417121076771,5y yield,0.1486417121076771,,Gold,-0.1168154914146984,,MSCI World ex-US,-0.1464485929714945,,
2015-05-13,RidgeCV,BUY,0.0517736257784997,True,BETA,MSCI World ex-US,-0.179072948291311,0.179072948291311,MSCI World ex-US,-0.179072948291311,,Gold,-0.1395077768772963,,5y yield,0.1275806976848221,,
2015-05-15,RidgeCV,BUY,0.0633063798930071,True,BETA,MSCI World ex-US,-0.1818147430269329,0.1818147430269329,MSCI World ex-US,-0.1818147430269329,,Gold,-0.1456683076762455,,5y yield,0.1269042431309469,,
2015-09-10,RidgeCV,BUY,0.0328750381912619,True,BETA,Gold,-0.2573791981878354,0.2573791981878354,Gold,-0.2573791981878354,,MSCI World ex-US,-0.1969967842048981,,Real 2y yield,-0.138891627233851,,
2016-02-09,RidgeCV,BUY,0.0026906456384749,True,BETA,2y yield,0.3419623559392346,0.3419623559392346,2y yield,0.3419623559392346,,BCOM Index,-0.239009006478647,,MSCI World ex-US,-0.1334746760859174,,
2016-06-23,RidgeCV,BUY,0.0445606540472858,True,BETA,BCOM Index,-0.2456756425687042,0.2456756425687042,BCOM Index,-0.2456756425687042,,MSCI World ex-US,-0.1047152579685132,,Real 2y yield,-0.207282477631618,,
2016-06-27,RidgeCV,SELL,-0.0078618002822784,True,BETA,BCOM Index,-0.249932863468754,0.249932863468754,BCOM Index,-0.249932863468754,,MSCI World ex-US,-0.1075949185811777,,,,,
2016-11-18,RidgeCV,SELL,-0.0204131481610718,True,BETA,MSCI World ex-US,-0.2571102519979436,0.2571102519979436,MSCI World ex-US,-0.2571102519979436,,BCOM Index,-0.2164636471428238,,MOVE Index,0.0779983885607271,,
2016-11-23,RidgeCV,SELL,-0.0289442825463538,True,BETA,MSCI World ex-US,-0.2564994218758682,0.2564994218758682,MSCI World ex-US,-0.2564994218758682,,BCOM Index,-0.2021673612984588,,MOVE Index,0.0855205846685434,,
2017-01-30,RidgeCV,BUY,0.0090918930620198,True,BETA,MSCI World ex-US,-0.3801971593743292,0.3801971593743292,MSCI World ex-US,-0.3801971593743292,,BCOM Index,-0.2109088452086235,,5y yield,0.2380198788006626,,
2017-05-24,RidgeCV,BUY,0.0197339991357372,True,BETA,MSCI World ex-US,-0.4674578886105028,0.4674578886105028,MSCI World ex-US,-0.4674578886105028,,BCOM Index,-0.1602812382341487,,5y yield,0.2672705408416589,,
2018-07-09,RidgeCV,BUY,0.0212723534176584,True,BETA,Gold,-0.2555932299219838,0.2555932299219838,Gold,-0.2555932299219838,,MSCI World ex-US,-0.0972989416777538,,VIX Index,0.0110049016798543,,
2018-09-07,RidgeCV,SELL,-0.0358232969737122,True,BETA,Gold,-0.2559833708214438,0.2559833708214438,Gold,-0.2559833708214438,,MSCI World ex-US,-0.108259075477849,,Real 2y yield,0.0988077634125156,,
2018-11-20,RidgeCV,SELL,-0.0082431676149613,True,BETA,Gold,-0.2234584469024118,0.2234584469024118,Gold,-0.2234584469024118,,MSCI World ex-US,-0.1141351562981503,,Real 2y yield,0.1160622248946722,,
2018-11-22,RidgeCV,SELL,-0.0016982701069324,True,BETA,Gold,-0.2298620562021249,0.2298620562021249,Gold,-0.2298620562021249,,MSCI World ex-US,-0.1212244099488474,,Real 2y yield,0.1126933713184284,,
2018-11-30,RidgeCV,SELL,-0.0003016731255657,True,BETA,Gold,-0.2264826157235646,0.2264826157235646,Gold,-0.2264826157235646,,MSCI World ex-US,-0.1248256007074061,,Real 2y yield,0.1145443822589495,,
2018-12-18,RidgeCV,SELL,-0.0101002004008016,True,BETA,Gold,-0.2309538724224119,0.2309538724224119,Gold,-0.2309538724224119,,MSCI World ex-US,-0.1182489767974071,,Real 2y yield,0.1293089790407158,,
2019-06-18,RidgeCV,SELL,-0.0204333657309472,True,BETA,MSCI World ex-US,-0.1896131711028102,0.1896131711028102,MSCI World ex-US,-0.1896131711028102,,Copper LME,-0.1029236186615421,,Real 2y yield,0.0285318877218437,,
2019-08-29,RidgeCV,SELL,-0.0137415489473973,True,BETA,MSCI World ex-US,-0.1747723861107314,0.1747723861107314,MSCI World ex-US,-0.1747723861107314,,Copper LME,-0.1375119351304546,,,,,
2019-09-09,RidgeCV,BUY,0.0135925593904078,True,BETA,MSCI World ex-US,-0.1676669413816178,0.1676669413816178,Copper LME,-0.1565462691740104,,MSCI World ex-US,-0.1676669413816178,,,,,
2020-01-06,RidgeCV,BUY,0.0152616196422274,True,BETA,MSCI World ex-US,-0.160075713104857,0.160075713104857,MSCI World ex-US,-0.160075713104857,,BCOM Index,-0.1352898805274599,,,,,
2020-03-06,RidgeCV,BUY,0.2639950758066605,True,BETA,Copper LME,-0.1226049662157648,0.1226049662157648,Copper LME,-0.1226049662157648,,MSCI World ex-US,-0.1143967631114169,,,,,
2021-03-02,RidgeCV,BUY,0.0008495675465198,True,BETA,MSCI World ex-US,-0.6274780137817182,0.6274780137817182,MSCI World ex-US,-0.6274780137817182,,BCOM Index,-0.3344580742798089,,MOVE Index,0.2048388249117058,,
2021-03-09,RidgeCV,BUY,0.020094925500012,True,BETA,MSCI World ex-US,-0.655095452907508,0.655095452907508,MSCI World ex-US,-0.655095452907508,,BCOM Index,-0.2368659534251233,,MOVE Index,-0.0530836951384019,,
2021-03-17,RidgeCV,BUY,0.0164766580677373,True,BETA,MSCI World ex-US,-0.5604998283611522,0.5604998283611522,MSCI World ex-US,-0.5604998283611522,,BCOM Index,-0.2656154719797217,,,,,
2021-05-28,RidgeCV,SELL,-0.0032152803509318,True,BETA,MSCI World ex-US,-0.5413263578609995,0.5413263578609995,MSCI World ex-US,-0.5413263578609995,,Oil,-0.3418115367761243,,VIX Index,0.1123044484679031,,
2021-09-15,RidgeCV,BUY,0.0230238986668533,True,BETA,MSCI World ex-US,-0.5157887320051294,0.5157887320051294,2y yield,0.282525144321554,,MSCI World ex-US,-0.5157887320051294,,Oil,-0.2135147419656164,,
2021-09-23,RidgeCV,BUY,8.157177150591721e-05,True,BETA,MSCI World ex-US,-0.4855576608997444,0.4855576608997444,MSCI World ex-US,-0.4855576608997444,,Oil,-0.2495975614978872,,5y yield,0.1618713573313231,,
2022-03-07,RidgeCV,SELL,-0.0342554248799072,True,BETA,MSCI World ex-US,-0.31145340850346,0.31145340850346,MSCI World ex-US,-0.31145340850346,,Oil,-0.2256803719762566,,5y yield,0.0753488513436567,,
2022-03-10,RidgeCV,SELL,-0.0316710762807418,True,BETA,MSCI World ex-US,-0.286334786295592,0.286334786295592,MSCI World ex-US,-0.286334786295592,,Copper LME,-0.1554302037116159,,5y yield,0.0825940054451565,,
2022-03-30,RidgeCV,BUY,0.0215318543069544,True,BETA,MSCI World ex-US,-0.287691262672143,0.287691262672143,MSCI World ex-US,-0.287691262672143,,Copper LME,-0.1573671915509977,,5y yield,0.0814099699070526,,
2022-05-10,RidgeCV,SELL,-0.0172833921098899,True,BETA,MSCI World ex-US,-0.3145345785652709,0.3145345785652709,MSCI World ex-US,-0.3145345785652709,,Copper LME,-0.1436593958425554,,5y yield,0.0965287564927196,,
2022-05-18,RidgeCV,SELL,-0.0421502378715795,True,BETA,MSCI World ex-US,-0.3243055118180681,0.3243055118180681,MSCI World ex-US,-0.3243055118180681,,Copper LME,-0.1290366600572537,,VIX Index,0.0100985747481078,,
2022-10-06,RidgeCV,SELL,-0.0083932518255323,True,BETA,MSCI World ex-US,-0.3528145623919336,0.3528145623919336,MSCI World ex-US,-0.3528145623919336,,Copper LME,-0.1703739898540778,,5y yield,0.1222191204946429,,
2022-11-23,RidgeCV,BUY,0.0078121858033379,True,BETA,MSCI World ex-US,-0.3803558323857273,0.3803558323857273,MSCI World ex-US,-0.3803558323857273,,Copper LME,-0.2057432234591947,,5y yield,0.1620775307672289,,
2022-12-13,RidgeCV,BUY,0.0053798633555619,True,BETA,MSCI World ex-US,-0.3859095638547763,0.3859095638547763,MSCI World ex-US,-0.3859095638547763,,Copper LME,-0.2237267446293963,,5y yield,0.1779670985448533,,
2023-02-06,RidgeCV,SELL,-0.0105709063125624,True,BETA,MSCI World ex-US,-0.4518344099596238,0.4518344099596238,MSCI World ex-US,-0.4518344099596238,,Copper LME,-0.2266096318646974,,Real 2y yield,-0.135266244376434,,
2023-05-10,RidgeCV,BUY,0.0429224178962397,True,BETA,MSCI World ex-US,-0.5193465486884034,0.5193465486884034,MSCI World ex-US,-0.5193465486884034,,BCOM Index,-0.2289588956919218,,5y yield,0.1915151447999407,,
2023-12-21,RidgeCV,BUY,0.0039958676880493,True,BETA,MSCI World ex-US,-0.2997217015749304,0.2997217015749304,Copper LME,-0.2775289739774577,,MSCI World ex-US,-0.2997217015749304,,5y yield,0.2078208898312849,,
2023-12-26,RidgeCV,BUY,0.0197715333287338,True,BETA,Copper LME,-0.2892322744649925,0.2892322744649925,Copper LME,-0.2892322744649925,,MSCI World ex-US,-0.2835480182519465,,5y yield,0.2028308368268116,,
2024-05-24,RidgeCV,BUY,0.0124181338776898,True,BETA,2y yield,0.3968381439633934,0.3968381439633934,2y yield,0.3968381439633934,,MSCI World ex-US,-0.3088988975372416,,BCOM Index,-0.2551238138067341,,
2024-07-23,RidgeCV,SELL,-0.0096505310513091,True,BETA,2y yield,0.3526279541734133,0.3526279541734133,2y yield,0.3526279541734133,,MSCI World ex-US,-0.2579143111297995,,BCOM Index,-0.2018790754680756,,
2024-11-12,RidgeCV,BUY,0.007838604222732,True,BETA,5y yield,0.3182765373948879,0.3182765373948879,5y yield,0.3182765373948879,,MSCI World ex-US,-0.2306522973507267,,BCOM Index,-0.1859745030869885,,
2025-01-16,RidgeCV,SELL,-0.0028423590700293,True,BETA,5y yield,0.30297050563591,0.30297050563591,5y yield,0.30297050563591,,MSCI World ex-US,-0.2072471316354979,,BCOM Index,-0.1496954428988345,,
2025-03-03,RidgeCV,SELL,-0.0580474462341562,True,BETA,5y yield,0.2930369246127582,0.2930369246127582,5y yield,0.2930369246127582,,MSCI World ex-US,-0.1915194039435396,,BCOM Index,-0.1546002962830394,,
2025-03-24,RidgeCV,BUY,0.0425317610391586,True,BETA,5y yield,0.2149236852123099,0.2149236852123099,5y yield,0.2149236852123099,,MSCI World ex-US,-0.1832415967384094,,BCOM Index,-0.1535318616007095,,
2025-03-27,RidgeCV,BUY,0.0322906925704689,True,BETA,5y yield,0.2046256157613518,0.2046256157613518,MSCI World ex-US,-0.1795762608886872,,5y yield,0.2046256157613518,,BCOM Index,-0.1545155189547897,,
2025-04-21,RidgeCV,BUY,0.0007226617076014,True,BETA,BCOM Index,-0.2009459619267942,0.2009459619267942,MSCI World ex-US,-0.1760215619500358,,BCOM Index,-0.2009459619267942,,5y yield,0.1946460634585957,,
2025-09-16,RidgeCV,BUY,0.0229352164568621,True,BETA,Copper LME,-0.2067083395826336,0.2067083395826336,Copper LME,-0.2067083395826336,,MSCI World ex-US,-0.146029365851145,,5y yield,0.179244990452712,,
2025-11-04,RidgeCV,SELL,-0.0111028505468275,True,BETA,BCOM Index,-0.2428252028259875,0.2428252028259875,MSCI World ex-US,-0.192618754385984,,BCOM Index,-0.2428252028259875,,5y yield,0.1728546200671281,,
2001-12-18,LassoCV,BUY,0.0148111298291633,True,BETA,Gold,-0.1633422342753743,0.1633422342753743,Gold,-0.1633422342753743,,MSCI World - Wilshire,-0.1107449971318265,,,,,
2002-08-06,LassoCV,SELL,-0.0398550724637681,True,BETA,MSCI World - Wilshire,-0.1713436544500583,0.1713436544500583,MSCI World - Wilshire,-0.1713436544500583,,Gold,-0.1680830814848358,,Real 2y yield,-0.0025065744144433,,
2002-10-17,LassoCV,SELL,-0.0289203840376199,True,BETA,MSCI World - Wilshire,-0.1870449941579174,0.1870449941579174,Gold,-0.186014192799651,,MSCI World - Wilshire,-0.1870449941579174,,Real 2y yield,-0.0303475199555624,,
2003-03-17,LassoCV,SELL,-0.0112176218641647,True,BETA,Gold,-0.2631684089256563,0.2631684089256563,Gold,-0.2631684089256563,,MSCI World - Dow Jones,-0.0996261185563453,,Real 2y yield,-0.069468625411055,,
2003-05-23,LassoCV,BUY,0.0489244727513069,True,BETA,Gold,-0.2364356115391739,0.2364356115391739,Gold,-0.2364356115391739,,MSCI World - Dow Jones,-0.1064892771656175,,Real 2y yield,-0.0842485460976502,,
2003-07-11,LassoCV,SELL,-0.0298793412685471,True,BETA,Gold,-0.2491870710063466,0.2491870710063466,Gold,-0.2491870710063466,,MSCI World - Dow Jones,-0.1096864502350016,,Real 2y yield,-0.1214983956591034,,
2003-12-04,LassoCV,BUY,0.0037640592092489,True,BETA,Gold,-0.2479914602080624,0.2479914602080624,MSCI World - Dow Jones,-0.219690653211505,,Gold,-0.2479914602080624,,Real 2y yield,-0.1831240048788464,,
2004-01-28,LassoCV,SELL,-0.0097589636295892,True,BETA,Real 2y yield,-0.3082457989287163,0.3082457989287163,Real 2y yield,-0.3082457989287163,,MSCI World - S&P500,-0.2423696946900218,,Gold,-0.2687830209202172,,
2004-05-04,LassoCV,BUY,0.0188915392997024,True,BETA,Gold,-0.3773300904978313,0.3773300904978313,Gold,-0.3773300904978313,,Real 2y yield,-0.1857419810898543,,MSCI World - S&P500,-0.1175835137060921,,
2004-07-01,LassoCV,SELL,-0.0143121955425271,True,BETA,Gold,-0.4106480279997176,0.4106480279997176,Gold,-0.4106480279997176,,MSCI World - S&P500,-0.1197934811348736,,Real 2y yield,-0.1371100189497324,,
2005-02-07,LassoCV,SELL,-0.0337261957400093,True,BETA,Gold,-0.4190160341901193,0.4190160341901193,Gold,-0.4190160341901193,,MSCI World - Dow Jones,-0.0255369569696179,,Real 2y yield,-0.0361229097796662,,
2005-02-10,LassoCV,SELL,-0.0449261414845025,True,BETA,Gold,-0.4117753166044124,0.4117753166044124,Gold,-0.4117753166044124,,MSCI World - Dow Jones,-0.0286880198463196,,Real 2y yield,-0.0402238600333342,,
2005-05-31,LassoCV,BUY,0.0136636148161919,True,BETA,Gold,-0.4888897578780471,0.4888897578780471,Gold,-0.4888897578780471,,MSCI World ex-US,-0.0324386969215284,,Real 2y yield,-0.0473330571517185,,
2005-06-28,LassoCV,SELL,-0.0200443068705995,True,BETA,Gold,-0.4514837139212307,0.4514837139212307,Gold,-0.4514837139212307,,MSCI World ex-US,-0.0789471029476175,,Real 2y yield,-0.0336985702799906,,
2006-02-07,LassoCV,BUY,0.0071489336298373,True,BETA,Gold,-0.1801393985399818,0.1801393985399818,MSCI World ex-US,-0.1171925276152193,,Gold,-0.1801393985399818,,,,,
2006-10-06,LassoCV,SELL,-0.0003289719626168,True,BETA,MSCI World - Dow Jones,-0.1347243083397993,0.1347243083397993,MSCI World - Dow Jones,-0.1347243083397993,,Gold,-0.1060259885587532,,Real 2y yield,-0.0,,
2006-10-11,LassoCV,SELL,-0.0223471976970218,True,BETA,MSCI World - Dow Jones,-0.1424365071439906,0.1424365071439906,MSCI World - Dow Jones,-0.1424365071439906,,Gold,-0.1045991599322232,,Real 2y yield,-0.0,,
2006-10-13,LassoCV,SELL,-0.0298434442270058,True,BETA,MSCI World - Dow Jones,-0.1406594750169169,0.1406594750169169,MSCI World - Dow Jones,-0.1406594750169169,,Gold,-0.1044831848850129,,Real 2y yield,-0.0,,
2007-04-24,LassoCV,BUY,0.0102952308856927,True,BETA,Gold,-0.2038552096016971,0.2038552096016971,Gold,-0.2038552096016971,,MSCI World - Dow Jones,-0.1287720866095653,,Real 2y yield,-0.1147242485730117,,
2007-04-27,LassoCV,BUY,0.0142295544654256,True,BETA,Gold,-0.1984956004201584,0.1984956004201584,Gold,-0.1984956004201584,,MSCI World - Dow Jones,-0.1296721672586977,,Real 2y yield,-0.1164388421089047,,
2007-06-26,LassoCV,SELL,-0.0287390029325512,True,BETA,Gold,-0.2251484953281559,0.2251484953281559,Gold,-0.2251484953281559,,MSCI World ex-US,-0.1710792851921655,,Real 2y yield,-0.1276101128477856,,
2007-09-18,LassoCV,SELL,-0.0233516236394711,True,BETA,Gold,-0.2014291540423776,0.2014291540423776,Gold,-0.2014291540423776,,MSCI World ex-US,-0.1066446387982437,,,,,
2008-06-12,LassoCV,SELL,-0.0277804516489229,True,BETA,Gold,-0.3982930512978632,0.3982930512978632,Gold,-0.3982930512978632,,MSCI World ex-US,-0.1559984951565097,,,,,
2008-11-13,LassoCV,BUY,0.0102070532048108,True,BETA,Copper LME,-0.3206714533067169,0.3206714533067169,Copper LME,-0.3206714533067169,,MSCI World ex-US,-0.1854025004491014,,,,,
2008-12-17,LassoCV,BUY,0.0610980559709464,True,BETA,Copper LME,-0.3468018425589994,0.3468018425589994,Copper LME,-0.3468018425589994,,MSCI World ex-US,-0.2111315519499793,,,,,
2009-03-02,LassoCV,SELL,-0.0481850751242812,True,BETA,BCOM Index,-0.404723159035772,0.404723159035772,BCOM Index,-0.404723159035772,,MSCI World ex-US,-0.2764940852152796,,,,,
2009-08-20,LassoCV,BUY,0.0070663740356478,True,BETA,BCOM Index,-0.5771948941450944,0.5771948941450944,BCOM Index,-0.5771948941450944,,MSCI World ex-US,-0.2759079478335196,,2y yield,-0.1021149320465788,,
2010-01-11,LassoCV,BUY,0.036228783340465,True,BETA,MSCI World ex-US,-0.7596242354555416,0.7596242354555416,MSCI World ex-US,-0.7596242354555416,,Oil,-0.3413070836897023,,5y yield,0.0,,
2010-01-13,LassoCV,BUY,0.0376726292835996,True,BETA,MSCI World ex-US,-0.7378968370851576,0.7378968370851576,MSCI World ex-US,-0.7378968370851576,,Oil,-0.3532562434462066,,5y yield,0.0,,
2010-01-18,LassoCV,BUY,0.0370193498178215,True,BETA,MSCI World ex-US,-0.7228708323173083,0.7228708323173083,MSCI World ex-US,-0.7228708323173083,,Oil,-0.363635590400289,,5y yield,0.0,,
2010-01-22,LassoCV,BUY,0.0309281901153779,True,BETA,MSCI World ex-US,-0.7253192717502965,0.7253192717502965,MSCI World ex-US,-0.7253192717502965,,Oil,-0.3471612017484686,,5y yield,0.0,,
2010-02-01,LassoCV,BUY,0.0096877078678514,True,BETA,MSCI World ex-US,-0.6932039023200797,0.6932039023200797,MSCI World ex-US,-0.6932039023200797,,Oil,-0.3533022600578378,,5y yield,0.0,,
2010-02-09,LassoCV,BUY,0.0101058057514922,True,BETA,MSCI World ex-US,-0.5574863272352862,0.5574863272352862,MSCI World ex-US,-0.5574863272352862,,BCOM Index,-0.424933000999442,,5y yield,0.0,,
2010-03-30,LassoCV,SELL,-0.0190452345184443,True,BETA,MSCI World ex-US,-0.6090869207288674,0.6090869207288674,MSCI World ex-US,-0.6090869207288674,,Oil,-0.287854115120732,,2y yield,0.0,,
2010-06-07,LassoCV,SELL,-0.0413579234565324,True,BETA,MSCI World ex-US,-0.3646218488577101,0.3646218488577101,BCOM Index,-0.3597212788571192,,MSCI World ex-US,-0.3646218488577101,,5y yield,-0.048453024276494,,
2010-09-14,LassoCV,SELL,-0.0328275314886442,True,BETA,MSCI World ex-US,-0.4376633848035724,0.4376633848035724,BCOM Index,-0.2461871686866287,,MSCI World ex-US,-0.4376633848035724,,2y yield,-0.0835239244434567,,
2010-11-23,LassoCV,SELL,-0.0162642906279687,True,BETA,MSCI World ex-US,-0.4558778959934919,0.4558778959934919,MSCI World ex-US,-0.4558778959934919,,Oil,-0.1301948670121808,,2y yield,-0.0595411863635451,,
2010-11-30,LassoCV,SELL,-0.0502150000805243,True,BETA,MSCI World ex-US,-0.4555662975967524,0.4555662975967524,MSCI World ex-US,-0.4555662975967524,,Oil,-0.1396611011698894,,2y yield,-0.0560341059699148,,
2011-02-24,LassoCV,BUY,0.0066566994162038,True,BETA,MSCI World ex-US,-0.4515711486845266,0.4515711486845266,MSCI World ex-US,-0.4515711486845266,,Oil,-0.1581184310911126,,VIX Index,0.0,,
2011-02-28,LassoCV,BUY,0.000911462987454,True,BETA,MSCI World ex-US,-0.4446637118509319,0.4446637118509319,MSCI World ex-US,-0.4446637118509319,,Oil,-0.1625113117864934,,VIX Index,0.0,,
2011-04-27,LassoCV,BUY,0.0457121197763668,True,BETA,MSCI World ex-US,-0.5077925576919592,0.5077925576919592,MSCI World ex-US,-0.5077925576919592,,Oil,-0.1597019600936631,,VIX Index,0.0282300528769686,,
2011-05-24,LassoCV,SELL,-0.0400639873463225,True,BETA,MSCI World ex-US,-0.4954044275612024,0.4954044275612024,MSCI World ex-US,-0.4954044275612024,,Oil,-0.2153093089462454,,,,,
2011-08-03,LassoCV,BUY,0.0049773502600525,True,BETA,MSCI World ex-US,-0.4822788223525585,0.4822788223525585,MSCI World ex-US,-0.4822788223525585,,Oil,-0.205262737484777,,5y yield,0.001292378946564,,
2012-01-05,LassoCV,SELL,-0.019736732898428,True,BETA,MSCI World ex-US,-0.3055984738414152,0.3055984738414152,5y yield,-0.1443159401606799,,MSCI World ex-US,-0.3055984738414152,,BCOM Index,-0.1375120157157846,,
2012-01-11,LassoCV,SELL,-0.0319398934233609,True,BETA,MSCI World ex-US,-0.2912294478488676,0.2912294478488676,5y yield,-0.1585629607542431,,MSCI World ex-US,-0.2912294478488676,,BCOM Index,-0.1517535479533647,,
2012-05-30,LassoCV,SELL,-0.0177102995486253,True,BETA,MSCI World ex-US,-0.3291735444402779,0.3291735444402779,BCOM Index,-0.1021901056951204,,MSCI World ex-US,-0.3291735444402779,,5y yield,-0.106489455932235,,
2012-07-13,LassoCV,SELL,-0.0088700157397692,True,BETA,MSCI World ex-US,-0.308832390553343,0.308832390553343,MSCI World ex-US,-0.308832390553343,,BCOM Index,-0.1404169292010564,,5y yield,-0.0446160878914314,,
2013-01-15,LassoCV,SELL,-0.013091026630991,True,BETA,MSCI World ex-US,-0.2756310455008968,0.2756310455008968,MSCI World ex-US,-0.2756310455008968,,Copper LME,-0.0618245480361317,,2y yield,-0.0,,
2013-01-18,LassoCV,SELL,-0.02591025160265,True,BETA,MSCI World ex-US,-0.277309143818753,0.277309143818753,MSCI World ex-US,-0.277309143818753,,Copper LME,-0.049597437230335,,2y yield,-0.0,,
2013-02-21,LassoCV,SELL,-0.0015680056377731,True,BETA,MSCI World ex-US,-0.2490264905466962,0.2490264905466962,MSCI World ex-US,-0.2490264905466962,,Copper LME,-0.0569280148483408,,2y yield,-0.0,,
2013-03-19,LassoCV,SELL,-0.0034949460339214,True,BETA,MSCI World ex-US,-0.1867538056069363,0.1867538056069363,MSCI World ex-US,-0.1867538056069363,,Copper LME,-0.1018531378279221,,2y yield,-0.0,,
2013-04-05,LassoCV,BUY,0.016300458995794,True,BETA,MSCI World ex-US,-0.2088737448222722,0.2088737448222722,MSCI World ex-US,-0.2088737448222722,,Copper LME,-0.1844295223504984,,2y yield,-0.1061483711899238,,
2013-09-10,LassoCV,BUY,0.0092576950366589,True,BETA,MSCI World ex-US,-0.2011164602281591,0.2011164602281591,MSCI World ex-US,-0.2011164602281591,,BCOM Index,-0.1713419085877753,,2y yield,0.1125099295730967,,
2013-12-03,LassoCV,BUY,0.0022633711108559,True,BETA,MSCI World ex-US,-0.1938504021171787,0.1938504021171787,MSCI World ex-US,-0.1938504021171787,,BCOM Index,-0.1483266430088921,,2y yield,0.1537506462038258,,
2013-12-30,LassoCV,BUY,0.0079909051965596,True,BETA,MSCI World ex-US,-0.1824802741069453,0.1824802741069453,MSCI World ex-US,-0.1824802741069453,,BCOM Index,-0.1381325057096587,,2y yield,0.1559230180805203,,
2014-03-10,LassoCV,BUY,0.0106965341214402,True,BETA,MSCI World ex-US,-0.2550298164933096,0.2550298164933096,MSCI World ex-US,-0.2550298164933096,,2y yield,0.2105210315007114,,BCOM Index,-0.142933834695524,,
2014-12-15,LassoCV,SELL,-0.003046458492003,True,BETA,5y yield,0.132159026730509,0.132159026730509,5y yield,0.132159026730509,,Gold,-0.0461233273342043,,MSCI World ex-US,-0.081638211488866,,
2015-01-06,LassoCV,SELL,-0.0095266371487212,True,BETA,5y yield,0.1124641555982061,0.1124641555982061,5y yield,0.1124641555982061,,Gold,-0.0767118090310822,,MSCI World ex-US,-0.1030601825777354,,
2015-05-13,LassoCV,BUY,0.0517736257784997,True,BETA,MSCI World ex-US,-0.1837474402641635,0.1837474402641635,MSCI World ex-US,-0.1837474402641635,,Gold,-0.1401406868781191,,5y yield,0.1265844892803987,,
2015-05-15,LassoCV,BUY,0.0633063798930071,True,BETA,MSCI World ex-US,-0.1867097189305252,0.1867097189305252,MSCI World ex-US,-0.1867097189305252,,Gold,-0.1469768249790329,,5y yield,0.1256513920763901,,
2015-09-10,LassoCV,BUY,0.0328750381912619,True,BETA,Gold,-0.2524669804755831,0.2524669804755831,Gold,-0.2524669804755831,,MSCI World ex-US,-0.1922321808409566,,Real 2y yield,-0.122017311902338,,
2016-02-09,LassoCV,BUY,0.0026906456384749,True,BETA,2y yield,0.3128134041547351,0.3128134041547351,2y yield,0.3128134041547351,,BCOM Index,-0.2276511230277529,,MSCI World ex-US,-0.1102629144344359,,
2016-06-23,LassoCV,BUY,0.0445606540472858,True,BETA,BCOM Index,-0.2434398069017215,0.2434398069017215,BCOM Index,-0.2434398069017215,,MSCI World ex-US,-0.0961842643421631,,Real 2y yield,-0.1819655137716418,,
2016-06-27,LassoCV,SELL,-0.0078618002822784,True,BETA,BCOM Index,-0.2472656728031469,0.2472656728031469,BCOM Index,-0.2472656728031469,,MSCI World ex-US,-0.1003165641931573,,,,,
2016-11-18,LassoCV,SELL,-0.0204131481610718,True,BETA,MSCI World ex-US,-0.2570478289378772,0.2570478289378772,MSCI World ex-US,-0.2570478289378772,,BCOM Index,-0.2163923449932083,,MOVE Index,0.0778884039663468,,
2016-11-23,LassoCV,SELL,-0.0289442825463538,True,BETA,MSCI World ex-US,-0.2564393471915047,0.2564393471915047,MSCI World ex-US,-0.2564393471915047,,BCOM Index,-0.2020922851437773,,MOVE Index,0.0854144202728442,,
2017-01-30,LassoCV,BUY,0.0090918930620198,True,BETA,MSCI World ex-US,-0.3801006628291311,0.3801006628291311,MSCI World ex-US,-0.3801006628291311,,BCOM Index,-0.2108104932614127,,5y yield,0.23789112185493,,
2017-05-24,LassoCV,BUY,0.0197339991357372,True,BETA,MSCI World ex-US,-0.4753567118161784,0.4753567118161784,MSCI World ex-US,-0.4753567118161784,,BCOM Index,-0.1594783838158697,,5y yield,0.2700292339336505,,
2017-10-26,LassoCV,SELL,-0.0047117855831598,True,BETA,Gold,-0.153675343843421,0.153675343843421,Gold,-0.153675343843421,,5y yield,0.1319917270493152,,MSCI World ex-US,-0.083140498833521,,
2018-09-07,LassoCV,SELL,-0.0358232969737122,True,BETA,Gold,-0.2517628891666805,0.2517628891666805,Gold,-0.2517628891666805,,MSCI World ex-US,-0.10652107727267,,Real 2y yield,0.0904520466461584,,
2018-11-20,LassoCV,SELL,-0.0082431676149613,True,BETA,Gold,-0.2111982048918186,0.2111982048918186,Gold,-0.2111982048918186,,MSCI World ex-US,-0.1092467591006029,,Real 2y yield,0.0885727690410952,,
2018-11-30,LassoCV,SELL,-0.0003016731255657,True,BETA,Gold,-0.2140680994263809,0.2140680994263809,Gold,-0.2140680994263809,,MSCI World ex-US,-0.1201746530442286,,Real 2y yield,0.0869281217317136,,
2018-12-18,LassoCV,SELL,-0.0101002004008016,True,BETA,Gold,-0.2187526415135224,0.2187526415135224,Gold,-0.2187526415135224,,MSCI World ex-US,-0.1143488654775677,,Real 2y yield,0.1043790921271002,,
2019-06-18,LassoCV,SELL,-0.0204333657309472,True,BETA,MSCI World ex-US,-0.1895637127922457,0.1895637127922457,MSCI World ex-US,-0.1895637127922457,,Copper LME,-0.102851103445559,,Real 2y yield,0.0284102835039762,,
2019-08-07,LassoCV,SELL,-0.001060942787264,True,BETA,MSCI World ex-US,-0.1798231437863082,0.1798231437863082,MSCI World ex-US,-0.1798231437863082,,Copper LME,-0.1333093137304461,,,,,
2019-08-29,LassoCV,SELL,-0.0137415489473973,True,BETA,MSCI World ex-US,-0.1747113963373897,0.1747113963373897,MSCI World ex-US,-0.1747113963373897,,Copper LME,-0.1374095788781033,,,,,
2019-09-09,LassoCV,BUY,0.0135925593904078,True,BETA,MSCI World ex-US,-0.1676061118319405,0.1676061118319405,Copper LME,-0.1564399751007392,,MSCI World ex-US,-0.1676061118319405,,,,,
2020-01-06,LassoCV,BUY,0.0152616196422274,True,BETA,MSCI World ex-US,-0.1176987068954201,0.1176987068954201,MSCI World ex-US,-0.1176987068954201,,BCOM Index,-0.096812780443071,,,,,
2021-03-02,LassoCV,BUY,0.0008495675465198,True,BETA,MSCI World ex-US,-0.6274074064920776,0.6274074064920776,MSCI World ex-US,-0.6274074064920776,,BCOM Index,-0.3343806505609483,,MOVE Index,0.204676865748273,,
2021-03-09,LassoCV,BUY,0.020094925500012,True,BETA,MSCI World ex-US,-0.6550472455472182,0.6550472455472182,MSCI World ex-US,-0.6550472455472182,,BCOM Index,-0.2367351598431207,,MOVE Index,-0.0527910959551487,,
2021-03-17,LassoCV,BUY,0.0164766580677373,True,BETA,MSCI World ex-US,-0.5603763521606688,0.5603763521606688,MSCI World ex-US,-0.5603763521606688,,BCOM Index,-0.265516197919474,,,,,
2021-05-28,LassoCV,SELL,-0.0032152803509318,True,BETA,MSCI World ex-US,-0.5411733048280327,0.5411733048280327,MSCI World ex-US,-0.5411733048280327,,Oil,-0.3415295750830417,,VIX Index,0.1120772487100549,,
2021-09-15,LassoCV,BUY,0.0230238986668533,True,BETA,MSCI World ex-US,-0.4681753787940972,0.4681753787940972,2y yield,0.0,,MSCI World ex-US,-0.4681753787940972,,Oil,-0.1404677415353593,,
2021-11-24,LassoCV,SELL,-0.009403444583259,True,BETA,MSCI World ex-US,-0.4265168119259855,0.4265168119259855,MSCI World ex-US,-0.4265168119259855,,Oil,-0.245568245795763,,VIX Index,0.0,,
2022-03-11,LassoCV,SELL,-0.0441343015122244,True,BETA,MSCI World ex-US,-0.2660093711533392,0.2660093711533392,MSCI World ex-US,-0.2660093711533392,,Copper LME,-0.1143576868402828,,5y yield,0.0435591220467897,,
2022-03-30,LassoCV,BUY,0.0215318543069544,True,BETA,MSCI World ex-US,-0.268189455643697,0.268189455643697,MSCI World ex-US,-0.268189455643697,,Copper LME,-0.1186155738243441,,5y yield,0.0455006494648715,,
2022-05-09,LassoCV,SELL,-0.0085716649089067,True,BETA,MSCI World ex-US,-0.286580491458702,0.286580491458702,MSCI World ex-US,-0.286580491458702,,Copper LME,-0.102119021558648,,5y yield,0.068850076881163,,
2022-05-18,LassoCV,SELL,-0.0421502378715795,True,BETA,MSCI World ex-US,-0.3081135502162364,0.3081135502162364,MSCI World ex-US,-0.3081135502162364,,Copper LME,-0.0923894360508015,,VIX Index,0.0,,
2022-10-06,LassoCV,SELL,-0.0083932518255323,True,BETA,MSCI World ex-US,-0.3550279286781307,0.3550279286781307,MSCI World ex-US,-0.3550279286781307,,Copper LME,-0.1587577749892129,,5y yield,0.1159530959376072,,
2022-11-23,LassoCV,BUY,0.0078121858033379,True,BETA,MSCI World ex-US,-0.3803323143806718,0.3803323143806718,MSCI World ex-US,-0.3803323143806718,,Copper LME,-0.2056651719499622,,5y yield,0.1620246781883232,,
2022-12-13,LassoCV,BUY,0.0053798633555619,True,BETA,MSCI World ex-US,-0.3858814879460189,0.3858814879460189,MSCI World ex-US,-0.3858814879460189,,Copper LME,-0.2236487556681851,,5y yield,0.1779134293257208,,
2023-02-06,LassoCV,SELL,-0.0105709063125624,True,BETA,MSCI World ex-US,-0.4518008607082465,0.4518008607082465,MSCI World ex-US,-0.4518008607082465,,Copper LME,-0.226543791718668,,Real 2y yield,-0.1350773526842076,,
2023-05-10,LassoCV,BUY,0.0429224178962397,True,BETA,MSCI World ex-US,-0.5244938684227212,0.5244938684227212,MSCI World ex-US,-0.5244938684227212,,BCOM Index,-0.2286871311187284,,5y yield,0.1920039383052666,,
2023-12-21,LassoCV,BUY,0.0039958676880493,True,BETA,MSCI World ex-US,-0.282989075253796,0.282989075253796,Copper LME,-0.2550400269425962,,MSCI World ex-US,-0.282989075253796,,5y yield,0.1753724326963288,,
2023-12-26,LassoCV,BUY,0.0197715333287338,True,BETA,Copper LME,-0.2694276682144658,0.2694276682144658,Copper LME,-0.2694276682144658,,MSCI World ex-US,-0.2607066763257203,,5y yield,0.1680608192833141,,
2024-05-24,LassoCV,BUY,0.0124181338776898,True,BETA,2y yield,0.389766415695761,0.389766415695761,2y yield,0.389766415695761,,MSCI World ex-US,-0.3046247020351163,,BCOM Index,-0.2501851710481951,,
2024-07-23,LassoCV,SELL,-0.0096505310513091,True,BETA,2y yield,0.347037784155016,0.347037784155016,2y yield,0.347037784155016,,MSCI World ex-US,-0.2520813290558079,,BCOM Index,-0.1930975325946779,,
2024-11-19,LassoCV,BUY,0.0078316379961935,True,BETA,5y yield,0.2575253113518821,0.2575253113518821,5y yield,0.2575253113518821,,MSCI World ex-US,-0.1920593380913445,,BCOM Index,-0.1551652866184079,,
2024-12-17,LassoCV,BUY,0.0173057679937103,True,BETA,5y yield,0.2511593166514059,0.2511593166514059,5y yield,0.2511593166514059,,MSCI World ex-US,-0.1829793418677368,,BCOM Index,-0.1240533300985526,,
2024-12-20,LassoCV,BUY,0.0038690528770559,True,BETA,5y yield,0.2539749570372263,0.2539749570372263,5y yield,0.2539749570372263,,MSCI World ex-US,-0.1789140254915111,,BCOM Index,-0.1221925684607067,,
2025-03-24,LassoCV,BUY,0.0425317610391586,True,BETA,5y yield,0.1895126195631453,0.1895126195631453,5y yield,0.1895126195631453,,MSCI World ex-US,-0.1646951177171665,,BCOM Index,-0.1256865276876966,,
2025-03-27,LassoCV,BUY,0.0322906925704689,True,BETA,5y yield,0.177198572169971,0.177198572169971,MSCI World ex-US,-0.1605195611666928,,5y yield,0.177198572169971,,BCOM Index,-0.1271466247349919,,
2025-04-01,LassoCV,BUY,0.0166314804023652,True,BETA,5y yield,0.1741632150971739,0.1741632150971739,5y yield,0.1741632150971739,,MSCI World ex-US,-0.1588077245102045,,BCOM Index,-0.1309094251373305,,
2025-04-21,LassoCV,BUY,0.0007226617076014,True,BETA,BCOM Index,-0.1811379587053348,0.1811379587053348,MSCI World ex-US,-0.1608320932447048,,BCOM Index,-0.1811379587053348,,5y yield,0.1698862461366998,,
2025-09-16,LassoCV,BUY,0.0229352164568621,True,BETA,Copper LME,-0.1992063602730787,0.1992063602730787,Copper LME,-0.1992063602730787,,MSCI World ex-US,-0.1399284393554165,,5y yield,0.1724524527201421,,
2025-11-04,LassoCV,SELL,-0.0111028505468275,True,BETA,BCOM Index,-0.2355421126655329,0.2355421126655329,MSCI World ex-US,-0.1859213837124249,,BCOM Index,-0.2355421126655329,,5y yield,0.1631580262694579,,
2001-12-18,ElasticNetCV,BUY,0.0148111298291633,True,BETA,Gold,-0.1676106544174171,0.1676106544174171,Gold,-0.1676106544174171,,MSCI World - Wilshire,-0.1271756778612567,,,,,
2002-08-06,ElasticNetCV,SELL,-0.0398550724637681,True,BETA,MSCI World - Wilshire,-0.1457254102235976,0.1457254102235976,MSCI World - Wilshire,-0.1457254102235976,,Gold,-0.1394305254333448,,Real 2y yield,-0.0055268533946208,,
2002-10-17,ElasticNetCV,SELL,-0.0289203840376199,True,BETA,MSCI World - Wilshire,-0.1797927550192116,0.1797927550192116,Gold,-0.176374568794645,,MSCI World - Wilshire,-0.1797927550192116,,Real 2y yield,-0.0306340957984368,,
2003-03-17,ElasticNetCV,SELL,-0.0112176218641647,True,BETA,Gold,-0.2631940852156528,0.2631940852156528,Gold,-0.2631940852156528,,MSCI World - Dow Jones,-0.0996794163824847,,Real 2y yield,-0.0695506058331912,,
2003-05-23,ElasticNetCV,BUY,0.0489244727513069,True,BETA,Gold,-0.210420626267628,0.210420626267628,Gold,-0.210420626267628,,MSCI World - Dow Jones,-0.0986886642457244,,Real 2y yield,-0.0702299663146841,,
2003-07-11,ElasticNetCV,SELL,-0.0298793412685471,True,BETA,Gold,-0.2229378698953511,0.2229378698953511,Gold,-0.2229378698953511,,MSCI World - Dow Jones,-0.0996245319182326,,Real 2y yield,-0.0993137682504459,,
2003-12-05,ElasticNetCV,BUY,0.0121048991007788,True,BETA,Gold,-0.2484546837706406,0.2484546837706406,MSCI World - Dow Jones,-0.2166987779212686,,Gold,-0.2484546837706406,,Real 2y yield,-0.1874317444068947,,
2004-01-28,ElasticNetCV,SELL,-0.0097589636295892,True,BETA,Real 2y yield,-0.3085588869866075,0.3085588869866075,Real 2y yield,-0.3085588869866075,,MSCI World - S&P500,-0.2424389281485266,,Gold,-0.2688094632770324,,
2004-05-04,ElasticNetCV,BUY,0.0188915392997024,True,BETA,Gold,-0.3735864180567022,0.3735864180567022,Gold,-0.3735864180567022,,Real 2y yield,-0.187507767227845,,MSCI World - S&P500,-0.1209745100868681,,
2004-07-01,ElasticNetCV,SELL,-0.0143121955425271,True,BETA,Gold,-0.4105753347743208,0.4105753347743208,Gold,-0.4105753347743208,,MSCI World - S&P500,-0.1202884921957818,,Real 2y yield,-0.1380549773967412,,
2004-11-26,ElasticNetCV,BUY,0.0168838619785263,True,BETA,Gold,-0.4254917245460488,0.4254917245460488,Gold,-0.4254917245460488,,MSCI World ex-US,-0.0345997122137525,,Real 2y yield,-0.106558535513065,,
2005-02-07,ElasticNetCV,SELL,-0.0337261957400093,True,BETA,Gold,-0.3423455246041737,0.3423455246041737,Gold,-0.3423455246041737,,MSCI World - Dow Jones,-0.0132822832219011,,Real 2y yield,-0.0043472122609848,,
2005-02-10,ElasticNetCV,SELL,-0.0449261414845025,True,BETA,Gold,-0.3342938579212701,0.3342938579212701,Gold,-0.3342938579212701,,MSCI World - Dow Jones,-0.0159265339939876,,Real 2y yield,-0.0084845186862242,,
2005-05-31,ElasticNetCV,BUY,0.0136636148161919,True,BETA,Gold,-0.4569039081762919,0.4569039081762919,Gold,-0.4569039081762919,,MSCI World ex-US,-0.0290675841221869,,Real 2y yield,-0.0341867106657112,,
2005-06-28,ElasticNetCV,SELL,-0.0200443068705995,True,BETA,Gold,-0.4204008337729474,0.4204008337729474,Gold,-0.4204008337729474,,MSCI World ex-US,-0.0723266304141426,,Real 2y yield,-0.0203649315434253,,
2006-02-07,ElasticNetCV,BUY,0.0071489336298373,True,BETA,Gold,-0.1640343832592301,0.1640343832592301,MSCI World ex-US,-0.1073031928629709,,Gold,-0.1640343832592301,,,,,
2006-08-14,ElasticNetCV,SELL,-0.0027902847358741,True,BETA,MSCI World - Dow Jones,-0.1391947666476891,0.1391947666476891,MSCI World - Dow Jones,-0.1391947666476891,,Real 2y yield,-0.0705116854476865,,Gold,-0.1164381356877043,,
2006-10-06,ElasticNetCV,SELL,-0.0003289719626168,True,BETA,MSCI World - Dow Jones,-0.1398432800044015,0.1398432800044015,MSCI World - Dow Jones,-0.1398432800044015,,Gold,-0.1120784862084532,,Real 2y yield,-0.0280421124845861,,
2006-10-11,ElasticNetCV,SELL,-0.0223471976970218,True,BETA,MSCI World - Dow Jones,-0.1463608183599153,0.1463608183599153,MSCI World - Dow Jones,-0.1463608183599153,,Gold,-0.1110458559288941,,Real 2y yield,-0.0310453079450658,,
2006-10-13,ElasticNetCV,SELL,-0.0298434442270058,True,BETA,MSCI World - Dow Jones,-0.1449504822599471,0.1449504822599471,MSCI World - Dow Jones,-0.1449504822599471,,Gold,-0.110863418400487,,Real 2y yield,-0.0309510939790424,,
2007-04-24,ElasticNetCV,BUY,0.0102952308856927,True,BETA,Gold,-0.2039123133642709,0.2039123133642709,Gold,-0.2039123133642709,,MSCI World - Dow Jones,-0.1288211904422437,,Real 2y yield,-0.1148659885728706,,
2007-04-27,ElasticNetCV,BUY,0.0142295544654256,True,BETA,Gold,-0.1985544779076216,0.1985544779076216,Gold,-0.1985544779076216,,MSCI World - Dow Jones,-0.1297200173004228,,Real 2y yield,-0.1165799998936389,,
2007-06-26,ElasticNetCV,SELL,-0.0287390029325512,True,BETA,Gold,-0.2252313290600064,0.2252313290600064,Gold,-0.2252313290600064,,MSCI World ex-US,-0.17115709876222,,Real 2y yield,-0.1277627128776312,,
2007-09-18,ElasticNetCV,SELL,-0.0233516236394711,True,BETA,Gold,-0.2199280757289193,0.2199280757289193,Gold,-0.2199280757289193,,MSCI World ex-US,-0.1159751383240879,,,,,
2008-06-12,ElasticNetCV,SELL,-0.0277804516489229,True,BETA,Gold,-0.3983177870281377,0.3983177870281377,Gold,-0.3983177870281377,,MSCI World ex-US,-0.1560384464865963,,,,,
2008-11-13,ElasticNetCV,BUY,0.0102070532048108,True,BETA,Copper LME,-0.3124126296451718,0.3124126296451718,Copper LME,-0.3124126296451718,,MSCI World ex-US,-0.1858043634523577,,,,,
2008-12-17,ElasticNetCV,BUY,0.0610980559709464,True,BETA,Copper LME,-0.3385765050428536,0.3385765050428536,Copper LME,-0.3385765050428536,,MSCI World ex-US,-0.2112403242229364,,,,,
2009-03-02,ElasticNetCV,SELL,-0.0481850751242812,True,BETA,BCOM Index,-0.4047384144595397,0.4047384144595397,BCOM Index,-0.4047384144595397,,MSCI World ex-US,-0.2765249217417859,,,,,
2009-08-20,ElasticNetCV,BUY,0.0070663740356478,True,BETA,BCOM Index,-0.5771610721286735,0.5771610721286735,BCOM Index,-0.5771610721286735,,MSCI World ex-US,-0.2759471981405336,,2y yield,-0.1022479173046632,,
2010-01-11,ElasticNetCV,BUY,0.036228783340465,True,BETA,MSCI World ex-US,-0.5918738574367861,0.5918738574367861,MSCI World ex-US,-0.5918738574367861,,Oil,-0.3307070344300239,,5y yield,0.0,,
2010-01-13,ElasticNetCV,BUY,0.0376726292835996,True,BETA,MSCI World ex-US,-0.5727604585254596,0.5727604585254596,MSCI World ex-US,-0.5727604585254596,,Oil,-0.3421433272363674,,5y yield,0.0,,
2010-01-18,ElasticNetCV,BUY,0.0370193498178215,True,BETA,MSCI World ex-US,-0.561101937306605,0.561101937306605,MSCI World ex-US,-0.561101937306605,,Oil,-0.3492968128001297,,5y yield,0.0,,
2010-02-09,ElasticNetCV,BUY,0.0101058057514922,True,BETA,MSCI World ex-US,-0.4435499271668645,0.4435499271668645,MSCI World ex-US,-0.4435499271668645,,BCOM Index,-0.4029041064848142,,5y yield,0.0,,
2010-03-25,ElasticNetCV,SELL,-0.024312671114973,True,BETA,MSCI World ex-US,-0.4579731370117277,0.4579731370117277,MSCI World ex-US,-0.4579731370117277,,Oil,-0.2600042465305077,,2y yield,0.0,,
2010-03-30,ElasticNetCV,SELL,-0.0190452345184443,True,BETA,MSCI World ex-US,-0.4665229900630311,0.4665229900630311,MSCI World ex-US,-0.4665229900630311,,Oil,-0.3252872626535865,,2y yield,0.0683638601402419,,
2010-04-02,ElasticNetCV,SELL,-0.0070707070707072,True,BETA,MSCI World ex-US,-0.4695390138832017,0.4695390138832017,MSCI World ex-US,-0.4695390138832017,,Oil,-0.3270499544939254,,2y yield,0.070493128743956,,
2010-06-07,ElasticNetCV,SELL,-0.0413579234565324,True,BETA,MSCI World ex-US,-0.346331791243994,0.346331791243994,BCOM Index,-0.3274751842228128,,MSCI World ex-US,-0.346331791243994,,5y yield,-0.0905839919232125,,
2010-09-14,ElasticNetCV,SELL,-0.0328275314886442,True,BETA,MSCI World ex-US,-0.3823621792941566,0.3823621792941566,BCOM Index,-0.2330166298409225,,MSCI World ex-US,-0.3823621792941566,,2y yield,-0.0574480279672562,,
2010-11-23,ElasticNetCV,SELL,-0.0162642906279687,True,BETA,MSCI World ex-US,-0.3832427564293788,0.3832427564293788,MSCI World ex-US,-0.3832427564293788,,Oil,-0.151987377611649,,2y yield,-0.0365740965054402,,
2011-02-24,ElasticNetCV,BUY,0.0066566994162038,True,BETA,MSCI World ex-US,-0.4530277226069825,0.4530277226069825,MSCI World ex-US,-0.4530277226069825,,Oil,-0.1742947843741354,,VIX Index,0.0,,
2011-02-28,ElasticNetCV,BUY,0.000911462987454,True,BETA,MSCI World ex-US,-0.4462649519514727,0.4462649519514727,MSCI World ex-US,-0.4462649519514727,,Oil,-0.1785380329502429,,VIX Index,0.0,,
2011-04-27,ElasticNetCV,BUY,0.0457121197763668,True,BETA,MSCI World ex-US,-0.5077857993875059,0.5077857993875059,MSCI World ex-US,-0.5077857993875059,,Oil,-0.1597845437231156,,VIX Index,0.0283100070065639,,
2011-05-24,ElasticNetCV,SELL,-0.0400639873463225,True,BETA,MSCI World ex-US,-0.4592341034591096,0.4592341034591096,MSCI World ex-US,-0.4592341034591096,,Oil,-0.2127442349120384,,,,,
2011-07-12,ElasticNetCV,SELL,-0.0450080371494909,True,BETA,MSCI World ex-US,-0.4575043076296194,0.4575043076296194,MSCI World ex-US,-0.4575043076296194,,Oil,-0.2128191769728829,,VIX Index,0.0027081044728309,,
2011-08-03,ElasticNetCV,BUY,0.0049773502600525,True,BETA,MSCI World ex-US,-0.4498527547766207,0.4498527547766207,MSCI World ex-US,-0.4498527547766207,,Oil,-0.2022087061467063,,5y yield,-0.0,,
2011-12-15,ElasticNetCV,SELL,-0.0002001334222816,True,BETA,MSCI World ex-US,-0.2836712367977806,0.2836712367977806,MSCI World ex-US,-0.2836712367977806,,BCOM Index,-0.1639815266085886,,5y yield,-0.1594116163920692,,
2012-01-05,ElasticNetCV,SELL,-0.019736732898428,True,BETA,MSCI World ex-US,-0.2826125911717022,0.2826125911717022,5y yield,-0.1611806661016939,,MSCI World ex-US,-0.2826125911717022,,BCOM Index,-0.1570926054910154,,
2012-01-11,ElasticNetCV,SELL,-0.0319398934233609,True,BETA,MSCI World ex-US,-0.2716127228234615,0.2716127228234615,5y yield,-0.1726031847880299,,MSCI World ex-US,-0.2716127228234615,,BCOM Index,-0.1681288820509783,,
2012-05-30,ElasticNetCV,SELL,-0.0177102995486253,True,BETA,MSCI World ex-US,-0.2937411896307111,0.2937411896307111,BCOM Index,-0.1390933739045044,,MSCI World ex-US,-0.2937411896307111,,5y yield,-0.1354319630190071,,
2012-07-13,ElasticNetCV,SELL,-0.0088700157397692,True,BETA,MSCI World ex-US,-0.2795266265837388,0.2795266265837388,MSCI World ex-US,-0.2795266265837388,,BCOM Index,-0.163112280623763,,5y yield,-0.0874930797371648,,
2013-01-18,ElasticNetCV,SELL,-0.02591025160265,True,BETA,MSCI World ex-US,-0.2260516916386981,0.2260516916386981,MSCI World ex-US,-0.2260516916386981,,Copper LME,-0.1152590088476653,,2y yield,-0.0,,
2013-03-19,ElasticNetCV,SELL,-0.0034949460339214,True,BETA,MSCI World ex-US,-0.1737246967833587,0.1737246967833587,MSCI World ex-US,-0.1737246967833587,,Copper LME,-0.1339009734219258,,2y yield,-0.021348527875,,
2013-03-25,ElasticNetCV,SELL,-0.0178437008143433,True,BETA,MSCI World ex-US,-0.1695665282971772,0.1695665282971772,MSCI World ex-US,-0.1695665282971772,,Copper LME,-0.1373734516778252,,2y yield,-0.0303811838381422,,
2013-04-05,ElasticNetCV,BUY,0.016300458995794,True,BETA,MSCI World ex-US,-0.1985099307613442,0.1985099307613442,MSCI World ex-US,-0.1985099307613442,,Copper LME,-0.1725059537543269,,2y yield,-0.0866259983745148,,
2013-09-10,ElasticNetCV,BUY,0.0092576950366589,True,BETA,MSCI World ex-US,-0.2055039703236425,0.2055039703236425,MSCI World ex-US,-0.2055039703236425,,BCOM Index,-0.1758441986638016,,2y yield,0.1162525258020496,,
2013-09-17,ElasticNetCV,BUY,0.0148278547005653,True,BETA,MSCI World ex-US,-0.2136839765190206,0.2136839765190206,MSCI World ex-US,-0.2136839765190206,,BCOM Index,-0.1724967128856426,,2y yield,0.1262381771950758,,
2013-12-03,ElasticNetCV,BUY,0.0022633711108559,True,BETA,MSCI World ex-US,-0.197691849958856,0.197691849958856,MSCI World ex-US,-0.197691849958856,,BCOM Index,-0.1531871397906049,,2y yield,0.1564166218945627,,
2013-12-30,ElasticNetCV,BUY,0.0079909051965596,True,BETA,MSCI World ex-US,-0.1862158267078445,0.1862158267078445,MSCI World ex-US,-0.1862158267078445,,BCOM Index,-0.143022265079917,,2y yield,0.1585153664786131,,
2014-03-10,ElasticNetCV,BUY,0.0106965341214402,True,BETA,MSCI World ex-US,-0.2550840503205407,0.2550840503205407,MSCI World ex-US,-0.2550840503205407,,2y yield,0.2105597717577767,,BCOM Index,-0.1430056454159954,,
2015-01-06,ElasticNetCV,SELL,-0.0095266371487212,True,BETA,5y yield,0.1249303442818538,0.1249303442818538,5y yield,0.1249303442818538,,Gold,-0.0961388557805759,,MSCI World ex-US,-0.1199932542078523,,
2015-05-06,ElasticNetCV,BUY,0.0182365915326268,True,BETA,BCOM Index,-0.1785222640975464,0.1785222640975464,MSCI World ex-US,-0.1429850688474892,,BCOM Index,-0.1785222640975464,,5y yield,0.1777625164168578,,
2015-05-13,ElasticNetCV,BUY,0.0517736257784997,True,BETA,MSCI World ex-US,-0.1707892544764035,0.1707892544764035,MSCI World ex-US,-0.1707892544764035,,Gold,-0.1290183836766616,,5y yield,0.1186525942836446,,
2015-05-15,ElasticNetCV,BUY,0.0633063798930071,True,BETA,MSCI World ex-US,-0.1738661712844792,0.1738661712844792,MSCI World ex-US,-0.1738661712844792,,Gold,-0.1359450016975505,,5y yield,0.1177903487198673,,
2015-09-10,ElasticNetCV,BUY,0.0328750381912619,True,BETA,Gold,-0.2500792139516679,0.2500792139516679,Gold,-0.2500792139516679,,MSCI World ex-US,-0.1925016593917068,,Real 2y yield,-0.1284406913888074,,
2016-02-09,ElasticNetCV,BUY,0.0026906456384749,True,BETA,2y yield,0.2479268144623315,0.2479268144623315,2y yield,0.2479268144623315,,BCOM Index,-0.2046861077420048,,MSCI World ex-US,-0.1045657240817207,,
2016-06-27,ElasticNetCV,SELL,-0.0078618002822784,True,BETA,BCOM Index,-0.237553564911189,0.237553564911189,BCOM Index,-0.237553564911189,,MSCI World ex-US,-0.1011368169010935,,,,,
2016-11-18,ElasticNetCV,SELL,-0.0204131481610718,True,BETA,MSCI World ex-US,-0.2570882660226783,0.2570882660226783,MSCI World ex-US,-0.2570882660226783,,BCOM Index,-0.2164434337165612,,MOVE Index,0.077980836244339,,
2016-11-23,ElasticNetCV,SELL,-0.0289442825463538,True,BETA,MSCI World ex-US,-0.2564773490733542,0.2564773490733542,MSCI World ex-US,-0.2564773490733542,,BCOM Index,-0.2021481601765123,,MOVE Index,0.0855027660516262,,
2017-01-30,ElasticNetCV,BUY,0.0090918930620198,True,BETA,MSCI World ex-US,-0.3801481289611639,0.3801481289611639,MSCI World ex-US,-0.3801481289611639,,BCOM Index,-0.2108887582418573,,5y yield,0.23797935661018,,
2017-05-24,ElasticNetCV,BUY,0.0197339991357372,True,BETA,MSCI World ex-US,-0.4276500022531773,0.4276500022531773,MSCI World ex-US,-0.4276500022531773,,BCOM Index,-0.1558192480663347,,5y yield,0.2488644404641956,,
2017-10-27,ElasticNetCV,SELL,-0.0016692032009426,True,BETA,Gold,-0.1645751470548794,0.1645751470548794,Gold,-0.1645751470548794,,5y yield,0.1415801778950005,,MSCI World ex-US,-0.1174619919959916,,
2018-09-07,ElasticNetCV,SELL,-0.0358232969737122,True,BETA,Gold,-0.2462945293787291,0.2462945293787291,Gold,-0.2462945293787291,,MSCI World ex-US,-0.1052390605346561,,Real 2y yield,0.082627741228888,,
2018-11-20,ElasticNetCV,SELL,-0.0082431676149613,True,BETA,Gold,-0.2104345420933387,0.2104345420933387,Gold,-0.2104345420933387,,MSCI World ex-US,-0.111597300523544,,Real 2y yield,0.0982808047651381,,
2018-11-22,ElasticNetCV,SELL,-0.0016982701069324,True,BETA,Gold,-0.2165791559609881,0.2165791559609881,Gold,-0.2165791559609881,,MSCI World ex-US,-0.1185123075899572,,Real 2y yield,0.0952063883764856,,
2018-11-30,ElasticNetCV,SELL,-0.0003016731255657,True,BETA,Gold,-0.2131962168575026,0.2131962168575026,Gold,-0.2131962168575026,,MSCI World ex-US,-0.1221210803977008,,Real 2y yield,0.0969527614830156,,
2018-12-18,ElasticNetCV,SELL,-0.0101002004008016,True,BETA,Gold,-0.2175360434205481,0.2175360434205481,Gold,-0.2175360434205481,,MSCI World ex-US,-0.1164507657136465,,Real 2y yield,0.1120519695601332,,
2019-06-18,ElasticNetCV,SELL,-0.0204333657309472,True,BETA,MSCI World ex-US,-0.1895942144377178,0.1895942144377178,MSCI World ex-US,-0.1895942144377178,,Copper LME,-0.1029127500583002,,Real 2y yield,0.0285194570410904,,
2019-08-07,ElasticNetCV,SELL,-0.001060942787264,True,BETA,MSCI World ex-US,-0.1798684263384806,0.1798684263384806,MSCI World ex-US,-0.1798684263384806,,Copper LME,-0.1333874958967563,,,,,
2019-08-29,ElasticNetCV,SELL,-0.0137415489473973,True,BETA,MSCI World ex-US,-0.1747562926848351,0.1747562926848351,MSCI World ex-US,-0.1747562926848351,,Copper LME,-0.1374902980354239,,,,,
2019-09-09,ElasticNetCV,BUY,0.0135925593904078,True,BETA,MSCI World ex-US,-0.1676507558571604,0.1676507558571604,Copper LME,-0.1565221673325114,,MSCI World ex-US,-0.1676507558571604,,,,,
2020-01-06,ElasticNetCV,BUY,0.0152616196422274,True,BETA,MSCI World ex-US,-0.1317543327191269,0.1317543327191269,MSCI World ex-US,-0.1317543327191269,,BCOM Index,-0.1133797291980737,,,,,
2021-03-02,ElasticNetCV,BUY,0.0008495675465198,True,BETA,MSCI World ex-US,-0.6274127971856278,0.6274127971856278,MSCI World ex-US,-0.6274127971856278,,BCOM Index,-0.3344142005766314,,MOVE Index,0.2047418304971198,,
2021-03-09,ElasticNetCV,BUY,0.020094925500012,True,BETA,MSCI World ex-US,-0.6550322230193082,0.6550322230193082,MSCI World ex-US,-0.6550322230193082,,BCOM Index,-0.2368014656315062,,MOVE Index,-0.0529350174182639,,
2021-03-17,ElasticNetCV,BUY,0.0164766580677373,True,BETA,MSCI World ex-US,-0.5603919678511916,0.5603919678511916,MSCI World ex-US,-0.5603919678511916,,BCOM Index,-0.2655647452077743,,,,,
2021-05-28,ElasticNetCV,SELL,-0.0032152803509318,True,BETA,MSCI World ex-US,-0.541213013537909,0.541213013537909,MSCI World ex-US,-0.541213013537909,,Oil,-0.3417150665937168,,VIX Index,0.1122643397490708,,
2022-02-03,ElasticNetCV,BUY,0.0244826715050183,True,BETA,MSCI World ex-US,-0.27738145789329,0.27738145789329,MSCI World ex-US,-0.27738145789329,,Oil,-0.1855891625106605,,5y yield,0.0851158479089951,,
2022-02-18,ElasticNetCV,SELL,-0.0043144188322158,True,BETA,MSCI World ex-US,-0.2545817050984573,0.2545817050984573,MSCI World ex-US,-0.2545817050984573,,Oil,-0.1975776590804718,,5y yield,0.069854201976529,,
2022-03-07,ElasticNetCV,SELL,-0.0342554248799072,True,BETA,MSCI World ex-US,-0.2709384481508895,0.2709384481508895,MSCI World ex-US,-0.2709384481508895,,Oil,-0.1837451234382682,,5y yield,0.0576514999110224,,
2022-03-10,ElasticNetCV,SELL,-0.0316710762807418,True,BETA,MSCI World ex-US,-0.2512130767758671,0.2512130767758671,MSCI World ex-US,-0.2512130767758671,,Copper LME,-0.1348903074401962,,5y yield,0.0645541419225008,,
2022-03-30,ElasticNetCV,BUY,0.0215318543069544,True,BETA,MSCI World ex-US,-0.2548119120440663,0.2548119120440663,MSCI World ex-US,-0.2548119120440663,,Copper LME,-0.135655157601239,,5y yield,0.0635916420187637,,
2022-05-09,ElasticNetCV,SELL,-0.0085716649089067,True,BETA,MSCI World ex-US,-0.2708150222477656,0.2708150222477656,MSCI World ex-US,-0.2708150222477656,,Copper LME,-0.1228025902494904,,5y yield,0.082999253688894,,
2022-05-18,ElasticNetCV,SELL,-0.0421502378715795,True,BETA,MSCI World ex-US,-0.2890977512223244,0.2890977512223244,MSCI World ex-US,-0.2890977512223244,,Copper LME,-0.1136720121694552,,VIX Index,0.0067249109261802,,
2022-10-06,ElasticNetCV,SELL,-0.0083932518255323,True,BETA,MSCI World ex-US,-0.3551268960618306,0.3551268960618306,MSCI World ex-US,-0.3551268960618306,,Copper LME,-0.1600676939692916,,5y yield,0.1166682218183458,,
2022-11-23,ElasticNetCV,BUY,0.0078121858033379,True,BETA,MSCI World ex-US,-0.3803402040163213,0.3803402040163213,MSCI World ex-US,-0.3803402040163213,,Copper LME,-0.2057257856481913,,5y yield,0.1620656217374393,,
2022-12-13,ElasticNetCV,BUY,0.0053798633555619,True,BETA,MSCI World ex-US,-0.3858922124050404,0.3858922124050404,MSCI World ex-US,-0.3858922124050404,,Copper LME,-0.223707925783036,,5y yield,0.1779539235086691,,
2023-02-06,ElasticNetCV,SELL,-0.0105709063125624,True,BETA,MSCI World ex-US,-0.4518099282539932,0.4518099282539932,MSCI World ex-US,-0.4518099282539932,,Copper LME,-0.2265949294981214,,Real 2y yield,-0.1352273986131969,,
2023-05-10,ElasticNetCV,BUY,0.0429224178962397,True,BETA,MSCI World ex-US,-0.5244930832945635,0.5244930832945635,MSCI World ex-US,-0.5244930832945635,,BCOM Index,-0.2287708484086263,,5y yield,0.1920469417912205,,
2023-12-21,ElasticNetCV,BUY,0.0039958676880493,True,BETA,MSCI World ex-US,-0.2684341986049766,0.2684341986049766,Copper LME,-0.250682767666056,,MSCI World ex-US,-0.2684341986049766,,5y yield,0.1807324755565215,,
2024-05-24,ElasticNetCV,BUY,0.0124181338776898,True,BETA,2y yield,0.3593576702849461,0.3593576702849461,2y yield,0.3593576702849461,,MSCI World ex-US,-0.2889076931252455,,BCOM Index,-0.2366481885737478,,
2024-07-23,ElasticNetCV,SELL,-0.0096505310513091,True,BETA,2y yield,0.3364257112488885,0.3364257112488885,2y yield,0.3364257112488885,,MSCI World ex-US,-0.2493215856904848,,BCOM Index,-0.1949032399381196,,
2024-11-19,ElasticNetCV,BUY,0.0078316379961935,True,BETA,5y yield,0.2615356820593899,0.2615356820593899,5y yield,0.2615356820593899,,MSCI World ex-US,-0.1950225402970407,,BCOM Index,-0.1582606620978021,,
2024-12-17,ElasticNetCV,BUY,0.0173057679937103,True,BETA,5y yield,0.2419463361240305,0.2419463361240305,5y yield,0.2419463361240305,,MSCI World ex-US,-0.1841506961075646,,BCOM Index,-0.1363646125831958,,
2024-12-20,ElasticNetCV,BUY,0.0038690528770559,True,BETA,5y yield,0.2442614574810469,0.2442614574810469,5y yield,0.2442614574810469,,MSCI World ex-US,-0.180582178929464,,BCOM Index,-0.134614089972245,,
2025-03-24,ElasticNetCV,BUY,0.0425317610391586,True,BETA,5y yield,0.1908510520686782,0.1908510520686782,5y yield,0.1908510520686782,,MSCI World ex-US,-0.1675795646081035,,BCOM Index,-0.1360836635583042,,
2025-03-27,ElasticNetCV,BUY,0.0322906925704689,True,BETA,5y yield,0.1804510129413364,0.1804510129413364,MSCI World ex-US,-0.1638324962237474,,5y yield,0.1804510129413364,,BCOM Index,-0.1371172894641707,,
2025-04-01,ElasticNetCV,BUY,0.0166314804023652,True,BETA,5y yield,0.1778266886316667,0.1778266886316667,5y yield,0.1778266886316667,,MSCI World ex-US,-0.1624741355666923,,BCOM Index,-0.1402684872969628,,
2025-04-21,ElasticNetCV,BUY,0.0007226617076014,True,BETA,BCOM Index,-0.1829174191018525,0.1829174191018525,MSCI World ex-US,-0.1647950301189966,,BCOM Index,-0.1829174191018525,,5y yield,0.1738592400335203,,
2025-09-11,ElasticNetCV,BUY,0.0180234091324016,True,BETA,Copper LME,-0.1604248526101441,0.1604248526101441,Copper LME,-0.1604248526101441,,MSCI World ex-US,-0.1329614057896334,,5y yield,0.1480204560295485,,
2025-09-16,ElasticNetCV,BUY,0.0229352164568621,True,BETA,Copper LME,-0.1627963613407712,0.1627963613407712,Copper LME,-0.1627963613407712,,MSCI World ex-US,-0.1334408420638227,,5y yield,0.1500583160494245,,
2025-11-04,ElasticNetCV,SELL,-0.0111028505468275,True,BETA,BCOM Index,-0.1984159923943595,0.1984159923943595,MSCI World ex-US,-0.1628202796938363,,BCOM Index,-0.1984159923943595,,5y yield,0.1364629575638903,,
2001-10-03,XGBRegressor,SELL,-0.0045713768443921,True,SHAP,MSCI World - Wilshire,-0.1548776179552078,0.1548776179552078,Gold,,0.1098677441477775,MSCI World - Wilshire,,-0.1548776179552078,,,,
2001-12-18,XGBRegressor,BUY,0.0148111298291633,True,SHAP,Gold,-0.4777533113956451,0.4777533113956451,Gold,,-0.4777533113956451,MSCI World - Wilshire,,0.039600308984518,,,,
2002-01-02,XGBRegressor,BUY,0.0077813562757593,True,SHAP,Gold,0.1846729516983032,0.1846729516983032,Gold,,0.1846729516983032,MSCI World - Wilshire,,-0.0201165489852428,,,,
2002-08-06,XGBRegressor,SELL,-0.0398550724637681,True,SHAP,MSCI World - Wilshire,-0.587829053401947,0.587829053401947,MSCI World - Wilshire,,-0.587829053401947,Gold,,0.0723479911684989,Real 2y yield,,0.0060299141332507,
2002-10-16,XGBRegressor,SELL,-0.0009861932938856,True,SHAP,MSCI World - Wilshire,-0.3198041021823883,0.3198041021823883,Gold,,-0.1595686674118042,MSCI World - Wilshire,,-0.3198041021823883,Real 2y yield,,-0.0189561154693365,
2003-03-17,XGBRegressor,SELL,-0.0112176218641647,True,SHAP,MSCI World - Dow Jones,0.1524591743946075,0.1524591743946075,Gold,,-0.0461892448365688,MSCI World - Dow Jones,,0.1524591743946075,Real 2y yield,,0.003423425136134,
2003-05-22,XGBRegressor,BUY,0.0243978776678193,True,SHAP,Gold,0.3013674914836883,0.3013674914836883,Gold,,0.3013674914836883,MSCI World - Dow Jones,,-0.0126269636675715,Real 2y yield,,-0.038800798356533,
2004-01-28,XGBRegressor,SELL,-0.0097589636295892,True,SHAP,Real 2y yield,0.3325656056404114,0.3325656056404114,Real 2y yield,,0.3325656056404114,MSCI World - S&P500,,-0.1022131592035293,Gold,,0.1197517439723014,
2004-04-07,XGBRegressor,BUY,0.0173601502992879,True,SHAP,Gold,-0.3468859195709228,0.3468859195709228,Gold,,-0.3468859195709228,Real 2y yield,,0.1238211989402771,MSCI World - S&P500,,-0.260141521692276,
2004-04-27,XGBRegressor,BUY,0.0043621291827891,True,SHAP,Real 2y yield,-0.1612196266651153,0.1612196266651153,Real 2y yield,,-0.1612196266651153,Gold,,-0.1264361888170242,MSCI World - S&P500,,0.085919365286827,
2004-05-05,XGBRegressor,BUY,0.023051624328467,True,SHAP,Gold,0.1339190155267715,0.1339190155267715,Gold,,0.1339190155267715,Real 2y yield,,0.1144237145781517,MSCI World - S&P500,,-0.0710539296269416,
2004-06-30,XGBRegressor,SELL,-0.0057897776494368,True,SHAP,Gold,-0.1575848162174224,0.1575848162174224,Gold,,-0.1575848162174224,MSCI World - S&P500,,0.0435768589377403,Real 2y yield,,-0.1209563240408897,
2005-04-14,XGBRegressor,SELL,-0.0181555119947728,True,SHAP,Gold,0.6179836392402649,0.6179836392402649,Gold,,0.6179836392402649,MSCI World ex-US,,0.4338776767253876,Real 2y yield,,-0.1877552270889282,
2005-05-20,XGBRegressor,SELL,-0.0019011406844107,True,SHAP,Gold,0.4650556743144989,0.4650556743144989,Gold,,0.4650556743144989,MSCI World ex-US,,-0.0003590586420614,Real 2y yield,,-0.0738987624645233,
2005-05-31,XGBRegressor,BUY,0.0136636148161919,True,SHAP,Gold,0.3059862852096557,0.3059862852096557,Gold,,0.3059862852096557,MSCI World ex-US,,-0.024037554860115,Real 2y yield,,-0.0913883820176124,
2005-06-02,XGBRegressor,BUY,0.0070675759454432,True,SHAP,Gold,-0.5548079609870911,0.5548079609870911,Gold,,-0.5548079609870911,MSCI World ex-US,,0.0260681882500648,Real 2y yield,,0.2743676900863647,
2005-06-06,XGBRegressor,BUY,0.0090560508759898,True,SHAP,Gold,-0.1522478014230728,0.1522478014230728,Gold,,-0.1522478014230728,MSCI World ex-US,,0.0388043895363807,Real 2y yield,,0.0888882800936698,
2005-06-09,XGBRegressor,BUY,0.0205218683257497,True,SHAP,MSCI World ex-US,0.4940175116062164,0.4940175116062164,Gold,,-0.0681665763258934,MSCI World ex-US,,0.4940175116062164,Real 2y yield,,-0.0623299852013587,
2006-02-07,XGBRegressor,BUY,0.0071489336298373,True,SHAP,Gold,0.3115496635437011,0.3115496635437011,MSCI World ex-US,,0.1073993518948555,Gold,,0.3115496635437011,,,,
2006-03-15,XGBRegressor,BUY,0.0034470767881711,True,SHAP,Gold,-0.1563467532396316,0.1563467532396316,MSCI World ex-US,,0.0559555441141128,Gold,,-0.1563467532396316,,,,
2006-10-06,XGBRegressor,SELL,-0.0003289719626168,True,SHAP,MSCI World - Dow Jones,0.1250984817743301,0.1250984817743301,MSCI World - Dow Jones,,0.1250984817743301,Gold,,0.0566332601010799,Real 2y yield,,0.0637402236461639,
2007-04-24,XGBRegressor,BUY,0.0102952308856927,True,SHAP,Gold,0.2190031558275222,0.2190031558275222,Gold,,0.2190031558275222,MSCI World - Dow Jones,,0.1678889840841293,Real 2y yield,,-0.080090507864952,
2007-06-26,XGBRegressor,SELL,-0.0287390029325512,True,SHAP,Gold,0.2205885052680969,0.2205885052680969,Gold,,0.2205885052680969,MSCI World ex-US,,0.0893750190734863,Real 2y yield,,-0.0410347804427146,
2007-09-18,XGBRegressor,SELL,-0.0233516236394711,True,SHAP,Gold,-0.1990282237529754,0.1990282237529754,Gold,,-0.1990282237529754,MSCI World ex-US,,-0.0929251462221145,,,,
2008-01-04,XGBRegressor,BUY,0.0244335933845951,True,SHAP,MSCI World ex-US,0.4375797808170318,0.4375797808170318,Gold,,0.3290556967258453,MSCI World ex-US,,0.4375797808170318,VIX Index,,0.0782797336578369,
2008-01-10,XGBRegressor,BUY,0.0273370943924879,True,SHAP,Gold,-0.2320560365915298,0.2320560365915298,Gold,,-0.2320560365915298,MSCI World ex-US,,0.1178748235106468,VIX Index,,-0.0386410430073738,
2008-06-10,XGBRegressor,SELL,-0.0108687243753383,True,SHAP,Gold,0.8453546762466431,0.8453546762466431,Gold,,0.8453546762466431,MSCI World ex-US,,0.601825475692749,,,,
2008-06-13,XGBRegressor,SELL,-0.0319175383909277,True,SHAP,Gold,-0.1654485315084457,0.1654485315084457,Gold,,-0.1654485315084457,MSCI World ex-US,,-0.0676887184381485,,,,
2008-08-21,XGBRegressor,BUY,0.0465959926318559,True,SHAP,Gold,-0.957191526889801,0.957191526889801,Gold,,-0.957191526889801,MSCI World ex-US,,-0.0345229618251323,Real 2y yield,,-0.0196217093616724,
2008-09-08,XGBRegressor,SELL,-0.0232504847523356,True,SHAP,MSCI World ex-US,-0.3723437190055847,0.3723437190055847,Gold,,0.0532737337052822,MSCI World ex-US,,-0.3723437190055847,Real 2y yield,,-0.0300326608121395,
2008-12-17,XGBRegressor,BUY,0.0610980559709464,True,SHAP,MSCI World ex-US,-0.4763555526733398,0.4763555526733398,Copper LME,,0.3763475120067596,MSCI World ex-US,,-0.4763555526733398,,,,
2010-01-13,XGBRegressor,BUY,0.0376726292835996,True,SHAP,Oil,0.4230402410030365,0.4230402410030365,MSCI World ex-US,,0.1810208112001419,Oil,,0.4230402410030365,5y yield,,-0.0550047419965267,
2010-08-02,XGBRegressor,BUY,0.0333517782584638,True,SHAP,MSCI World ex-US,-0.6742227077484131,0.6742227077484131,BCOM Index,,-0.0898206830024719,MSCI World ex-US,,-0.6742227077484131,5y yield,,-0.0597102642059326,
2010-08-06,XGBRegressor,BUY,0.0473398625833654,True,SHAP,BCOM Index,0.1995127946138382,0.1995127946138382,BCOM Index,,0.1995127946138382,MSCI World ex-US,,-0.0988747328519821,5y yield,,0.0320441722869873,
2010-09-14,XGBRegressor,SELL,-0.0328275314886442,True,SHAP,MSCI World ex-US,-0.1797025501728058,0.1797025501728058,BCOM Index,,-0.0413136780261993,MSCI World ex-US,,-0.1797025501728058,2y yield,,-0.0053950673900544,
2010-12-31,XGBRegressor,BUY,0.0033666563605758,True,SHAP,Oil,-0.1520750373601913,0.1520750373601913,MSCI World ex-US,,-0.1509932726621627,Oil,,-0.1520750373601913,VIX Index,,0.0530654676258564,
2011-01-25,XGBRegressor,BUY,0.0019955577149997,True,SHAP,Oil,0.1623832881450653,0.1623832881450653,MSCI World ex-US,,0.0245732627809047,Oil,,0.1623832881450653,VIX Index,,-0.0081336554139852,
2011-04-26,XGBRegressor,BUY,0.0186187201743508,True,SHAP,MSCI World ex-US,-0.1181556954979896,0.1181556954979896,MSCI World ex-US,,-0.1181556954979896,Oil,,0.0877811387181282,VIX Index,,0.0310122054070234,
2011-05-24,XGBRegressor,SELL,-0.0400639873463225,True,SHAP,Oil,-0.1535230576992035,0.1535230576992035,MSCI World ex-US,,-0.1385508030653,Oil,,-0.1535230576992035,,,,
2011-07-12,XGBRegressor,SELL,-0.0450080371494909,True,SHAP,MSCI World ex-US,0.4729533493518829,0.4729533493518829,MSCI World ex-US,,0.4729533493518829,Oil,,0.079069934785366,VIX Index,,0.0028874005656689,
2011-09-27,XGBRegressor,SELL,-0.0123326163879831,True,SHAP,MSCI World ex-US,-0.5733715295791626,0.5733715295791626,MSCI World ex-US,,-0.5733715295791626,Oil,,-0.3128972053527832,5y yield,,-0.06365417689085,
2012-05-29,XGBRegressor,SELL,-0.0020432233093572,True,SHAP,MSCI World ex-US,-0.2068765461444854,0.2068765461444854,BCOM Index,,0.1283591538667678,MSCI World ex-US,,-0.2068765461444854,5y yield,,0.0141057986766099,
2012-10-25,XGBRegressor,SELL,-0.0089349102180049,True,SHAP,MSCI World ex-US,-0.0624725557863712,0.0624725557863712,MSCI World ex-US,,-0.0624725557863712,Copper LME,,-0.0355882793664932,VIX Index,,-0.0339391306042671,
2013-01-03,XGBRegressor,SELL,-0.0034551280903702,True,SHAP,MSCI World ex-US,0.1503899246454239,0.1503899246454239,MSCI World ex-US,,0.1503899246454239,Copper LME,,0.0041613541543483,5y yield,,-0.001334385946393,
2013-01-15,XGBRegressor,SELL,-0.013091026630991,True,SHAP,Copper LME,-0.0955481976270675,0.0955481976270675,MSCI World ex-US,,0.0597345456480979,Copper LME,,-0.0955481976270675,2y yield,,-0.0291672181338071,
2013-01-17,XGBRegressor,SELL,-0.0181978227284159,True,SHAP,MSCI World ex-US,-0.135091096162796,0.135091096162796,MSCI World ex-US,,-0.135091096162796,Copper LME,,0.0324011966586113,,,,
2013-03-19,XGBRegressor,SELL,-0.0034949460339214,True,SHAP,MSCI World ex-US,0.1290349662303924,0.1290349662303924,MSCI World ex-US,,0.1290349662303924,Copper LME,,0.0974351540207862,2y yield,,0.0072055822238326,
2013-09-10,XGBRegressor,BUY,0.0092576950366589,True,SHAP,2y yield,-0.2554025650024414,0.2554025650024414,MSCI World ex-US,,-0.2393697649240493,BCOM Index,,0.1620652079582214,2y yield,,-0.2554025650024414,
2013-12-03,XGBRegressor,BUY,0.0022633711108559,True,SHAP,MSCI World ex-US,0.1717355698347091,0.1717355698347091,MSCI World ex-US,,0.1717355698347091,BCOM Index,,-0.0135766258463263,2y yield,,-0.0415722802281379,
2013-12-09,XGBRegressor,BUY,0.0028677572834516,True,SHAP,BCOM Index,-0.0976061522960662,0.0976061522960662,MSCI World ex-US,,-0.0771210417151451,BCOM Index,,-0.0976061522960662,2y yield,,-0.0445857420563697,
2013-12-25,XGBRegressor,BUY,0.009012379821379,True,SHAP,2y yield,0.2011929303407669,0.2011929303407669,MSCI World ex-US,,-0.0272202715277671,BCOM Index,,-0.032527882605791,2y yield,,0.2011929303407669,
2013-12-30,XGBRegressor,BUY,0.0079909051965596,True,SHAP,2y yield,-0.0644408613443374,0.0644408613443374,MSCI World ex-US,,-0.0519341193139553,BCOM Index,,-0.0101110357791185,2y yield,,-0.0644408613443374,
2014-11-03,XGBRegressor,SELL,-0.0024701886459542,True,SHAP,MSCI World ex-US,0.321645975112915,0.321645975112915,5y yield,,-0.0181046091020107,MSCI World ex-US,,0.321645975112915,Copper LME,,0.0412701740860939,
2014-12-15,XGBRegressor,SELL,-0.003046458492003,True,SHAP,MSCI World ex-US,0.2116345018148422,0.2116345018148422,5y yield,,0.0347092263400554,Gold,,0.0548552833497524,MSCI World ex-US,,0.2116345018148422,
2015-01-06,XGBRegressor,SELL,-0.0095266371487212,True,SHAP,Gold,-0.1729272156953811,0.1729272156953811,5y yield,,-0.0341515243053436,Gold,,-0.1729272156953811,MSCI World ex-US,,0.138448566198349,
2015-02-03,XGBRegressor,BUY,0.0002261540508181,True,SHAP,5y yield,0.1032443195581436,0.1032443195581436,Oil,,0.0179651714861392,5y yield,,0.1032443195581436,MSCI World ex-US,,0.0020381861831992,
2015-02-05,XGBRegressor,BUY,0.0096216547116829,True,SHAP,MSCI World ex-US,-0.0919296815991401,0.0919296815991401,Oil,,0.0100235603749752,MSCI World ex-US,,-0.0919296815991401,5y yield,,0.0230169035494327,
2015-02-10,XGBRegressor,BUY,0.0009629717572254,True,SHAP,Oil,1.1862363815307615,1.1862363815307615,Oil,,1.1862363815307615,5y yield,,-0.2120958417654037,MSCI World ex-US,,-0.1478575319051742,
2015-05-06,XGBRegressor,BUY,0.0182365915326268,True,SHAP,MSCI World ex-US,-0.0952027663588523,0.0952027663588523,MSCI World ex-US,,-0.0952027663588523,BCOM Index,,0.0850290432572364,5y yield,,0.0054282173514366,
2015-05-12,XGBRegressor,BUY,0.0359962067077161,True,SHAP,Gold,-0.0449855290353298,0.0449855290353298,MSCI World ex-US,,-0.0087923519313335,Gold,,-0.0449855290353298,5y yield,,-0.0225692428648471,
2016-09-30,XGBRegressor,BUY,0.0295443729178668,True,SHAP,BCOM Index,-0.2421234101057052,0.2421234101057052,BCOM Index,,-0.2421234101057052,MSCI World ex-US,,0.0038519231602549,,,,
2016-10-21,XGBRegressor,SELL,-0.0109102811215768,True,SHAP,BCOM Index,-0.1654674112796783,0.1654674112796783,BCOM Index,,-0.1654674112796783,MSCI World ex-US,,-0.0084520326927304,,,,
2017-04-04,XGBRegressor,SELL,-0.0091163115612994,True,SHAP,BCOM Index,-0.1250154674053192,0.1250154674053192,MSCI World ex-US,,-0.0680085197091102,BCOM Index,,-0.1250154674053192,5y yield,,0.0174200311303138,
2017-05-22,XGBRegressor,BUY,0.0132639355271995,True,SHAP,5y yield,0.0899329781532287,0.0899329781532287,MSCI World ex-US,,-0.0511076226830482,Oil,,-0.0028000159654766,5y yield,,0.0899329781532287,
2017-05-24,XGBRegressor,BUY,0.0197339991357372,True,SHAP,5y yield,-0.185623288154602,0.185623288154602,MSCI World ex-US,,0.133987009525299,BCOM Index,,0.0470432341098785,5y yield,,-0.185623288154602,
2017-10-26,XGBRegressor,SELL,-0.0047117855831598,True,SHAP,Gold,0.240139439702034,0.240139439702034,Gold,,0.240139439702034,5y yield,,0.0767850428819656,MSCI World ex-US,,0.0407520122826099,
2017-11-30,XGBRegressor,SELL,-0.0025244025580611,True,SHAP,Gold,0.2374216616153717,0.2374216616153717,Gold,,0.2374216616153717,10y yield,,0.122457131743431,MSCI World ex-US,,-0.0597388818860054,
2017-12-15,XGBRegressor,SELL,-0.021363902043348,True,SHAP,10y yield,0.1050189733505249,0.1050189733505249,Gold,,-0.0965132415294647,10y yield,,0.1050189733505249,MSCI World - S&P500,,0.0932256951928138,
2017-12-20,XGBRegressor,SELL,-0.0363707702185338,True,SHAP,Gold,-0.072591058909893,0.072591058909893,Gold,,-0.072591058909893,10y yield,,-0.0198194328695535,MSCI World - S&P500,,-0.0385976582765579,
2017-12-26,XGBRegressor,SELL,-0.025080935360027,True,SHAP,Gold,-0.3839339911937713,0.3839339911937713,Gold,,-0.3839339911937713,10y yield,,-0.0075785317458212,MSCI World - S&P500,,-0.0940379649400711,
2018-05-28,XGBRegressor,SELL,-0.0186064103659057,True,SHAP,Gold,0.0415413528680801,0.0415413528680801,Gold,,0.0415413528680801,MSCI EM,,-0.0196667071431875,10y yield,,0.022443763911724,
2018-07-10,XGBRegressor,BUY,0.0200825755591311,True,SHAP,Gold,0.090839572250843,0.090839572250843,Gold,,0.090839572250843,MSCI World ex-US,,-0.0216718316078186,VIX Index,,-0.0077178077772259,
2018-09-26,XGBRegressor,BUY,0.015374183207989,True,SHAP,Gold,0.2745750248432159,0.2745750248432159,Gold,,0.2745750248432159,MSCI World ex-US,,-0.0437171161174774,,,,
2018-10-01,XGBRegressor,BUY,0.0003067221220263,True,SHAP,Gold,0.1077475845813751,0.1077475845813751,Gold,,0.1077475845813751,MSCI World ex-US,,-0.0446576215326786,,,,
2018-11-26,XGBRegressor,SELL,-0.0030039470467007,True,SHAP,Gold,-0.1591629236936569,0.1591629236936569,Gold,,-0.1591629236936569,MSCI World ex-US,,-0.1426511257886886,Real 2y yield,,0.0607674419879913,
2018-11-30,XGBRegressor,SELL,-0.0003016731255657,True,SHAP,MSCI World ex-US,0.2198779433965683,0.2198779433965683,Gold,,0.155412271618843,MSCI World ex-US,,0.2198779433965683,Real 2y yield,,0.1058945134282112,
2018-12-18,XGBRegressor,SELL,-0.0101002004008016,True,SHAP,MSCI World ex-US,0.2448348551988601,0.2448348551988601,Gold,,-0.1554799228906631,MSCI World ex-US,,0.2448348551988601,Real 2y yield,,0.1397710740566253,
2019-08-07,XGBRegressor,SELL,-0.001060942787264,True,SHAP,MSCI World ex-US,-0.2321833074092865,0.2321833074092865,MSCI World ex-US,,-0.2321833074092865,Copper LME,,-0.0504959300160408,,,,
2019-08-30,XGBRegressor,SELL,-0.0151124943835001,True,SHAP,Copper LME,0.2389463484287262,0.2389463484287262,MSCI World ex-US,,-0.1385999619960785,Copper LME,,0.2389463484287262,,,,
2020-01-06,XGBRegressor,BUY,0.0152616196422274,True,SHAP,MSCI World ex-US,0.0926133319735527,0.0926133319735527,MSCI World ex-US,,0.0926133319735527,BCOM Index,,-0.0263793878257274,,,,
2020-08-04,XGBRegressor,SELL,-0.0296492113287849,True,SHAP,BCOM Index,-0.4465289115905761,0.4465289115905761,MSCI World ex-US,,-0.0944169089198112,BCOM Index,,-0.4465289115905761,MOVE Index,,-0.0717034265398979,
2020-08-24,XGBRegressor,SELL,-0.0072238275172259,True,SHAP,MSCI World ex-US,-0.5420199632644653,0.5420199632644653,MSCI World ex-US,,-0.5420199632644653,BCOM Index,,-0.0863239616155624,MOVE Index,,-0.0458784736692905,
2021-01-19,XGBRegressor,BUY,0.0071294778740342,True,SHAP,BCOM Index,0.2474895119667053,0.2474895119667053,MSCI World ex-US,,-0.1714558899402618,BCOM Index,,0.2474895119667053,MOVE Index,,0.0406630784273147,
2021-04-21,XGBRegressor,BUY,0.0020869064610145,True,SHAP,Oil,0.3198051452636719,0.3198051452636719,MSCI World ex-US,,0.0764729157090187,Oil,,0.3198051452636719,,,,
2021-05-28,XGBRegressor,SELL,-0.0032152803509318,True,SHAP,VIX Index,-0.1365618556737899,0.1365618556737899,MSCI World ex-US,,-0.0741384997963905,Oil,,-0.0871412381529808,VIX Index,,-0.1365618556737899,
2021-09-23,XGBRegressor,BUY,8.157177150591721e-05,True,SHAP,5y yield,0.5085927248001099,0.5085927248001099,MSCI World ex-US,,-0.1619578152894973,Oil,,-0.0683696568012237,5y yield,,0.5085927248001099,
2021-10-19,XGBRegressor,BUY,0.0206946904773304,True,SHAP,MSCI World ex-US,-0.1457285732030868,0.1457285732030868,MSCI World ex-US,,-0.1457285732030868,Oil,,-0.0945148766040802,Real 2y yield,,-0.0165728144347667,
2022-02-03,XGBRegressor,BUY,0.0244826715050183,True,SHAP,MSCI World ex-US,0.4795697629451751,0.4795697629451751,MSCI World ex-US,,0.4795697629451751,Oil,,-0.1905207484960556,5y yield,,-0.0591560713946819,
2022-02-23,XGBRegressor,BUY,0.0021931304406503,True,SHAP,Oil,0.130162626504898,0.130162626504898,MSCI World ex-US,,0.1238729730248451,Oil,,0.130162626504898,5y yield,,0.0353739485144615,
2022-02-25,XGBRegressor,BUY,0.0196420282799922,True,SHAP,MSCI World ex-US,-0.3095991611480713,0.3095991611480713,MSCI World ex-US,,-0.3095991611480713,Oil,,0.1435199528932571,5y yield,,-0.0671651735901832,
2022-03-25,XGBRegressor,BUY,0.010477285662845,True,SHAP,MSCI World ex-US,0.0929697602987289,0.0929697602987289,MSCI World ex-US,,0.0929697602987289,Copper LME,,0.0191621556878089,5y yield,,0.0699569955468177,
2022-03-30,XGBRegressor,BUY,0.0215318543069544,True,SHAP,MSCI World ex-US,0.0386813804507255,0.0386813804507255,MSCI World ex-US,,0.0386813804507255,Copper LME,,-0.0385596267879009,5y yield,,0.0297028999775648,
2022-04-08,XGBRegressor,BUY,0.030209327187245,True,SHAP,MSCI World ex-US,-0.346056580543518,0.346056580543518,MSCI World ex-US,,-0.346056580543518,Copper LME,,-0.0625891238451004,5y yield,,0.0300212539732456,
2022-05-09,XGBRegressor,SELL,-0.0085716649089067,True,SHAP,MSCI World ex-US,0.5781927704811096,0.5781927704811096,MSCI World ex-US,,0.5781927704811096,Copper LME,,0.4042614102363586,5y yield,,0.0709295719861984,
2022-05-20,XGBRegressor,SELL,-0.0312105376631109,True,SHAP,MSCI World ex-US,-0.4082801938056946,0.4082801938056946,MSCI World ex-US,,-0.4082801938056946,Copper LME,,-0.0289617180824279,,,,
2022-08-10,XGBRegressor,BUY,0.0183027412084852,True,SHAP,MSCI World ex-US,-0.7575393915176392,0.7575393915176392,MSCI World ex-US,,-0.7575393915176392,Copper LME,,-0.2583821713924408,MOVE Index,,-0.0314710885286331,
2022-08-24,XGBRegressor,BUY,0.0322124660799223,True,SHAP,Copper LME,0.1101096794009208,0.1101096794009208,MSCI World ex-US,,-0.0899007245898246,Copper LME,,0.1101096794009208,MOVE Index,,0.087514504790306,
2022-08-29,XGBRegressor,BUY,0.0097935659860735,True,SHAP,MSCI World ex-US,0.5606061816215515,0.5606061816215515,MSCI World ex-US,,0.5606061816215515,Copper LME,,0.0505547560751438,MOVE Index,,0.4072903096675873,
2022-09-26,XGBRegressor,SELL,-0.0114595174064524,True,SHAP,MSCI World ex-US,0.7656687498092651,0.7656687498092651,MSCI World ex-US,,0.7656687498092651,Copper LME,,0.178066000342369,MOVE Index,,0.2933694720268249,
2022-12-30,XGBRegressor,BUY,0.010087925090271,True,SHAP,MSCI World ex-US,0.3914384543895721,0.3914384543895721,MSCI World ex-US,,0.3914384543895721,Copper LME,,-0.03986631706357,Real 2y yield,,0.3235740661621094,
2023-05-10,XGBRegressor,BUY,0.0429224178962397,True,SHAP,5y yield,-0.4422610104084015,0.4422610104084015,MSCI World ex-US,,0.1005568206310272,BCOM Index,,0.1772726774215698,5y yield,,-0.4422610104084015,
2023-06-13,XGBRegressor,BUY,0.0120569040800038,True,SHAP,MSCI World ex-US,-0.4413178861141205,0.4413178861141205,MSCI World ex-US,,-0.4413178861141205,BCOM Index,,-0.3155692219734192,5y yield,,0.2226682156324386,
2023-06-22,XGBRegressor,BUY,0.0105299710003472,True,SHAP,BCOM Index,0.4776830375194549,0.4776830375194549,MSCI World ex-US,,0.2048286348581314,BCOM Index,,0.4776830375194549,5y yield,,0.0461841821670532,
2023-12-21,XGBRegressor,BUY,0.0039958676880493,True,SHAP,MSCI World ex-US,0.0264532938599586,0.0264532938599586,Copper LME,,-0.0115483170375227,MSCI World ex-US,,0.0264532938599586,5y yield,,0.0187542811036109,
2024-05-27,XGBRegressor,BUY,0.013869176327145,True,SHAP,MSCI World ex-US,-0.2530671656131744,0.2530671656131744,2y yield,,-0.0409171357750892,MSCI World ex-US,,-0.2530671656131744,BCOM Index,,0.0937720313668251,
2024-05-31,XGBRegressor,BUY,0.0170452380044972,True,SHAP,BCOM Index,0.3276791572570801,0.3276791572570801,2y yield,,-0.0534057281911373,MSCI World ex-US,,-0.2322975993156433,BCOM Index,,0.3276791572570801,
2024-11-12,XGBRegressor,BUY,0.007838604222732,True,SHAP,5y yield,0.9245055317878724,0.9245055317878724,5y yield,,0.9245055317878724,MSCI World ex-US,,0.2532256841659546,BCOM Index,,0.0746064558625221,
2025-01-17,XGBRegressor,SELL,-0.0091887359373907,True,SHAP,5y yield,0.2993873655796051,0.2993873655796051,5y yield,,0.2993873655796051,MSCI World ex-US,,-0.0921742543578147,BCOM Index,,0.0773957297205925,
2025-02-27,XGBRegressor,SELL,-0.050255680554938,True,SHAP,MSCI World ex-US,0.2454301565885543,0.2454301565885543,5y yield,,0.1484546661376953,MSCI World ex-US,,0.2454301565885543,BCOM Index,,-0.0270859897136688,
2025-03-03,XGBRegressor,SELL,-0.0580474462341562,True,SHAP,MSCI World ex-US,-0.5205419063568115,0.5205419063568115,5y yield,,-0.1713778227567672,MSCI World ex-US,,-0.5205419063568115,BCOM Index,,-0.238093227148056,
2025-03-24,XGBRegressor,BUY,0.0425317610391586,True,SHAP,5y yield,0.2331497520208358,0.2331497520208358,5y yield,,0.2331497520208358,MSCI World ex-US,,0.0903447121381759,BCOM Index,,0.0562116019427776,
2025-03-27,XGBRegressor,BUY,0.0322906925704689,True,SHAP,MSCI World ex-US,0.1063074097037315,0.1063074097037315,MSCI World ex-US,,0.1063074097037315,5y yield,,0.0913329496979713,BCOM Index,,-0.0778904631733894,
2025-04-02,XGBRegressor,BUY,0.0140919482814931,True,SHAP,5y yield,-0.2571044266223907,0.2571044266223907,5y yield,,-0.2571044266223907,MSCI World ex-US,,0.0741064026951789,BCOM Index,,-0.0737473294138908,
2025-04-21,XGBRegressor,BUY,0.0007226617076014,True,SHAP,5y yield,0.246159166097641,0.246159166097641,MSCI World ex-US,,-0.1446825265884399,BCOM Index,,0.1520746797323227,5y yield,,0.246159166097641,
2025-10-10,XGBRegressor,SELL,-0.0106210603276226,True,SHAP,BCOM Index,0.2457287609577179,0.2457287609577179,BCOM Index,,0.2457287609577179,MSCI World ex-US,,0.0847832560539245,5y yield,,-0.2029077857732772,
2025-10-16,XGBRegressor,SELL,-0.0011318169633549,True,SHAP,BCOM Index,-0.2250261157751083,0.2250261157751083,BCOM Index,,-0.2250261157751083,MSCI World ex-US,,-0.1601245105266571,5y yield,,-0.2155061364173889,
2025-10-31,XGBRegressor,SELL,-0.0032007270787438,True,SHAP,Real 2y yield,-0.1603512018918991,0.1603512018918991,MSCI World ex-US,,0.0755487456917762,BCOM Index,,-0.1471169143915176,Real 2y yield,,-0.1603512018918991,
2001-10-03,LGBMRegressor,SELL,-0.0045713768443921,True,SHAP,Gold,0.1122076695912925,0.1122076695912925,Gold,,0.1122076695912925,MSCI World - Wilshire,,0.0463125179243278,,,,
2001-12-18,LGBMRegressor,BUY,0.0148111298291633,True,SHAP,Gold,-0.2689422686177916,0.2689422686177916,Gold,,-0.2689422686177916,MSCI World - Wilshire,,0.0522109378321482,,,,
2002-01-02,LGBMRegressor,BUY,0.0077813562757593,True,SHAP,Gold,0.1100304188715713,0.1100304188715713,Gold,,0.1100304188715713,MSCI World - Wilshire,,-0.0058159045404035,,,,
2002-08-06,LGBMRegressor,SELL,-0.0398550724637681,True,SHAP,MSCI World - Wilshire,0.2373806751854708,0.2373806751854708,MSCI World - Wilshire,,0.2373806751854708,Gold,,0.0620122317195518,Real 2y yield,,0.0358685953409345,
2002-10-16,LGBMRegressor,SELL,-0.0009861932938856,True,SHAP,MSCI World - Wilshire,-0.2552050925775201,0.2552050925775201,Gold,,-0.1186023420506374,MSCI World - Wilshire,,-0.2552050925775201,Real 2y yield,,-0.0229065191363284,
2003-05-23,LGBMRegressor,BUY,0.0489244727513069,True,SHAP,Real 2y yield,0.3581437288135274,0.3581437288135274,Gold,,-0.2354603380938937,MSCI World - Dow Jones,,0.026798581299489,Real 2y yield,,0.3581437288135274,
2003-07-15,LGBMRegressor,SELL,-0.0330608415974269,True,SHAP,Gold,0.237124694123173,0.237124694123173,Gold,,0.237124694123173,MSCI World - Dow Jones,,-0.0160612396716433,Real 2y yield,,-0.009442154318034,
2004-01-28,LGBMRegressor,SELL,-0.0097589636295892,True,SHAP,Real 2y yield,0.4417584674855236,0.4417584674855236,Real 2y yield,,0.4417584674855236,MSCI World - S&P500,,-0.1542154246461724,Gold,,0.1753393554311594,
2004-04-06,LGBMRegressor,BUY,0.0080914331951047,True,SHAP,Gold,-0.3258710724776835,0.3258710724776835,Gold,,-0.3258710724776835,Real 2y yield,,-0.1302145910879818,MSCI World - S&P500,,0.0735657143004245,
2004-04-27,LGBMRegressor,BUY,0.0043621291827891,True,SHAP,Real 2y yield,-0.1780231422081744,0.1780231422081744,Real 2y yield,,-0.1780231422081744,Gold,,-0.1649643582702146,MSCI World - S&P500,,0.0765751839884381,
2004-05-05,LGBMRegressor,BUY,0.023051624328467,True,SHAP,Gold,0.1700680540364854,0.1700680540364854,Gold,,0.1700680540364854,Real 2y yield,,0.1154624831159172,MSCI World - S&P500,,-0.0364620863380495,
2004-07-01,LGBMRegressor,SELL,-0.0143121955425271,True,SHAP,Real 2y yield,0.2464536030125442,0.2464536030125442,Gold,,-0.0912773766476279,MSCI World - S&P500,,-0.078778177180751,Real 2y yield,,0.2464536030125442,
2004-11-25,LGBMRegressor,BUY,0.0138816219751471,True,SHAP,Gold,-0.254406039594226,0.254406039594226,Gold,,-0.254406039594226,MSCI World ex-US,,-0.1184162042140158,Real 2y yield,,0.0028193397234134,
2005-05-31,LGBMRegressor,BUY,0.0136636148161919,True,SHAP,Gold,0.2523367579005534,0.2523367579005534,Gold,,0.2523367579005534,MSCI World ex-US,,0.0299852318840162,Real 2y yield,,-0.0479855414894038,
2005-06-06,LGBMRegressor,BUY,0.0090560508759898,True,SHAP,Gold,-0.2719671220673918,0.2719671220673918,Gold,,-0.2719671220673918,MSCI World ex-US,,0.0106018509632188,Real 2y yield,,0.0389506273638739,
2005-08-19,LGBMRegressor,SELL,-0.0544025300673569,True,SHAP,Gold,0.513937792326686,0.513937792326686,Gold,,0.513937792326686,MSCI World ex-US,,-0.1293225999391042,,,,
2006-09-13,LGBMRegressor,SELL,-0.0153426318981201,True,SHAP,MSCI World - Dow Jones,0.0256675977176848,0.0256675977176848,MSCI World - Dow Jones,,0.0256675977176848,Gold,,-0.0046139850854437,Real 2y yield,,-0.0220634055826491,
2006-10-06,LGBMRegressor,SELL,-0.0003289719626168,True,SHAP,MSCI World - Dow Jones,0.081779576462937,0.081779576462937,MSCI World - Dow Jones,,0.081779576462937,Gold,,0.0741617277303138,Real 2y yield,,0.0252589845626943,
2007-06-26,LGBMRegressor,SELL,-0.0287390029325512,True,SHAP,Gold,0.2037512973721641,0.2037512973721641,Gold,,0.2037512973721641,MSCI World ex-US,,0.0807323760273616,Real 2y yield,,-0.0427843779713171,
2007-09-18,LGBMRegressor,SELL,-0.0233516236394711,True,SHAP,Gold,-0.1675325993100169,0.1675325993100169,Gold,,-0.1675325993100169,MSCI World ex-US,,-0.0609727796107576,,,,
2007-10-03,LGBMRegressor,SELL,-0.0110117629814209,True,SHAP,Gold,0.1591491458341486,0.1591491458341486,Gold,,0.1591491458341486,MSCI World ex-US,,-0.0618375141985592,,,,
2007-12-13,LGBMRegressor,BUY,0.0052672289955431,True,SHAP,Gold,0.4996610435851646,0.4996610435851646,Gold,,0.4996610435851646,MSCI World ex-US,,0.3180544576242456,,,,
2008-01-04,LGBMRegressor,BUY,0.0244335933845951,True,SHAP,MSCI World ex-US,0.3466046622565172,0.3466046622565172,Gold,,0.2763957506101667,MSCI World ex-US,,0.3466046622565172,VIX Index,,0.0749127106316051,
2008-01-10,LGBMRegressor,BUY,0.0273370943924879,True,SHAP,Gold,-0.2846229107831022,0.2846229107831022,Gold,,-0.2846229107831022,MSCI World ex-US,,0.0524490605794037,VIX Index,,-0.0097721308176364,
2008-06-10,LGBMRegressor,SELL,-0.0108687243753383,True,SHAP,Gold,0.6833797650977547,0.6833797650977547,Gold,,0.6833797650977547,MSCI World ex-US,,0.6210953668288691,,,,
2008-06-13,LGBMRegressor,SELL,-0.0319175383909277,True,SHAP,Gold,-0.1221235460587755,0.1221235460587755,Gold,,-0.1221235460587755,MSCI World ex-US,,-0.05888306504585,,,,
2008-08-19,LGBMRegressor,BUY,0.0239108221086854,True,SHAP,Gold,-0.5061427501561468,0.5061427501561468,Gold,,-0.5061427501561468,MSCI World ex-US,,0.3696177635594186,Real 2y yield,,0.0060360479568576,
2008-08-21,LGBMRegressor,BUY,0.0465959926318559,True,SHAP,Gold,-0.7426908132019276,0.7426908132019276,Gold,,-0.7426908132019276,MSCI World ex-US,,-0.0386579398243893,Real 2y yield,,-0.001257595091902,
2008-09-08,LGBMRegressor,SELL,-0.0232504847523356,True,SHAP,MSCI World ex-US,-0.4685841933986033,0.4685841933986033,Gold,,0.0255350089426628,MSCI World ex-US,,-0.4685841933986033,Real 2y yield,,-0.050472445872399,
2008-12-17,LGBMRegressor,BUY,0.0610980559709464,True,SHAP,Copper LME,0.3190360643946458,0.3190360643946458,Copper LME,,0.3190360643946458,MSCI World ex-US,,-0.1570508737217686,,,,
2010-08-02,LGBMRegressor,BUY,0.0333517782584638,True,SHAP,MSCI World ex-US,-0.6580222913531981,0.6580222913531981,BCOM Index,,-0.1513375050125147,MSCI World ex-US,,-0.6580222913531981,5y yield,,-0.0906061755751696,
2010-09-14,LGBMRegressor,SELL,-0.0328275314886442,True,SHAP,MSCI World ex-US,-0.1502930433270653,0.1502930433270653,BCOM Index,,0.0134649035173657,MSCI World ex-US,,-0.1502930433270653,2y yield,,-0.0071237275223139,
2010-10-19,LGBMRegressor,SELL,-0.0178346092369815,True,SHAP,MSCI World ex-US,0.343773067262582,0.343773067262582,MSCI World ex-US,,0.343773067262582,BCOM Index,,0.265204228132198,2y yield,,-0.080554449785608,
2011-02-24,LGBMRegressor,BUY,0.0066566994162038,True,SHAP,MSCI World ex-US,0.0922205676425872,0.0922205676425872,MSCI World ex-US,,0.0922205676425872,Oil,,0.0725610363027819,VIX Index,,-0.0353123029794696,
2011-04-25,LGBMRegressor,BUY,0.0209608780050769,True,SHAP,MSCI World ex-US,0.1155456129179842,0.1155456129179842,MSCI World ex-US,,0.1155456129179842,Oil,,0.0474005765163415,VIX Index,,0.0120679604415428,
2011-05-24,LGBMRegressor,SELL,-0.0400639873463225,True,SHAP,Oil,-0.2424084272689661,0.2424084272689661,MSCI World ex-US,,-0.1813007142964516,Oil,,-0.2424084272689661,,,,
2011-07-12,LGBMRegressor,SELL,-0.0450080371494909,True,SHAP,MSCI World ex-US,0.5169043818587004,0.5169043818587004,MSCI World ex-US,,0.5169043818587004,Oil,,-0.010997919200518,VIX Index,,-0.0337117738702553,
2011-09-27,LGBMRegressor,SELL,-0.0123326163879831,True,SHAP,MSCI World ex-US,-0.5417067283006555,0.5417067283006555,MSCI World ex-US,,-0.5417067283006555,Oil,,-0.2978554903840133,5y yield,,-0.057114631037951,
2012-01-05,LGBMRegressor,SELL,-0.019736732898428,True,SHAP,BCOM Index,0.4233907758882102,0.4233907758882102,5y yield,,-0.0474948216072379,MSCI World ex-US,,0.3332306826699614,BCOM Index,,0.4233907758882102,
2012-05-30,LGBMRegressor,SELL,-0.0177102995486253,True,SHAP,MSCI World ex-US,0.414753811584207,0.414753811584207,BCOM Index,,0.1888288692740845,MSCI World ex-US,,0.414753811584207,5y yield,,-0.1449752933196677,
2012-07-06,LGBMRegressor,SELL,-0.0087141339001063,True,SHAP,BCOM Index,0.2954769197904158,0.2954769197904158,MSCI World ex-US,,0.2370739640377778,BCOM Index,,0.2954769197904158,5y yield,,0.0066397033837288,
2012-10-25,LGBMRegressor,SELL,-0.0089349102180049,True,SHAP,MSCI World ex-US,-0.0930283867884456,0.0930283867884456,MSCI World ex-US,,-0.0930283867884456,Copper LME,,-0.0160272607078803,VIX Index,,-0.0572374001896257,
2013-01-03,LGBMRegressor,SELL,-0.0034551280903702,True,SHAP,MSCI World ex-US,0.1485032071105881,0.1485032071105881,MSCI World ex-US,,0.1485032071105881,Copper LME,,-0.0555279292613014,5y yield,,-0.0078913200411993,
2013-01-15,LGBMRegressor,SELL,-0.013091026630991,True,SHAP,Copper LME,-0.042058507352786,0.042058507352786,MSCI World ex-US,,0.0262204801568964,Copper LME,,-0.042058507352786,2y yield,,-0.0102428921476185,
2013-01-18,LGBMRegressor,SELL,-0.02591025160265,True,SHAP,Copper LME,-0.0530567544906804,0.0530567544906804,MSCI World ex-US,,0.0338262269131361,Copper LME,,-0.0530567544906804,2y yield,,0.0033525320710893,
2013-09-10,LGBMRegressor,BUY,0.0092576950366589,True,SHAP,MSCI World ex-US,-0.203456079526966,0.203456079526966,MSCI World ex-US,,-0.203456079526966,BCOM Index,,0.107851974514026,2y yield,,-0.0420879547102538,
2015-01-06,LGBMRegressor,SELL,-0.0095266371487212,True,SHAP,MSCI World ex-US,0.1588828867114102,0.1588828867114102,5y yield,,-0.0156137891967335,Gold,,-0.1580137226240292,MSCI World ex-US,,0.1588828867114102,
2015-02-03,LGBMRegressor,BUY,0.0002261540508181,True,SHAP,5y yield,0.1516997858873551,0.1516997858873551,Oil,,0.0484300462180151,5y yield,,0.1516997858873551,MSCI World ex-US,,-0.0422662807449033,
2015-02-05,LGBMRegressor,BUY,0.0096216547116829,True,SHAP,5y yield,0.2309095108990047,0.2309095108990047,Oil,,0.0090020289097313,MSCI World ex-US,,-0.0665179283365477,5y yield,,0.2309095108990047,
2015-05-06,LGBMRegressor,BUY,0.0182365915326268,True,SHAP,MSCI World ex-US,-0.1190285131055071,0.1190285131055071,MSCI World ex-US,,-0.1190285131055071,BCOM Index,,0.0788678334972576,5y yield,,0.0182280274009009,
2015-05-13,LGBMRegressor,BUY,0.0517736257784997,True,SHAP,Gold,-0.256079510167782,0.256079510167782,MSCI World ex-US,,-0.2010535717479605,Gold,,-0.256079510167782,5y yield,,0.0206329966458805,
2016-02-04,LGBMRegressor,BUY,0.010313157801898,True,SHAP,2y yield,-0.2594229235780519,0.2594229235780519,2y yield,,-0.2594229235780519,BCOM Index,,0.0537938920447588,MSCI World ex-US,,-0.1560843104734167,
2016-02-09,LGBMRegressor,BUY,0.0026906456384749,True,SHAP,BCOM Index,0.3492255579253372,0.3492255579253372,2y yield,,0.1715461264930748,BCOM Index,,0.3492255579253372,MSCI World ex-US,,0.2188529107926278,
2016-02-17,LGBMRegressor,BUY,0.0141628138350793,True,SHAP,BCOM Index,-0.1513697367897972,0.1513697367897972,2y yield,,0.0603738384285,BCOM Index,,-0.1513697367897972,MSCI World ex-US,,-0.0954024813910661,
2016-03-11,LGBMRegressor,BUY,0.007404854161219,True,SHAP,BCOM Index,-0.0703113302620431,0.0703113302620431,2y yield,,-0.0083518227295916,BCOM Index,,-0.0703113302620431,MSCI World ex-US,,-0.0373644263656071,
2016-10-21,LGBMRegressor,SELL,-0.0109102811215768,True,SHAP,BCOM Index,-0.1520618841446291,0.1520618841446291,BCOM Index,,-0.1520618841446291,MSCI World ex-US,,0.063951526876834,,,,
2017-03-10,LGBMRegressor,SELL,-0.0119449161413383,True,SHAP,MSCI World ex-US,-0.2243241301443499,0.2243241301443499,MSCI World ex-US,,-0.2243241301443499,Oil,,0.1438298801924951,5y yield,,-0.1466197276324846,
2017-03-14,LGBMRegressor,SELL,-0.0102982665939092,True,SHAP,5y yield,-0.0716156285968629,0.0716156285968629,MSCI World ex-US,,0.0291641620712813,Oil,,-0.0340236818291208,5y yield,,-0.0716156285968629,
2017-04-04,LGBMRegressor,SELL,-0.0091163115612994,True,SHAP,BCOM Index,-0.0861433596513728,0.0861433596513728,MSCI World ex-US,,-0.059479874041953,BCOM Index,,-0.0861433596513728,5y yield,,-0.0089651685350859,
2017-05-22,LGBMRegressor,BUY,0.0132639355271995,True,SHAP,MSCI World ex-US,-0.0932719405033826,0.0932719405033826,MSCI World ex-US,,-0.0932719405033826,Oil,,-0.0118863482274815,5y yield,,0.0864699503127334,
2017-05-24,LGBMRegressor,BUY,0.0197339991357372,True,SHAP,MSCI World ex-US,0.1415407448608976,0.1415407448608976,MSCI World ex-US,,0.1415407448608976,BCOM Index,,0.1389248584774919,5y yield,,-0.1111346008678449,
2017-07-31,LGBMRegressor,BUY,0.0110760700933389,True,SHAP,MSCI World ex-US,-0.0392485005552348,0.0392485005552348,Gold,,-0.030570013884522,MSCI World ex-US,,-0.0392485005552348,5y yield,,-0.000706764017593,
2017-11-30,LGBMRegressor,SELL,-0.0025244025580611,True,SHAP,Gold,0.2418635439800498,0.2418635439800498,Gold,,0.2418635439800498,10y yield,,0.131735924040311,MSCI World ex-US,,-0.0380202635620079,
2017-12-15,LGBMRegressor,SELL,-0.021363902043348,True,SHAP,Gold,-0.0986280644356874,0.0986280644356874,Gold,,-0.0986280644356874,10y yield,,0.0564970460990484,MSCI World - S&P500,,0.0886555423406964,
2017-12-20,LGBMRegressor,SELL,-0.0363707702185338,True,SHAP,Gold,-0.0882194264104196,0.0882194264104196,Gold,,-0.0882194264104196,10y yield,,0.0113289363300337,MSCI World - S&P500,,-0.025263434635788,
2018-04-02,LGBMRegressor,SELL,-0.0143371447405116,True,SHAP,Gold,-0.1436173811028889,0.1436173811028889,Gold,,-0.1436173811028889,MSCI World ex-US,,0.0587965877615259,10y yield,,-0.0252574640803062,
2018-05-08,LGBMRegressor,SELL,-0.0099001387984718,True,SHAP,Gold,-0.0997561881657955,0.0997561881657955,Gold,,-0.0997561881657955,MSCI EM,,0.0103668866459249,10y yield,,0.0519156813240975,
2018-05-25,LGBMRegressor,SELL,-0.0162107272193403,True,SHAP,Gold,0.0743491021508806,0.0743491021508806,Gold,,0.0743491021508806,MSCI EM,,-0.0116962047193067,10y yield,,-0.0202478922326787,
2018-07-10,LGBMRegressor,BUY,0.0200825755591311,True,SHAP,Gold,0.0983280438009835,0.0983280438009835,Gold,,0.0983280438009835,MSCI World ex-US,,-0.0179031578331041,VIX Index,,-0.0181990828416348,
2018-10-12,LGBMRegressor,BUY,0.02181333268085,True,SHAP,Gold,0.2340260815040854,0.2340260815040854,Gold,,0.2340260815040854,MSCI World ex-US,,-0.0506718851716178,Real 2y yield,,0.0042044295053137,
2018-12-17,LGBMRegressor,SELL,-0.0006938902959442,True,SHAP,Gold,-0.3143548986463638,0.3143548986463638,Gold,,-0.3143548986463638,MSCI World ex-US,,0.1883100793947429,Real 2y yield,,0.1764490759867816,
2018-12-21,LGBMRegressor,SELL,-0.0173066830948958,True,SHAP,MSCI World ex-US,0.182663902950148,0.182663902950148,Gold,,0.120374697686881,Real 2y yield,,0.1618708994394235,MSCI World ex-US,,0.182663902950148,
2019-03-21,LGBMRegressor,BUY,0.0174583648750947,True,SHAP,MSCI World ex-US,-0.1659539748330551,0.1659539748330551,Gold,,0.1393587092468739,MSCI World ex-US,,-0.1659539748330551,Real 2y yield,,0.0067886984903623,
2019-08-07,LGBMRegressor,SELL,-0.001060942787264,True,SHAP,MSCI World ex-US,-0.1451631124963728,0.1451631124963728,MSCI World ex-US,,-0.1451631124963728,Copper LME,,-0.048198864221009,,,,
2019-08-30,LGBMRegressor,SELL,-0.0151124943835001,True,SHAP,Copper LME,0.2302838967608024,0.2302838967608024,MSCI World ex-US,,-0.2294613162902809,Copper LME,,0.2302838967608024,,,,
2020-11-12,LGBMRegressor,SELL,-0.0321571448815636,True,SHAP,MSCI World ex-US,0.1938658507961424,0.1938658507961424,MSCI World ex-US,,0.1938658507961424,BCOM Index,,0.0140224726759189,MOVE Index,,-0.026731547425948,
2021-01-19,LGBMRegressor,BUY,0.0071294778740342,True,SHAP,BCOM Index,0.3448131505528859,0.3448131505528859,MSCI World ex-US,,-0.1719876595881082,BCOM Index,,0.3448131505528859,MOVE Index,,-0.0270234526118122,
2021-04-21,LGBMRegressor,BUY,0.0020869064610145,True,SHAP,MSCI World ex-US,0.1534894733541066,0.1534894733541066,MSCI World ex-US,,0.1534894733541066,Oil,,0.085578186181855,,,,
2021-04-28,LGBMRegressor,BUY,0.0198013754687711,True,SHAP,Oil,-0.1593596905743391,0.1593596905743391,MSCI World ex-US,,-0.0284739468336501,Oil,,-0.1593596905743391,,,,
2022-02-01,LGBMRegressor,BUY,0.0078658170829704,True,SHAP,MSCI World ex-US,-0.3325349397335547,0.3325349397335547,MSCI World ex-US,,-0.3325349397335547,Oil,,0.147692398778231,5y yield,,-0.0175064308789738,
2022-02-22,LGBMRegressor,BUY,0.0100910214630858,True,SHAP,MSCI World ex-US,0.3717450740360034,0.3717450740360034,MSCI World ex-US,,0.3717450740360034,Oil,,-0.1947072757527369,5y yield,,0.040880734870446,
2022-02-25,LGBMRegressor,BUY,0.0196420282799922,True,SHAP,MSCI World ex-US,-0.235986970232047,0.235986970232047,MSCI World ex-US,,-0.235986970232047,Oil,,0.1398252532145647,5y yield,,-0.02503931454108,
2022-03-25,LGBMRegressor,BUY,0.010477285662845,True,SHAP,Copper LME,0.0683542130565217,0.0683542130565217,MSCI World ex-US,,0.0368056076913389,Copper LME,,0.0683542130565217,5y yield,,0.0246871006374223,
2022-03-30,LGBMRegressor,BUY,0.0215318543069544,True,SHAP,MSCI World ex-US,0.1020445399194141,0.1020445399194141,MSCI World ex-US,,0.1020445399194141,Copper LME,,-0.0291057687043533,5y yield,,-0.0053282199418931,
2022-04-08,LGBMRegressor,BUY,0.030209327187245,True,SHAP,MSCI World ex-US,-0.3632783559590403,0.3632783559590403,MSCI World ex-US,,-0.3632783559590403,Copper LME,,-0.0454703438884732,5y yield,,-0.010082333382695,
2022-05-09,LGBMRegressor,SELL,-0.0085716649089067,True,SHAP,MSCI World ex-US,0.548610446139652,0.548610446139652,MSCI World ex-US,,0.548610446139652,Copper LME,,0.2770082674477686,5y yield,,0.012327417484985,
2022-05-20,LGBMRegressor,SELL,-0.0312105376631109,True,SHAP,MSCI World ex-US,-0.4173498183028596,0.4173498183028596,MSCI World ex-US,,-0.4173498183028596,Copper LME,,0.0017878293686496,,,,
2022-08-10,LGBMRegressor,BUY,0.0183027412084852,True,SHAP,MSCI World ex-US,-0.5374670858278786,0.5374670858278786,MSCI World ex-US,,-0.5374670858278786,Copper LME,,-0.1766847704311597,MOVE Index,,0.0019251753903882,
2022-09-26,LGBMRegressor,SELL,-0.0114595174064524,True,SHAP,MSCI World ex-US,0.3841091686650221,0.3841091686650221,MSCI World ex-US,,0.3841091686650221,Copper LME,,0.1260301828370265,MOVE Index,,0.2763884338100527,
2022-12-30,LGBMRegressor,BUY,0.010087925090271,True,SHAP,MSCI World ex-US,0.3976177748965487,0.3976177748965487,MSCI World ex-US,,0.3976177748965487,Copper LME,,-0.0401573505094726,Real 2y yield,,0.397442719401486,
2023-01-05,LGBMRegressor,SELL,-0.0342192334345139,True,SHAP,MSCI World ex-US,0.3331111652069826,0.3331111652069826,MSCI World ex-US,,0.3331111652069826,Copper LME,,-0.2624294394996918,Real 2y yield,,0.0105939251765836,
2023-03-15,LGBMRegressor,SELL,-0.0327922168430638,True,SHAP,MSCI World ex-US,0.8405472959090882,0.8405472959090882,MSCI World ex-US,,0.8405472959090882,Gold,,-0.2714043585030753,5y yield,,-0.134204534198199,
2023-05-10,LGBMRegressor,BUY,0.0429224178962397,True,SHAP,5y yield,-0.4616540170239334,0.4616540170239334,MSCI World ex-US,,0.1002368250148088,BCOM Index,,0.2540024139390865,5y yield,,-0.4616540170239334,
2023-06-09,LGBMRegressor,BUY,0.00569464443309,True,SHAP,BCOM Index,0.1347855630615008,0.1347855630615008,MSCI World ex-US,,0.1210206387231715,BCOM Index,,0.1347855630615008,5y yield,,0.0254553778243102,
2024-05-27,LGBMRegressor,BUY,0.013869176327145,True,SHAP,MSCI World ex-US,-0.1629776801574241,0.1629776801574241,2y yield,,0.0280325999891255,MSCI World ex-US,,-0.1629776801574241,BCOM Index,,0.0997009092135846,
2024-05-31,LGBMRegressor,BUY,0.0170452380044972,True,SHAP,MSCI World ex-US,-0.2587285842634231,0.2587285842634231,2y yield,,-0.1011910372102278,MSCI World ex-US,,-0.2587285842634231,BCOM Index,,0.2448823603139686,
2024-09-03,LGBMRegressor,SELL,-0.0072994066892512,True,SHAP,5y yield,-0.2726444841109696,0.2726444841109696,5y yield,,-0.2726444841109696,MSCI World ex-US,,0.1902036281846506,BCOM Index,,0.1228490547515807,
2024-09-09,LGBMRegressor,SELL,-0.032058913097644,True,SHAP,BCOM Index,-0.176257556555357,0.176257556555357,5y yield,,0.156121648966247,MSCI World ex-US,,0.0521202052439368,BCOM Index,,-0.176257556555357,
2024-09-13,LGBMRegressor,SELL,-0.0148948543343276,True,SHAP,MSCI World ex-US,-0.3581413442061824,0.3581413442061824,5y yield,,-0.2736824820907549,MSCI World ex-US,,-0.3581413442061824,BCOM Index,,-0.299760771921421,
2024-11-11,LGBMRegressor,BUY,0.0053199202465108,True,SHAP,5y yield,0.7960241027882136,0.7960241027882136,5y yield,,0.7960241027882136,MSCI World ex-US,,0.0284432217687377,BCOM Index,,0.2159256210009952,
2025-01-17,LGBMRegressor,SELL,-0.0091887359373907,True,SHAP,5y yield,0.2566642730326821,0.2566642730326821,5y yield,,0.2566642730326821,MSCI World ex-US,,-0.0827686696818167,BCOM Index,,0.1155331823457844,
2025-03-24,LGBMRegressor,BUY,0.0425317610391586,True,SHAP,5y yield,0.2118853480605887,0.2118853480605887,5y yield,,0.2118853480605887,MSCI World ex-US,,0.0737559725309502,BCOM Index,,0.0486273023142008,
2025-03-27,LGBMRegressor,BUY,0.0322906925704689,True,SHAP,MSCI World ex-US,0.1041012433619488,0.1041012433619488,MSCI World ex-US,,0.1041012433619488,5y yield,,0.0677564238975392,BCOM Index,,-0.0444833401128068,
2025-04-02,LGBMRegressor,BUY,0.0140919482814931,True,SHAP,5y yield,-0.1847515507786395,0.1847515507786395,5y yield,,-0.1847515507786395,MSCI World ex-US,,0.0735373931639491,BCOM Index,,-0.0628252027341799,
2025-04-21,LGBMRegressor,BUY,0.0007226617076014,True,SHAP,5y yield,0.2624207858442841,0.2624207858442841,MSCI World ex-US,,-0.1766120962796848,BCOM Index,,0.1814678109298653,5y yield,,0.2624207858442841,
2025-10-09,LGBMRegressor,SELL,-0.008606809914727,True,SHAP,BCOM Index,0.2546275640976152,0.2546275640976152,BCOM Index,,0.2546275640976152,MSCI World ex-US,,0.144968928016077,5y yield,,-0.1702783399340538,
2025-10-14,LGBMRegressor,SELL,-0.0172386649874055,True,SHAP,5y yield,0.0813253912978072,0.0813253912978072,BCOM Index,,0.0635957833886821,MSCI World ex-US,,0.0659528588400397,5y yield,,0.0813253912978072,
2025-10-31,LGBMRegressor,SELL,-0.0032007270787438,True,SHAP,Real 2y yield,-0.1613850922632979,0.1613850922632979,MSCI World ex-US,,0.0954007962944206,BCOM Index,,-0.1276586472066587,Real 2y yield,,-0.1613850922632979,
2026-01-13,LGBMRegressor,SELL,-0.0511773971449234,True,SHAP,BCOM Index,-0.1289484788318583,0.1289484788318583,BCOM Index,,-0.1289484788318583,MSCI World ex-US,,-0.0689866036120763,5y yield,,-0.0139776056013124,
2001-12-18,SGDRegressor,BUY,0.014811129829163328,True,BETA,Gold,-0.20381922197922756,0.20381922197922756,Gold,-0.20381922197922756,,MSCI World - Wilshire,-0.16829684883498833,,,,,BETA
2002-08-06,SGDRegressor,SELL,-0.03985507246376818,True,BETA,Gold,-0.165559222714545,0.165559222714545,MSCI World - Wilshire,-0.15534041078675456,,Gold,-0.165559222714545,,Real 2y yield,-0.04778427087808371,,BETA
2002-10-17,SGDRegressor,SELL,-0.028920384037619984,True,BETA,Gold,-0.19498171906550177,0.19498171906550177,Gold,-0.19498171906550177,,MSCI World - Wilshire,-0.18279080529708644,,Real 2y yield,-0.02576747971101529,,BETA
2003-03-17,SGDRegressor,SELL,-0.01121762186416475,True,BETA,Gold,-0.2773027105700206,0.2773027105700206,Gold,-0.2773027105700206,,MSCI World - Dow Jones,-0.08954902101873874,,Real 2y yield,-0.06946468341288928,,BETA
2003-05-23,SGDRegressor,BUY,0.04892447275130696,True,BETA,Gold,-0.24154846079730669,0.24154846079730669,Gold,-0.24154846079730669,,MSCI World - Dow Jones,-0.08909961013589761,,Real 2y yield,-0.08036366495445119,,BETA
2003-07-11,SGDRegressor,SELL,-0.029879341268547188,True,BETA,Gold,-0.25048953259040424,0.25048953259040424,Gold,-0.25048953259040424,,MSCI World - Dow Jones,-0.09810431866836992,,Real 2y yield,-0.11665704542411647,,BETA
2003-12-05,SGDRegressor,BUY,0.012104899100778832,True,BETA,Gold,-0.2538249092267467,0.2538249092267467,MSCI World - Dow Jones,-0.21642152395628364,,Gold,-0.2538249092267467,,Real 2y yield,-0.18994432407926468,,BETA
2004-01-28,SGDRegressor,SELL,-0.009758963629589279,True,BETA,Real 2y yield,-0.300280895116517,0.300280895116517,Real 2y yield,-0.300280895116517,,MSCI World - S&P500,-0.23769415083417178,,Gold,-0.2700763549420428,,BETA
2004-05-04,SGDRegressor,BUY,0.018891539299702442,True,BETA,Gold,-0.3775909102742343,0.3775909102742343,Gold,-0.3775909102742343,,Real 2y yield,-0.16468391495922063,,MSCI World - S&P500,-0.11110418448759314,,BETA
2004-07-01,SGDRegressor,SELL,-0.014312195542527162,True,BETA,Gold,-0.4075405081530188,0.4075405081530188,Gold,-0.4075405081530188,,MSCI World - S&P500,-0.11899635361635678,,Real 2y yield,-0.12404987601612029,,BETA
2005-02-07,SGDRegressor,SELL,-0.033726195740009346,True,BETA,Gold,-0.4341511396942568,0.4341511396942568,Gold,-0.4341511396942568,,MSCI World - Dow Jones,-0.048313514854163665,,Real 2y yield,-0.06919634519580979,,BETA
2005-02-10,SGDRegressor,SELL,-0.04492614148450258,True,BETA,Gold,-0.42896731946070776,0.42896731946070776,Gold,-0.42896731946070776,,MSCI World - Dow Jones,-0.0508839440627105,,Real 2y yield,-0.07273745099146058,,BETA
2005-05-31,SGDRegressor,BUY,0.013663614816191938,True,BETA,Gold,-0.483794641470416,0.483794641470416,Gold,-0.483794641470416,,MSCI World ex-US,-0.021511372560056766,,Real 2y yield,-0.04872278726503789,,BETA
2005-06-28,SGDRegressor,SELL,-0.02004430687059955,True,BETA,Gold,-0.44750224707718805,0.44750224707718805,Gold,-0.44750224707718805,,MSCI World ex-US,-0.07055669090885378,,Real 2y yield,-0.03649552971206149,,BETA
2006-02-07,SGDRegressor,BUY,0.007148933629837373,True,BETA,Gold,-0.2081243887168356,0.2081243887168356,MSCI World ex-US,-0.1379187723990034,,Gold,-0.2081243887168356,,,,,BETA
2006-08-14,SGDRegressor,SELL,-0.002790284735874171,True,BETA,MSCI World - Dow Jones,-0.15423036405916968,0.15423036405916968,MSCI World - Dow Jones,-0.15423036405916968,,Real 2y yield,-0.08789379432792353,,Gold,-0.11435717469163154,,BETA
2006-10-06,SGDRegressor,SELL,-0.0003289719626168308,True,BETA,MSCI World - Dow Jones,-0.15681650361877308,0.15681650361877308,MSCI World - Dow Jones,-0.15681650361877308,,Gold,-0.11097188194868572,,Real 2y yield,-0.038995746950621774,,BETA
2006-10-11,SGDRegressor,SELL,-0.02234719769702187,True,BETA,MSCI World - Dow Jones,-0.16529157117128304,0.16529157117128304,MSCI World - Dow Jones,-0.16529157117128304,,Gold,-0.1096570543045945,,Real 2y yield,-0.0426878810847159,,BETA
2006-10-13,SGDRegressor,SELL,-0.0298434442270058,True,BETA,MSCI World - Dow Jones,-0.16343584042793258,0.16343584042793258,MSCI World - Dow Jones,-0.16343584042793258,,Gold,-0.10965833552617336,,Real 2y yield,-0.04268621137613343,,BETA
2007-06-26,SGDRegressor,SELL,-0.028739002932551272,True,BETA,Gold,-0.22610510930538463,0.22610510930538463,Gold,-0.22610510930538463,,MSCI World ex-US,-0.16821565969401137,,Real 2y yield,-0.12266044405288025,,BETA
2007-09-18,SGDRegressor,SELL,-0.023351623639471186,True,BETA,Gold,-0.25958100018099217,0.25958100018099217,Gold,-0.25958100018099217,,MSCI World ex-US,-0.11877167436809467,,,,,BETA
2008-06-13,SGDRegressor,SELL,-0.0319175383909277,True,BETA,Gold,-0.4117632744192748,0.4117632744192748,Gold,-0.4117632744192748,,MSCI World ex-US,-0.1562452406547361,,,,,BETA
2008-11-13,SGDRegressor,BUY,0.010207053204810856,True,BETA,Copper LME,-0.2943098710928807,0.2943098710928807,Copper LME,-0.2943098710928807,,MSCI World ex-US,-0.18680432181705028,,,,,BETA
2008-12-17,SGDRegressor,BUY,0.06109805597094642,True,BETA,Copper LME,-0.3306156772813109,0.3306156772813109,Copper LME,-0.3306156772813109,,MSCI World ex-US,-0.21286917277022777,,,,,BETA
2009-03-02,SGDRegressor,SELL,-0.048185075124281274,True,BETA,BCOM Index,-0.4242194917957689,0.4242194917957689,BCOM Index,-0.4242194917957689,,MSCI World ex-US,-0.3095597934696662,,,,,BETA
2009-07-28,SGDRegressor,BUY,0.007117610032440824,True,BETA,BCOM Index,-0.5506733539575344,0.5506733539575344,BCOM Index,-0.5506733539575344,,MSCI World ex-US,-0.41722705658967113,,2y yield,-0.14512268060640768,,BETA
2009-08-20,SGDRegressor,BUY,0.007066374035647804,True,BETA,BCOM Index,-0.5741587523024436,0.5741587523024436,BCOM Index,-0.5741587523024436,,MSCI World ex-US,-0.40834153194688727,,2y yield,-0.13827424298281457,,BETA
2010-01-22,SGDRegressor,BUY,0.03092819011537795,True,BETA,MSCI World ex-US,-0.7932152937342227,0.7932152937342227,MSCI World ex-US,-0.7932152937342227,,Oil,-0.43419606030941243,,5y yield,0.09798434816641349,,BETA
2010-03-30,SGDRegressor,SELL,-0.01904523451844431,True,BETA,MSCI World ex-US,-0.6487668933203774,0.6487668933203774,MSCI World ex-US,-0.6487668933203774,,Oil,-0.3727006907331112,,2y yield,0.16403728620717123,,BETA
2010-09-07,SGDRegressor,SELL,-0.04212268775211725,True,BETA,MSCI World ex-US,-0.45763604662572,0.45763604662572,BCOM Index,-0.28478842799543397,,MSCI World ex-US,-0.45763604662572,,2y yield,-0.20820804630583872,,BETA
2010-09-14,SGDRegressor,SELL,-0.03282753148864426,True,BETA,MSCI World ex-US,-0.4720243766278871,0.4720243766278871,BCOM Index,-0.27987599249915746,,MSCI World ex-US,-0.4720243766278871,,2y yield,-0.20837623871155325,,BETA
2010-11-23,SGDRegressor,SELL,-0.016264290627968747,True,BETA,MSCI World ex-US,-0.4841688165602521,0.4841688165602521,MSCI World ex-US,-0.4841688165602521,,Oil,-0.1575452576505438,,2y yield,-0.17045335570266282,,BETA
2011-02-24,SGDRegressor,BUY,0.006656699416203837,True,BETA,MSCI World ex-US,-0.4783096999663321,0.4783096999663321,MSCI World ex-US,-0.4783096999663321,,Oil,-0.20852136425194157,,VIX Index,0.0006002929878213925,,BETA
2011-03-14,SGDRegressor,BUY,5.356664583500148e-05,True,BETA,MSCI World ex-US,-0.49557237325779624,0.49557237325779624,MSCI World ex-US,-0.49557237325779624,,Oil,-0.1844869726798793,,2y yield,-0.1396184238628348,,BETA
2011-05-24,SGDRegressor,SELL,-0.04006398734632255,True,BETA,MSCI World ex-US,-0.4896023858579604,0.4896023858579604,MSCI World ex-US,-0.4896023858579604,,Oil,-0.21787781985975582,,,,,BETA
2011-07-12,SGDRegressor,SELL,-0.045008037149490976,True,BETA,MSCI World ex-US,-0.4870302174862985,0.4870302174862985,MSCI World ex-US,-0.4870302174862985,,Oil,-0.21277761143990817,,VIX Index,0.011953549964558722,,BETA
2011-08-03,SGDRegressor,BUY,0.0049773502600525266,True,BETA,MSCI World ex-US,-0.4799219469718964,0.4799219469718964,MSCI World ex-US,-0.4799219469718964,,Oil,-0.19627978113038416,,5y yield,-3.330729325163693e-05,,BETA
2012-01-11,SGDRegressor,SELL,-0.0319398934233609,True,BETA,MSCI World ex-US,-0.2945213536928228,0.2945213536928228,5y yield,-0.20735785453818886,,MSCI World ex-US,-0.2945213536928228,,BCOM Index,-0.16659668757674,,BETA
2012-05-30,SGDRegressor,SELL,-0.017710299548625352,True,BETA,MSCI World ex-US,-0.3421649780559238,0.3421649780559238,BCOM Index,-0.13359805756770096,,MSCI World ex-US,-0.3421649780559238,,5y yield,-0.17004667112691826,,BETA
2013-01-15,SGDRegressor,SELL,-0.013091026630991043,True,BETA,MSCI World ex-US,-0.31445361321146004,0.31445361321146004,MSCI World ex-US,-0.31445361321146004,,Copper LME,-0.10614174335664414,,2y yield,0.00166739844049088,,BETA
2013-01-18,SGDRegressor,SELL,-0.025910251602650036,True,BETA,MSCI World ex-US,-0.3165242385515207,0.3165242385515207,MSCI World ex-US,-0.3165242385515207,,Copper LME,-0.09370625473761947,,2y yield,-0.0025389348711903426,,BETA
2013-03-19,SGDRegressor,SELL,-0.00349494603392142,True,BETA,MSCI World ex-US,-0.20902687922752533,0.20902687922752533,MSCI World ex-US,-0.20902687922752533,,Copper LME,-0.15609490957662403,,2y yield,-0.05436002451012459,,BETA
2013-04-05,SGDRegressor,BUY,0.01630045899579402,True,BETA,MSCI World ex-US,-0.20526489228550945,0.20526489228550945,MSCI World ex-US,-0.20526489228550945,,Copper LME,-0.18362495533328171,,2y yield,-0.11309540956820636,,BETA
2013-07-09,SGDRegressor,SELL,-0.04926204039357851,True,BETA,MSCI World ex-US,-0.23753769810181585,0.23753769810181585,MSCI World ex-US,-0.23753769810181585,,BCOM Index,-0.22383765533067718,,VIX Index,0.059701574531456914,,BETA
2013-09-10,SGDRegressor,BUY,0.009257695036658964,True,BETA,MSCI World ex-US,-0.2404522909284395,0.2404522909284395,MSCI World ex-US,-0.2404522909284395,,BCOM Index,-0.20372021319084893,,2y yield,0.11194392937872558,,BETA
2013-09-12,SGDRegressor,BUY,0.016742304488977178,True,BETA,MSCI World ex-US,-0.25467385410675897,0.25467385410675897,MSCI World ex-US,-0.25467385410675897,,BCOM Index,-0.1958139301417034,,2y yield,0.12553935787662474,,BETA
2013-09-18,SGDRegressor,BUY,0.03281843330641432,True,BETA,MSCI World ex-US,-0.24874806261197652,0.24874806261197652,MSCI World ex-US,-0.24874806261197652,,BCOM Index,-0.20334291435545696,,2y yield,0.12627173391892035,,BETA
2013-12-03,SGDRegressor,BUY,0.0022633711108559496,True,BETA,MSCI World ex-US,-0.23124451234203644,0.23124451234203644,MSCI World ex-US,-0.23124451234203644,,BCOM Index,-0.1802597828359603,,2y yield,0.15972713821399903,,BETA
2013-12-30,SGDRegressor,BUY,0.00799090519655965,True,BETA,MSCI World ex-US,-0.21652334292080908,0.21652334292080908,MSCI World ex-US,-0.21652334292080908,,BCOM Index,-0.17009914459059516,,2y yield,0.15924133782245475,,BETA
2014-03-10,SGDRegressor,BUY,0.010696534121440227,True,BETA,MSCI World ex-US,-0.2601131754419954,0.2601131754419954,MSCI World ex-US,-0.2601131754419954,,2y yield,0.20569704561561525,,BCOM Index,-0.151185219168336,,BETA
2014-12-15,SGDRegressor,SELL,-0.0030464584920030235,True,BETA,5y yield,0.16757583886332236,0.16757583886332236,5y yield,0.16757583886332236,,Gold,-0.08283981072015809,,MSCI World ex-US,-0.13810867979501523,,BETA
2015-01-06,SGDRegressor,SELL,-0.009526637148721262,True,BETA,5y yield,0.14292304700622033,0.14292304700622033,5y yield,0.14292304700622033,,Gold,-0.10303014436500997,,MSCI World ex-US,-0.1420935020064115,,BETA
2015-05-13,SGDRegressor,BUY,0.051773625778499754,True,BETA,MSCI World ex-US,-0.184048146986953,0.184048146986953,MSCI World ex-US,-0.184048146986953,,Gold,-0.1229519481738005,,5y yield,0.13329542969116745,,BETA
2015-05-15,SGDRegressor,BUY,0.06330637989300714,True,BETA,MSCI World ex-US,-0.18727551876151866,0.18727551876151866,MSCI World ex-US,-0.18727551876151866,,Gold,-0.1292959825038321,,5y yield,0.13305850349425558,,BETA
2015-09-10,SGDRegressor,BUY,0.03287503819126192,True,BETA,Gold,-0.2516519836148063,0.2516519836148063,Gold,-0.2516519836148063,,MSCI World ex-US,-0.20532709523716655,,Real 2y yield,-0.1369877639366223,,BETA
2016-02-09,SGDRegressor,BUY,0.0026906456384749866,True,BETA,2y yield,0.39132132197849134,0.39132132197849134,2y yield,0.39132132197849134,,BCOM Index,-0.24427600303598998,,MSCI World ex-US,-0.12818445369728942,,BETA
2016-03-11,SGDRegressor,BUY,0.007404854161219054,True,BETA,2y yield,0.4281483914374646,0.4281483914374646,2y yield,0.4281483914374646,,BCOM Index,-0.2513509210111233,,MSCI World ex-US,-0.09035820125990258,,BETA
2016-06-23,SGDRegressor,BUY,0.04456065404728582,True,BETA,BCOM Index,-0.23155239567111605,0.23155239567111605,BCOM Index,-0.23155239567111605,,MSCI World ex-US,-0.10054584486556006,,Real 2y yield,-0.1992133276295654,,BETA
2016-11-18,SGDRegressor,SELL,-0.02041314816107187,True,BETA,MSCI World ex-US,-0.28234432874035337,0.28234432874035337,MSCI World ex-US,-0.28234432874035337,,BCOM Index,-0.21791522373830194,,MOVE Index,0.0716544135755803,,BETA
2016-11-23,SGDRegressor,SELL,-0.02894428254635384,True,BETA,MSCI World ex-US,-0.28496999430476355,0.28496999430476355,MSCI World ex-US,-0.28496999430476355,,BCOM Index,-0.2034898477873469,,MOVE Index,0.07577670447416006,,BETA
2017-01-25,SGDRegressor,BUY,0.0005534566980291977,True,BETA,MSCI World ex-US,-0.3968044566727694,0.3968044566727694,MSCI World ex-US,-0.3968044566727694,,BCOM Index,-0.20594396713419413,,5y yield,0.2327585298662853,,BETA
2017-01-30,SGDRegressor,BUY,0.009091893062019851,True,BETA,MSCI World ex-US,-0.3963649475043462,0.3963649475043462,MSCI World ex-US,-0.3963649475043462,,BCOM Index,-0.20868558275034285,,5y yield,0.22450199440841434,,BETA
2017-05-24,SGDRegressor,BUY,0.019733999135737257,True,BETA,MSCI World ex-US,-0.46850128438649175,0.46850128438649175,MSCI World ex-US,-0.46850128438649175,,BCOM Index,-0.1497191252508493,,5y yield,0.26004065267440457,,BETA
2017-10-27,SGDRegressor,SELL,-0.0016692032009426594,True,BETA,Gold,-0.1989814431035363,0.1989814431035363,Gold,-0.1989814431035363,,5y yield,0.14112525430756023,,MSCI World ex-US,-0.16982498466367776,,BETA
2018-07-10,SGDRegressor,BUY,0.020082575559131177,True,BETA,Gold,-0.26286347685337597,0.26286347685337597,Gold,-0.26286347685337597,,MSCI World ex-US,-0.0922432788783174,,VIX Index,0.023184266325846366,,BETA
2018-09-07,SGDRegressor,SELL,-0.035823296973712226,True,BETA,Gold,-0.2568526768368428,0.2568526768368428,Gold,-0.2568526768368428,,MSCI World ex-US,-0.10552855037805912,,Real 2y yield,0.10751392798113403,,BETA
2018-11-20,SGDRegressor,SELL,-0.008243167614961355,True,BETA,Gold,-0.2084719067516588,0.2084719067516588,Gold,-0.2084719067516588,,MSCI World ex-US,-0.0951872858960573,,Real 2y yield,0.09562518598411233,,BETA
2018-11-30,SGDRegressor,SELL,-0.0003016731255657268,True,BETA,Gold,-0.21082747530112939,0.21082747530112939,Gold,-0.21082747530112939,,MSCI World ex-US,-0.10458887933515394,,Real 2y yield,0.09549771287739223,,BETA
2018-12-18,SGDRegressor,SELL,-0.010100200400801618,True,BETA,Gold,-0.21617330618798491,0.21617330618798491,Gold,-0.21617330618798491,,MSCI World ex-US,-0.0973212894273667,,Real 2y yield,0.11051300390248371,,BETA
2019-06-18,SGDRegressor,SELL,-0.02043336573094723,True,BETA,MSCI World ex-US,-0.1932690354831959,0.1932690354831959,MSCI World ex-US,-0.1932690354831959,,Copper LME,-0.1020061915853253,,Real 2y yield,0.030648673918783106,,BETA
2019-08-29,SGDRegressor,SELL,-0.01374154894739732,True,BETA,MSCI World ex-US,-0.18236184394654567,0.18236184394654567,MSCI World ex-US,-0.18236184394654567,,Copper LME,-0.13485271864613052,,,,,BETA
2019-09-09,SGDRegressor,BUY,0.013592559390407821,True,BETA,MSCI World ex-US,-0.1759096602736976,0.1759096602736976,Copper LME,-0.15299476111146398,,MSCI World ex-US,-0.1759096602736976,,,,,BETA
2020-01-06,SGDRegressor,BUY,0.015261619642227497,True,BETA,MSCI World ex-US,-0.15999913806566124,0.15999913806566124,MSCI World ex-US,-0.15999913806566124,,BCOM Index,-0.12769946145366537,,,,,BETA
2021-01-21,SGDRegressor,BUY,0.02656444999108576,True,BETA,MSCI World ex-US,-0.5211464463523011,0.5211464463523011,MSCI World ex-US,-0.5211464463523011,,BCOM Index,-0.3374179783156607,,MOVE Index,0.11514174888750156,,BETA
2021-03-02,SGDRegressor,BUY,0.0008495675465198804,True,BETA,MSCI World ex-US,-0.5943465471543026,0.5943465471543026,MSCI World ex-US,-0.5943465471543026,,BCOM Index,-0.3337201831845663,,MOVE Index,0.17061493574075184,,BETA
2021-03-17,SGDRegressor,BUY,0.01647665806773735,True,BETA,MSCI World ex-US,-0.5647160025078639,0.5647160025078639,MSCI World ex-US,-0.5647160025078639,,BCOM Index,-0.2712279285037808,,,,,BETA
2021-05-28,SGDRegressor,SELL,-0.0032152803509318817,True,BETA,MSCI World ex-US,-0.5379432107579639,0.5379432107579639,MSCI World ex-US,-0.5379432107579639,,Oil,-0.3459307590109134,,VIX Index,0.11326732057234859,,BETA
2021-09-15,SGDRegressor,BUY,0.023023898666853393,True,BETA,MSCI World ex-US,-0.523724948026279,0.523724948026279,2y yield,0.28146980998701165,,MSCI World ex-US,-0.523724948026279,,Oil,-0.19708975507397355,,BETA
2021-09-23,SGDRegressor,BUY,8.157177150591721e-05,True,BETA,MSCI World ex-US,-0.49169792374827703,0.49169792374827703,MSCI World ex-US,-0.49169792374827703,,Oil,-0.2375037527815578,,5y yield,0.13730895041688376,,BETA
2022-03-11,SGDRegressor,SELL,-0.044134301512224416,True,BETA,MSCI World ex-US,-0.294398855383803,0.294398855383803,MSCI World ex-US,-0.294398855383803,,Copper LME,-0.1321482717834665,,5y yield,0.05755015290846444,,BETA
2022-03-30,SGDRegressor,BUY,0.02153185430695448,True,BETA,MSCI World ex-US,-0.29954830092822765,0.29954830092822765,MSCI World ex-US,-0.29954830092822765,,Copper LME,-0.1352477580207623,,5y yield,0.059708897658319215,,BETA
2022-05-10,SGDRegressor,SELL,-0.01728339210988994,True,BETA,MSCI World ex-US,-0.33999681552242045,0.33999681552242045,MSCI World ex-US,-0.33999681552242045,,Copper LME,-0.11477864202512114,,5y yield,0.08360901373847311,,BETA
2022-05-18,SGDRegressor,SELL,-0.042150237871579566,True,BETA,MSCI World ex-US,-0.3452357615064359,0.3452357615064359,MSCI World ex-US,-0.3452357615064359,,Copper LME,-0.09385492449530393,,VIX Index,0.009245581247119694,,BETA
2022-09-29,SGDRegressor,SELL,-0.010224872422752718,True,BETA,MSCI World ex-US,-0.38957081141471933,0.38957081141471933,MSCI World ex-US,-0.38957081141471933,,Copper LME,-0.1198150542432004,,MOVE Index,0.010943010291049824,,BETA
2022-10-06,SGDRegressor,SELL,-0.0083932518255323,True,BETA,MSCI World ex-US,-0.38569656068075564,0.38569656068075564,MSCI World ex-US,-0.38569656068075564,,Copper LME,-0.1397036825699769,,5y yield,0.11331627485961561,,BETA
2022-11-23,SGDRegressor,BUY,0.007812185803337979,True,BETA,MSCI World ex-US,-0.4067041162735532,0.4067041162735532,MSCI World ex-US,-0.4067041162735532,,Copper LME,-0.16031884962927945,,5y yield,0.15777479584313403,,BETA
2022-12-13,SGDRegressor,BUY,0.0053798633555619535,True,BETA,MSCI World ex-US,-0.41423277859949015,0.41423277859949015,MSCI World ex-US,-0.41423277859949015,,Copper LME,-0.19096743033495703,,5y yield,0.18019618390837283,,BETA
2023-12-21,SGDRegressor,BUY,0.0039958676880493815,True,BETA,MSCI World ex-US,-0.3322698308030813,0.3322698308030813,Copper LME,-0.2801868035174379,,MSCI World ex-US,-0.3322698308030813,,5y yield,0.2129981149177139,,BETA
2023-12-26,SGDRegressor,BUY,0.019771533328733826,True,BETA,MSCI World ex-US,-0.3094311609840384,0.3094311609840384,Copper LME,-0.3004935718007011,,MSCI World ex-US,-0.3094311609840384,,5y yield,0.20959186729782375,,BETA
2024-05-24,SGDRegressor,BUY,0.012418133877689863,True,BETA,2y yield,0.3765437936551503,0.3765437936551503,2y yield,0.3765437936551503,,MSCI World ex-US,-0.29619396068071824,,BCOM Index,-0.24570979902501325,,BETA
2024-05-30,SGDRegressor,BUY,0.010371241136096332,True,BETA,2y yield,0.38052646502437026,0.38052646502437026,2y yield,0.38052646502437026,,MSCI World ex-US,-0.2941647020543481,,BCOM Index,-0.2370153138766331,,BETA
2024-07-23,SGDRegressor,SELL,-0.009650531051309197,True,BETA,2y yield,0.34175790812804074,0.34175790812804074,2y yield,0.34175790812804074,,MSCI World ex-US,-0.2495553525582078,,BCOM Index,-0.19294281626558693,,BETA
2024-11-12,SGDRegressor,BUY,0.007838604222732082,True,BETA,5y yield,0.3143810032145977,0.3143810032145977,5y yield,0.3143810032145977,,MSCI World ex-US,-0.22825079028432682,,BCOM Index,-0.184448812561211,,BETA
2025-01-17,SGDRegressor,SELL,-0.00918873593739078,True,BETA,5y yield,0.28886792742979295,0.28886792742979295,5y yield,0.28886792742979295,,MSCI World ex-US,-0.1999183378780583,,BCOM Index,-0.14247085009406174,,BETA
2025-03-03,SGDRegressor,SELL,-0.05804744623415625,True,BETA,5y yield,0.27891872706442217,0.27891872706442217,5y yield,0.27891872706442217,,MSCI World ex-US,-0.18265525599536994,,BCOM Index,-0.14085926325354445,,BETA
2025-03-24,SGDRegressor,BUY,0.04253176103915868,True,BETA,5y yield,0.21463341981503697,0.21463341981503697,5y yield,0.21463341981503697,,MSCI World ex-US,-0.1824698726139626,,BCOM Index,-0.14905188576318737,,BETA
2025-03-27,SGDRegressor,BUY,0.032290692570468904,True,BETA,5y yield,0.19793539959621317,0.19793539959621317,MSCI World ex-US,-0.1772682966600572,,5y yield,0.19793539959621317,,BCOM Index,-0.15172987047490677,,BETA
2025-04-21,SGDRegressor,BUY,0.0007226617076014907,True,BETA,BCOM Index,-0.20377705196735335,0.20377705196735335,MSCI World ex-US,-0.16644181004722064,,BCOM Index,-0.20377705196735335,,5y yield,0.18764905929816375,,BETA
2025-09-16,SGDRegressor,BUY,0.02293521645686214,True,BETA,Copper LME,-0.2072081705836505,0.2072081705836505,Copper LME,-0.2072081705836505,,MSCI World ex-US,-0.12074034606595227,,5y yield,0.16230666157397433,,BETA
2025-11-04,SGDRegressor,SELL,-0.01110285054682758,True,BETA,BCOM Index,-0.23795350049662695,0.23795350049662695,MSCI World ex-US,-0.1811325632884812,,BCOM Index,-0.23795350049662695,,5y yield,0.1586331010031783,,BETA
2001-10-03,StackedEnsemble,SELL,-0.004571376844392128,True,STACK,XGBRegressor,0.5228147506666753,0.5228147506666753,ElasticNetCV,0.3686584204585498,,XGBRegressor,0.5228147506666753,,LGBMRegressor,0.10640254175348483,,STACK
2001-12-14,StackedEnsemble,BUY,0.016205449082253853,True,STACK,LGBMRegressor,0.46122022033875315,0.46122022033875315,ElasticNetCV,0.24785132788019484,,XGBRegressor,0.3912105105492989,,LGBMRegressor,0.46122022033875315,,STACK
2001-12-24,StackedEnsemble,SELL,-0.020588881564491346,True,STACK,ElasticNetCV,0.6835719592585436,0.6835719592585436,ElasticNetCV,0.6835719592585436,,XGBRegressor,0.32398423011210575,,LGBMRegressor,0.35017473737763927,,STACK
2002-01-25,StackedEnsemble,SELL,-0.00900702017749122,True,STACK,ElasticNetCV,0.5831961663740342,0.5831961663740342,ElasticNetCV,0.5831961663740342,,XGBRegressor,0.24886372926356928,,LGBMRegressor,0.3419616961975639,,STACK
2002-02-05,StackedEnsemble,SELL,-0.020547869580099354,True,STACK,ElasticNetCV,0.6283629795114113,0.6283629795114113,ElasticNetCV,0.6283629795114113,,XGBRegressor,0.16117490965186818,,LGBMRegressor,0.3788928459907572,,STACK
2002-07-26,StackedEnsemble,SELL,-0.0003901119621331217,True,STACK,LGBMRegressor,0.45192410239753983,0.45192410239753983,ElasticNetCV,0.26108872229404995,,XGBRegressor,0.4331938034235969,,LGBMRegressor,0.45192410239753983,,STACK
2002-08-02,StackedEnsemble,SELL,-0.019744740825807794,True,STACK,XGBRegressor,0.5573402893667887,0.5573402893667887,ElasticNetCV,0.21138611631776003,,XGBRegressor,0.5573402893667887,,LGBMRegressor,0.3327216014493308,,STACK
2002-10-16,StackedEnsemble,SELL,-0.0009861932938856066,True,STACK,LGBMRegressor,0.42910676388229985,0.42910676388229985,ElasticNetCV,0.2920510359424893,,XGBRegressor,0.22771058670413447,,LGBMRegressor,0.42910676388229985,,STACK
2002-10-25,StackedEnsemble,SELL,-0.04358875931539319,True,STACK,ElasticNetCV,0.3633854534975621,0.3633854534975621,ElasticNetCV,0.3633854534975621,,XGBRegressor,0.25419899965966036,,LGBMRegressor,0.335932277784734,,STACK
2003-03-17,StackedEnsemble,SELL,-0.01121762186416475,True,STACK,ElasticNetCV,0.6041901500707403,0.6041901500707403,ElasticNetCV,0.6041901500707403,,XGBRegressor,0.15390770238440735,,LGBMRegressor,0.16218104952648574,,STACK
2003-07-14,StackedEnsemble,SELL,-0.029854181616323028,True,STACK,LGBMRegressor,0.34671651107023144,0.34671651107023144,ElasticNetCV,0.3246410220934906,,XGBRegressor,0.30722967686320807,,LGBMRegressor,0.34671651107023144,,STACK
2004-01-28,StackedEnsemble,SELL,-0.009758963629589279,True,STACK,ElasticNetCV,0.9207298101524826,0.9207298101524826,ElasticNetCV,0.9207298101524826,,XGBRegressor,0.18019407399655743,,LGBMRegressor,0.19330838044968243,,STACK
2004-05-05,StackedEnsemble,BUY,0.02305162432846708,True,STACK,LGBMRegressor,0.4187171159820955,0.4187171159820955,ElasticNetCV,0.3729504332092274,,XGBRegressor,0.26190031551810583,,LGBMRegressor,0.4187171159820955,,STACK
2004-08-13,StackedEnsemble,BUY,0.03987445822746971,True,STACK,XGBRegressor,0.47908141424694006,0.47908141424694006,ElasticNetCV,0.33925787736649554,,XGBRegressor,0.47908141424694006,,LGBMRegressor,0.24862724183387316,,STACK
2004-12-20,StackedEnsemble,SELL,-0.007848224420301642,True,STACK,ElasticNetCV,0.40069842562058766,0.40069842562058766,ElasticNetCV,0.40069842562058766,,XGBRegressor,0.32589243607856455,,LGBMRegressor,0.2768219953091141,,STACK
2005-02-07,StackedEnsemble,SELL,-0.033726195740009346,True,STACK,ElasticNetCV,0.4311812552556444,0.4311812552556444,ElasticNetCV,0.4311812552556444,,XGBRegressor,0.3569636213975011,,LGBMRegressor,0.32186609471867783,,STACK
2005-02-11,StackedEnsemble,SELL,-0.050097572874740814,True,STACK,ElasticNetCV,0.40797404746073623,0.40797404746073623,ElasticNetCV,0.40797404746073623,,XGBRegressor,0.4045251326463832,,LGBMRegressor,0.32462157864659236,,STACK
2005-05-31,StackedEnsemble,BUY,0.013663614816191938,True,STACK,ElasticNetCV,0.8255962761923679,0.8255962761923679,ElasticNetCV,0.8255962761923679,,XGBRegressor,0.4374623176298872,,LGBMRegressor,0.0019563811739640646,,STACK
2005-06-06,StackedEnsemble,BUY,0.009056050875989818,True,STACK,ElasticNetCV,0.7857526680017594,0.7857526680017594,ElasticNetCV,0.7857526680017594,,XGBRegressor,0.2951543410091246,,LGBMRegressor,0.14670689378125176,,STACK
2005-11-21,StackedEnsemble,SELL,-0.005331347728965041,True,STACK,LGBMRegressor,0.544362892178574,0.544362892178574,ElasticNetCV,0.3098418652353775,,XGBRegressor,0.22906832948574157,,LGBMRegressor,0.544362892178574,,STACK
2005-11-29,StackedEnsemble,SELL,-0.013562386980108476,True,STACK,ElasticNetCV,0.4120974024763207,0.4120974024763207,ElasticNetCV,0.4120974024763207,,XGBRegressor,0.3487389737204526,,LGBMRegressor,0.25216937815923546,,STACK
2005-12-01,StackedEnsemble,SELL,-0.018366803702936974,True,STACK,ElasticNetCV,0.4810837910158363,0.4810837910158363,ElasticNetCV,0.4810837910158363,,XGBRegressor,0.271687243233486,,LGBMRegressor,0.22967587471562337,,STACK
2006-02-07,StackedEnsemble,BUY,0.007148933629837373,True,STACK,LGBMRegressor,0.7991572722851787,0.7991572722851787,ElasticNetCV,0.46954704192146546,,XGBRegressor,-0.16202595363906974,,LGBMRegressor,0.7991572722851787,,STACK
2007-06-26,StackedEnsemble,SELL,-0.028739002932551272,True,STACK,ElasticNetCV,0.50305159845148,0.50305159845148,ElasticNetCV,0.50305159845148,,XGBRegressor,0.34703290854399815,,LGBMRegressor,0.3260102242476063,,STACK
2007-08-13,StackedEnsemble,SELL,-0.004896691747283022,True,STACK,XGBRegressor,0.4296194456535136,0.4296194456535136,ElasticNetCV,0.3141040064960342,,XGBRegressor,0.4296194456535136,,LGBMRegressor,0.2908714997225714,,STACK
2007-08-21,StackedEnsemble,SELL,-0.026414271090301922,True,STACK,LGBMRegressor,0.5958688393877847,0.5958688393877847,ElasticNetCV,0.18915274656870287,,XGBRegressor,0.2242325579358974,,LGBMRegressor,0.5958688393877847,,STACK
2007-09-19,StackedEnsemble,SELL,-0.020758948596034887,True,STACK,ElasticNetCV,0.47247877671919647,0.47247877671919647,ElasticNetCV,0.47247877671919647,,XGBRegressor,0.15622245111096303,,LGBMRegressor,0.4066705866840943,,STACK
2007-11-12,StackedEnsemble,SELL,-0.005568931610579253,True,STACK,LGBMRegressor,0.5533860803577075,0.5533860803577075,ElasticNetCV,0.2550970658076151,,XGBRegressor,0.3448876275868814,,LGBMRegressor,0.5533860803577075,,STACK
2007-12-13,StackedEnsemble,BUY,0.005267228995543105,True,STACK,ElasticNetCV,0.5018281984919879,0.5018281984919879,ElasticNetCV,0.5018281984919879,,XGBRegressor,0.4902073526397496,,LGBMRegressor,0.3501342136689794,,STACK
2008-06-13,StackedEnsemble,SELL,-0.0319175383909277,True,STACK,ElasticNetCV,0.735693066162656,0.735693066162656,ElasticNetCV,0.735693066162656,,XGBRegressor,0.36315125070442345,,LGBMRegressor,0.0639097268839079,,STACK
2008-06-17,StackedEnsemble,SELL,-0.022498554077501565,True,STACK,ElasticNetCV,0.7175834806326147,0.7175834806326147,ElasticNetCV,0.7175834806326147,,XGBRegressor,0.2233421162558208,,LGBMRegressor,0.2386575687005458,,STACK
2008-11-13,StackedEnsemble,BUY,0.010207053204810856,True,STACK,ElasticNetCV,0.8539032168050421,0.8539032168050421,ElasticNetCV,0.8539032168050421,,XGBRegressor,0.5751855646689038,,LGBMRegressor,-0.09030293970020387,,STACK
2008-11-19,StackedEnsemble,BUY,0.004621124332268689,True,STACK,ElasticNetCV,0.7507036406854133,0.7507036406854133,ElasticNetCV,0.7507036406854133,,XGBRegressor,0.5480293901701796,,LGBMRegressor,-0.002311057312661782,,STACK
2008-11-24,StackedEnsemble,BUY,0.01668305094546918,True,STACK,ElasticNetCV,0.6853378633683493,0.6853378633683493,ElasticNetCV,0.6853378633683493,,XGBRegressor,0.5619394823977053,,LGBMRegressor,0.047966142449508295,,STACK
2008-12-17,StackedEnsemble,BUY,0.06109805597094642,True,STACK,ElasticNetCV,0.7930801919136116,0.7930801919136116,ElasticNetCV,0.7930801919136116,,XGBRegressor,0.34301620142292455,,LGBMRegressor,0.0014930633629250361,,STACK
2010-01-13,StackedEnsemble,BUY,0.0376726292835996,True,STACK,ElasticNetCV,0.5071939610922086,0.5071939610922086,ElasticNetCV,0.5071939610922086,,XGBRegressor,0.3382019703510313,,LGBMRegressor,0.25544077351919514,,STACK
2010-09-14,StackedEnsemble,SELL,-0.03282753148864426,True,STACK,ElasticNetCV,0.4910074684446824,0.4910074684446824,ElasticNetCV,0.4910074684446824,,XGBRegressor,0.3392904268615266,,LGBMRegressor,0.23495809863710512,,STACK
2011-02-24,StackedEnsemble,BUY,0.006656699416203837,True,STACK,ElasticNetCV,1.3046741902597958,1.3046741902597958,ElasticNetCV,1.3046741902597958,,XGBRegressor,-0.19981720235323286,,LGBMRegressor,0.1565906129356446,,STACK
2011-03-11,StackedEnsemble,BUY,0.0008218394911740923,True,STACK,XGBRegressor,0.7800560917869439,0.7800560917869439,ElasticNetCV,0.5325531572965138,,XGBRegressor,0.7800560917869439,,LGBMRegressor,-0.19395281259583488,,STACK
2011-05-24,StackedEnsemble,SELL,-0.04006398734632255,True,STACK,ElasticNetCV,0.6044726135257805,0.6044726135257805,ElasticNetCV,0.6044726135257805,,XGBRegressor,0.14858865430608695,,LGBMRegressor,0.24407876400710063,,STACK
2011-06-15,StackedEnsemble,SELL,-0.030819388655727087,True,STACK,ElasticNetCV,0.6241250555937345,0.6241250555937345,ElasticNetCV,0.6241250555937345,,XGBRegressor,0.09249813199915513,,LGBMRegressor,0.2234813028735069,,STACK
2011-07-11,StackedEnsemble,SELL,-0.019482165489769998,True,STACK,ElasticNetCV,0.4702952049288123,0.4702952049288123,ElasticNetCV,0.4702952049288123,,XGBRegressor,0.13524147097514133,,LGBMRegressor,0.28198404957861756,,STACK
2011-09-27,StackedEnsemble,SELL,-0.012332616387983109,True,STACK,ElasticNetCV,0.7470659986382315,0.7470659986382315,ElasticNetCV,0.7470659986382315,,XGBRegressor,0.31952945541748046,,LGBMRegressor,-0.010510994857460048,,STACK
2012-02-22,StackedEnsemble,BUY,0.0003008530067605264,True,STACK,LGBMRegressor,0.40950083985823066,0.40950083985823066,ElasticNetCV,0.280037861173685,,XGBRegressor,0.3470082334096426,,LGBMRegressor,0.40950083985823066,,STACK
2012-10-24,StackedEnsemble,SELL,-0.0020872469213109035,True,STACK,ElasticNetCV,0.4983973350660797,0.4983973350660797,ElasticNetCV,0.4983973350660797,,XGBRegressor,0.2997927201532214,,LGBMRegressor,0.2372519174741829,,STACK
2013-01-18,StackedEnsemble,SELL,-0.025910251602650036,True,STACK,ElasticNetCV,0.6464869179566769,0.6464869179566769,ElasticNetCV,0.6464869179566769,,XGBRegressor,0.3003133262791409,,LGBMRegressor,0.1121214154766584,,STACK
2013-07-09,StackedEnsemble,SELL,-0.04926204039357851,True,STACK,ElasticNetCV,0.7662727118959446,0.7662727118959446,ElasticNetCV,0.7662727118959446,,XGBRegressor,0.4571122020548506,,LGBMRegressor,0.15137651763437293,,STACK
2013-11-01,StackedEnsemble,BUY,0.023745729787661762,True,STACK,ElasticNetCV,0.902257059478219,0.902257059478219,ElasticNetCV,0.902257059478219,,XGBRegressor,0.5898562867955408,,LGBMRegressor,-0.0681330860684792,,STACK
2013-11-06,StackedEnsemble,BUY,0.026820502485556785,True,STACK,XGBRegressor,0.9958419876813634,0.9958419876813634,ElasticNetCV,0.8157626964004145,,XGBRegressor,0.9958419876813634,,LGBMRegressor,-0.4999290489490538,,STACK
2014-03-10,StackedEnsemble,BUY,0.010696534121440227,True,STACK,ElasticNetCV,0.7276217494878898,0.7276217494878898,ElasticNetCV,0.7276217494878898,,XGBRegressor,0.13693620029575954,,LGBMRegressor,0.03514098750708667,,STACK
2014-11-03,StackedEnsemble,SELL,-0.0024701886459542743,True,STACK,XGBRegressor,0.555548397631453,0.555548397631453,ElasticNetCV,0.2719969527289699,,XGBRegressor,0.555548397631453,,LGBMRegressor,0.16484673060860822,,STACK
2015-02-03,StackedEnsemble,BUY,0.00022615405081816142,True,STACK,XGBRegressor,0.694201112305057,0.694201112305057,ElasticNetCV,0.21145635525897424,,XGBRegressor,0.694201112305057,,LGBMRegressor,0.29455274800850223,,STACK
2015-02-10,StackedEnsemble,BUY,0.0009629717572254837,True,STACK,XGBRegressor,0.6588681763631199,0.6588681763631199,ElasticNetCV,0.31030447063515976,,XGBRegressor,0.6588681763631199,,LGBMRegressor,0.3354873840294562,,STACK
2015-05-12,StackedEnsemble,BUY,0.035996206707716194,True,STACK,XGBRegressor,0.7967992670475066,0.7967992670475066,ElasticNetCV,0.3432196958768734,,XGBRegressor,0.7967992670475066,,LGBMRegressor,0.3983597019190724,,STACK
2016-02-10,StackedEnsemble,BUY,0.017959500093967184,True,STACK,XGBRegressor,0.3432845894040893,0.3432845894040893,ElasticNetCV,0.31092023073474573,,XGBRegressor,0.3432845894040893,,LGBMRegressor,0.29247341776155594,,STACK
2016-05-18,StackedEnsemble,SELL,-0.0011424860496441758,True,STACK,ElasticNetCV,0.8887646423204122,0.8887646423204122,ElasticNetCV,0.8887646423204122,,XGBRegressor,-0.14866545492449476,,LGBMRegressor,0.5420668868765948,,STACK
2016-09-28,StackedEnsemble,BUY,0.022750183569588467,True,STACK,XGBRegressor,0.6279065149060481,0.6279065149060481,ElasticNetCV,0.5145550841051524,,XGBRegressor,0.6279065149060481,,LGBMRegressor,0.24250975168324487,,STACK
2016-09-30,StackedEnsemble,BUY,0.029544372917866824,True,STACK,ElasticNetCV,0.5693572904878665,0.5693572904878665,ElasticNetCV,0.5693572904878665,,XGBRegressor,0.5143417708780409,,LGBMRegressor,0.27998846606124494,,STACK
2016-10-21,StackedEnsemble,SELL,-0.010910281121576881,True,STACK,ElasticNetCV,0.5445106307919427,0.5445106307919427,ElasticNetCV,0.5445106307919427,,XGBRegressor,0.3076343661142577,,LGBMRegressor,0.3886272636018223,,STACK
2017-05-22,StackedEnsemble,BUY,0.01326393552719951,True,STACK,ElasticNetCV,0.8724616655940071,0.8724616655940071,ElasticNetCV,0.8724616655940071,,XGBRegressor,-0.10216531374015668,,LGBMRegressor,0.21203390062045385,,STACK
2017-05-24,StackedEnsemble,BUY,0.019733999135737257,True,STACK,ElasticNetCV,1.037572449299621,1.037572449299621,ElasticNetCV,1.037572449299621,,XGBRegressor,-0.11592125648944587,,LGBMRegressor,-0.028974749690528233,,STACK
2017-10-26,StackedEnsemble,SELL,-0.004711785583159878,True,STACK,ElasticNetCV,0.3308030971933705,0.3308030971933705,ElasticNetCV,0.3308030971933705,,XGBRegressor,0.24772429692892547,,LGBMRegressor,0.27003099450929585,,STACK
2018-05-08,StackedEnsemble,SELL,-0.009900138798471847,True,STACK,ElasticNetCV,0.513346178032077,0.513346178032077,ElasticNetCV,0.513346178032077,,XGBRegressor,0.18284064483791876,,LGBMRegressor,0.34929307162592615,,STACK
2018-07-05,StackedEnsemble,BUY,0.02153498815327559,True,STACK,ElasticNetCV,1.20432318256042,1.20432318256042,ElasticNetCV,1.20432318256042,,XGBRegressor,-0.34258648472437797,,LGBMRegressor,0.17181398208650872,,STACK
2018-10-10,StackedEnsemble,BUY,0.014024308801923402,True,STACK,ElasticNetCV,0.5162977429862431,0.5162977429862431,ElasticNetCV,0.5162977429862431,,XGBRegressor,0.07194758196811142,,LGBMRegressor,0.3791706413834803,,STACK
2018-10-12,StackedEnsemble,BUY,0.02181333268085006,True,STACK,ElasticNetCV,0.6337289786519245,0.6337289786519245,ElasticNetCV,0.6337289786519245,,XGBRegressor,0.05070593351536981,,LGBMRegressor,0.3246371637832958,,STACK
2019-05-02,StackedEnsemble,SELL,-0.0013818622020717042,True,STACK,LGBMRegressor,0.49086672710889095,0.49086672710889095,ElasticNetCV,0.29260779536874804,,XGBRegressor,0.35862391591489623,,LGBMRegressor,0.49086672710889095,,STACK
2019-08-29,StackedEnsemble,SELL,-0.01374154894739732,True,STACK,LGBMRegressor,0.6530623774095625,0.6530623774095625,ElasticNetCV,0.4419974685788609,,XGBRegressor,0.006704264997651596,,LGBMRegressor,0.6530623774095625,,STACK
2019-09-09,StackedEnsemble,BUY,0.013592559390407821,True,STACK,LGBMRegressor,0.40120036067254383,0.40120036067254383,ElasticNetCV,0.36868560798622274,,XGBRegressor,0.21471658863447546,,LGBMRegressor,0.40120036067254383,,STACK
2019-10-28,StackedEnsemble,SELL,-0.009661678594664935,True,STACK,LGBMRegressor,0.39111882347246774,0.39111882347246774,ElasticNetCV,0.246098028495089,,XGBRegressor,0.2846789938698204,,LGBMRegressor,0.39111882347246774,,STACK
2019-12-27,StackedEnsemble,BUY,0.008213459182284444,True,STACK,ElasticNetCV,0.43347012612214425,0.43347012612214425,ElasticNetCV,0.43347012612214425,,XGBRegressor,0.30717154091518484,,LGBMRegressor,0.34747469395869696,,STACK
2020-03-18,StackedEnsemble,SELL,-0.07392579076503358,True,STACK,LGBMRegressor,1.0801921306665134,1.0801921306665134,ElasticNetCV,0.6816685296429863,,XGBRegressor,0.06737447935154096,,LGBMRegressor,1.0801921306665134,,STACK
2020-04-22,StackedEnsemble,SELL,-0.030796091979642615,True,STACK,ElasticNetCV,1.5274893473015738,1.5274893473015738,ElasticNetCV,1.5274893473015738,,XGBRegressor,1.28411144559726,,LGBMRegressor,0.26807112504574454,,STACK
2020-04-29,StackedEnsemble,SELL,-0.015161496580186506,True,STACK,ElasticNetCV,2.3002051459581123,2.3002051459581123,ElasticNetCV,2.3002051459581123,,XGBRegressor,1.0059712201448632,,LGBMRegressor,0.14026706061019928,,STACK
2020-07-13,StackedEnsemble,SELL,-0.03818941356882244,True,STACK,ElasticNetCV,2.3108050467816157,2.3108050467816157,ElasticNetCV,2.3108050467816157,,XGBRegressor,0.24176179875893614,,LGBMRegressor,-0.6131830696245868,,STACK
2021-01-19,StackedEnsemble,BUY,0.007129477874034285,True,STACK,ElasticNetCV,0.8006940909752013,0.8006940909752013,ElasticNetCV,0.8006940909752013,,XGBRegressor,0.40005554602408055,,LGBMRegressor,0.18093177782079106,,STACK
2021-03-02,StackedEnsemble,BUY,0.0008495675465198804,True,STACK,XGBRegressor,0.5424059866035206,0.5424059866035206,ElasticNetCV,0.5283034646150583,,XGBRegressor,0.5424059866035206,,LGBMRegressor,-0.044591825109499904,,STACK
2021-06-18,StackedEnsemble,SELL,-0.008501165017186785,True,STACK,LGBMRegressor,0.5565532161880352,0.5565532161880352,ElasticNetCV,0.2805513039295876,,XGBRegressor,0.1917718324192335,,LGBMRegressor,0.5565532161880352,,STACK
2022-03-30,StackedEnsemble,BUY,0.02153185430695448,True,STACK,ElasticNetCV,0.47664886749475854,0.47664886749475854,ElasticNetCV,0.47664886749475854,,XGBRegressor,0.28348951396729755,,LGBMRegressor,0.1920285543394724,,STACK
2022-05-09,StackedEnsemble,SELL,-0.008571664908906707,True,STACK,ElasticNetCV,0.4088517528698291,0.4088517528698291,ElasticNetCV,0.4088517528698291,,XGBRegressor,0.24312453082366206,,LGBMRegressor,0.34443081670746245,,STACK
2022-05-20,StackedEnsemble,SELL,-0.031210537663110993,True,STACK,LGBMRegressor,0.41222881179981136,0.41222881179981136,ElasticNetCV,0.37921954580996825,,XGBRegressor,0.33231638799117674,,LGBMRegressor,0.41222881179981136,,STACK
2022-09-30,StackedEnsemble,SELL,-0.019042457423159576,True,STACK,ElasticNetCV,0.6609964041358698,0.6609964041358698,ElasticNetCV,0.6609964041358698,,XGBRegressor,0.26981144458258666,,LGBMRegressor,0.34353217472316516,,STACK
2022-12-22,StackedEnsemble,BUY,0.0373816635447779,True,STACK,XGBRegressor,0.7582872921346275,0.7582872921346275,ElasticNetCV,0.7053736116489944,,XGBRegressor,0.7582872921346275,,LGBMRegressor,-0.10762643231331229,,STACK
2022-12-26,StackedEnsemble,BUY,0.010443864229765065,True,STACK,XGBRegressor,0.7119240030690682,0.7119240030690682,ElasticNetCV,0.6763874316662825,,XGBRegressor,0.7119240030690682,,LGBMRegressor,-0.03199140139699898,,STACK
2022-12-30,StackedEnsemble,BUY,0.01008792509027101,True,STACK,ElasticNetCV,0.7116671337702888,0.7116671337702888,ElasticNetCV,0.7116671337702888,,XGBRegressor,0.5677185242660605,,LGBMRegressor,0.1081847562264149,,STACK
2023-06-13,StackedEnsemble,BUY,0.012056904080003816,True,STACK,ElasticNetCV,0.7778058158577547,0.7778058158577547,ElasticNetCV,0.7778058158577547,,XGBRegressor,0.3729650989547104,,LGBMRegressor,0.024852026918043554,,STACK
2023-12-26,StackedEnsemble,BUY,0.019771533328733826,True,STACK,ElasticNetCV,0.529933278156867,0.529933278156867,ElasticNetCV,0.529933278156867,,XGBRegressor,0.14274404148181893,,LGBMRegressor,0.38615652347895996,,STACK
2024-02-02,StackedEnsemble,SELL,-0.009175609664095363,True,STACK,ElasticNetCV,0.6456128925548368,0.6456128925548368,ElasticNetCV,0.6456128925548368,,XGBRegressor,0.07360215209937318,,LGBMRegressor,0.19085338990811554,,STACK
2024-11-08,StackedEnsemble,BUY,0.006117347634413406,True,STACK,ElasticNetCV,0.5476356787159358,0.5476356787159358,ElasticNetCV,0.5476356787159358,,XGBRegressor,0.3723675599646717,,LGBMRegressor,0.13491396223615446,,STACK
2025-01-16,StackedEnsemble,SELL,-0.0028423590700293877,True,STACK,ElasticNetCV,0.4314562377116629,0.4314562377116629,ElasticNetCV,0.4314562377116629,,XGBRegressor,0.31018745527966957,,LGBMRegressor,0.28584584402308644,,STACK
2025-03-24,StackedEnsemble,BUY,0.04253176103915868,True,STACK,XGBRegressor,0.4296860499627239,0.4296860499627239,ElasticNetCV,0.22694274069261994,,XGBRegressor,0.4296860499627239,,LGBMRegressor,0.3417177771753167,,STACK
2025-03-27,StackedEnsemble,BUY,0.032290692570468904,True,STACK,LGBMRegressor,0.4297070092810535,0.4297070092810535,ElasticNetCV,0.22485451684826618,,XGBRegressor,0.39962676301279926,,LGBMRegressor,0.4297070092810535,,STACK
2025-04-03,StackedEnsemble,BUY,0.015041890648457512,True,STACK,XGBRegressor,0.43609097854144746,0.43609097854144746,ElasticNetCV,0.2857119178710716,,XGBRegressor,0.43609097854144746,,LGBMRegressor,0.3836784524023975,,STACK
2025-04-21,StackedEnsemble,BUY,0.0007226617076014907,True,STACK,ElasticNetCV,0.7838722515989452,0.7838722515989452,ElasticNetCV,0.7838722515989452,,XGBRegressor,-0.032558025530258564,,LGBMRegressor,0.3387008256541064,,STACK
2025-06-03,StackedEnsemble,SELL,-0.0214062161683366,True,STACK,ElasticNetCV,0.7269174800912522,0.7269174800912522,ElasticNetCV,0.7269174800912522,,XGBRegressor,0.1655651084821199,,LGBMRegressor,0.21596806670666607,,STACK
2025-06-20,StackedEnsemble,SELL,-0.002078734545598482,True,STACK,ElasticNetCV,0.8303251207603094,0.8303251207603094,ElasticNetCV,0.8303251207603094,,XGBRegressor,0.16183572986329547,,LGBMRegressor,-0.10121472131857259,,STACK
2025-11-04,StackedEnsemble,SELL,-0.01110285054682758,True,STACK,ElasticNetCV,1.0873129171421427,1.0873129171421427,ElasticNetCV,1.0873129171421427,,XGBRegressor,0.07694969045000115,,LGBMRegressor,-0.2504884514725501,,STACK
