Currency,Model,Observations,Signal_Triggers,Hit_Rate_Pct,Information_Coefficient,Sharpe_Ratio,Maximum_Drawdown_Pct,Strategy_Total_Return_Pct,Average_Adj_R2,Average_Train_RMSE,Average_Validation_RMSE,Test_RMSE,Generalization_Gap,Best_Params,Best_Validation_RMSE,Best_Alpha,Best_L1_Ratio,Best_N_Estimators,Best_Max_Depth,Best_Learning_Rate,Best_Subsample
SEK,OLS,6427,212,54.71698113207547,-0.021677745407232548,0.21610150404999434,-9.628972118619883,22.18101447782641,0.33247186292172765,0.5626938973999155,0.5767283266363958,0.5946286551974367,0.031934757797521196,{},0.3717906927797019,,,,,,
SEK,ElasticNetCV,6427,204,54.90196078431373,-0.02574254247550065,-0.0025449498817088174,-18.747859944345493,-2.3144762997873713,0.3183910922275923,0.569178583456499,0.5719814949524661,0.6012171250457071,0.03203854158920816,"{""alpha"": 0.1873817422860383, ""l1_ratio"": 0.1}",0.37967675930604017,0.1873817422860383,0.1,,,,
SEK,LassoCV,6427,215,55.348837209302324,-0.02299275810774463,0.004326977694171735,-20.39275116691477,-1.6094065504795196,0.31589253612486434,0.5703343097848856,0.5743585400365442,0.6029969720009103,0.03266266221602465,"{""alpha"": 0.05336699231206307}",0.38316987798748764,0.05336699231206307,,,,,
SEK,RidgeCV,6427,204,53.431372549019606,-0.01975572909795625,-0.05514636685570265,-22.395638533381224,-7.480884879360305,0.3251854000798341,0.5664011220562152,0.5726314970630703,0.6018854538428313,0.03548433178661614,"{""alpha"": 100.0}",0.3760999486805361,100.0,,,,,
SEK,LGBMRegressor,6427,214,56.074766355140184,-0.03186961032391748,0.12027880604860304,-15.963570025961138,10.686680014792561,0.3956034672726656,0.5339517458408779,0.5845476610859415,0.6210934286712992,0.08714168283042134,"{""learning_rate"": 0.03, ""max_depth"": 3, ""n_estimators"": 200, ""subsample"": 0.8}",0.387390788455691,,,200.0,3.0,0.03,0.8
SEK,XGBRegressor,6427,225,52.0,-0.021729920836573206,0.150355455908,-15.608183985106706,14.398262700513653,0.42799313512681586,0.5192327482348719,0.5820248131948685,0.6172456447737495,0.09801289653887768,"{""learning_rate"": 0.1, ""max_depth"": 2, ""n_estimators"": 200, ""subsample"": 0.8}",0.38607785937387645,,,200.0,2.0,0.1,0.8
