Date,Model,Signal,Forward_10d_Return,Hit,Attribution_Method,Largest_Attribution_Driver,Largest_Attribution_Value,Largest_Attribution_Abs,Driver_1_Name,Driver_1_Beta,Driver_1_SHAP,Driver_2_Name,Driver_2_Beta,Driver_2_SHAP,Driver_3_Name,Driver_3_Beta,Driver_3_SHAP,Dominant_Attribution_Method
2001-09-25,OLS,SELL,-0.012368798044962,True,BETA,Gold,-0.28620772045079,0.28620772045079,MSCI World ex-US,-0.2597027014329107,,Gold,-0.28620772045079,,,,,
2001-12-24,OLS,SELL,-0.0453054094769822,True,BETA,Gold,-0.2370371078301871,0.2370371078301871,MSCI World ex-US,-0.214973440090434,,Gold,-0.2370371078301871,,,,,
2002-01-02,OLS,BUY,0.0213680629344041,True,BETA,Gold,-0.2374428951751081,0.2374428951751081,MSCI World ex-US,-0.2198962665868906,,Gold,-0.2374428951751081,,,,,
2002-06-27,OLS,BUY,0.0218072603813006,True,BETA,MSCI World ex-US,-0.1893348372651057,0.1893348372651057,MSCI World ex-US,-0.1893348372651057,,Gold,-0.1848546060372348,,,,,
2002-09-13,OLS,SELL,-0.0218142730683303,True,BETA,MSCI World - Dow Jones,-0.2006154291281919,0.2006154291281919,MSCI World - Dow Jones,-0.2006154291281919,,Gold,-0.0897672893380868,,VIX Index,0.0058168037563638,,
2003-02-13,OLS,BUY,0.0088476632179805,True,BETA,Gold,-0.1931134040754127,0.1931134040754127,Gold,-0.1931134040754127,,MSCI World - Dow Jones,-0.147048480670894,,,,,
2003-03-17,OLS,SELL,-0.0252542724693835,True,BETA,Gold,-0.2555207510770629,0.2555207510770629,Gold,-0.2555207510770629,,MSCI World - Dow Jones,-0.0899100968920078,,,,,
2003-03-25,OLS,SELL,-0.0159542583114307,True,BETA,Gold,-0.2541213227760686,0.2541213227760686,Gold,-0.2541213227760686,,MSCI World - Dow Jones,-0.0978725378285629,,,,,
2003-05-09,OLS,SELL,-0.0289166270605598,True,BETA,Gold,-0.2556128674683141,0.2556128674683141,Gold,-0.2556128674683141,,MSCI World - Dow Jones,-0.0902771456430857,,VIX Index,0.0134477998550005,,
2003-05-14,OLS,SELL,-0.0259450795757629,True,BETA,Gold,-0.2570775033997734,0.2570775033997734,Gold,-0.2570775033997734,,MSCI World - Dow Jones,-0.0894996926822671,,VIX Index,0.0128985820249638,,
2003-05-19,OLS,SELL,-0.013790822233248,True,BETA,Gold,-0.2587930432497319,0.2587930432497319,Gold,-0.2587930432497319,,MSCI World - Dow Jones,-0.0937656745175665,,VIX Index,0.0115163690641738,,
2003-07-17,OLS,SELL,-0.002452706476602,True,BETA,Gold,-0.2980339663821928,0.2980339663821928,Gold,-0.2980339663821928,,MSCI World - S&P500,-0.1542267589732353,,,,,
2004-09-22,OLS,SELL,-0.0050246492226014,True,BETA,Real 2y yield,-1.1937363925244038,1.1937363925244038,Gold,-0.4801464739746369,,MSCI World ex-US,-0.1273274170560364,,Real 2y yield,-1.1937363925244038,,
2004-10-04,OLS,SELL,-0.0137274603519443,True,BETA,Real 2y yield,-1.0636888971195977,1.0636888971195977,Gold,-0.4798307293192574,,MSCI World ex-US,-0.1312082239870164,,Real 2y yield,-1.0636888971195977,,
2004-12-03,OLS,BUY,0.0204013681629688,True,BETA,Real 2y yield,-0.7365756758081724,0.7365756758081724,Gold,-0.4824749624335659,,MSCI World ex-US,-0.1262869247288234,,Real 2y yield,-0.7365756758081724,,
2005-04-14,OLS,SELL,-0.0086487089709431,True,BETA,Gold,-0.4882712032446462,0.4882712032446462,Gold,-0.4882712032446462,,MSCI World ex-US,-0.1901219274199565,,,,,
2005-05-31,OLS,BUY,0.0373795346711649,True,BETA,Gold,-0.4992508342290654,0.4992508342290654,Gold,-0.4992508342290654,,MSCI World ex-US,-0.1759200659120296,,,,,
2005-12-14,OLS,BUY,0.0121271505650006,True,BETA,MSCI World ex-US,-0.3415675081776703,0.3415675081776703,MSCI World ex-US,-0.3415675081776703,,Gold,-0.3202977249319734,,,,,
2005-12-19,OLS,BUY,0.0150374980868324,True,BETA,MSCI World ex-US,-0.3584360235828279,0.3584360235828279,MSCI World ex-US,-0.3584360235828279,,Gold,-0.2995371932397457,,,,,
2006-03-17,OLS,BUY,0.0189268675249982,True,BETA,Real 2y yield,-0.3999982311328384,0.3999982311328384,MSCI World ex-US,-0.3332157609523073,,Gold,-0.1691334133598392,,Real 2y yield,-0.3999982311328384,,
2006-07-25,OLS,SELL,-0.0272959599804252,True,BETA,Real 2y yield,-0.5482970078005086,0.5482970078005086,MSCI World ex-US,-0.2486095760783373,,Real 2y yield,-0.5482970078005086,,Gold,-0.1067513985900754,,
2006-10-13,OLS,SELL,-0.023997086357137,True,BETA,Real 2y yield,-0.4174363208604851,0.4174363208604851,MSCI World ex-US,-0.2858330471767096,,Real 2y yield,-0.4174363208604851,,BCOM Index,-0.0709177573330597,,
2007-01-09,OLS,SELL,-0.0066960151586384,True,BETA,Real 2y yield,-0.5833660066897355,0.5833660066897355,MSCI World - Dow Jones,-0.3463775163437873,,Real 2y yield,-0.5833660066897355,,Gold,-0.1162034751924125,,
2007-01-17,OLS,SELL,-0.0098600780826992,True,BETA,Real 2y yield,-0.6429817252682862,0.6429817252682862,MSCI World ex-US,-0.2191909056209447,,Real 2y yield,-0.6429817252682862,,Gold,-0.1056304216735343,,
2007-11-21,OLS,BUY,0.0255604809133527,True,BETA,Gold,-0.2056727817405397,0.2056727817405397,Gold,-0.2056727817405397,,MSCI World ex-US,-0.1318994551580276,,,,,
2007-12-21,OLS,SELL,-0.0335475636993481,True,BETA,Gold,-0.2097884116394685,0.2097884116394685,Gold,-0.2097884116394685,,MSCI World ex-US,-0.1128549435765911,,,,,
2008-06-13,OLS,SELL,-0.0186459890588293,True,BETA,Gold,-0.2719037437719412,0.2719037437719412,Gold,-0.2719037437719412,,MSCI World ex-US,-0.1258665244020303,,,,,
2008-10-21,OLS,SELL,-0.0206288984631213,True,BETA,Gold,-0.1857617432074202,0.1857617432074202,Gold,-0.1857617432074202,,MSCI World ex-US,-0.1429476943073769,,Real 2y yield,-0.1847598599332719,,
2008-10-24,OLS,SELL,-0.0020919183899789,True,BETA,Copper LME,-0.1211489023974387,0.1211489023974387,Copper LME,-0.1211489023974387,,MSCI World ex-US,-0.0689049603599275,,JPMVG71M Index,0.0010136382146597,,
2008-11-24,OLS,BUY,0.0105618767739179,True,BETA,Copper LME,-0.1327307987492339,0.1327307987492339,Copper LME,-0.1327307987492339,,MSCI World ex-US,-0.1115326430368043,,,,,
2008-12-17,OLS,BUY,0.0295539961628426,True,BETA,MSCI World ex-US,-0.1547945116257937,0.1547945116257937,Copper LME,-0.1290765742691008,,MSCI World ex-US,-0.1547945116257937,,,,,
2009-02-25,OLS,SELL,-0.0235375562478364,True,BETA,10y yield,-1.7180658981926236,1.7180658981926236,MSCI World ex-US,-0.1944063734403711,,BCOM Index,-0.2139289290961062,,10y yield,-1.7180658981926236,,
2009-03-05,OLS,SELL,-0.1445927961190056,True,BETA,10y yield,-2.025868442693581,2.025868442693581,BCOM Index,-0.2354159720609802,,MSCI World ex-US,-0.1941435644153059,,10y yield,-2.025868442693581,,
2009-07-31,OLS,BUY,0.0003059167072239,True,BETA,BCOM Index,-0.2998717320366378,0.2998717320366378,BCOM Index,-0.2998717320366378,,Local Index,-0.1922991417657129,,JPMVG71M Index,-0.0013956740374264,,
2010-04-07,OLS,SELL,-0.0100863957670207,True,BETA,MSCI World ex-US,-0.4064558028199059,0.4064558028199059,MSCI World ex-US,-0.4064558028199059,,Oil,-0.1455172104796626,,,,,
2010-06-03,OLS,SELL,-0.0168822570788348,True,BETA,10y yield,-1.4796191387890687,1.4796191387890687,Oil,-0.1217742140143264,,MSCI World ex-US,-0.3601577474300469,,10y yield,-1.4796191387890687,,
2010-06-14,OLS,SELL,-0.0174566121993301,True,BETA,10y yield,-2.37829183849034,2.37829183849034,Oil,-0.1081151636698257,,MSCI World ex-US,-0.3839240256767536,,10y yield,-2.37829183849034,,
2010-09-14,OLS,SELL,-0.044375353306953,True,BETA,10y yield,-2.744764429346006,2.744764429346006,BCOM Index,-0.164563419064599,,MSCI World ex-US,-0.3595739041938101,,10y yield,-2.744764429346006,,
2011-01-31,OLS,BUY,0.0057542575301672,True,BETA,2y yield,0.8316797972553981,0.8316797972553981,MSCI World ex-US,-0.3250683154581226,,Oil,-0.1183044026684679,,2y yield,0.8316797972553981,,
2011-05-13,OLS,SELL,-0.0264385448625633,True,BETA,2y yield,0.9505723115278628,0.9505723115278628,MSCI World ex-US,-0.3727160228237907,,Oil,-0.1273418469355861,,2y yield,0.9505723115278628,,
2011-07-08,OLS,SELL,-0.008021055270084,True,BETA,2y yield,1.18349520109032,1.18349520109032,MSCI World ex-US,-0.4051972612871022,,Oil,-0.1188639721336544,,2y yield,1.18349520109032,,
2011-11-28,OLS,SELL,-0.0136323848063483,True,BETA,2y yield,0.4187687483363631,0.4187687483363631,MSCI World ex-US,-0.3504731087794009,,BCOM Index,-0.1347022285609228,,2y yield,0.4187687483363631,,
2011-12-13,OLS,SELL,-0.0186871724374946,True,BETA,MSCI World ex-US,-0.3514689854900563,0.3514689854900563,MSCI World ex-US,-0.3514689854900563,,BCOM Index,-0.147990380614493,,2y yield,0.2558725399060096,,
2012-01-05,OLS,SELL,-0.0266076347326977,True,BETA,MSCI World ex-US,-0.3654897686135738,0.3654897686135738,MSCI World ex-US,-0.3654897686135738,,BCOM Index,-0.1190466313227648,,2y yield,-0.1752110981921185,,
2012-01-13,OLS,SELL,-0.0355840329524164,True,BETA,MSCI World ex-US,-0.3632591966055273,0.3632591966055273,MSCI World ex-US,-0.3632591966055273,,BCOM Index,-0.1270852873623805,,2y yield,-0.3210121475421972,,
2012-10-25,OLS,SELL,-0.0057816388263868,True,BETA,2y yield,2.5894602168573435,2.5894602168573435,MSCI World ex-US,-0.2909261138799534,,Copper LME,-0.0351263329094676,,2y yield,2.5894602168573435,,
2013-01-03,OLS,SELL,-0.0058796508957279,True,BETA,2y yield,3.7583585030237856,3.7583585030237856,MSCI World ex-US,-0.2401752937318939,,Copper LME,-0.0468238689275558,,2y yield,3.7583585030237856,,
2013-01-08,OLS,SELL,-0.0078953786123643,True,BETA,2y yield,3.772386803104343,3.772386803104343,MSCI World ex-US,-0.2419465421735196,,Copper LME,-0.0397721609140769,,2y yield,3.772386803104343,,
2013-01-15,OLS,SELL,-0.0198763114981077,True,BETA,2y yield,3.744019555100627,3.744019555100627,MSCI World ex-US,-0.254628128979261,,Copper LME,-0.0411214441170442,,2y yield,3.744019555100627,,
2013-01-18,OLS,SELL,-0.0316207960458655,True,BETA,2y yield,3.734051159533144,3.734051159533144,MSCI World ex-US,-0.2606776673196762,,Copper LME,-0.032509440998255,,2y yield,3.734051159533144,,
2013-03-25,OLS,SELL,-0.0162748643761302,True,BETA,2y yield,3.963876050024515,3.963876050024515,MSCI World ex-US,-0.2126889685475908,,Copper LME,-0.0525686363785157,,2y yield,3.963876050024515,,
2013-04-05,OLS,BUY,0.0142770776170766,True,BETA,2y yield,4.090446428994066,4.090446428994066,MSCI World ex-US,-0.2178543391091189,,Copper LME,-0.0498605131372666,,2y yield,4.090446428994066,,
2013-04-11,OLS,BUY,0.0391727915138733,True,BETA,2y yield,4.066191642508438,4.066191642508438,MSCI World ex-US,-0.2093173007198903,,Copper LME,-0.0528473338288484,,2y yield,4.066191642508438,,
2013-04-16,OLS,BUY,0.0188424245281537,True,BETA,2y yield,4.021167839522692,4.021167839522692,MSCI World ex-US,-0.212823021295188,,Copper LME,-0.055890127993913,,2y yield,4.021167839522692,,
2013-06-26,OLS,SELL,-0.0065447545717035,True,BETA,2y yield,6.667980154181276,6.667980154181276,MSCI World ex-US,-0.2252129519432357,,2y yield,6.667980154181276,,BCOM Index,-0.1305585912807902,,
2013-07-02,OLS,SELL,-0.0213231030021859,True,BETA,2y yield,6.724968566893448,6.724968566893448,MSCI World ex-US,-0.2209672800959402,,2y yield,6.724968566893448,,BCOM Index,-0.1411852906233823,,
2013-07-05,OLS,SELL,-0.0395626359414497,True,BETA,2y yield,6.585149477795104,6.585149477795104,MSCI World ex-US,-0.2170421697547739,,2y yield,6.585149477795104,,BCOM Index,-0.1529980174640597,,
2013-10-01,OLS,BUY,0.021932582856424,True,BETA,2y yield,7.8448536071682335,7.8448536071682335,2y yield,7.8448536071682335,,MSCI World ex-US,-0.2123973069262447,,BCOM Index,-0.2180226300464964,,
2013-12-19,OLS,SELL,-0.0114991352892988,True,BETA,2y yield,7.765058617487426,7.765058617487426,MSCI World ex-US,-0.2108462451915526,,2y yield,7.765058617487426,,BCOM Index,-0.230406848872219,,
2014-03-07,OLS,BUY,0.0066266664577883,True,BETA,2y yield,6.766461443623236,6.766461443623236,2y yield,6.766461443623236,,MSCI World ex-US,-0.2422366829192775,,Gold,-0.1359858679791845,,
2014-03-24,OLS,BUY,0.0198949770262244,True,BETA,2y yield,6.85427567682315,6.85427567682315,2y yield,6.85427567682315,,MSCI World ex-US,-0.2442808232054807,,Gold,-0.1331907156191026,,
2014-05-23,OLS,SELL,-0.0023477357894261,True,BETA,5y yield,4.717982847284564,4.717982847284564,MSCI World ex-US,-0.2731179610097636,,5y yield,4.717982847284564,,Gold,-0.0798789764019041,,
2014-08-15,OLS,BUY,0.0228210304572982,True,BETA,5y yield,5.249416739176572,5.249416739176572,5y yield,5.249416739176572,,MSCI World ex-US,-0.2291518063745042,,Gold,-0.0200257887914785,,
2014-09-26,OLS,SELL,-0.0045544608949309,True,BETA,5y yield,5.7734359126750485,5.7734359126750485,5y yield,5.7734359126750485,,MSCI World ex-US,-0.2077105910170309,,Gold,-0.0230519420547954,,
2014-11-11,OLS,BUY,0.0048855085800898,True,BETA,5y yield,5.6871087679375405,5.6871087679375405,5y yield,5.6871087679375405,,Gold,-0.0192854832866594,,Local - Dow Jones,0.0973690841920048,,
2014-11-14,OLS,BUY,0.0088140917152952,True,BETA,5y yield,5.612571715488097,5.612571715488097,5y yield,5.612571715488097,,Gold,-0.0243638967835908,,Local - Dow Jones,0.0927527209815702,,
2014-11-18,OLS,BUY,0.0209102257924445,True,BETA,5y yield,5.955183046909015,5.955183046909015,5y yield,5.955183046909015,,Gold,-0.0292900119955834,,MSCI World ex-US,-0.1367533108359676,,
2015-05-13,OLS,BUY,0.0323571177163108,True,BETA,2y yield,3.957220332793809,3.957220332793809,Gold,-0.120580674380181,,Local - Dow Jones,0.2101562812215172,,2y yield,3.957220332793809,,
2015-06-12,OLS,BUY,0.0150003667571334,True,BETA,2y yield,4.126046483763919,4.126046483763919,Gold,-0.1530814930233039,,2y yield,4.126046483763919,,Local - Dow Jones,0.2034602351484862,,
2015-12-28,OLS,BUY,0.019850464610754,True,BETA,2y yield,6.323338225525221,6.323338225525221,2y yield,6.323338225525221,,Gold,-0.1298095203308969,,Local Index,0.1200438715156529,,
2016-01-20,OLS,SELL,-0.0187377070167474,True,BETA,2y yield,7.379848972001604,7.379848972001604,2y yield,7.379848972001604,,Gold,-0.1530016000093459,,Local Index,0.0835897814107655,,
2016-06-23,OLS,BUY,0.0511020448168975,True,BETA,2y yield,4.881332195517085,4.881332195517085,2y yield,4.881332195517085,,Gold,-0.1694792335653314,,MSCI World - S&P500,-0.1828581129219639,,
2016-10-27,OLS,SELL,-0.0044490942128737,True,BETA,5y yield,3.480471148806577,3.480471148806577,BCOM Index,-0.1444103651884314,,MSCI World ex-US,-0.1703218985244721,,5y yield,3.480471148806577,,
2017-10-27,OLS,SELL,-0.0022574711545351,True,BETA,5y yield,5.629250771932389,5.629250771932389,5y yield,5.629250771932389,,Gold,-0.1542616502293437,,MSCI World ex-US,-0.355328163058502,,
2018-02-06,OLS,BUY,0.0181845619859652,True,BETA,5y yield,4.710964792396718,4.710964792396718,Gold,-0.1868663703166989,,5y yield,4.710964792396718,,MSCI World ex-US,-0.3797890678552287,,
2018-02-28,OLS,SELL,-0.0130260158483193,True,BETA,10y yield,2.803909585341998,2.803909585341998,Gold,-0.2821938242838238,,10y yield,2.803909585341998,,MSCI World ex-US,-0.2137430759764895,,
2018-03-28,OLS,SELL,-0.0031610330830847,True,BETA,10y yield,2.207629080437629,2.207629080437629,Gold,-0.3108710820791951,,10y yield,2.207629080437629,,MSCI World ex-US,-0.1931056598222116,,
2018-07-06,OLS,BUY,0.0146489076362303,True,BETA,Gold,-0.4137127353740443,0.4137127353740443,Gold,-0.4137127353740443,,MSCI World ex-US,-0.1834249477726664,,10y yield,-0.2949082309417542,,
2018-07-30,OLS,BUY,0.0416023949085342,True,BETA,Gold,-0.4029904465159938,0.4029904465159938,Gold,-0.4029904465159938,,MSCI World ex-US,-0.1982546876754879,,,,,
2018-09-17,OLS,BUY,0.0037813758822276,True,BETA,Gold,-0.3885639993380186,0.3885639993380186,Gold,-0.3885639993380186,,MSCI World ex-US,-0.2090047363573579,,,,,
2018-12-26,OLS,SELL,-0.0256928501598251,True,BETA,Real 2y yield,1.7158670778728486,1.7158670778728486,Gold,-0.4788512571026755,,Local - Dow Jones,0.1618039642455209,,Real 2y yield,1.7158670778728486,,
2019-01-02,OLS,SELL,-0.0019629588554951,True,BETA,Real 2y yield,1.2908409192295955,1.2908409192295955,Gold,-0.4745914109125423,,Local - Dow Jones,0.1512687895225979,,Real 2y yield,1.2908409192295955,,
2019-07-31,OLS,SELL,-0.0032487687787111,True,BETA,10y yield,1.4505893119841395,1.4505893119841395,Gold,-0.3006651786096559,,Local - Dow Jones,0.1192403633617142,,10y yield,1.4505893119841395,,
2019-08-28,OLS,SELL,-0.0052546608121587,True,BETA,10y yield,0.9353138994724712,0.9353138994724712,Gold,-0.2947218826164837,,MSCI World ex-US,-0.212526414525384,,10y yield,0.9353138994724712,,
2019-09-06,OLS,BUY,0.0072152764819306,True,BETA,10y yield,4.193780064977493,4.193780064977493,Copper LME,-0.1640941444219179,,Local - S&P500,0.1613980226929513,,10y yield,4.193780064977493,,
2019-11-26,OLS,SELL,-0.0094892489937226,True,BETA,10y yield,3.478600280619008,3.478600280619008,Copper LME,-0.128157915417903,,MSCI World ex-US,-0.1455023857022976,,10y yield,3.478600280619008,,
2020-02-27,OLS,BUY,0.0099393286811753,True,BETA,10y yield,3.724833007337908,3.724833007337908,Copper LME,-0.1551012990089037,,10y yield,3.724833007337908,,MSCI World ex-US,-0.1112487508903061,,
2020-03-19,OLS,SELL,-0.0304127026793514,True,BETA,Real 2y yield,-1.1934210272232806,1.1934210272232806,Copper LME,-0.203716920758316,,MSCI EM,-0.0821913855749706,,Real 2y yield,-1.1934210272232806,,
2020-06-04,OLS,BUY,0.0255498270573646,True,BETA,2y yield,4.000473128758947,4.000473128758947,Copper LME,-0.1848940435892835,,MSCI World ex-US,-0.1540671437706351,,2y yield,4.000473128758947,,
2020-08-11,OLS,SELL,-0.0004338543391142,True,BETA,Copper LME,-0.1487412624780834,0.1487412624780834,Copper LME,-0.1487412624780834,,MSCI World ex-US,-0.145142362050975,,MOVE Index,0.0007668903631681,,
2021-01-15,OLS,SELL,-0.0038936451424693,True,BETA,MSCI World ex-US,-0.1758912023388478,0.1758912023388478,Copper LME,-0.1378544737737054,,MSCI World ex-US,-0.1758912023388478,,MOVE Index,-0.0008592589613709,,
2021-03-29,OLS,SELL,-0.0142448177146208,True,BETA,MSCI World ex-US,-0.2399747939220866,0.2399747939220866,MSCI World ex-US,-0.2399747939220866,,BCOM Index,-0.1779781992756193,,MOVE Index,0.0029842874621301,,
2021-09-23,OLS,BUY,0.0181668616978136,True,BETA,2y yield,9.369999063779929,9.369999063779929,MSCI World ex-US,-0.3202151540078186,,Gold,-0.2272616295040777,,2y yield,9.369999063779929,,
2021-09-28,OLS,BUY,0.0061939708963512,True,BETA,2y yield,9.563202079394278,9.563202079394278,MSCI World ex-US,-0.3258978941084529,,Gold,-0.2169623487025031,,2y yield,9.563202079394278,,
2021-10-28,OLS,BUY,0.0229191372447721,True,BETA,5y yield,1.5811852310002843,1.5811852310002843,MSCI World ex-US,-0.3530037126728492,,Gold,-0.2213783686727058,,5y yield,1.5811852310002843,,
2022-02-03,OLS,BUY,0.0271013138365125,True,BETA,5y yield,1.0449764357310884,1.0449764357310884,Gold,-0.2330640566582606,,MSCI World ex-US,-0.3145186049184926,,5y yield,1.0449764357310884,,
2022-06-02,OLS,BUY,0.0445813289933147,True,BETA,Real 2y yield,-0.6931560623433501,0.6931560623433501,MSCI World ex-US,-0.4142901437388274,,Copper LME,-0.0088966221721651,,Real 2y yield,-0.6931560623433501,,
2022-07-05,OLS,SELL,-0.0262271048322608,True,BETA,Real 2y yield,-0.7341803220710142,0.7341803220710142,MSCI World ex-US,-0.4130593562419312,,Copper LME,-0.0088797028609915,,Real 2y yield,-0.7341803220710142,,
2022-09-07,OLS,BUY,0.0351364235439275,True,BETA,Real 2y yield,-0.5099016881235711,0.5099016881235711,MSCI World ex-US,-0.4384246640949934,,Real 2y yield,-0.5099016881235711,,Copper LME,0.0194244436582617,,
2022-10-03,OLS,BUY,0.0119714283121104,True,BETA,Real 2y yield,-0.4843283152899759,0.4843283152899759,MSCI World ex-US,-0.4470293695229557,,Copper LME,0.0139874494830652,,Real 2y yield,-0.4843283152899759,,
2022-11-11,OLS,BUY,0.0059096299009921,True,BETA,MSCI World ex-US,-0.4580323317861081,0.4580323317861081,MSCI World ex-US,-0.4580323317861081,,Copper LME,-0.0193459236446857,,Real 2y yield,-0.4397071516195166,,
2022-11-22,OLS,SELL,-0.0217893570261283,True,BETA,MSCI World ex-US,-0.4741905585488656,0.4741905585488656,MSCI World ex-US,-0.4741905585488656,,Copper LME,-0.0218340887325673,,Real 2y yield,-0.4210937009413883,,
2022-11-28,OLS,SELL,-0.0209969774206691,True,BETA,MSCI World ex-US,-0.4856671302557543,0.4856671302557543,MSCI World ex-US,-0.4856671302557543,,Copper LME,-0.0189857894617376,,Real 2y yield,-0.4168333842931149,,
2023-01-05,OLS,SELL,-0.0348218211756341,True,BETA,5y yield,1.8282012969326769,1.8282012969326769,MSCI World ex-US,-0.4841766619439601,,Copper LME,-0.0225735964054922,,5y yield,1.8282012969326769,,
2023-05-30,OLS,SELL,-0.0172737306843266,True,BETA,5y yield,0.5817694535296317,0.5817694535296317,MSCI World ex-US,-0.4596916378186231,,Gold,-0.2492240222797329,,5y yield,0.5817694535296317,,
2023-06-05,OLS,SELL,-0.013020234272201,True,BETA,5y yield,0.5546131612319805,0.5546131612319805,MSCI World ex-US,-0.4654559232721101,,Gold,-0.2493947797235501,,5y yield,0.5546131612319805,,
2023-07-12,OLS,BUY,0.0025039726489142,True,BETA,5y yield,1.7528899562863671,1.7528899562863671,MSCI World ex-US,-0.5074232161525535,,BCOM Index,-0.1041395736034904,,5y yield,1.7528899562863671,,
2023-09-28,OLS,BUY,0.0074084249084249,True,BETA,10y yield,2.697658714971989,2.697658714971989,MSCI World ex-US,-0.5195636276577754,,BCOM Index,-0.1411446535998805,,10y yield,2.697658714971989,,
2023-10-19,OLS,BUY,0.0143881610160212,True,BETA,5y yield,2.2633218058198548,2.2633218058198548,MSCI World ex-US,-0.4711492933481398,,Copper LME,-0.1334942568454314,,5y yield,2.2633218058198548,,
2024-01-29,OLS,SELL,-0.0042985840521574,True,BETA,5y yield,2.613621490420432,2.613621490420432,MSCI World ex-US,-0.3998428723461442,,Copper LME,-0.1235449265007777,,5y yield,2.613621490420432,,
2024-02-05,OLS,SELL,-0.0184596519360468,True,BETA,5y yield,2.63144190541789,2.63144190541789,MSCI World ex-US,-0.3936247807140227,,Copper LME,-0.1245771571281212,,5y yield,2.63144190541789,,
2024-06-03,OLS,BUY,0.0071105986355337,True,BETA,5y yield,3.936662191898389,3.936662191898389,MSCI World ex-US,-0.4307837024339062,,5y yield,3.936662191898389,,Gold,-0.1420618285308514,,
2024-06-11,OLS,BUY,0.0022222222222223,True,BETA,5y yield,3.856433184269688,3.856433184269688,MSCI World ex-US,-0.4313657160508461,,5y yield,3.856433184269688,,Gold,-0.1554906885222187,,
2024-06-17,OLS,BUY,0.0126037591832839,True,BETA,5y yield,3.808380357160576,3.808380357160576,MSCI World ex-US,-0.4370781051762182,,5y yield,3.808380357160576,,Gold,-0.1587102489731995,,
2024-12-17,OLS,BUY,0.0098971065786113,True,BETA,5y yield,5.427475284956339,5.427475284956339,5y yield,5.427475284956339,,MSCI World ex-US,-0.2678461377878425,,Gold,-0.1130143588890793,,
2025-07-15,OLS,SELL,-0.0075164003537129,True,BETA,2y yield,3.0763906011886637,3.0763906011886637,2y yield,3.0763906011886637,,Gold,-0.2115531805838877,,MSCI World ex-US,-0.163896168568654,,
2001-09-25,RidgeCV,SELL,-0.012368798044962,True,BETA,MSCI World ex-US,-0.2224594342693821,0.2224594342693821,MSCI World ex-US,-0.2224594342693821,,Gold,-0.2141132782781953,,,,,
2001-12-21,RidgeCV,SELL,-0.032292878861819,True,BETA,MSCI World ex-US,-0.1909371710808536,0.1909371710808536,MSCI World ex-US,-0.1909371710808536,,Gold,-0.1811650680968328,,,,,
2002-01-02,RidgeCV,BUY,0.0213680629344041,True,BETA,MSCI World ex-US,-0.1935520240335535,0.1935520240335535,MSCI World ex-US,-0.1935520240335535,,Gold,-0.1797742860514275,,,,,
2002-06-27,RidgeCV,BUY,0.0218072603813006,True,BETA,MSCI World ex-US,-0.1630290292692336,0.1630290292692336,MSCI World ex-US,-0.1630290292692336,,Gold,-0.1365950345785326,,,,,
2002-09-13,RidgeCV,SELL,-0.0218142730683303,True,BETA,MSCI World - Dow Jones,-0.1342385219010295,0.1342385219010295,MSCI World - Dow Jones,-0.1342385219010295,,Gold,-0.070272795199539,,VIX Index,0.0257517791721693,,
2002-11-15,RidgeCV,BUY,0.0086940044807561,True,BETA,MSCI World - Wilshire,-0.1257314931619861,0.1257314931619861,MSCI World - Wilshire,-0.1257314931619861,,Gold,-0.1045074939281219,,,,,
2003-03-14,RidgeCV,SELL,-0.0036042971620534,True,BETA,Gold,-0.2069066702189148,0.2069066702189148,Gold,-0.2069066702189148,,MSCI World - Dow Jones,-0.0718557938085425,,,,,
2003-05-09,RidgeCV,SELL,-0.0289166270605598,True,BETA,Gold,-0.1975149527586897,0.1975149527586897,Gold,-0.1975149527586897,,MSCI World - Dow Jones,-0.0702862879722446,,VIX Index,0.0659405857491888,,
2003-05-14,RidgeCV,SELL,-0.0259450795757629,True,BETA,Gold,-0.1985210614516654,0.1985210614516654,Gold,-0.1985210614516654,,MSCI World - Dow Jones,-0.0696222473303751,,VIX Index,0.0609191123294544,,
2003-05-21,RidgeCV,SELL,-0.0054345755825027,True,BETA,Gold,-0.1989315849232976,0.1989315849232976,Gold,-0.1989315849232976,,MSCI World - Dow Jones,-0.0714341054237411,,VIX Index,0.053408421260606,,
2003-06-04,RidgeCV,SELL,-0.010813640251765,True,BETA,Gold,-0.2111324085689555,0.2111324085689555,Gold,-0.2111324085689555,,MSCI World - Dow Jones,-0.0792899223032302,,,,,
2003-07-15,RidgeCV,SELL,-0.0176633924967279,True,BETA,Gold,-0.240630895654536,0.240630895654536,Gold,-0.240630895654536,,MSCI World - S&P500,-0.0934302276452955,,,,,
2004-03-02,RidgeCV,SELL,-0.0056219811544857,True,BETA,Gold,-0.4068651910044231,0.4068651910044231,Gold,-0.4068651910044231,,MSCI World - S&P500,-0.1717021714571699,,,,,
2004-03-17,RidgeCV,SELL,-0.0028051233195722,True,BETA,Gold,-0.4366516620196965,0.4366516620196965,Gold,-0.4366516620196965,,MSCI World - S&P500,-0.1631054352458712,,,,,
2004-03-24,RidgeCV,SELL,-0.0140585358198415,True,BETA,Gold,-0.438588450801459,0.438588450801459,Gold,-0.438588450801459,,MSCI World - S&P500,-0.1603529878459268,,,,,
2004-08-30,RidgeCV,SELL,-0.0204566764834061,True,BETA,Gold,-0.5039794999179806,0.5039794999179806,Gold,-0.5039794999179806,,MSCI World - Dow Jones,-0.1268836284102013,,Real 2y yield,-0.1287804475548378,,
2004-10-04,RidgeCV,SELL,-0.0137274603519443,True,BETA,Gold,-0.4984605968608576,0.4984605968608576,Gold,-0.4984605968608576,,MSCI World ex-US,-0.1050559604377372,,Real 2y yield,-0.1385897688164312,,
2004-12-03,RidgeCV,BUY,0.0204013681629688,True,BETA,Gold,-0.49133647015725,0.49133647015725,Gold,-0.49133647015725,,MSCI World ex-US,-0.1005572456476127,,Real 2y yield,-0.12506681881725,,
2005-02-07,RidgeCV,SELL,-0.021505376344086,True,BETA,Gold,-0.4817426219175907,0.4817426219175907,Gold,-0.4817426219175907,,MSCI World ex-US,-0.1087325681144093,,Real 2y yield,-0.0849592140997201,,
2005-02-11,RidgeCV,SELL,-0.03173593440769,True,BETA,Gold,-0.4725786317827739,0.4725786317827739,Gold,-0.4725786317827739,,MSCI World ex-US,-0.109168945605844,,Real 2y yield,-0.0890205296854196,,
2005-05-31,RidgeCV,BUY,0.0373795346711649,True,BETA,Gold,-0.4706799099826858,0.4706799099826858,Gold,-0.4706799099826858,,MSCI World ex-US,-0.1292295103634368,,,,,
2005-06-28,RidgeCV,SELL,-0.0142760201272678,True,BETA,Gold,-0.4400680160181764,0.4400680160181764,Gold,-0.4400680160181764,,MSCI World ex-US,-0.1776567819498487,,,,,
2005-07-04,RidgeCV,SELL,-0.0166670856482062,True,BETA,Gold,-0.4412289163867151,0.4412289163867151,Gold,-0.4412289163867151,,MSCI World ex-US,-0.1762760366896548,,,,,
2005-12-14,RidgeCV,BUY,0.0121271505650006,True,BETA,Gold,-0.2224396556121574,0.2224396556121574,MSCI World ex-US,-0.2079690461961926,,Gold,-0.2224396556121574,,,,,
2005-12-19,RidgeCV,BUY,0.0150374980868324,True,BETA,MSCI World ex-US,-0.2164233130069832,0.2164233130069832,MSCI World ex-US,-0.2164233130069832,,Gold,-0.2074074647209982,,,,,
2006-07-25,RidgeCV,SELL,-0.0272959599804252,True,BETA,MSCI World ex-US,-0.1420920297554372,0.1420920297554372,MSCI World ex-US,-0.1420920297554372,,Real 2y yield,-0.0836841333506351,,Gold,-0.1059377466182143,,
2006-10-13,RidgeCV,SELL,-0.023997086357137,True,BETA,MSCI World ex-US,-0.1617403641389246,0.1617403641389246,MSCI World ex-US,-0.1617403641389246,,Real 2y yield,-0.0796302838827996,,BCOM Index,-0.0732817129398267,,
2007-01-09,RidgeCV,SELL,-0.0066960151586384,True,BETA,Real 2y yield,-0.1772591120319907,0.1772591120319907,MSCI World - Dow Jones,-0.1451142604540083,,Real 2y yield,-0.1772591120319907,,Gold,-0.1455880255647876,,
2007-01-17,RidgeCV,SELL,-0.0098600780826992,True,BETA,Real 2y yield,-0.1861100617428598,0.1861100617428598,MSCI World ex-US,-0.1573824715207172,,Real 2y yield,-0.1861100617428598,,Gold,-0.1336315572237076,,
2007-04-24,RidgeCV,BUY,0.006434968269972,True,BETA,Gold,-0.1812669610599863,0.1812669610599863,Gold,-0.1812669610599863,,MSCI World - Dow Jones,-0.1330275540299708,,Real 2y yield,-0.1439571047593604,,
2007-11-21,RidgeCV,BUY,0.0255604809133527,True,BETA,Gold,-0.2244047265009585,0.2244047265009585,Gold,-0.2244047265009585,,MSCI World ex-US,-0.0988814160708009,,,,,
2007-12-21,RidgeCV,SELL,-0.0335475636993481,True,BETA,Gold,-0.260591068720687,0.260591068720687,Gold,-0.260591068720687,,MSCI World ex-US,-0.0834248147623486,,,,,
2008-06-10,RidgeCV,SELL,-0.0016173218470476,True,BETA,Gold,-0.3021376946798201,0.3021376946798201,Gold,-0.3021376946798201,,MSCI World ex-US,-0.1079438406756502,,,,,
2008-06-12,RidgeCV,SELL,-0.0172629430931771,True,BETA,Gold,-0.3065962233940371,0.3065962233940371,Gold,-0.3065962233940371,,MSCI World ex-US,-0.1102323039741163,,,,,
2008-10-24,RidgeCV,SELL,-0.0020919183899789,True,BETA,Copper LME,-0.2341203185773133,0.2341203185773133,Copper LME,-0.2341203185773133,,MSCI World ex-US,-0.1094481029982251,,JPMVG71M Index,0.0024194644448518,,
2008-11-13,RidgeCV,BUY,0.0138368148544902,True,BETA,Copper LME,-0.2714390444607176,0.2714390444607176,Copper LME,-0.2714390444607176,,MSCI World ex-US,-0.1573507612660633,,,,,
2009-02-25,RidgeCV,SELL,-0.0235375562478364,True,BETA,MSCI World ex-US,-0.3127225771458595,0.3127225771458595,MSCI World ex-US,-0.3127225771458595,,BCOM Index,-0.2985276486353164,,10y yield,-0.1166321513003566,,
2009-03-05,RidgeCV,SELL,-0.1445927961190056,True,BETA,BCOM Index,-0.3482483798840952,0.3482483798840952,BCOM Index,-0.3482483798840952,,MSCI World ex-US,-0.3250917068940686,,10y yield,-0.1599707868150017,,
2009-07-31,RidgeCV,BUY,0.0003059167072239,True,BETA,BCOM Index,-0.5238681703553845,0.5238681703553845,BCOM Index,-0.5238681703553845,,Local Index,-0.3892937112942439,,JPMVG71M Index,-0.0121039168905326,,
2010-01-05,RidgeCV,SELL,-0.0068653104864804,True,BETA,MSCI World ex-US,-0.7334754718667551,0.7334754718667551,MSCI World ex-US,-0.7334754718667551,,BCOM Index,-0.4854940849397987,,,,,
2010-03-30,RidgeCV,SELL,-0.0172579757975798,True,BETA,MSCI World ex-US,-0.562199481969093,0.562199481969093,MSCI World ex-US,-0.562199481969093,,Oil,-0.4277761869599079,,2y yield,0.1280632788101343,,
2010-09-14,RidgeCV,SELL,-0.044375353306953,True,BETA,MSCI World ex-US,-0.4048158216965531,0.4048158216965531,BCOM Index,-0.2438999888389652,,MSCI World ex-US,-0.4048158216965531,,10y yield,-0.1579981752333962,,
2011-01-31,RidgeCV,BUY,0.0057542575301672,True,BETA,MSCI World ex-US,-0.3799068560989095,0.3799068560989095,MSCI World ex-US,-0.3799068560989095,,Oil,-0.229909138786596,,2y yield,0.1104517488503789,,
2011-07-08,RidgeCV,SELL,-0.008021055270084,True,BETA,MSCI World ex-US,-0.4442659329589883,0.4442659329589883,MSCI World ex-US,-0.4442659329589883,,Oil,-0.1962766335890528,,2y yield,0.0600113136025008,,
2011-12-13,RidgeCV,SELL,-0.0186871724374946,True,BETA,MSCI World ex-US,-0.3808456843492672,0.3808456843492672,MSCI World ex-US,-0.3808456843492672,,BCOM Index,-0.1665898956742061,,2y yield,0.030710416743714,,
2012-01-05,RidgeCV,SELL,-0.0266076347326977,True,BETA,MSCI World ex-US,-0.3962712098329212,0.3962712098329212,MSCI World ex-US,-0.3962712098329212,,BCOM Index,-0.143453159120275,,2y yield,0.001615788777576,,
2012-01-11,RidgeCV,SELL,-0.0283466155553313,True,BETA,MSCI World ex-US,-0.3949090170964477,0.3949090170964477,MSCI World ex-US,-0.3949090170964477,,BCOM Index,-0.1536616553349332,,2y yield,-0.0078345455923003,,
2012-01-13,RidgeCV,SELL,-0.0355840329524164,True,BETA,MSCI World ex-US,-0.3966306967380721,0.3966306967380721,MSCI World ex-US,-0.3966306967380721,,BCOM Index,-0.1519353093994035,,2y yield,-0.0126512827128736,,
2012-05-30,RidgeCV,SELL,-0.0318349482492843,True,BETA,MSCI World ex-US,-0.4168600990394526,0.4168600990394526,MSCI World ex-US,-0.4168600990394526,,BCOM Index,-0.1088084087180808,,2y yield,0.0552384561597464,,
2013-01-18,RidgeCV,SELL,-0.0316207960458655,True,BETA,MSCI World ex-US,-0.2793729852040085,0.2793729852040085,MSCI World ex-US,-0.2793729852040085,,Copper LME,-0.0810738990055754,,2y yield,0.1555820020567661,,
2013-04-05,RidgeCV,BUY,0.0142770776170766,True,BETA,MSCI World ex-US,-0.2515385555073203,0.2515385555073203,MSCI World ex-US,-0.2515385555073203,,Copper LME,-0.0887910977832014,,2y yield,0.168669922262092,,
2013-04-11,RidgeCV,BUY,0.0391727915138733,True,BETA,MSCI World ex-US,-0.2380848471291363,0.2380848471291363,MSCI World ex-US,-0.2380848471291363,,Copper LME,-0.0938387953390601,,2y yield,0.1643549567009683,,
2013-04-16,RidgeCV,BUY,0.0188424245281537,True,BETA,MSCI World ex-US,-0.2450407543271385,0.2450407543271385,MSCI World ex-US,-0.2450407543271385,,Copper LME,-0.0918061497402175,,2y yield,0.1611157425067154,,
2013-06-14,RidgeCV,BUY,0.0410522553879144,True,BETA,2y yield,0.2763083300390089,0.2763083300390089,2y yield,0.2763083300390089,,MSCI World ex-US,-0.1845429514059337,,BCOM Index,-0.1222691207745159,,
2013-07-05,RidgeCV,SELL,-0.0395626359414497,True,BETA,2y yield,0.2374636022594852,0.2374636022594852,MSCI World ex-US,-0.2049103656786065,,2y yield,0.2374636022594852,,BCOM Index,-0.1549623890140701,,
2013-10-01,RidgeCV,BUY,0.021932582856424,True,BETA,2y yield,0.25252385493585,0.25252385493585,2y yield,0.25252385493585,,MSCI World ex-US,-0.1807210629650958,,BCOM Index,-0.1754082692577485,,
2013-12-19,RidgeCV,SELL,-0.0114991352892988,True,BETA,2y yield,0.2466727276278948,0.2466727276278948,MSCI World ex-US,-0.1783051750149461,,2y yield,0.2466727276278948,,BCOM Index,-0.1744128293030781,,
2014-02-21,RidgeCV,SELL,-0.0221660539215685,True,BETA,2y yield,0.2273298030632019,0.2273298030632019,2y yield,0.2273298030632019,,MSCI World ex-US,-0.1920185431099472,,Gold,-0.1883252448652381,,
2014-03-10,RidgeCV,BUY,0.004316366090628,True,BETA,2y yield,0.2278911895325217,0.2278911895325217,2y yield,0.2278911895325217,,MSCI World ex-US,-0.190979014148349,,Gold,-0.1786963711712901,,
2014-03-24,RidgeCV,BUY,0.0198949770262244,True,BETA,2y yield,0.2302447433426772,0.2302447433426772,2y yield,0.2302447433426772,,MSCI World ex-US,-0.1933550777692599,,Gold,-0.1777860208735428,,
2014-05-23,RidgeCV,SELL,-0.0023477357894261,True,BETA,MSCI World ex-US,-0.202355596009989,0.202355596009989,MSCI World ex-US,-0.202355596009989,,5y yield,0.1878129297964758,,Gold,-0.1160384138730235,,
2014-05-30,RidgeCV,SELL,-0.0065485534873289,True,BETA,MSCI World ex-US,-0.2046119590936292,0.2046119590936292,MSCI World ex-US,-0.2046119590936292,,5y yield,0.1878110132696707,,Gold,-0.1170820677965735,,
2014-08-15,RidgeCV,BUY,0.0228210304572982,True,BETA,5y yield,0.2022798309205535,0.2022798309205535,5y yield,0.2022798309205535,,MSCI World ex-US,-0.1376360547592073,,Gold,-0.0325410597598881,,
2014-09-26,RidgeCV,SELL,-0.0045544608949309,True,BETA,5y yield,0.214094188530761,0.214094188530761,5y yield,0.214094188530761,,MSCI World ex-US,-0.1215116055768794,,Gold,-0.0378035044230418,,
2014-11-05,RidgeCV,BUY,0.0027685041934697,True,BETA,5y yield,0.1992459350941635,0.1992459350941635,5y yield,0.1992459350941635,,Gold,-0.0593490588173505,,Local - Dow Jones,0.0573052521023254,,
2014-11-11,RidgeCV,BUY,0.0048855085800898,True,BETA,5y yield,0.1982335928029562,0.1982335928029562,5y yield,0.1982335928029562,,Gold,-0.0427337479086692,,Local - Dow Jones,0.0573876031535868,,
2015-05-13,RidgeCV,BUY,0.0323571177163108,True,BETA,Local - Dow Jones,0.1509431384651999,0.1509431384651999,Gold,-0.1137653299262314,,Local - Dow Jones,0.1509431384651999,,2y yield,0.1218696443565727,,
2015-12-28,RidgeCV,BUY,0.019850464610754,True,BETA,2y yield,0.209764923467821,0.209764923467821,2y yield,0.209764923467821,,Gold,-0.1305178023468985,,Local Index,0.1333989270692982,,
2016-01-20,RidgeCV,SELL,-0.0187377070167474,True,BETA,2y yield,0.2631000339618142,0.2631000339618142,2y yield,0.2631000339618142,,Gold,-0.1449904652785299,,Local Index,0.0961323891642042,,
2016-03-30,RidgeCV,BUY,0.0013776476666094,True,BETA,2y yield,0.2320037455143042,0.2320037455143042,2y yield,0.2320037455143042,,Gold,-0.1503374467604653,,MSCI World - S&P500,-0.0772751386858019,,
2016-06-23,RidgeCV,BUY,0.0511020448168975,True,BETA,2y yield,0.1519842637588332,0.1519842637588332,2y yield,0.1519842637588332,,Gold,-0.1480485501394841,,MSCI World - S&P500,-0.0643437458159676,,
2016-10-27,RidgeCV,SELL,-0.0044490942128737,True,BETA,5y yield,0.1680852351143896,0.1680852351143896,BCOM Index,-0.1483165572942998,,MSCI World ex-US,-0.1240388708226143,,5y yield,0.1680852351143896,,
2017-05-16,RidgeCV,SELL,-0.007824138832975,True,BETA,MSCI World ex-US,-0.4182901303878655,0.4182901303878655,MSCI World ex-US,-0.4182901303878655,,5y yield,0.2588360231919003,,BCOM Index,-0.0913477734623704,,
2017-10-27,RidgeCV,SELL,-0.0022574711545351,True,BETA,5y yield,0.2471581874415585,0.2471581874415585,5y yield,0.2471581874415585,,Gold,-0.1245463944280627,,MSCI World ex-US,-0.2168445829167646,,
2018-02-28,RidgeCV,SELL,-0.0130260158483193,True,BETA,Gold,-0.1970565759189425,0.1970565759189425,Gold,-0.1970565759189425,,10y yield,0.1046951058378291,,MSCI World ex-US,-0.1130856592818494,,
2018-03-28,RidgeCV,SELL,-0.0031610330830847,True,BETA,Gold,-0.2115869769019157,0.2115869769019157,Gold,-0.2115869769019157,,10y yield,0.0802942896091345,,MSCI World ex-US,-0.1002397387311092,,
2018-07-06,RidgeCV,BUY,0.0146489076362303,True,BETA,Gold,-0.2567011789097153,0.2567011789097153,Gold,-0.2567011789097153,,MSCI World ex-US,-0.1047474361241608,,10y yield,-0.0083584368527834,,
2018-08-28,RidgeCV,SELL,-0.0104516651527255,True,BETA,Gold,-0.2252971856864939,0.2252971856864939,Gold,-0.2252971856864939,,MSCI World ex-US,-0.129136632235522,,,,,
2018-09-20,RidgeCV,BUY,0.0326544103399935,True,BETA,Gold,-0.2373004213627202,0.2373004213627202,Gold,-0.2373004213627202,,MSCI World ex-US,-0.1220408996095503,,,,,
2018-12-31,RidgeCV,BUY,0.0108095286503335,True,BETA,Gold,-0.2906171682689916,0.2906171682689916,Gold,-0.2906171682689916,,Local - Dow Jones,0.1292232049489886,,Real 2y yield,0.1330534968975963,,
2019-08-29,RidgeCV,SELL,-0.0156703899185793,True,BETA,Gold,-0.1657426293123072,0.1657426293123072,Gold,-0.1657426293123072,,MSCI World ex-US,-0.1253165694137933,,10y yield,0.0377425016665436,,
2019-09-05,RidgeCV,BUY,0.0008979532857864,True,BETA,Gold,-0.1509830262317965,0.1509830262317965,Gold,-0.1509830262317965,,Local - S&P500,0.1215425124190588,,10y yield,0.0509135181343265,,
2019-11-26,RidgeCV,SELL,-0.0094892489937226,True,BETA,Copper LME,-0.1334877745023729,0.1334877745023729,Copper LME,-0.1334877745023729,,MSCI World ex-US,-0.0994429179870206,,10y yield,0.120589320638866,,
2020-02-18,RidgeCV,SELL,-0.03191261074381,True,BETA,Copper LME,-0.0930317360965455,0.0930317360965455,Copper LME,-0.0930317360965455,,MSCI World ex-US,-0.0692695640440643,,10y yield,0.0841129483699149,,
2020-02-28,RidgeCV,BUY,0.0109005726184279,True,BETA,Copper LME,-0.0980860073056527,0.0980860073056527,Copper LME,-0.0980860073056527,,10y yield,0.0895825540423427,,MSCI World ex-US,-0.0452757752096431,,
2020-03-18,RidgeCV,SELL,-0.0246280943427473,True,BETA,Copper LME,-0.1010730507842167,0.1010730507842167,Copper LME,-0.1010730507842167,,MSCI World ex-US,-0.0593422327966633,,Real 2y yield,-0.0854132221105927,,
2020-06-02,RidgeCV,BUY,0.0043513209367129,True,BETA,Copper LME,-0.1939821198474421,0.1939821198474421,Copper LME,-0.1939821198474421,,MSCI World ex-US,-0.1366896266572048,,2y yield,0.1758506336414848,,
2020-08-21,RidgeCV,SELL,-0.0061508726053095,True,BETA,Copper LME,-0.1436650017588581,0.1436650017588581,Copper LME,-0.1436650017588581,,MSCI World ex-US,-0.1359312767004768,,MOVE Index,0.0203470550340868,,
2021-04-21,RidgeCV,BUY,0.009216644665644,True,BETA,MSCI World ex-US,-0.3505411781767613,0.3505411781767613,MSCI World ex-US,-0.3505411781767613,,BCOM Index,-0.2231505352030754,,,,,
2021-07-15,RidgeCV,SELL,-0.0124294567738807,True,BETA,MSCI World ex-US,-0.3818293988153374,0.3818293988153374,MSCI World ex-US,-0.3818293988153374,,Gold,-0.235630659493142,,2y yield,0.1549181975547697,,
2021-08-13,RidgeCV,SELL,-0.0002198437951982,True,BETA,MSCI World ex-US,-0.3269748806590456,0.3269748806590456,MSCI World ex-US,-0.3269748806590456,,Gold,-0.2716895137187969,,2y yield,0.1327043710026576,,
2021-09-28,RidgeCV,BUY,0.0061939708963512,True,BETA,MSCI World ex-US,-0.3157009505066073,0.3157009505066073,MSCI World ex-US,-0.3157009505066073,,Gold,-0.223098954392434,,2y yield,0.1211139062569455,,
2021-11-24,RidgeCV,SELL,-0.0097812633492885,True,BETA,MSCI World ex-US,-0.2914005746550075,0.2914005746550075,MSCI World ex-US,-0.2914005746550075,,Gold,-0.2440317488318157,,VIX Index,0.0331494393813349,,
2022-08-26,RidgeCV,SELL,-0.0030290810537074,True,BETA,MSCI World ex-US,-0.3772640020812963,0.3772640020812963,MSCI World ex-US,-0.3772640020812963,,Real 2y yield,-0.1506296924746345,,Copper LME,0.0226281222823979,,
2022-09-07,RidgeCV,BUY,0.0351364235439275,True,BETA,MSCI World ex-US,-0.3683420318821839,0.3683420318821839,MSCI World ex-US,-0.3683420318821839,,Real 2y yield,-0.1402643441202759,,Copper LME,0.0162700954142668,,
2022-09-12,RidgeCV,BUY,0.0828104438044743,True,BETA,MSCI World ex-US,-0.3662970162524835,0.3662970162524835,MSCI World ex-US,-0.3662970162524835,,Real 2y yield,-0.1402515371385268,,Copper LME,0.018542192591363,,
2023-01-05,RidgeCV,SELL,-0.0348218211756341,True,BETA,MSCI World ex-US,-0.4604780854268798,0.4604780854268798,MSCI World ex-US,-0.4604780854268798,,Copper LME,-0.0585173993277928,,5y yield,0.1125490625994081,,
2023-01-31,RidgeCV,SELL,-0.0098909605221663,True,BETA,MSCI World ex-US,-0.5053923142033526,0.5053923142033526,MSCI World ex-US,-0.5053923142033526,,Copper LME,-0.0665476194539893,,5y yield,0.103182552383693,,
2023-05-30,RidgeCV,SELL,-0.0172737306843266,True,BETA,MSCI World ex-US,-0.5116588790610217,0.5116588790610217,MSCI World ex-US,-0.5116588790610217,,Gold,-0.2367994883818967,,5y yield,0.039755506201195,,
2023-06-05,RidgeCV,SELL,-0.013020234272201,True,BETA,MSCI World ex-US,-0.5184899649601618,0.5184899649601618,MSCI World ex-US,-0.5184899649601618,,Gold,-0.2373272646499036,,5y yield,0.0411964141718112,,
2023-10-16,RidgeCV,BUY,0.0207550971807506,True,BETA,MSCI World ex-US,-0.481905070392141,0.481905070392141,MSCI World ex-US,-0.481905070392141,,Copper LME,-0.2057784932400998,,5y yield,0.1876197057063529,,
2023-10-19,RidgeCV,BUY,0.0143881610160212,True,BETA,MSCI World ex-US,-0.4889766841597171,0.4889766841597171,MSCI World ex-US,-0.4889766841597171,,Copper LME,-0.2029153350591625,,5y yield,0.1823905120504611,,
2024-02-05,RidgeCV,SELL,-0.0184596519360468,True,BETA,MSCI World ex-US,-0.338492167348025,0.338492167348025,MSCI World ex-US,-0.338492167348025,,Copper LME,-0.1666462803330893,,5y yield,0.2055488152681496,,
2024-06-12,RidgeCV,BUY,0.0199448334394227,True,BETA,MSCI World ex-US,-0.3468651917189011,0.3468651917189011,MSCI World ex-US,-0.3468651917189011,,5y yield,0.2918170668705384,,Gold,-0.1238344473365574,,
2024-06-17,RidgeCV,BUY,0.0126037591832839,True,BETA,MSCI World ex-US,-0.3525865693566591,0.3525865693566591,MSCI World ex-US,-0.3525865693566591,,5y yield,0.2842291700214249,,Gold,-0.1266717625564699,,
2024-11-21,RidgeCV,SELL,-0.0187846902062881,True,BETA,5y yield,0.2816910689092133,0.2816910689092133,5y yield,0.2816910689092133,,MSCI World ex-US,-0.2070187226742829,,Gold,-0.1107677511889904,,
2024-12-17,RidgeCV,BUY,0.0098971065786113,True,BETA,5y yield,0.3004322087571063,0.3004322087571063,5y yield,0.3004322087571063,,MSCI World ex-US,-0.1974517674815988,,Gold,-0.0961945920016013,,
2025-07-15,RidgeCV,SELL,-0.0075164003537129,True,BETA,Gold,-0.1986643671796811,0.1986643671796811,2y yield,0.1917534791633652,,Gold,-0.1986643671796811,,MSCI World ex-US,-0.1525666320257844,,
2025-07-30,RidgeCV,SELL,-0.0258098095646317,True,BETA,Gold,-0.2235291890308247,0.2235291890308247,MSCI World ex-US,-0.2082866886098633,,Gold,-0.2235291890308247,,Real 2y yield,-0.1569048898767522,,
2001-09-25,LassoCV,SELL,-0.012368798044962,True,BETA,MSCI World ex-US,-0.1998269678433824,0.1998269678433824,MSCI World ex-US,-0.1998269678433824,,Gold,-0.1907879070483609,,,,,
2001-12-17,LassoCV,BUY,0.0021130329193319,True,BETA,MSCI World ex-US,-0.1751950923690529,0.1751950923690529,MSCI World ex-US,-0.1751950923690529,,Gold,-0.1522504912164704,,,,,
2001-12-21,LassoCV,SELL,-0.032292878861819,True,BETA,MSCI World ex-US,-0.1652015380051935,0.1652015380051935,MSCI World ex-US,-0.1652015380051935,,Gold,-0.1529406043100808,,,,,
2002-11-08,LassoCV,BUY,0.0067630154567268,True,BETA,MSCI World - Wilshire,-0.1213173077143797,0.1213173077143797,MSCI World - Wilshire,-0.1213173077143797,,Gold,-0.0963524842716976,,,,,
2002-11-15,LassoCV,BUY,0.0086940044807561,True,BETA,MSCI World - Wilshire,-0.1257055672624155,0.1257055672624155,MSCI World - Wilshire,-0.1257055672624155,,Gold,-0.1007072272083743,,,,,
2003-03-14,LassoCV,SELL,-0.0036042971620534,True,BETA,Gold,-0.2121797131633448,0.2121797131633448,Gold,-0.2121797131633448,,MSCI World - Dow Jones,-0.071894195925689,,,,,
2003-05-09,LassoCV,SELL,-0.0289166270605598,True,BETA,Gold,-0.2140903806715853,0.2140903806715853,Gold,-0.2140903806715853,,MSCI World - Dow Jones,-0.0697353445930999,,VIX Index,0.0708462615950309,,
2003-05-13,LassoCV,SELL,-0.0234260062620241,True,BETA,Gold,-0.2143477164250112,0.2143477164250112,Gold,-0.2143477164250112,,MSCI World - Dow Jones,-0.0705593248561456,,VIX Index,0.0689139167038849,,
2003-05-21,LassoCV,SELL,-0.0054345755825027,True,BETA,Gold,-0.2150717728326315,0.2150717728326315,Gold,-0.2150717728326315,,MSCI World - Dow Jones,-0.0714619815686262,,VIX Index,0.0558644058738762,,
2003-06-04,LassoCV,SELL,-0.010813640251765,True,BETA,Gold,-0.2284824915152504,0.2284824915152504,Gold,-0.2284824915152504,,MSCI World - Dow Jones,-0.0801680860565559,,,,,
2003-07-15,LassoCV,SELL,-0.0176633924967279,True,BETA,Gold,-0.2602478444961556,0.2602478444961556,Gold,-0.2602478444961556,,MSCI World - S&P500,-0.0965695614289014,,,,,
2003-07-17,LassoCV,SELL,-0.002452706476602,True,BETA,Gold,-0.2622733316406909,0.2622733316406909,Gold,-0.2622733316406909,,MSCI World - S&P500,-0.0941450508954137,,,,,
2004-03-02,LassoCV,SELL,-0.0056219811544857,True,BETA,Gold,-0.4068077611738601,0.4068077611738601,Gold,-0.4068077611738601,,MSCI World - S&P500,-0.1715677882237647,,,,,
2004-03-17,LassoCV,SELL,-0.0028051233195722,True,BETA,Gold,-0.4365945568882241,0.4365945568882241,Gold,-0.4365945568882241,,MSCI World - S&P500,-0.1629801579335721,,,,,
2004-03-24,LassoCV,SELL,-0.0140585358198415,True,BETA,Gold,-0.4385312764501918,0.4385312764501918,Gold,-0.4385312764501918,,MSCI World - S&P500,-0.1602273125334254,,,,,
2004-08-30,LassoCV,SELL,-0.0204566764834061,True,BETA,Gold,-0.5054843758259183,0.5054843758259183,Gold,-0.5054843758259183,,MSCI World - Dow Jones,-0.1265273340369466,,Real 2y yield,-0.1290462085765297,,
2004-10-04,LassoCV,SELL,-0.0137274603519443,True,BETA,Gold,-0.4969417145932907,0.4969417145932907,Gold,-0.4969417145932907,,MSCI World ex-US,-0.1016135248240051,,Real 2y yield,-0.1335300093111153,,
2004-12-03,LassoCV,BUY,0.0204013681629688,True,BETA,Gold,-0.4896095144305888,0.4896095144305888,Gold,-0.4896095144305888,,MSCI World ex-US,-0.0970064398389273,,Real 2y yield,-0.1197978322109781,,
2005-02-07,LassoCV,SELL,-0.021505376344086,True,BETA,Gold,-0.4587969136690287,0.4587969136690287,Gold,-0.4587969136690287,,MSCI World ex-US,-0.0669956830097471,,Real 2y yield,-0.0158108255908057,,
2005-05-31,LassoCV,BUY,0.0373795346711649,True,BETA,Gold,-0.4735316393834494,0.4735316393834494,Gold,-0.4735316393834494,,MSCI World ex-US,-0.1230088258702796,,,,,
2005-06-28,LassoCV,SELL,-0.0142760201272678,True,BETA,Gold,-0.4417527521946123,0.4417527521946123,Gold,-0.4417527521946123,,MSCI World ex-US,-0.172938614895884,,,,,
2005-07-04,LassoCV,SELL,-0.0166670856482062,True,BETA,Gold,-0.4429131472897567,0.4429131472897567,Gold,-0.4429131472897567,,MSCI World ex-US,-0.171486249356203,,,,,
2005-12-14,LassoCV,BUY,0.0121271505650006,True,BETA,Gold,-0.2017305109897521,0.2017305109897521,MSCI World ex-US,-0.1828246644900317,,Gold,-0.2017305109897521,,,,,
2005-12-19,LassoCV,BUY,0.0150374980868324,True,BETA,MSCI World ex-US,-0.1931002014604478,0.1931002014604478,MSCI World ex-US,-0.1931002014604478,,Gold,-0.1848196848113881,,,,,
2006-07-25,LassoCV,SELL,-0.0272959599804252,True,BETA,MSCI World ex-US,-0.1512323316582959,0.1512323316582959,MSCI World ex-US,-0.1512323316582959,,Real 2y yield,-0.0364810889962036,,Gold,-0.0993469678282386,,
2006-10-13,LassoCV,SELL,-0.023997086357137,True,BETA,MSCI World ex-US,-0.1820540531506135,0.1820540531506135,MSCI World ex-US,-0.1820540531506135,,Real 2y yield,-0.0300239032583693,,BCOM Index,-0.0436657146487068,,
2007-01-09,LassoCV,SELL,-0.0066960151586384,True,BETA,Real 2y yield,-0.1712624108878948,0.1712624108878948,MSCI World - Dow Jones,-0.1433260478657864,,Real 2y yield,-0.1712624108878948,,Gold,-0.1441339867295743,,
2007-01-17,LassoCV,SELL,-0.0098600780826992,True,BETA,Real 2y yield,-0.1801366876898161,0.1801366876898161,MSCI World ex-US,-0.1560042567344774,,Real 2y yield,-0.1801366876898161,,Gold,-0.1320697691653869,,
2007-04-24,LassoCV,BUY,0.006434968269972,True,BETA,Gold,-0.1832216221912595,0.1832216221912595,Gold,-0.1832216221912595,,MSCI World - Dow Jones,-0.1322715135827622,,Real 2y yield,-0.1449780135685754,,
2007-12-21,LassoCV,SELL,-0.0335475636993481,True,BETA,Gold,-0.2613521109670857,0.2613521109670857,Gold,-0.2613521109670857,,MSCI World ex-US,-0.0832698168156237,,,,,
2008-02-08,LassoCV,SELL,-0.0341738246975154,True,BETA,Gold,-0.2958333079722366,0.2958333079722366,Gold,-0.2958333079722366,,MSCI World ex-US,-0.0953212413156117,,,,,
2008-06-10,LassoCV,SELL,-0.0016173218470476,True,BETA,Gold,-0.3020814804657302,0.3020814804657302,Gold,-0.3020814804657302,,MSCI World ex-US,-0.1078979280641491,,,,,
2008-06-12,LassoCV,SELL,-0.0172629430931771,True,BETA,Gold,-0.3065411855711958,0.3065411855711958,Gold,-0.3065411855711958,,MSCI World ex-US,-0.1101866969188505,,,,,
2008-10-24,LassoCV,SELL,-0.0020919183899789,True,BETA,Copper LME,-0.2335166629621101,0.2335166629621101,Copper LME,-0.2335166629621101,,MSCI World ex-US,-0.1091933235511145,,JPMVG71M Index,0.0017926287751141,,
2008-11-13,LassoCV,BUY,0.0138368148544902,True,BETA,Copper LME,-0.271402932997922,0.271402932997922,Copper LME,-0.271402932997922,,MSCI World ex-US,-0.1573179866517112,,,,,
2009-02-25,LassoCV,SELL,-0.0235375562478364,True,BETA,MSCI World ex-US,-0.312681065339028,0.312681065339028,MSCI World ex-US,-0.312681065339028,,BCOM Index,-0.2984972389411808,,10y yield,-0.1165598880761531,,
2009-03-05,LassoCV,SELL,-0.1445927961190056,True,BETA,BCOM Index,-0.348216952909652,0.348216952909652,BCOM Index,-0.348216952909652,,MSCI World ex-US,-0.3250453174599891,,10y yield,-0.1598922977003388,,
2009-07-31,LassoCV,BUY,0.0003059167072239,True,BETA,BCOM Index,-0.5238165317356079,0.5238165317356079,BCOM Index,-0.5238165317356079,,Local Index,-0.3892402232924054,,JPMVG71M Index,-0.0120425517348668,,
2010-01-05,LassoCV,SELL,-0.0068653104864804,True,BETA,MSCI World ex-US,-0.6995877665234155,0.6995877665234155,MSCI World ex-US,-0.6995877665234155,,BCOM Index,-0.4456403635481638,,,,,
2010-03-30,LassoCV,SELL,-0.0172579757975798,True,BETA,MSCI World ex-US,-0.415897142702526,0.415897142702526,MSCI World ex-US,-0.415897142702526,,Oil,-0.1511671294402458,,2y yield,0.0,,
2010-04-02,LassoCV,SELL,-0.0009189384868145,True,BETA,MSCI World ex-US,-0.4179090156490669,0.4179090156490669,MSCI World ex-US,-0.4179090156490669,,Oil,-0.1635426406311811,,,,,
2010-09-14,LassoCV,SELL,-0.044375353306953,True,BETA,MSCI World ex-US,-0.418671835164901,0.418671835164901,BCOM Index,-0.1958102848144009,,MSCI World ex-US,-0.418671835164901,,10y yield,-0.1184275585650439,,
2011-07-08,LassoCV,SELL,-0.008021055270084,True,BETA,MSCI World ex-US,-0.4239249774191741,0.4239249774191741,MSCI World ex-US,-0.4239249774191741,,Oil,-0.1577324233868798,,2y yield,0.0,,
2011-09-22,LassoCV,SELL,-0.0130660254367414,True,BETA,MSCI World ex-US,-0.3443733426773717,0.3443733426773717,MSCI World ex-US,-0.3443733426773717,,Oil,-0.0419229892812966,,2y yield,0.0,,
2011-12-13,LassoCV,SELL,-0.0186871724374946,True,BETA,MSCI World ex-US,-0.4075725369170008,0.4075725369170008,MSCI World ex-US,-0.4075725369170008,,BCOM Index,-0.1201311225746633,,2y yield,0.0,,
2012-01-05,LassoCV,SELL,-0.0266076347326977,True,BETA,MSCI World ex-US,-0.4145132758938441,0.4145132758938441,MSCI World ex-US,-0.4145132758938441,,BCOM Index,-0.0972326383779786,,2y yield,0.0,,
2012-01-11,LassoCV,SELL,-0.0283466155553313,True,BETA,MSCI World ex-US,-0.408781067879179,0.408781067879179,MSCI World ex-US,-0.408781067879179,,BCOM Index,-0.1096104238123576,,2y yield,-0.0,,
2012-01-13,LassoCV,SELL,-0.0355840329524164,True,BETA,MSCI World ex-US,-0.4089310146314583,0.4089310146314583,MSCI World ex-US,-0.4089310146314583,,BCOM Index,-0.1077214140001192,,2y yield,-0.0,,
2012-05-30,LassoCV,SELL,-0.0318349482492843,True,BETA,MSCI World ex-US,-0.442044152159525,0.442044152159525,MSCI World ex-US,-0.442044152159525,,BCOM Index,-0.0419651218230443,,2y yield,0.0,,
2012-10-25,LassoCV,SELL,-0.0057816388263868,True,BETA,MSCI World ex-US,-0.1880629043024945,0.1880629043024945,MSCI World ex-US,-0.1880629043024945,,Copper LME,-0.0,,2y yield,0.0,,
2013-01-03,LassoCV,SELL,-0.0058796508957279,True,BETA,MSCI World ex-US,-0.3108793582490769,0.3108793582490769,MSCI World ex-US,-0.3108793582490769,,Copper LME,-0.0,,2y yield,0.0801392834927947,,
2013-01-08,LassoCV,SELL,-0.0078953786123643,True,BETA,MSCI World ex-US,-0.303067138395766,0.303067138395766,MSCI World ex-US,-0.303067138395766,,Copper LME,-0.0,,2y yield,0.0799188246722289,,
2013-04-05,LassoCV,BUY,0.0142770776170766,True,BETA,MSCI World ex-US,-0.2680852116675332,0.2680852116675332,MSCI World ex-US,-0.2680852116675332,,Copper LME,-0.0815845161564532,,2y yield,0.1714915075723537,,
2013-04-12,LassoCV,BUY,0.0342863436816516,True,BETA,MSCI World ex-US,-0.256360722607549,0.256360722607549,MSCI World ex-US,-0.256360722607549,,2y yield,0.1658239028159872,,Copper LME,-0.0883643441957858,,
2013-04-16,LassoCV,BUY,0.0188424245281537,True,BETA,MSCI World ex-US,-0.2601340031099775,0.2601340031099775,MSCI World ex-US,-0.2601340031099775,,Copper LME,-0.0860123742149168,,2y yield,0.1637600247001781,,
2013-06-14,LassoCV,BUY,0.0410522553879144,True,BETA,2y yield,0.2875948543693124,0.2875948543693124,2y yield,0.2875948543693124,,MSCI World ex-US,-0.1898007093030881,,BCOM Index,-0.1225000251714285,,
2013-07-05,LassoCV,SELL,-0.0395626359414497,True,BETA,2y yield,0.2422395275775501,0.2422395275775501,MSCI World ex-US,-0.2080057939128099,,2y yield,0.2422395275775501,,BCOM Index,-0.1542841106936971,,
2013-10-01,LassoCV,BUY,0.021932582856424,True,BETA,2y yield,0.2578191427556072,0.2578191427556072,2y yield,0.2578191427556072,,MSCI World ex-US,-0.1818109002513584,,BCOM Index,-0.1766099754122149,,
2013-12-19,LassoCV,SELL,-0.0114991352892988,True,BETA,2y yield,0.248909068937824,0.248909068937824,MSCI World ex-US,-0.1796160026693626,,2y yield,0.248909068937824,,BCOM Index,-0.1759132126442452,,
2014-02-21,LassoCV,SELL,-0.0221660539215685,True,BETA,2y yield,0.2295443636197919,0.2295443636197919,2y yield,0.2295443636197919,,MSCI World ex-US,-0.1937829388827273,,Gold,-0.1894536136507262,,
2014-03-10,LassoCV,BUY,0.004316366090628,True,BETA,2y yield,0.1809901424962551,0.1809901424962551,2y yield,0.1809901424962551,,MSCI World ex-US,-0.1432700680986947,,Gold,-0.1451984977847763,,
2014-03-12,LassoCV,BUY,0.0157688079158158,True,BETA,2y yield,0.1808822879677814,0.1808822879677814,2y yield,0.1808822879677814,,MSCI World ex-US,-0.1409592442628695,,Gold,-0.1458366741739065,,
2014-03-17,LassoCV,BUY,0.0189858472001385,True,BETA,2y yield,0.1796831330501052,0.1796831330501052,2y yield,0.1796831330501052,,MSCI World ex-US,-0.1384231929613043,,Gold,-0.1476348486964584,,
2014-03-24,LassoCV,BUY,0.0198949770262244,True,BETA,2y yield,0.1842438919296023,0.1842438919296023,2y yield,0.1842438919296023,,MSCI World ex-US,-0.1461228161971593,,Gold,-0.1436679204701079,,
2014-05-23,LassoCV,SELL,-0.0023477357894261,True,BETA,MSCI World ex-US,-0.1927172229505742,0.1927172229505742,MSCI World ex-US,-0.1927172229505742,,5y yield,0.1814979483213882,,Gold,-0.1053245791032147,,
2014-05-30,LassoCV,SELL,-0.0065485534873289,True,BETA,MSCI World ex-US,-0.1952674225206528,0.1952674225206528,MSCI World ex-US,-0.1952674225206528,,5y yield,0.181272197154063,,Gold,-0.1063280011897833,,
2014-08-15,LassoCV,BUY,0.0228210304572982,True,BETA,5y yield,0.1698783977242048,0.1698783977242048,5y yield,0.1698783977242048,,MSCI World ex-US,-0.0824655224471749,,Gold,-0.0,,
2014-09-26,LassoCV,SELL,-0.0045544608949309,True,BETA,5y yield,0.1775455919676154,0.1775455919676154,5y yield,0.1775455919676154,,MSCI World ex-US,-0.0600559069622503,,Gold,-0.0,,
2014-10-03,LassoCV,SELL,-0.013670962600643,True,BETA,5y yield,0.1817032275294765,0.1817032275294765,5y yield,0.1817032275294765,,Gold,-0.0,,MSCI World ex-US,-0.0364776487445878,,
2014-11-05,LassoCV,BUY,0.0027685041934697,True,BETA,5y yield,0.2146023546060363,0.2146023546060363,5y yield,0.2146023546060363,,Gold,-0.0401835542689061,,Local - Dow Jones,0.049485951538047,,
2014-11-11,LassoCV,BUY,0.0048855085800898,True,BETA,5y yield,0.2143539137081233,0.2143539137081233,5y yield,0.2143539137081233,,Gold,-0.0224481450117703,,Local - Dow Jones,0.0499179618776231,,
2015-05-13,LassoCV,BUY,0.0323571177163108,True,BETA,Local - Dow Jones,0.1545486724969012,0.1545486724969012,Gold,-0.1163372086179203,,Local - Dow Jones,0.1545486724969012,,2y yield,0.1244791442427637,,
2015-12-28,LassoCV,BUY,0.019850464610754,True,BETA,2y yield,0.2097062884080948,0.2097062884080948,2y yield,0.2097062884080948,,Gold,-0.1304282367508263,,Local Index,0.1333412082092423,,
2016-01-20,LassoCV,SELL,-0.0187377070167474,True,BETA,2y yield,0.2651639382886361,0.2651639382886361,2y yield,0.2651639382886361,,Gold,-0.1458821612314832,,Local Index,0.0963045419339155,,
2016-03-30,LassoCV,BUY,0.0013776476666094,True,BETA,2y yield,0.215564999197164,0.215564999197164,2y yield,0.215564999197164,,Gold,-0.1210322818946191,,MSCI World - S&P500,-0.0467460751448352,,
2016-06-23,LassoCV,BUY,0.0511020448168975,True,BETA,2y yield,0.1260303348778315,0.1260303348778315,2y yield,0.1260303348778315,,Gold,-0.1254906176483075,,MSCI World - S&P500,-0.0336564376529481,,
2016-10-27,LassoCV,SELL,-0.0044490942128737,True,BETA,BCOM Index,-0.1165350789097027,0.1165350789097027,BCOM Index,-0.1165350789097027,,MSCI World ex-US,-0.0953424869410742,,5y yield,0.114941534866893,,
2017-05-16,LassoCV,SELL,-0.007824138832975,True,BETA,MSCI World ex-US,-0.4181559286451115,0.4181559286451115,MSCI World ex-US,-0.4181559286451115,,5y yield,0.2587191957337265,,BCOM Index,-0.0912356331446897,,
2017-10-27,LassoCV,SELL,-0.0022574711545351,True,BETA,5y yield,0.2453657652147996,0.2453657652147996,5y yield,0.2453657652147996,,Gold,-0.1112587787549214,,MSCI World ex-US,-0.1998765174873982,,
2018-02-28,LassoCV,SELL,-0.0130260158483193,True,BETA,Gold,-0.1942534805226615,0.1942534805226615,Gold,-0.1942534805226615,,10y yield,0.0914753684941172,,MSCI World ex-US,-0.1000124087970502,,
2018-03-28,LassoCV,SELL,-0.0031610330830847,True,BETA,Gold,-0.2090179785281331,0.2090179785281331,Gold,-0.2090179785281331,,10y yield,0.0655476525745616,,MSCI World ex-US,-0.0882324138912493,,
2018-04-05,LassoCV,SELL,-0.0016867612995189,True,BETA,Gold,-0.2092993452659191,0.2092993452659191,Gold,-0.2092993452659191,,10y yield,0.0538985869927217,,MSCI World ex-US,-0.0903283962535293,,
2018-07-06,LassoCV,BUY,0.0146489076362303,True,BETA,Gold,-0.266560850216911,0.266560850216911,Gold,-0.266560850216911,,MSCI World ex-US,-0.1054473568217884,,10y yield,-0.0114363407301298,,
2018-08-29,LassoCV,SELL,-0.0171606181324694,True,BETA,Gold,-0.2200924991829831,0.2200924991829831,Gold,-0.2200924991829831,,MSCI World ex-US,-0.1204790007258785,,,,,
2018-09-20,LassoCV,BUY,0.0326544103399935,True,BETA,Gold,-0.2318041785915076,0.2318041785915076,Gold,-0.2318041785915076,,MSCI World ex-US,-0.1143246762161554,,,,,
2018-12-31,LassoCV,BUY,0.0108095286503335,True,BETA,Gold,-0.2884359281570486,0.2884359281570486,Gold,-0.2884359281570486,,Local - Dow Jones,0.1281410150718324,,Real 2y yield,0.1275201610822289,,
2019-08-29,LassoCV,SELL,-0.0156703899185793,True,BETA,Gold,-0.1738848543388959,0.1738848543388959,Gold,-0.1738848543388959,,MSCI World ex-US,-0.1235122177835062,,10y yield,0.0247728643227467,,
2019-09-05,LassoCV,BUY,0.0008979532857864,True,BETA,Gold,-0.1407940940780255,0.1407940940780255,Gold,-0.1407940940780255,,Local - S&P500,0.0661493759919764,,10y yield,0.0029992344749927,,
2019-11-26,LassoCV,SELL,-0.0094892489937226,True,BETA,Copper LME,-0.1333732284325594,0.1333732284325594,Copper LME,-0.1333732284325594,,MSCI World ex-US,-0.0993455227991009,,10y yield,0.1204799073279132,,
2020-02-18,LassoCV,SELL,-0.03191261074381,True,BETA,Copper LME,-0.0844273125192542,0.0844273125192542,Copper LME,-0.0844273125192542,,MSCI World ex-US,-0.0342934156322928,,10y yield,0.0607355222833488,,
2020-03-02,LassoCV,BUY,0.024469769246092,True,BETA,Copper LME,-0.0976183416354262,0.0976183416354262,Copper LME,-0.0976183416354262,,10y yield,0.064058042360471,,MSCI World ex-US,-0.0,,
2020-03-18,LassoCV,SELL,-0.0246280943427473,True,BETA,Copper LME,-0.0993927243547656,0.0993927243547656,Copper LME,-0.0993927243547656,,MSCI World ex-US,-0.0277266804688436,,Real 2y yield,-0.0512666259257508,,
2020-08-21,LassoCV,SELL,-0.0061508726053095,True,BETA,Copper LME,-0.1457508352982214,0.1457508352982214,Copper LME,-0.1457508352982214,,MSCI World ex-US,-0.1373445953424487,,MOVE Index,0.0193077911581694,,
2021-03-26,LassoCV,SELL,-0.0115759498066816,True,BETA,MSCI World ex-US,-0.2662911656839737,0.2662911656839737,MSCI World ex-US,-0.2662911656839737,,BCOM Index,-0.1444294811239266,,MOVE Index,0.0,,
2021-07-15,LassoCV,SELL,-0.0124294567738807,True,BETA,MSCI World ex-US,-0.357029158200933,0.357029158200933,MSCI World ex-US,-0.357029158200933,,Gold,-0.2251327820640029,,2y yield,0.1307523694188964,,
2021-08-13,LassoCV,SELL,-0.0002198437951982,True,BETA,MSCI World ex-US,-0.3045056166802695,0.3045056166802695,MSCI World ex-US,-0.3045056166802695,,Gold,-0.2601694017840132,,2y yield,0.1110531926564485,,
2021-08-17,LassoCV,SELL,-0.0152556694909449,True,BETA,MSCI World ex-US,-0.3034767431582579,0.3034767431582579,MSCI World ex-US,-0.3034767431582579,,Gold,-0.2532833540077025,,2y yield,0.1068855552113447,,
2021-09-28,LassoCV,BUY,0.0061939708963512,True,BETA,MSCI World ex-US,-0.3090199231249634,0.3090199231249634,MSCI World ex-US,-0.3090199231249634,,Gold,-0.2149448876307286,,2y yield,0.1067043729558147,,
2021-11-24,LassoCV,SELL,-0.0097812633492885,True,BETA,MSCI World ex-US,-0.2906183323248273,0.2906183323248273,MSCI World ex-US,-0.2906183323248273,,Gold,-0.2364026710870639,,VIX Index,0.0,,
2022-08-26,LassoCV,SELL,-0.0030290810537074,True,BETA,MSCI World ex-US,-0.3771501680389237,0.3771501680389237,MSCI World ex-US,-0.3771501680389237,,Real 2y yield,-0.1504952360393495,,Copper LME,0.0224807007481032,,
2022-09-07,LassoCV,BUY,0.0351364235439275,True,BETA,MSCI World ex-US,-0.3613939525294224,0.3613939525294224,MSCI World ex-US,-0.3613939525294224,,Real 2y yield,-0.1265986579654595,,Copper LME,0.0,,
2022-09-12,LassoCV,BUY,0.0828104438044743,True,BETA,MSCI World ex-US,-0.3585288783608819,0.3585288783608819,MSCI World ex-US,-0.3585288783608819,,Real 2y yield,-0.1265193518569614,,Copper LME,0.0,,
2023-01-05,LassoCV,SELL,-0.0348218211756341,True,BETA,MSCI World ex-US,-0.4553660913204979,0.4553660913204979,MSCI World ex-US,-0.4553660913204979,,Copper LME,-0.0463198098558844,,5y yield,0.1040724394215957,,
2023-01-31,LassoCV,SELL,-0.0098909605221663,True,BETA,MSCI World ex-US,-0.4993407741605807,0.4993407741605807,MSCI World ex-US,-0.4993407741605807,,Copper LME,-0.0546267590197604,,5y yield,0.0947759810917808,,
2023-05-30,LassoCV,SELL,-0.0172737306843266,True,BETA,MSCI World ex-US,-0.5115597900929758,0.5115597900929758,MSCI World ex-US,-0.5115597900929758,,Gold,-0.2367728666305139,,5y yield,0.039694824796782,,
2023-06-05,LassoCV,SELL,-0.013020234272201,True,BETA,MSCI World ex-US,-0.5183941485014693,0.5183941485014693,MSCI World ex-US,-0.5183941485014693,,Gold,-0.2372979650501963,,5y yield,0.0411284346553291,,
2023-10-16,LassoCV,BUY,0.0207550971807506,True,BETA,MSCI World ex-US,-0.4818177400766625,0.4818177400766625,MSCI World ex-US,-0.4818177400766625,,Copper LME,-0.2056910244825882,,5y yield,0.1875277452509394,,
2023-10-19,LassoCV,BUY,0.0143881610160212,True,BETA,MSCI World ex-US,-0.4888906321901543,0.4888906321901543,MSCI World ex-US,-0.4888906321901543,,Copper LME,-0.2028253299673807,,5y yield,0.1822998789798007,,
2024-01-29,LassoCV,SELL,-0.0042985840521574,True,BETA,MSCI World ex-US,-0.315536353747929,0.315536353747929,MSCI World ex-US,-0.315536353747929,,Copper LME,-0.1068383492952034,,5y yield,0.1503556549402739,,
2024-02-05,LassoCV,SELL,-0.0184596519360468,True,BETA,MSCI World ex-US,-0.3101072377461655,0.3101072377461655,MSCI World ex-US,-0.3101072377461655,,Copper LME,-0.1070815786417397,,5y yield,0.1533303399742862,,
2024-06-03,LassoCV,BUY,0.0071105986355337,True,BETA,MSCI World ex-US,-0.3519998707539062,0.3519998707539062,MSCI World ex-US,-0.3519998707539062,,5y yield,0.2935972966591765,,Gold,-0.1151424000500221,,
2024-06-11,LassoCV,BUY,0.0022222222222223,True,BETA,MSCI World ex-US,-0.350380840834037,0.350380840834037,MSCI World ex-US,-0.350380840834037,,5y yield,0.2896930821420335,,Gold,-0.1225880419526768,,
2024-06-17,LassoCV,BUY,0.0126037591832839,True,BETA,MSCI World ex-US,-0.352488786167159,0.352488786167159,MSCI World ex-US,-0.352488786167159,,5y yield,0.2841138261764928,,Gold,-0.126617744912049,,
2024-11-21,LassoCV,SELL,-0.0187846902062881,True,BETA,5y yield,0.2769483546708412,0.2769483546708412,5y yield,0.2769483546708412,,MSCI World ex-US,-0.2010321071042707,,Gold,-0.1039850129002452,,
2024-12-17,LassoCV,BUY,0.0098971065786113,True,BETA,5y yield,0.2548706728428945,0.2548706728428945,5y yield,0.2548706728428945,,MSCI World ex-US,-0.1628277081352424,,Gold,-0.0716937952234761,,
2024-12-25,LassoCV,BUY,0.0091401060614286,True,BETA,5y yield,0.2725395880964493,0.2725395880964493,5y yield,0.2725395880964493,,MSCI World ex-US,-0.1399119293547349,,Gold,-0.0771575100843391,,
2025-02-13,LassoCV,BUY,0.001872763864043,True,BETA,2y yield,0.255401051728346,0.255401051728346,2y yield,0.255401051728346,,MSCI World ex-US,-0.1387344362956085,,Gold,-0.0841786242992223,,
2025-07-15,LassoCV,SELL,-0.0075164003537129,True,BETA,Gold,-0.2028759712396762,0.2028759712396762,2y yield,0.1966713402362356,,Gold,-0.2028759712396762,,MSCI World ex-US,-0.1543421294329656,,
2025-07-30,LassoCV,SELL,-0.0258098095646317,True,BETA,Gold,-0.2285355543964691,0.2285355543964691,MSCI World ex-US,-0.2118352325901992,,Gold,-0.2285355543964691,,Real 2y yield,-0.1650078316620016,,
2001-09-25,ElasticNetCV,SELL,-0.012368798044962,True,BETA,MSCI World ex-US,-0.2004346787192429,0.2004346787192429,MSCI World ex-US,-0.2004346787192429,,Gold,-0.192578157293271,,,,,
2001-12-17,ElasticNetCV,BUY,0.0021130329193319,True,BETA,MSCI World ex-US,-0.1787628273728954,0.1787628273728954,MSCI World ex-US,-0.1787628273728954,,Gold,-0.1590791701078075,,,,,
2001-12-21,ElasticNetCV,SELL,-0.032292878861819,True,BETA,MSCI World ex-US,-0.1700102350606034,0.1700102350606034,MSCI World ex-US,-0.1700102350606034,,Gold,-0.159627996545331,,,,,
2002-09-13,ElasticNetCV,SELL,-0.0218142730683303,True,BETA,MSCI World - Dow Jones,-0.1133126715543418,0.1133126715543418,MSCI World - Dow Jones,-0.1133126715543418,,Gold,-0.0539824656806441,,VIX Index,0.0132735640194453,,
2002-11-08,ElasticNetCV,BUY,0.0067630154567268,True,BETA,MSCI World - Wilshire,-0.1057338640068604,0.1057338640068604,MSCI World - Wilshire,-0.1057338640068604,,Gold,-0.0801043234242494,,,,,
2003-03-14,ElasticNetCV,SELL,-0.0036042971620534,True,BETA,Gold,-0.201568684181272,0.201568684181272,Gold,-0.201568684181272,,MSCI World - Dow Jones,-0.0679465810262349,,,,,
2003-05-14,ElasticNetCV,SELL,-0.0259450795757629,True,BETA,Gold,-0.2059434856023818,0.2059434856023818,Gold,-0.2059434856023818,,MSCI World - Dow Jones,-0.0662682354899669,,VIX Index,0.0595130620619619,,
2003-05-21,ElasticNetCV,SELL,-0.0054345755825027,True,BETA,Gold,-0.2061709776005231,0.2061709776005231,Gold,-0.2061709776005231,,MSCI World - Dow Jones,-0.0682876731841035,,VIX Index,0.051463853558531,,
2003-06-04,ElasticNetCV,SELL,-0.010813640251765,True,BETA,Gold,-0.2183785780263294,0.2183785780263294,Gold,-0.2183785780263294,,MSCI World - Dow Jones,-0.0763939035688277,,,,,
2003-07-15,ElasticNetCV,SELL,-0.0176633924967279,True,BETA,Gold,-0.2493043111746795,0.2493043111746795,Gold,-0.2493043111746795,,MSCI World - S&P500,-0.0906773190381694,,,,,
2004-03-02,ElasticNetCV,SELL,-0.0056219811544857,True,BETA,Gold,-0.4068251416442897,0.4068251416442897,Gold,-0.4068251416442897,,MSCI World - S&P500,-0.1716816288711555,,,,,
2004-03-17,ElasticNetCV,SELL,-0.0028051233195722,True,BETA,Gold,-0.4366080516388878,0.4366080516388878,Gold,-0.4366080516388878,,MSCI World - S&P500,-0.1630903760202471,,,,,
2004-03-24,ElasticNetCV,SELL,-0.0140585358198415,True,BETA,Gold,-0.4385442035354139,0.4385442035354139,Gold,-0.4385442035354139,,MSCI World - S&P500,-0.1603386620341439,,,,,
2004-08-30,ElasticNetCV,SELL,-0.0204566764834061,True,BETA,Gold,-0.5054882805473342,0.5054882805473342,Gold,-0.5054882805473342,,MSCI World - Dow Jones,-0.1265558167753227,,Real 2y yield,-0.1290816146486408,,
2004-10-04,ElasticNetCV,SELL,-0.0137274603519443,True,BETA,Gold,-0.4896440385745058,0.4896440385745058,Gold,-0.4896440385745058,,MSCI World ex-US,-0.1066490171352385,,Real 2y yield,-0.1348330817120324,,
2004-12-03,ElasticNetCV,BUY,0.0204013681629688,True,BETA,Gold,-0.4824694568378139,0.4824694568378139,Gold,-0.4824694568378139,,MSCI World ex-US,-0.1020401485874533,,Real 2y yield,-0.1212235183074942,,
2005-02-07,ElasticNetCV,SELL,-0.021505376344086,True,BETA,Gold,-0.4596983523595387,0.4596983523595387,Gold,-0.4596983523595387,,MSCI World ex-US,-0.0717536308750341,,Real 2y yield,-0.02296975522549,,
2005-05-31,ElasticNetCV,BUY,0.0373795346711649,True,BETA,Gold,-0.4657933440463931,0.4657933440463931,Gold,-0.4657933440463931,,MSCI World ex-US,-0.1282848304224173,,,,,
2005-06-28,ElasticNetCV,SELL,-0.0142760201272678,True,BETA,Gold,-0.4352926690727091,0.4352926690727091,Gold,-0.4352926690727091,,MSCI World ex-US,-0.176236628420215,,,,,
2005-07-04,ElasticNetCV,SELL,-0.0166670856482062,True,BETA,Gold,-0.4366383917099394,0.4366383917099394,Gold,-0.4366383917099394,,MSCI World ex-US,-0.174782891599354,,,,,
2005-12-14,ElasticNetCV,BUY,0.0121271505650006,True,BETA,Gold,-0.1805435066638961,0.1805435066638961,MSCI World ex-US,-0.163711186319644,,Gold,-0.1805435066638961,,,,,
2005-12-19,ElasticNetCV,BUY,0.0150374980868324,True,BETA,MSCI World ex-US,-0.1718620879987168,0.1718620879987168,MSCI World ex-US,-0.1718620879987168,,Gold,-0.1666455551845958,,,,,
2006-07-25,ElasticNetCV,SELL,-0.0272959599804252,True,BETA,MSCI World ex-US,-0.1507682048275828,0.1507682048275828,MSCI World ex-US,-0.1507682048275828,,Real 2y yield,-0.083183010903522,,Gold,-0.1055807395764796,,
2006-10-13,ElasticNetCV,SELL,-0.023997086357137,True,BETA,MSCI World ex-US,-0.1759692259630084,0.1759692259630084,MSCI World ex-US,-0.1759692259630084,,Real 2y yield,-0.0783102707684629,,BCOM Index,-0.0664461778411156,,
2007-01-09,ElasticNetCV,SELL,-0.0066960151586384,True,BETA,Real 2y yield,-0.1722037013846462,0.1722037013846462,MSCI World - Dow Jones,-0.1439004245829706,,Real 2y yield,-0.1722037013846462,,Gold,-0.1445300524676997,,
2007-01-17,ElasticNetCV,SELL,-0.0098600780826992,True,BETA,Real 2y yield,-0.1808642914123634,0.1808642914123634,MSCI World ex-US,-0.1562424861885586,,Real 2y yield,-0.1808642914123634,,Gold,-0.1326839173955875,,
2007-04-24,ElasticNetCV,BUY,0.006434968269972,True,BETA,Gold,-0.1740568876895613,0.1740568876895613,Gold,-0.1740568876895613,,MSCI World - Dow Jones,-0.1294273230010551,,Real 2y yield,-0.1276105549583125,,
2007-11-20,ElasticNetCV,BUY,0.013471022935853,True,BETA,Gold,-0.1927789799387425,0.1927789799387425,Gold,-0.1927789799387425,,MSCI World ex-US,-0.0889706115420974,,,,,
2007-12-19,ElasticNetCV,SELL,-0.0262217287480797,True,BETA,Gold,-0.26563043992326,0.26563043992326,Gold,-0.26563043992326,,MSCI World ex-US,-0.0853635359824848,,,,,
2008-06-10,ElasticNetCV,SELL,-0.0016173218470476,True,BETA,Gold,-0.3021128536336419,0.3021128536336419,Gold,-0.3021128536336419,,MSCI World ex-US,-0.1079389730719558,,,,,
2008-06-12,ElasticNetCV,SELL,-0.0172629430931771,True,BETA,Gold,-0.3065715605448,0.3065715605448,Gold,-0.3065715605448,,MSCI World ex-US,-0.1102274855668927,,,,,
2008-10-24,ElasticNetCV,SELL,-0.0020919183899789,True,BETA,Copper LME,-0.2304659114729981,0.2304659114729981,Copper LME,-0.2304659114729981,,MSCI World ex-US,-0.1098455168115987,,JPMVG71M Index,0.0019610849748137,,
2008-11-13,ElasticNetCV,BUY,0.0138368148544902,True,BETA,Copper LME,-0.2714274537523382,0.2714274537523382,Copper LME,-0.2714274537523382,,MSCI World ex-US,-0.1573444135312531,,,,,
2009-02-25,ElasticNetCV,SELL,-0.0235375562478364,True,BETA,MSCI World ex-US,-0.3127095663336788,0.3127095663336788,MSCI World ex-US,-0.3127095663336788,,BCOM Index,-0.298514277034471,,10y yield,-0.1166180488728294,,
2009-03-05,ElasticNetCV,SELL,-0.1445927961190056,True,BETA,BCOM Index,-0.3482354062312502,0.3482354062312502,BCOM Index,-0.3482354062312502,,MSCI World ex-US,-0.3250740967465401,,10y yield,-0.1599518279337284,,
2009-07-31,ElasticNetCV,BUY,0.0003059167072239,True,BETA,BCOM Index,-0.5238438009660262,0.5238438009660262,BCOM Index,-0.5238438009660262,,Local Index,-0.3892733462465372,,JPMVG71M Index,-0.012092303681068,,
2010-01-05,ElasticNetCV,SELL,-0.0068653104864804,True,BETA,MSCI World ex-US,-0.5672898984974246,0.5672898984974246,MSCI World ex-US,-0.5672898984974246,,BCOM Index,-0.4507484607379348,,,,,
2010-03-30,ElasticNetCV,SELL,-0.0172579757975798,True,BETA,MSCI World ex-US,-0.4564868919517693,0.4564868919517693,MSCI World ex-US,-0.4564868919517693,,Oil,-0.3020787924564799,,2y yield,0.0,,
2010-04-02,ElasticNetCV,SELL,-0.0009189384868145,True,BETA,MSCI World ex-US,-0.459668223051297,0.459668223051297,MSCI World ex-US,-0.459668223051297,,Oil,-0.3106571922925377,,,,,
2010-09-14,ElasticNetCV,SELL,-0.044375353306953,True,BETA,MSCI World ex-US,-0.3596066932252472,0.3596066932252472,BCOM Index,-0.1953952448299361,,MSCI World ex-US,-0.3596066932252472,,10y yield,-0.0946278375539477,,
2011-01-31,ElasticNetCV,BUY,0.0057542575301672,True,BETA,MSCI World ex-US,-0.3800885772973849,0.3800885772973849,MSCI World ex-US,-0.3800885772973849,,Oil,-0.1815374458024283,,2y yield,0.0197136967852959,,
2011-07-08,ElasticNetCV,SELL,-0.008021055270084,True,BETA,MSCI World ex-US,-0.3553075433190502,0.3553075433190502,MSCI World ex-US,-0.3553075433190502,,Oil,-0.1606385275442072,,2y yield,0.0055209430016831,,
2011-12-13,ElasticNetCV,SELL,-0.0186871724374946,True,BETA,MSCI World ex-US,-0.4075340133538561,0.4075340133538561,MSCI World ex-US,-0.4075340133538561,,BCOM Index,-0.124575244823726,,2y yield,0.0,,
2012-01-05,ElasticNetCV,SELL,-0.0266076347326977,True,BETA,MSCI World ex-US,-0.4143053430199483,0.4143053430199483,MSCI World ex-US,-0.4143053430199483,,BCOM Index,-0.1017548775886582,,2y yield,-0.0,,
2012-01-11,ElasticNetCV,SELL,-0.0283466155553313,True,BETA,MSCI World ex-US,-0.4086116630789802,0.4086116630789802,MSCI World ex-US,-0.4086116630789802,,BCOM Index,-0.1140724115223151,,2y yield,-0.0,,
2012-01-13,ElasticNetCV,SELL,-0.0355840329524164,True,BETA,MSCI World ex-US,-0.4087494305707441,0.4087494305707441,MSCI World ex-US,-0.4087494305707441,,BCOM Index,-0.112226486258247,,2y yield,-0.0,,
2012-05-24,ElasticNetCV,SELL,-0.0068159688412853,True,BETA,MSCI World ex-US,-0.3688681564426823,0.3688681564426823,MSCI World ex-US,-0.3688681564426823,,BCOM Index,-0.1024251059421399,,2y yield,0.0662533193907437,,
2012-05-30,ElasticNetCV,SELL,-0.0318349482492843,True,BETA,MSCI World ex-US,-0.3695065410792684,0.3695065410792684,MSCI World ex-US,-0.3695065410792684,,BCOM Index,-0.1074260823052023,,2y yield,0.0547169361843559,,
2013-01-08,ElasticNetCV,SELL,-0.0078953786123643,True,BETA,MSCI World ex-US,-0.2303712018218922,0.2303712018218922,MSCI World ex-US,-0.2303712018218922,,Copper LME,-0.0759181127184751,,2y yield,0.1204128945543689,,
2013-01-21,ElasticNetCV,SELL,-0.0316828652330297,True,BETA,MSCI World ex-US,-0.2428719066073201,0.2428719066073201,MSCI World ex-US,-0.2428719066073201,,Copper LME,-0.0631239914187658,,2y yield,0.126527808739025,,
2013-04-05,ElasticNetCV,BUY,0.0142770776170766,True,BETA,MSCI World ex-US,-0.2410315132134531,0.2410315132134531,MSCI World ex-US,-0.2410315132134531,,Copper LME,-0.0828123637787322,,2y yield,0.1599361068157375,,
2013-04-12,ElasticNetCV,BUY,0.0342863436816516,True,BETA,MSCI World ex-US,-0.2319490699175883,0.2319490699175883,MSCI World ex-US,-0.2319490699175883,,2y yield,0.1540324145238566,,Copper LME,-0.0870736521090215,,
2013-04-16,ElasticNetCV,BUY,0.0188424245281537,True,BETA,MSCI World ex-US,-0.2347402516263544,0.2347402516263544,MSCI World ex-US,-0.2347402516263544,,Copper LME,-0.086596855564789,,2y yield,0.1525384483441343,,
2013-06-14,ElasticNetCV,BUY,0.0410522553879144,True,BETA,2y yield,0.2643905538426324,0.2643905538426324,2y yield,0.2643905538426324,,MSCI World ex-US,-0.1763481465851552,,BCOM Index,-0.1171495508001697,,
2013-07-05,ElasticNetCV,SELL,-0.0395626359414497,True,BETA,2y yield,0.2262033485470117,0.2262033485470117,MSCI World ex-US,-0.1972607546863368,,2y yield,0.2262033485470117,,BCOM Index,-0.1477433510526507,,
2013-10-01,ElasticNetCV,BUY,0.021932582856424,True,BETA,2y yield,0.2414380876221519,0.2414380876221519,2y yield,0.2414380876221519,,MSCI World ex-US,-0.1737324743470797,,BCOM Index,-0.1677043062756662,,
2013-12-19,ElasticNetCV,SELL,-0.0114991352892988,True,BETA,2y yield,0.2323823262623115,0.2323823262623115,MSCI World ex-US,-0.1680486220354214,,2y yield,0.2323823262623115,,BCOM Index,-0.1628294986553515,,
2014-02-21,ElasticNetCV,SELL,-0.0221660539215685,True,BETA,2y yield,0.2125494617111333,0.2125494617111333,2y yield,0.2125494617111333,,MSCI World ex-US,-0.1791684684469083,,Gold,-0.1798134865528405,,
2014-03-10,ElasticNetCV,BUY,0.004316366090628,True,BETA,2y yield,0.1839980464438609,0.1839980464438609,2y yield,0.1839980464438609,,MSCI World ex-US,-0.15271607268759,,Gold,-0.1517384374578115,,
2014-03-17,ElasticNetCV,BUY,0.0189858472001385,True,BETA,2y yield,0.1828373478745008,0.1828373478745008,2y yield,0.1828373478745008,,MSCI World ex-US,-0.1486070099495915,,Gold,-0.1538317191897485,,
2014-03-24,ElasticNetCV,BUY,0.0198949770262244,True,BETA,2y yield,0.1867329941138802,0.1867329941138802,2y yield,0.1867329941138802,,MSCI World ex-US,-0.1549190741641979,,Gold,-0.1506455704948197,,
2014-05-23,ElasticNetCV,SELL,-0.0023477357894261,True,BETA,5y yield,0.1563020147122279,0.1563020147122279,MSCI World ex-US,-0.1552696838918972,,5y yield,0.1563020147122279,,Gold,-0.0939344413291035,,
2014-05-30,ElasticNetCV,SELL,-0.0065485534873289,True,BETA,MSCI World ex-US,-0.1577542623718887,0.1577542623718887,MSCI World ex-US,-0.1577542623718887,,5y yield,0.1557301798490565,,Gold,-0.0946925718121324,,
2014-08-15,ElasticNetCV,BUY,0.0228210304572982,True,BETA,5y yield,0.1416923927700268,0.1416923927700268,5y yield,0.1416923927700268,,MSCI World ex-US,-0.0650090153823477,,Gold,-0.0,,
2014-09-26,ElasticNetCV,SELL,-0.0045544608949309,True,BETA,5y yield,0.1448936087331779,0.1448936087331779,5y yield,0.1448936087331779,,MSCI World ex-US,-0.0452942713744377,,Gold,-0.0,,
2014-11-05,ElasticNetCV,BUY,0.0027685041934697,True,BETA,5y yield,0.2027665458923494,0.2027665458923494,5y yield,0.2027665458923494,,Gold,-0.0394024542052829,,Local - Dow Jones,0.0474839025750207,,
2014-11-11,ElasticNetCV,BUY,0.0048855085800898,True,BETA,5y yield,0.2024731314726104,0.2024731314726104,5y yield,0.2024731314726104,,Gold,-0.0235962803646122,,Local - Dow Jones,0.0478037258103011,,
2015-05-13,ElasticNetCV,BUY,0.0323571177163108,True,BETA,Local - Dow Jones,0.1546051584777713,0.1546051584777713,Gold,-0.116396909229344,,Local - Dow Jones,0.1546051584777713,,2y yield,0.1245307836539066,,
2015-12-28,ElasticNetCV,BUY,0.019850464610754,True,BETA,2y yield,0.2097451257376106,0.2097451257376106,2y yield,0.2097451257376106,,Gold,-0.130500530451268,,Local Index,0.1333869314361203,,
2016-01-20,ElasticNetCV,SELL,-0.0187377070167474,True,BETA,2y yield,0.2652025991830773,0.2652025991830773,2y yield,0.2652025991830773,,Gold,-0.1459569809070762,,Local Index,0.0963504013458632,,
2016-06-23,ElasticNetCV,BUY,0.0511020448168975,True,BETA,2y yield,0.1329170330713477,0.1329170330713477,2y yield,0.1329170330713477,,Gold,-0.1328706251934476,,MSCI World - S&P500,-0.0524698481908776,,
2016-10-27,ElasticNetCV,SELL,-0.0044490942128737,True,BETA,5y yield,0.1338571570844,0.1338571570844,BCOM Index,-0.1268048039571896,,MSCI World ex-US,-0.1083214328836257,,5y yield,0.1338571570844,,
2017-05-16,ElasticNetCV,SELL,-0.007824138832975,True,BETA,MSCI World ex-US,-0.4182066164367421,0.4182066164367421,MSCI World ex-US,-0.4182066164367421,,5y yield,0.2587987524264217,,BCOM Index,-0.0913457955732892,,
2017-10-27,ElasticNetCV,SELL,-0.0022574711545351,True,BETA,5y yield,0.2009973802896023,0.2009973802896023,5y yield,0.2009973802896023,,Gold,-0.1099270951851101,,MSCI World ex-US,-0.1400841549923307,,
2018-02-28,ElasticNetCV,SELL,-0.0130260158483193,True,BETA,Gold,-0.1906747454519925,0.1906747454519925,Gold,-0.1906747454519925,,10y yield,0.0990838265598447,,MSCI World ex-US,-0.1063684959544427,,
2018-03-28,ElasticNetCV,SELL,-0.0031610330830847,True,BETA,Gold,-0.2045400384224654,0.2045400384224654,Gold,-0.2045400384224654,,10y yield,0.0750246120742049,,MSCI World ex-US,-0.0944516665403647,,
2018-07-06,ElasticNetCV,BUY,0.0146489076362303,True,BETA,Gold,-0.2450038665567531,0.2450038665567531,Gold,-0.2450038665567531,,MSCI World ex-US,-0.100967082406103,,10y yield,-0.0,,
2018-09-20,ElasticNetCV,BUY,0.0326544103399935,True,BETA,Gold,-0.2152291982139874,0.2152291982139874,Gold,-0.2152291982139874,,MSCI World ex-US,-0.1071131131370605,,,,,
2018-12-31,ElasticNetCV,BUY,0.0108095286503335,True,BETA,Gold,-0.2727970999119938,0.2727970999119938,Gold,-0.2727970999119938,,Local - Dow Jones,0.1260276390120543,,Real 2y yield,0.1139817718542904,,
2019-08-29,ElasticNetCV,SELL,-0.0156703899185793,True,BETA,Gold,-0.1484554857914983,0.1484554857914983,Gold,-0.1484554857914983,,MSCI World ex-US,-0.101003799672976,,10y yield,0.0264963564926875,,
2019-09-06,ElasticNetCV,BUY,0.0072152764819306,True,BETA,Copper LME,-0.1264014893142638,0.1264014893142638,Copper LME,-0.1264014893142638,,Local - S&P500,0.1133355807669269,,10y yield,0.0969858246549408,,
2019-11-26,ElasticNetCV,SELL,-0.0094892489937226,True,BETA,Copper LME,-0.1334610990068039,0.1334610990068039,Copper LME,-0.1334610990068039,,MSCI World ex-US,-0.0994264540596335,,10y yield,0.1205665869474219,,
2020-02-18,ElasticNetCV,SELL,-0.03191261074381,True,BETA,Copper LME,-0.0979317382119813,0.0979317382119813,Copper LME,-0.0979317382119813,,MSCI World ex-US,-0.0641626598039968,,10y yield,0.084995323661536,,
2020-02-28,ElasticNetCV,BUY,0.0109005726184279,True,BETA,Copper LME,-0.1070524342583067,0.1070524342583067,Copper LME,-0.1070524342583067,,10y yield,0.0912590214953209,,MSCI World ex-US,-0.033934969614651,,
2020-03-11,ElasticNetCV,BUY,0.0620464403112823,True,BETA,Copper LME,-0.1033333225207822,0.1033333225207822,Copper LME,-0.1033333225207822,,10y yield,0.0952605183439514,,MSCI World ex-US,-0.028748774012387,,
2020-03-18,ElasticNetCV,SELL,-0.0246280943427473,True,BETA,Copper LME,-0.1084690487896258,0.1084690487896258,Copper LME,-0.1084690487896258,,MSCI World ex-US,-0.052913142501887,,Real 2y yield,-0.0858687173990974,,
2020-06-02,ElasticNetCV,BUY,0.0043513209367129,True,BETA,Copper LME,-0.1939642340373328,0.1939642340373328,Copper LME,-0.1939642340373328,,MSCI World ex-US,-0.1366777218464818,,2y yield,0.1758221501157549,,
2020-08-21,ElasticNetCV,SELL,-0.0061508726053095,True,BETA,Copper LME,-0.1444967751111629,0.1444967751111629,Copper LME,-0.1444967751111629,,MSCI World ex-US,-0.1365710325439638,,MOVE Index,0.0193921607062905,,
2021-03-25,ElasticNetCV,SELL,-0.0130687989646645,True,BETA,MSCI World ex-US,-0.2193205262915721,0.2193205262915721,MSCI World ex-US,-0.2193205262915721,,BCOM Index,-0.1328495719252821,,MOVE Index,0.0,,
2021-07-15,ElasticNetCV,SELL,-0.0124294567738807,True,BETA,MSCI World ex-US,-0.3631235269204271,0.3631235269204271,MSCI World ex-US,-0.3631235269204271,,Gold,-0.228018707680584,,2y yield,0.1376733777605309,,
2021-08-13,ElasticNetCV,SELL,-0.0002198437951982,True,BETA,MSCI World ex-US,-0.3102836184221059,0.3102836184221059,MSCI World ex-US,-0.3102836184221059,,Gold,-0.2631927896700266,,2y yield,0.1173355195326484,,
2021-08-17,ElasticNetCV,SELL,-0.0152556694909449,True,BETA,MSCI World ex-US,-0.309154753076844,0.309154753076844,MSCI World ex-US,-0.309154753076844,,Gold,-0.2563161105909268,,2y yield,0.1130868891607569,,
2021-09-28,ElasticNetCV,BUY,0.0061939708963512,True,BETA,MSCI World ex-US,-0.2996056196109523,0.2996056196109523,MSCI World ex-US,-0.2996056196109523,,Gold,-0.2149803930119493,,2y yield,0.1134438287503506,,
2021-11-24,ElasticNetCV,SELL,-0.0097812633492885,True,BETA,MSCI World ex-US,-0.2799228196705083,0.2799228196705083,MSCI World ex-US,-0.2799228196705083,,Gold,-0.2351848766542172,,VIX Index,0.0215943945860809,,
2022-08-26,ElasticNetCV,SELL,-0.0030290810537074,True,BETA,MSCI World ex-US,-0.37722542916153,0.37722542916153,MSCI World ex-US,-0.37722542916153,,Real 2y yield,-0.1505987572117966,,Copper LME,0.0225984882490515,,
2022-09-07,ElasticNetCV,BUY,0.0351364235439275,True,BETA,MSCI World ex-US,-0.3619537622587345,0.3619537622587345,MSCI World ex-US,-0.3619537622587345,,Real 2y yield,-0.1282541110104485,,Copper LME,0.0,,
2022-09-12,ElasticNetCV,BUY,0.0828104438044743,True,BETA,MSCI World ex-US,-0.3597549337455076,0.3597549337455076,MSCI World ex-US,-0.3597549337455076,,Real 2y yield,-0.1281902954586491,,Copper LME,0.0019810617124589,,
2023-01-05,ElasticNetCV,SELL,-0.0348218211756341,True,BETA,MSCI World ex-US,-0.4553608410446085,0.4553608410446085,MSCI World ex-US,-0.4553608410446085,,Copper LME,-0.0477372387950178,,5y yield,0.1048590153773195,,
2023-01-31,ElasticNetCV,SELL,-0.0098909605221663,True,BETA,MSCI World ex-US,-0.4993275322114358,0.4993275322114358,MSCI World ex-US,-0.4993275322114358,,Copper LME,-0.0560409672619034,,5y yield,0.0955636228354587,,
2023-05-30,ElasticNetCV,SELL,-0.0172737306843266,True,BETA,MSCI World ex-US,-0.5115932292956133,0.5115932292956133,MSCI World ex-US,-0.5115932292956133,,Gold,-0.2367978565196871,,5y yield,0.0397494135322402,,
2023-06-05,ElasticNetCV,SELL,-0.013020234272201,True,BETA,MSCI World ex-US,-0.5184245389052048,0.5184245389052048,MSCI World ex-US,-0.5184245389052048,,Gold,-0.2373244803606941,,5y yield,0.0411896479282645,,
2023-10-16,ElasticNetCV,BUY,0.0207550971807506,True,BETA,MSCI World ex-US,-0.4818300770182117,0.4818300770182117,MSCI World ex-US,-0.4818300770182117,,Copper LME,-0.2057790171542796,,5y yield,0.1875984907408227,,
2023-10-19,ElasticNetCV,BUY,0.0143881610160212,True,BETA,MSCI World ex-US,-0.4889001968876739,0.4889001968876739,MSCI World ex-US,-0.4889001968876739,,Copper LME,-0.2029166413876806,,5y yield,0.182370303214031,,
2024-01-29,ElasticNetCV,SELL,-0.0042985840521574,True,BETA,MSCI World ex-US,-0.2778431618955167,0.2778431618955167,MSCI World ex-US,-0.2778431618955167,,Copper LME,-0.1432740567873781,,5y yield,0.1614284213038496,,
2024-02-05,ElasticNetCV,SELL,-0.0184596519360468,True,BETA,MSCI World ex-US,-0.2737804591220817,0.2737804591220817,MSCI World ex-US,-0.2737804591220817,,Copper LME,-0.1429838375613661,,5y yield,0.1636782799548019,,
2024-06-03,ElasticNetCV,BUY,0.0071105986355337,True,BETA,MSCI World ex-US,-0.3447267192984357,0.3447267192984357,MSCI World ex-US,-0.3447267192984357,,5y yield,0.2867195020155016,,Gold,-0.1146820019638419,,
2024-06-12,ElasticNetCV,BUY,0.0199448334394227,True,BETA,MSCI World ex-US,-0.3396983041608795,0.3396983041608795,MSCI World ex-US,-0.3396983041608795,,5y yield,0.2849942346698982,,Gold,-0.1235250686454759,,
2024-06-17,ElasticNetCV,BUY,0.0126037591832839,True,BETA,MSCI World ex-US,-0.3457273280043307,0.3457273280043307,MSCI World ex-US,-0.3457273280043307,,5y yield,0.2775759262211623,,Gold,-0.1261944653137682,,
2024-11-21,ElasticNetCV,SELL,-0.0187846902062881,True,BETA,5y yield,0.2231452046917129,0.2231452046917129,5y yield,0.2231452046917129,,MSCI World ex-US,-0.1744446939331953,,Gold,-0.1052525289276753,,
2024-12-17,ElasticNetCV,BUY,0.0098971065786113,True,BETA,5y yield,0.241001086516184,0.241001086516184,5y yield,0.241001086516184,,MSCI World ex-US,-0.16719884919107,,Gold,-0.0882555300161565,,
2025-07-15,ElasticNetCV,SELL,-0.0075164003537129,True,BETA,Gold,-0.1932806967966571,0.1932806967966571,2y yield,0.1853313495614656,,Gold,-0.1932806967966571,,MSCI World ex-US,-0.1489258113652553,,
2025-07-30,ElasticNetCV,SELL,-0.0258098095646317,True,BETA,Gold,-0.2173827910609973,0.2173827910609973,MSCI World ex-US,-0.2039735190040668,,Gold,-0.2173827910609973,,Real 2y yield,-0.1441536835886593,,
2001-09-25,XGBRegressor,SELL,-0.012368798044962,True,SHAP,MSCI World ex-US,-1.0133424997329712,1.0133424997329712,MSCI World ex-US,,-1.0133424997329712,Gold,,0.0722003951668739,,,,
2001-12-24,XGBRegressor,SELL,-0.0453054094769822,True,SHAP,MSCI World ex-US,0.1491685062646865,0.1491685062646865,MSCI World ex-US,,0.1491685062646865,Gold,,0.1280746906995773,,,,
2002-01-02,XGBRegressor,BUY,0.0213680629344041,True,SHAP,Gold,0.1193403229117393,0.1193403229117393,MSCI World ex-US,,0.0844222456216812,Gold,,0.1193403229117393,,,,
2002-01-10,XGBRegressor,BUY,0.0238183232834079,True,SHAP,Gold,-0.2913184762001037,0.2913184762001037,MSCI World ex-US,,0.0673265233635902,Gold,,-0.2913184762001037,,,,
2002-09-13,XGBRegressor,SELL,-0.0218142730683303,True,SHAP,MSCI World - Dow Jones,-0.0882738083600997,0.0882738083600997,MSCI World - Dow Jones,,-0.0882738083600997,Gold,,0.0553125478327274,VIX Index,,0.0084225106984376,
2002-11-26,XGBRegressor,SELL,-0.0138633377135347,True,SHAP,MSCI World - Wilshire,-0.1375988274812698,0.1375988274812698,Gold,,0.0862115025520324,MSCI World - Wilshire,,-0.1375988274812698,,,,
2003-03-17,XGBRegressor,SELL,-0.0252542724693835,True,SHAP,Gold,-0.1181600242853164,0.1181600242853164,Gold,,-0.1181600242853164,MSCI World - Dow Jones,,-0.0016445643268525,,,,
2003-03-21,XGBRegressor,SELL,-0.016052359627971,True,SHAP,Gold,0.2262042611837387,0.2262042611837387,Gold,,0.2262042611837387,MSCI World - Dow Jones,,0.1131111979484558,,,,
2003-05-15,XGBRegressor,SELL,-0.0433031719200557,True,SHAP,VIX Index,-0.0860072150826454,0.0860072150826454,Gold,,-0.0666539669036865,MSCI World - Dow Jones,,0.0340421721339225,VIX Index,,-0.0860072150826454,
2003-07-11,XGBRegressor,SELL,-0.0149285035717369,True,SHAP,Gold,-0.0651522055268287,0.0651522055268287,Gold,,-0.0651522055268287,MSCI World - S&P500,,0.0097390264272689,,,,
2003-08-22,XGBRegressor,SELL,-0.0320446289569277,True,SHAP,Gold,-0.236434206366539,0.236434206366539,Gold,,-0.236434206366539,MSCI World - S&P500,,-0.0268029868602752,MOVE Index,,-0.0421244874596595,
2004-03-02,XGBRegressor,SELL,-0.0056219811544857,True,SHAP,Gold,0.6651322245597839,0.6651322245597839,Gold,,0.6651322245597839,MSCI World - S&P500,,0.0379602834582328,,,,
2004-03-26,XGBRegressor,SELL,-0.0049916805324459,True,SHAP,Gold,-0.8992372751235962,0.8992372751235962,Gold,,-0.8992372751235962,MSCI World - S&P500,,0.1328238099813461,,,,
2004-07-30,XGBRegressor,SELL,-0.0283637121676025,True,SHAP,Gold,-0.568561315536499,0.568561315536499,Gold,,-0.568561315536499,MSCI World - Dow Jones,,0.0184322576969862,Real 2y yield,,-0.0704937428236007,
2004-08-30,XGBRegressor,SELL,-0.0204566764834061,True,SHAP,Gold,-0.5752876996994019,0.5752876996994019,Gold,,-0.5752876996994019,MSCI World - Dow Jones,,0.0315230712294578,Real 2y yield,,-0.0519600063562393,
2004-12-03,XGBRegressor,BUY,0.0204013681629688,True,SHAP,Gold,-0.8855189681053162,0.8855189681053162,Gold,,-0.8855189681053162,MSCI World ex-US,,-0.1754679977893829,Real 2y yield,,-0.3018748760223388,
2005-02-07,XGBRegressor,SELL,-0.021505376344086,True,SHAP,Real 2y yield,-0.0803835913538932,0.0803835913538932,Gold,,0.0516174249351024,MSCI World ex-US,,0.0238808598369359,Real 2y yield,,-0.0803835913538932,
2005-05-31,XGBRegressor,BUY,0.0373795346711649,True,SHAP,Gold,0.2422648221254348,0.2422648221254348,Gold,,0.2422648221254348,MSCI World ex-US,,0.1075328961014747,,,,
2005-07-04,XGBRegressor,SELL,-0.0166670856482062,True,SHAP,MSCI World ex-US,-0.1013254523277282,0.1013254523277282,Gold,,0.0468729622662067,MSCI World ex-US,,-0.1013254523277282,,,,
2005-12-13,XGBRegressor,BUY,0.0113340248437776,True,SHAP,Gold,0.5550594329833984,0.5550594329833984,Gold,,0.5550594329833984,MSCI World ex-US,,0.0175873655825853,,,,
2006-01-23,XGBRegressor,BUY,0.0364918818206014,True,SHAP,Gold,-0.1900566071271896,0.1900566071271896,MSCI World ex-US,,-0.1732334345579147,Gold,,-0.1900566071271896,JPMVG71M Index,,0.0157804060727357,
2006-09-07,XGBRegressor,SELL,-0.0131887296310425,True,SHAP,MSCI World ex-US,0.181434690952301,0.181434690952301,MSCI World ex-US,,0.181434690952301,Real 2y yield,,-0.0035170617047697,BCOM Index,,0.1121770516037941,
2006-10-06,XGBRegressor,SELL,-0.0086165954270982,True,SHAP,Real 2y yield,0.3642514646053314,0.3642514646053314,MSCI World ex-US,,0.1602687239646911,BCOM Index,,-0.1685835719108581,Real 2y yield,,0.3642514646053314,
2006-10-13,XGBRegressor,SELL,-0.023997086357137,True,SHAP,MSCI World ex-US,-0.1240265965461731,0.1240265965461731,MSCI World ex-US,,-0.1240265965461731,Real 2y yield,,0.0303032752126455,BCOM Index,,-0.0926665589213371,
2006-12-01,XGBRegressor,BUY,0.0222350179386101,True,SHAP,Real 2y yield,-0.0866239294409751,0.0866239294409751,MSCI World - Dow Jones,,0.0171772018074989,Real 2y yield,,-0.0866239294409751,Gold,,0.0259346850216388,
2007-01-10,XGBRegressor,SELL,-0.0081376753138312,True,SHAP,MSCI World - Dow Jones,0.276610791683197,0.276610791683197,MSCI World - Dow Jones,,0.276610791683197,Real 2y yield,,0.136444479227066,Gold,,-0.1251644343137741,
2007-01-18,XGBRegressor,SELL,-0.0119581889450661,True,SHAP,Real 2y yield,-0.3262923061847687,0.3262923061847687,MSCI World ex-US,,0.0869176238775253,Real 2y yield,,-0.3262923061847687,Gold,,0.1912487745285034,
2007-04-24,XGBRegressor,BUY,0.006434968269972,True,SHAP,Gold,0.3086728453636169,0.3086728453636169,Gold,,0.3086728453636169,MSCI World - Dow Jones,,0.1603989154100418,Real 2y yield,,0.0282903425395488,
2007-06-26,XGBRegressor,SELL,-0.032031204686503,True,SHAP,Gold,0.2382948696613311,0.2382948696613311,MSCI World ex-US,,0.1680888086557388,Gold,,0.2382948696613311,Real 2y yield,,0.0032251446973532,
2007-12-20,XGBRegressor,SELL,-0.0387956519761676,True,SHAP,Gold,0.2222949862480163,0.2222949862480163,Gold,,0.2222949862480163,MSCI World ex-US,,-0.0529595352709293,,,,
2008-06-10,XGBRegressor,SELL,-0.0016173218470476,True,SHAP,Gold,0.4738450050354004,0.4738450050354004,Gold,,0.4738450050354004,MSCI World ex-US,,0.3719404339790344,,,,
2008-06-13,XGBRegressor,SELL,-0.0186459890588293,True,SHAP,Gold,-0.1096950024366378,0.1096950024366378,Gold,,-0.1096950024366378,MSCI World ex-US,,-0.0809947922825813,,,,
2008-08-21,XGBRegressor,BUY,0.0541048340870007,True,SHAP,Gold,-0.6185241937637329,0.6185241937637329,Gold,,-0.6185241937637329,MSCI World ex-US,,-0.1380417495965957,Real 2y yield,,-0.0084598027169704,
2008-11-13,XGBRegressor,BUY,0.0138368148544902,True,SHAP,Copper LME,-0.4283464848995209,0.4283464848995209,Copper LME,,-0.4283464848995209,MSCI World ex-US,,0.2234435081481933,,,,
2008-12-17,XGBRegressor,BUY,0.0295539961628426,True,SHAP,MSCI World ex-US,-0.5793601870536804,0.5793601870536804,Copper LME,,0.2720984220504761,MSCI World ex-US,,-0.5793601870536804,,,,
2009-02-26,XGBRegressor,SELL,-0.0417668269230768,True,SHAP,BCOM Index,-0.3899770379066467,0.3899770379066467,MSCI World ex-US,,-0.3002235293388366,BCOM Index,,-0.3899770379066467,10y yield,,0.0095875896513462,
2009-03-02,XGBRegressor,SELL,-0.0755587318087318,True,SHAP,MSCI World ex-US,1.1428890228271484,1.1428890228271484,BCOM Index,,0.5988625884056091,MSCI World ex-US,,1.1428890228271484,10y yield,,0.0829475447535514,
2009-03-05,XGBRegressor,SELL,-0.1445927961190056,True,SHAP,BCOM Index,0.4041188061237335,0.4041188061237335,BCOM Index,,0.4041188061237335,MSCI World ex-US,,0.3436815142631531,10y yield,,0.1787596344947815,
2010-03-24,XGBRegressor,SELL,-0.0031865943273127,True,SHAP,MSCI World ex-US,0.42561736702919,0.42561736702919,MSCI World ex-US,,0.42561736702919,Oil,,0.2367161214351654,2y yield,,0.1589253693819046,
2010-05-18,XGBRegressor,SELL,-0.001286427552476,True,SHAP,MSCI World ex-US,-0.400776743888855,0.400776743888855,Oil,,0.3397356271743774,MSCI World ex-US,,-0.400776743888855,VIX Index,,0.2441394925117492,
2010-06-04,XGBRegressor,SELL,-0.0395346813984414,True,SHAP,MSCI World ex-US,0.8923936486244202,0.8923936486244202,Oil,,0.1969194263219833,MSCI World ex-US,,0.8923936486244202,10y yield,,-0.0165338814258575,
2010-06-09,XGBRegressor,SELL,-0.0335851075743813,True,SHAP,MSCI World ex-US,-0.6971900463104248,0.6971900463104248,Oil,,-0.4693694412708282,MSCI World ex-US,,-0.6971900463104248,10y yield,,-0.0936833471059799,
2010-09-14,XGBRegressor,SELL,-0.044375353306953,True,SHAP,MSCI World ex-US,-0.2883451581001282,0.2883451581001282,BCOM Index,,-0.0448240600526332,MSCI World ex-US,,-0.2883451581001282,10y yield,,0.024146020412445,
2010-12-07,XGBRegressor,SELL,-0.0081167654689606,True,SHAP,MSCI World ex-US,-0.2036994248628616,0.2036994248628616,Oil,,0.0400226972997188,MSCI World ex-US,,-0.2036994248628616,,,,
2010-12-09,XGBRegressor,SELL,-0.0063665632160572,True,SHAP,MSCI World ex-US,-0.1667702794075012,0.1667702794075012,Oil,,-0.0161445215344429,MSCI World ex-US,,-0.1667702794075012,,,,
2011-02-01,XGBRegressor,BUY,0.0175375243358664,True,SHAP,MSCI World ex-US,-0.4512775540351867,0.4512775540351867,MSCI World ex-US,,-0.4512775540351867,Oil,,-0.1069336906075477,2y yield,,0.0139528401196002,
2011-06-23,XGBRegressor,SELL,-0.020960915334646,True,SHAP,MSCI World ex-US,0.7030097246170044,0.7030097246170044,MSCI World ex-US,,0.7030097246170044,Oil,,0.2778225541114807,2y yield,,0.0434155650436878,
2011-07-11,XGBRegressor,SELL,-0.0345400249870493,True,SHAP,MSCI World ex-US,1.1747534275054932,1.1747534275054932,MSCI World ex-US,,1.1747534275054932,Oil,,0.1003346592187881,2y yield,,0.6219086647033691,
2011-09-22,XGBRegressor,SELL,-0.0130660254367414,True,SHAP,MSCI World ex-US,0.7182136178016663,0.7182136178016663,MSCI World ex-US,,0.7182136178016663,Oil,,0.529208242893219,2y yield,,0.0173694808036088,
2012-01-10,XGBRegressor,SELL,-0.0204158570890004,True,SHAP,MSCI World ex-US,-0.7554587125778198,0.7554587125778198,MSCI World ex-US,,-0.7554587125778198,BCOM Index,,-0.0989535003900528,2y yield,,-0.0302268378436565,
2012-10-09,XGBRegressor,SELL,-0.0073471216307026,True,SHAP,MSCI World ex-US,0.2317864000797271,0.2317864000797271,MSCI World ex-US,,0.2317864000797271,Copper LME,,0.0137261692434549,2y yield,,-0.1081674322485923,
2012-10-25,XGBRegressor,SELL,-0.0057816388263868,True,SHAP,2y yield,-0.13408724963665,0.13408724963665,MSCI World ex-US,,-0.0657876878976821,Copper LME,,0.0125226099044084,2y yield,,-0.13408724963665,
2013-01-08,XGBRegressor,SELL,-0.0078953786123643,True,SHAP,Copper LME,-0.0826666504144668,0.0826666504144668,MSCI World ex-US,,0.0380456931889057,Copper LME,,-0.0826666504144668,2y yield,,0.0613183453679084,
2013-04-08,XGBRegressor,BUY,0.0172139830508475,True,SHAP,2y yield,-0.0702276900410652,0.0702276900410652,MSCI World ex-US,,0.0118265692144632,Copper LME,,-0.0034047458320856,2y yield,,-0.0702276900410652,
2013-04-11,XGBRegressor,BUY,0.0391727915138733,True,SHAP,MSCI World ex-US,-0.1769182533025741,0.1769182533025741,MSCI World ex-US,,-0.1769182533025741,Copper LME,,-0.0218910742551088,2y yield,,0.0430974029004573,
2013-04-16,XGBRegressor,BUY,0.0188424245281537,True,SHAP,MSCI World ex-US,0.1833570301532745,0.1833570301532745,MSCI World ex-US,,0.1833570301532745,Copper LME,,-0.0188359897583723,2y yield,,0.0480659119784832,
2013-07-05,XGBRegressor,SELL,-0.0395626359414497,True,SHAP,MSCI World ex-US,0.1591462343931198,0.1591462343931198,MSCI World ex-US,,0.1591462343931198,2y yield,,-0.0308114569634199,BCOM Index,,0.0476408079266548,
2013-10-01,XGBRegressor,BUY,0.021932582856424,True,SHAP,BCOM Index,0.367763340473175,0.367763340473175,2y yield,,-0.2034047544002533,MSCI World ex-US,,-0.0270750038325786,BCOM Index,,0.367763340473175,
2014-01-27,XGBRegressor,BUY,0.0093439023250745,True,SHAP,MSCI World ex-US,0.6553888916969299,0.6553888916969299,2y yield,,-0.0576003044843673,MSCI World ex-US,,0.6553888916969299,BCOM Index,,0.4858096241950989,
2014-03-18,XGBRegressor,BUY,0.0199895706587867,True,SHAP,MSCI World ex-US,-0.1864066272974014,0.1864066272974014,2y yield,,-0.1207670271396637,MSCI World ex-US,,-0.1864066272974014,Gold,,0.1696008890867233,
2014-03-24,XGBRegressor,BUY,0.0198949770262244,True,SHAP,Gold,0.2857413291931152,0.2857413291931152,2y yield,,0.1182558164000511,MSCI World ex-US,,-0.0221614371985197,Gold,,0.2857413291931152,
2014-05-23,XGBRegressor,SELL,-0.0023477357894261,True,SHAP,5y yield,0.1075015887618064,0.1075015887618064,MSCI World ex-US,,0.0667094364762306,5y yield,,0.1075015887618064,Gold,,-0.068418338894844,
2014-05-30,XGBRegressor,SELL,-0.0065485534873289,True,SHAP,MSCI World ex-US,0.0759797245264053,0.0759797245264053,MSCI World ex-US,,0.0759797245264053,5y yield,,-0.0757222771644592,Gold,,0.0122177870944142,
2014-08-15,XGBRegressor,BUY,0.0228210304572982,True,SHAP,MSCI World ex-US,0.0965179204940795,0.0965179204940795,5y yield,,-0.0553653538227081,MSCI World ex-US,,0.0965179204940795,Gold,,-0.0318943187594413,
2014-09-26,XGBRegressor,SELL,-0.0045544608949309,True,SHAP,5y yield,0.1393580138683319,0.1393580138683319,5y yield,,0.1393580138683319,MSCI World ex-US,,0.0402431115508079,Gold,,-0.0080880457535386,
2014-10-31,XGBRegressor,SELL,-0.0010144182649388,True,SHAP,Gold,0.0996920838952064,0.0996920838952064,5y yield,,0.0869872719049453,Gold,,0.0996920838952064,Local - Dow Jones,,-0.0304090492427349,
2015-05-13,XGBRegressor,BUY,0.0323571177163108,True,SHAP,Local - Dow Jones,0.4155040085315704,0.4155040085315704,Gold,,-0.2069610357284546,Local - Dow Jones,,0.4155040085315704,2y yield,,0.1815876215696334,
2015-12-28,XGBRegressor,BUY,0.019850464610754,True,SHAP,2y yield,0.1819248050451278,0.1819248050451278,2y yield,,0.1819248050451278,Gold,,0.1237506046891212,Local Index,,-0.0510550737380981,
2016-07-22,XGBRegressor,SELL,-0.0097673182065123,True,SHAP,5y yield,0.1035560220479965,0.1035560220479965,5y yield,,0.1035560220479965,BCOM Index,,0.0382406003773212,MSCI World - Dow Jones,,0.0070147532969713,
2017-10-27,XGBRegressor,SELL,-0.0022574711545351,True,SHAP,5y yield,-0.0974683687090873,0.0974683687090873,5y yield,,-0.0974683687090873,Gold,,-0.0592334456741809,MSCI World ex-US,,0.0411915071308612,
2018-09-20,XGBRegressor,BUY,0.0326544103399935,True,SHAP,Gold,-0.2892930805683136,0.2892930805683136,Gold,,-0.2892930805683136,MSCI World ex-US,,-0.2280849516391754,,,,
2018-12-25,XGBRegressor,SELL,-0.0148968804828796,True,SHAP,Gold,-0.0492889992892742,0.0492889992892742,Gold,,-0.0492889992892742,Local - Dow Jones,,-0.0122915692627429,Real 2y yield,,0.0167049188166856,
2019-01-02,XGBRegressor,SELL,-0.0019629588554951,True,SHAP,Gold,-0.096080906689167,0.096080906689167,Gold,,-0.096080906689167,Local - Dow Jones,,-0.0738618373870849,Real 2y yield,,0.0386725813150405,
2019-02-19,XGBRegressor,SELL,-0.0001396183050338,True,SHAP,Gold,-0.097620815038681,0.097620815038681,Gold,,-0.097620815038681,MSCI World ex-US,,-0.020161198452115,,,,
2019-07-31,XGBRegressor,SELL,-0.0032487687787111,True,SHAP,Local - Dow Jones,0.1998198628425598,0.1998198628425598,Gold,,0.1873423606157302,Local - Dow Jones,,0.1998198628425598,10y yield,,0.0042404872365295,
2019-08-29,XGBRegressor,SELL,-0.0156703899185793,True,SHAP,Gold,0.1551171988248825,0.1551171988248825,Gold,,0.1551171988248825,MSCI World ex-US,,-0.1214606985449791,10y yield,,0.0103058358654379,
2019-09-12,XGBRegressor,BUY,0.0147871809792998,True,SHAP,Copper LME,-0.0776547268033027,0.0776547268033027,Copper LME,,-0.0776547268033027,MSCI EM,,-0.0515741817653179,10y yield,,0.0451585501432418,
2019-11-26,XGBRegressor,SELL,-0.0094892489937226,True,SHAP,Copper LME,-0.1006947606801986,0.1006947606801986,Copper LME,,-0.1006947606801986,MSCI World ex-US,,0.0030944074969738,10y yield,,-0.009272146038711,
2020-02-14,XGBRegressor,SELL,-0.0121463319311742,True,SHAP,MSCI World ex-US,0.0521595031023025,0.0521595031023025,Copper LME,,0.0259920042008161,MSCI World ex-US,,0.0521595031023025,10y yield,,-0.0102317538112401,
2020-03-05,XGBRegressor,BUY,0.1042243069910424,True,SHAP,10y yield,-0.1923290640115738,0.1923290640115738,Copper LME,,0.0035151368938386,10y yield,,-0.1923290640115738,MSCI World ex-US,,0.0808444544672966,
2020-03-18,XGBRegressor,SELL,-0.0246280943427473,True,SHAP,Copper LME,0.1461344808340072,0.1461344808340072,Copper LME,,0.1461344808340072,MSCI World ex-US,,-0.0568964257836341,Real 2y yield,,0.0272640027105808,
2020-06-15,XGBRegressor,BUY,0.0051714664339506,True,SHAP,Copper LME,0.2551254332065582,0.2551254332065582,Copper LME,,0.2551254332065582,MSCI World ex-US,,0.2280549854040146,Real 2y yield,,0.1016365215182304,
2021-01-15,XGBRegressor,SELL,-0.0038936451424693,True,SHAP,MSCI World ex-US,0.1898652762174606,0.1898652762174606,Copper LME,,0.0983257666230201,MSCI World ex-US,,0.1898652762174606,MOVE Index,,0.05390565097332,
2021-07-09,XGBRegressor,BUY,0.0137670337875677,True,SHAP,2y yield,0.393567681312561,0.393567681312561,MSCI World ex-US,,-0.1150583326816558,Gold,,-0.0504370778799057,2y yield,,0.393567681312561,
2021-07-26,XGBRegressor,BUY,0.0093273854353745,True,SHAP,MSCI World ex-US,-0.1703563928604126,0.1703563928604126,MSCI World ex-US,,-0.1703563928604126,Gold,,0.0995993614196777,2y yield,,0.0155164040625095,
2021-07-28,XGBRegressor,BUY,0.0099196427533114,True,SHAP,2y yield,-0.1361790299415588,0.1361790299415588,MSCI World ex-US,,0.0738283544778823,Gold,,-0.0671743229031562,2y yield,,-0.1361790299415588,
2021-07-30,XGBRegressor,BUY,0.0059360996333586,True,SHAP,MSCI World ex-US,0.5367610454559326,0.5367610454559326,MSCI World ex-US,,0.5367610454559326,Gold,,0.2265563756227493,2y yield,,-0.1959354281425476,
2021-10-28,XGBRegressor,BUY,0.0229191372447721,True,SHAP,MSCI World ex-US,-0.1046282798051834,0.1046282798051834,MSCI World ex-US,,-0.1046282798051834,Gold,,-0.0058125592768192,5y yield,,-0.0745405778288841,
2021-11-01,XGBRegressor,BUY,0.033111883187004,True,SHAP,MSCI World ex-US,-0.3356647789478302,0.3356647789478302,MSCI World ex-US,,-0.3356647789478302,Gold,,-0.0782547667622566,5y yield,,0.0281683821231126,
2021-11-03,XGBRegressor,BUY,0.0381691905882906,True,SHAP,Gold,0.252288818359375,0.252288818359375,MSCI World ex-US,,-0.1902244240045547,Gold,,0.252288818359375,VIX Index,,0.0418577492237091,
2021-11-24,XGBRegressor,SELL,-0.0097812633492885,True,SHAP,MSCI World ex-US,0.0824014469981193,0.0824014469981193,MSCI World ex-US,,0.0824014469981193,Gold,,-0.0416120328009128,VIX Index,,-0.0045406939461827,
2022-03-04,XGBRegressor,SELL,-0.0445321536557153,True,SHAP,MSCI World ex-US,0.4734522700309753,0.4734522700309753,MSCI World ex-US,,0.4734522700309753,Gold,,-0.2219738066196441,Real 2y yield,,-0.1136516258120536,
2022-03-30,XGBRegressor,BUY,0.0252310685908869,True,SHAP,Real 2y yield,-0.1790113598108291,0.1790113598108291,MSCI World ex-US,,-0.0464772209525108,Real 2y yield,,-0.1790113598108291,Copper LME,,-0.0795563086867332,
2022-04-01,XGBRegressor,BUY,0.0221394335977114,True,SHAP,5y yield,0.8039934039115906,0.8039934039115906,MSCI World ex-US,,0.2674815058708191,5y yield,,0.8039934039115906,Copper LME,,0.1115367710590362,
2022-04-20,XGBRegressor,BUY,0.0331362326212274,True,SHAP,MSCI World ex-US,-0.3218031227588653,0.3218031227588653,MSCI World ex-US,,-0.3218031227588653,5y yield,,-0.0614779964089393,Copper LME,,0.1117577254772186,
2022-06-02,XGBRegressor,BUY,0.0445813289933147,True,SHAP,MSCI World ex-US,-0.3493571281433105,0.3493571281433105,MSCI World ex-US,,-0.3493571281433105,Copper LME,,0.0478798188269138,Real 2y yield,,0.0473185032606124,
2022-07-07,XGBRegressor,SELL,-0.0323290999867112,True,SHAP,MSCI World ex-US,-0.5367858409881592,0.5367858409881592,MSCI World ex-US,,-0.5367858409881592,Copper LME,,0.0135845886543393,Real 2y yield,,-0.068862646818161,
2022-07-11,XGBRegressor,SELL,-0.0416192794638745,True,SHAP,MSCI World ex-US,0.5312644243240356,0.5312644243240356,MSCI World ex-US,,0.5312644243240356,Copper LME,,-0.0446454659104347,Real 2y yield,,-0.0675288364291191,
2022-09-07,XGBRegressor,BUY,0.0351364235439275,True,SHAP,MSCI World ex-US,0.2957884669303894,0.2957884669303894,MSCI World ex-US,,0.2957884669303894,Real 2y yield,,-0.0601060353219509,Copper LME,,0.0426651760935783,
2022-09-09,XGBRegressor,BUY,0.0631925500893613,True,SHAP,MSCI World ex-US,-0.684210479259491,0.684210479259491,MSCI World ex-US,,-0.684210479259491,Real 2y yield,,0.1430823504924774,Copper LME,,0.0433420054614543,
2022-09-16,XGBRegressor,BUY,0.0318702485414126,True,SHAP,MSCI World ex-US,0.5235520601272583,0.5235520601272583,MSCI World ex-US,,0.5235520601272583,Real 2y yield,,-0.0492514856159687,Copper LME,,-0.0180712919682264,
2022-09-30,XGBRegressor,BUY,0.0194333225119935,True,SHAP,Real 2y yield,0.5118661522865295,0.5118661522865295,MSCI World ex-US,,-0.1494223475456237,Copper LME,,0.070256769657135,Real 2y yield,,0.5118661522865295,
2022-11-22,XGBRegressor,SELL,-0.0217893570261283,True,SHAP,MSCI World ex-US,-0.616926372051239,0.616926372051239,MSCI World ex-US,,-0.616926372051239,Copper LME,,0.1391869038343429,Real 2y yield,,-0.0262885633856058,
2023-02-03,XGBRegressor,SELL,-0.0077426700825504,True,SHAP,Gold,-0.214895561337471,0.214895561337471,MSCI World ex-US,,0.0535617806017398,Gold,,-0.214895561337471,5y yield,,-0.097195990383625,
2023-02-08,XGBRegressor,SELL,-0.0159909378392412,True,SHAP,MSCI World ex-US,-0.1750700026750564,0.1750700026750564,MSCI World ex-US,,-0.1750700026750564,Gold,,0.0641775876283645,5y yield,,-0.0830802991986274,
2023-05-05,XGBRegressor,BUY,0.0363591660110149,True,SHAP,Gold,0.340839147567749,0.340839147567749,MSCI World ex-US,,-0.3157541751861572,Gold,,0.340839147567749,5y yield,,0.2108056992292404,
2023-06-05,XGBRegressor,SELL,-0.013020234272201,True,SHAP,MSCI World ex-US,-0.1563799232244491,0.1563799232244491,MSCI World ex-US,,-0.1563799232244491,Gold,,-0.0385777615010738,5y yield,,-0.0877665877342224,
2023-08-03,XGBRegressor,BUY,0.0232170763889538,True,SHAP,MSCI World ex-US,0.2082120478153228,0.2082120478153228,MSCI World ex-US,,0.2082120478153228,BCOM Index,,-0.0370357707142829,5y yield,,0.0698840171098709,
2023-10-19,XGBRegressor,BUY,0.0143881610160212,True,SHAP,MSCI World ex-US,0.5241210460662842,0.5241210460662842,MSCI World ex-US,,0.5241210460662842,Copper LME,,-0.1149006560444831,5y yield,,0.0153652811422944,
2024-07-02,XGBRegressor,BUY,0.0014650283553874,True,SHAP,5y yield,-0.2502303719520569,0.2502303719520569,MSCI World ex-US,,-0.1550821810960769,5y yield,,-0.2502303719520569,Gold,,0.1111472770571708,
2024-07-26,XGBRegressor,SELL,-0.0279751947727882,True,SHAP,5y yield,-0.2665183246135711,0.2665183246135711,5y yield,,-0.2665183246135711,MSCI World ex-US,,-0.2611381709575653,Gold,,-0.1312102228403091,
2024-07-31,XGBRegressor,SELL,-0.0211663955423421,True,SHAP,MSCI World ex-US,-0.8088410496711731,0.8088410496711731,5y yield,,-0.4673746526241302,MSCI World ex-US,,-0.8088410496711731,Gold,,-0.1741403192281723,
2024-12-17,XGBRegressor,BUY,0.0098971065786113,True,SHAP,MSCI World ex-US,0.1488475650548935,0.1488475650548935,5y yield,,-0.009071908891201,MSCI World ex-US,,0.1488475650548935,Gold,,0.0685163885354995,
2025-09-16,XGBRegressor,BUY,0.0202496262107523,True,SHAP,Real 2y yield,-0.1060436591506004,0.1060436591506004,MSCI World ex-US,,-0.0810826048254966,Copper LME,,0.1046026423573494,Real 2y yield,,-0.1060436591506004,
2025-10-08,XGBRegressor,SELL,-0.0030418653948066,True,SHAP,Gold,-0.2997724413871765,0.2997724413871765,MSCI World ex-US,,-0.0134417861700057,Gold,,-0.2997724413871765,Real 2y yield,,0.2222436666488647,
2026-01-23,XGBRegressor,BUY,0.009200670765791,True,SHAP,Gold,-0.2046481370925903,0.2046481370925903,MSCI World ex-US,,-0.088105984032154,Gold,,-0.2046481370925903,Real 2y yield,,0.0393857657909393,
2026-01-27,XGBRegressor,BUY,0.0132118918425971,True,SHAP,Gold,-0.2300817817449569,0.2300817817449569,MSCI World ex-US,,-0.1446925550699234,Gold,,-0.2300817817449569,Real 2y yield,,0.0640794187784195,
2001-09-25,LGBMRegressor,SELL,-0.012368798044962,True,SHAP,MSCI World ex-US,-0.7916086311836563,0.7916086311836563,MSCI World ex-US,,-0.7916086311836563,Gold,,0.0371932787927468,,,,
2001-12-24,LGBMRegressor,SELL,-0.0453054094769822,True,SHAP,Gold,0.0907639618508584,0.0907639618508584,MSCI World ex-US,,0.079404797689605,Gold,,0.0907639618508584,,,,
2002-01-02,LGBMRegressor,BUY,0.0213680629344041,True,SHAP,Gold,0.1174840406183701,0.1174840406183701,MSCI World ex-US,,0.1114502216400385,Gold,,0.1174840406183701,,,,
2002-01-10,LGBMRegressor,BUY,0.0238183232834079,True,SHAP,Gold,-0.3449989791265303,0.3449989791265303,MSCI World ex-US,,0.0887672574532986,Gold,,-0.3449989791265303,,,,
2002-09-13,LGBMRegressor,SELL,-0.0218142730683303,True,SHAP,MSCI World - Dow Jones,-0.0989052737258285,0.0989052737258285,MSCI World - Dow Jones,,-0.0989052737258285,Gold,,0.0264299379079957,VIX Index,,0.0236596858155693,
2003-07-11,LGBMRegressor,SELL,-0.0149285035717369,True,SHAP,Gold,-0.0416993428169402,0.0416993428169402,Gold,,-0.0416993428169402,MSCI World - S&P500,,0.0194547733178014,,,,
2003-08-26,LGBMRegressor,SELL,-0.0450016975146043,True,SHAP,Gold,-0.2740115186568803,0.2740115186568803,Gold,,-0.2740115186568803,MSCI World - S&P500,,0.099319351211985,MOVE Index,,0.0466041019190009,
2004-03-02,LGBMRegressor,SELL,-0.0056219811544857,True,SHAP,Gold,0.6904311130077141,0.6904311130077141,Gold,,0.6904311130077141,MSCI World - S&P500,,0.0749993611480671,,,,
2004-03-26,LGBMRegressor,SELL,-0.0049916805324459,True,SHAP,Gold,-0.8452293259364647,0.8452293259364647,Gold,,-0.8452293259364647,MSCI World - S&P500,,0.1273120486448772,,,,
2004-12-03,LGBMRegressor,BUY,0.0204013681629688,True,SHAP,Gold,-0.5726861050094744,0.5726861050094744,Gold,,-0.5726861050094744,MSCI World ex-US,,-0.076127062851908,Real 2y yield,,-0.0462588327183071,
2005-02-07,LGBMRegressor,SELL,-0.021505376344086,True,SHAP,Real 2y yield,-0.0572980843781232,0.0572980843781232,Gold,,0.042428017857868,MSCI World ex-US,,0.0020669938551572,Real 2y yield,,-0.0572980843781232,
2005-04-07,LGBMRegressor,SELL,-0.0120299274273922,True,SHAP,MSCI World ex-US,-0.1278565956784475,0.1278565956784475,Gold,,0.0988679411694171,MSCI World ex-US,,-0.1278565956784475,,,,
2005-05-31,LGBMRegressor,BUY,0.0373795346711649,True,SHAP,MSCI World ex-US,0.1930436420461891,0.1930436420461891,Gold,,0.1851177077152269,MSCI World ex-US,,0.1930436420461891,,,,
2005-12-12,LGBMRegressor,BUY,0.0105319122003089,True,SHAP,Gold,-0.2009960080333367,0.2009960080333367,Gold,,-0.2009960080333367,MSCI World ex-US,,-0.1348950519685951,,,,
2006-01-23,LGBMRegressor,BUY,0.0364918818206014,True,SHAP,Gold,-0.1444757356768765,0.1444757356768765,MSCI World ex-US,,-0.0999947171416566,Gold,,-0.1444757356768765,JPMVG71M Index,,-0.0013945546331437,
2006-09-07,LGBMRegressor,SELL,-0.0131887296310425,True,SHAP,MSCI World ex-US,0.2230935488640589,0.2230935488640589,MSCI World ex-US,,0.2230935488640589,Real 2y yield,,-0.0089256600364703,BCOM Index,,0.089817695510827,
2006-10-06,LGBMRegressor,SELL,-0.0086165954270982,True,SHAP,Real 2y yield,0.1318543742829755,0.1318543742829755,MSCI World ex-US,,0.1172044276933365,BCOM Index,,-0.0776086806503649,Real 2y yield,,0.1318543742829755,
2006-10-13,LGBMRegressor,SELL,-0.023997086357137,True,SHAP,MSCI World ex-US,-0.1171424162291746,0.1171424162291746,MSCI World ex-US,,-0.1171424162291746,Real 2y yield,,0.0257441345703669,BCOM Index,,-0.0495697251999615,
2006-11-30,LGBMRegressor,BUY,0.0058995327102804,True,SHAP,Real 2y yield,-0.2362504028389036,0.2362504028389036,MSCI World - Dow Jones,,0.0789221444048103,Real 2y yield,,-0.2362504028389036,Gold,,0.0086703024966062,
2007-01-11,LGBMRegressor,SELL,-0.0106972221047735,True,SHAP,Real 2y yield,0.0857890404223413,0.0857890404223413,MSCI World - Dow Jones,,0.004024804517267,Real 2y yield,,0.0857890404223413,Gold,,-0.0363261270898703,
2007-04-24,LGBMRegressor,BUY,0.006434968269972,True,SHAP,Gold,0.254549486623644,0.254549486623644,Gold,,0.254549486623644,MSCI World - Dow Jones,,0.1267674348786066,Real 2y yield,,0.0231307746037668,
2007-06-26,LGBMRegressor,SELL,-0.032031204686503,True,SHAP,MSCI World ex-US,0.1367760662963399,0.1367760662963399,MSCI World ex-US,,0.1367760662963399,Gold,,0.1280142337296544,Real 2y yield,,-0.0210368694180021,
2007-11-16,LGBMRegressor,BUY,0.0137531095020044,True,SHAP,MSCI World ex-US,0.2234784588680948,0.2234784588680948,Gold,,0.0620473638752153,MSCI World ex-US,,0.2234784588680948,,,,
2007-12-21,LGBMRegressor,SELL,-0.0335475636993481,True,SHAP,Gold,-0.4257419907198315,0.4257419907198315,Gold,,-0.4257419907198315,MSCI World ex-US,,-0.1594535513479135,,,,
2008-04-22,LGBMRegressor,BUY,0.028935878777502,True,SHAP,Gold,0.0707789997266987,0.0707789997266987,Gold,,0.0707789997266987,MSCI World ex-US,,-0.0592451674280313,,,,
2008-06-10,LGBMRegressor,SELL,-0.0016173218470476,True,SHAP,Gold,0.5092530565339084,0.5092530565339084,Gold,,0.5092530565339084,MSCI World ex-US,,0.4335771552130211,,,,
2008-06-13,LGBMRegressor,SELL,-0.0186459890588293,True,SHAP,Gold,-0.1498356297440194,0.1498356297440194,Gold,,-0.1498356297440194,MSCI World ex-US,,-0.076861742997816,,,,
2008-09-08,LGBMRegressor,SELL,-0.0291607503176145,True,SHAP,MSCI World ex-US,-0.2735054774006948,0.2735054774006948,Gold,,0.0277787199774673,MSCI World ex-US,,-0.2735054774006948,Real 2y yield,,-0.0557379163212675,
2008-11-13,LGBMRegressor,BUY,0.0138368148544902,True,SHAP,Copper LME,-0.5192162189765439,0.5192162189765439,Copper LME,,-0.5192162189765439,MSCI World ex-US,,0.1270231315875011,,,,
2008-12-17,LGBMRegressor,BUY,0.0295539961628426,True,SHAP,Copper LME,0.2630538533316349,0.2630538533316349,Copper LME,,0.2630538533316349,MSCI World ex-US,,-0.1824695418675552,,,,
2009-02-25,LGBMRegressor,SELL,-0.0235375562478364,True,SHAP,BCOM Index,-0.4314776071080878,0.4314776071080878,MSCI World ex-US,,-0.0248010885364907,BCOM Index,,-0.4314776071080878,10y yield,,0.0872331083279843,
2009-03-05,LGBMRegressor,SELL,-0.1445927961190056,True,SHAP,MSCI World ex-US,0.415194076698459,0.415194076698459,BCOM Index,,0.3066431005785877,MSCI World ex-US,,0.415194076698459,10y yield,,0.1393493755645348,
2009-05-22,LGBMRegressor,BUY,0.0468555020328202,True,SHAP,BCOM Index,-0.3797090803814505,0.3797090803814505,BCOM Index,,-0.3797090803814505,MSCI World ex-US,,-0.136742081089348,5y yield,,0.0056609180174709,
2009-12-17,LGBMRegressor,SELL,-0.0178304461726261,True,SHAP,MSCI World ex-US,0.7503519454504293,0.7503519454504293,MSCI World ex-US,,0.7503519454504293,BCOM Index,,0.0228086339293233,,,,
2009-12-21,LGBMRegressor,SELL,-0.0352075094757871,True,SHAP,MSCI World ex-US,-0.4912937882243187,0.4912937882243187,MSCI World ex-US,,-0.4912937882243187,BCOM Index,,0.2589199740162388,,,,
2009-12-23,LGBMRegressor,SELL,-0.026911012052171,True,SHAP,BCOM Index,-0.6389898732521666,0.6389898732521666,MSCI World ex-US,,-0.3905365504554531,BCOM Index,,-0.6389898732521666,,,,
2010-03-29,LGBMRegressor,SELL,-0.0094897860660148,True,SHAP,Oil,-0.5549004273526124,0.5549004273526124,MSCI World ex-US,,-0.3399503628827645,Oil,,-0.5549004273526124,2y yield,,0.0292729831345238,
2010-06-04,LGBMRegressor,SELL,-0.0395346813984414,True,SHAP,MSCI World ex-US,0.7710898899385417,0.7710898899385417,Oil,,0.1309476036478147,MSCI World ex-US,,0.7710898899385417,10y yield,,-0.0069230215239176,
2010-06-09,LGBMRegressor,SELL,-0.0335851075743813,True,SHAP,MSCI World ex-US,-0.6452458998203361,0.6452458998203361,Oil,,-0.3532331779983312,MSCI World ex-US,,-0.6452458998203361,10y yield,,-0.0628038987223919,
2010-09-14,LGBMRegressor,SELL,-0.044375353306953,True,SHAP,MSCI World ex-US,-0.2849958096251783,0.2849958096251783,BCOM Index,,-0.0184114489535924,MSCI World ex-US,,-0.2849958096251783,10y yield,,0.057074914154792,
2010-12-07,LGBMRegressor,SELL,-0.0081167654689606,True,SHAP,MSCI World ex-US,-0.2263097599098719,0.2263097599098719,Oil,,0.0657331885374815,MSCI World ex-US,,-0.2263097599098719,,,,
2010-12-09,LGBMRegressor,SELL,-0.0063665632160572,True,SHAP,MSCI World ex-US,-0.1900838783070337,0.1900838783070337,Oil,,-0.0182798434246703,MSCI World ex-US,,-0.1900838783070337,,,,
2011-01-07,LGBMRegressor,SELL,-0.0506818116297171,True,SHAP,Oil,0.0993773333560813,0.0993773333560813,Oil,,0.0993773333560813,MSCI World ex-US,,0.0708743963037223,,,,
2011-04-27,LGBMRegressor,BUY,0.0495743200715541,True,SHAP,MSCI World ex-US,0.241973310746391,0.241973310746391,MSCI World ex-US,,0.241973310746391,Oil,,-0.1228268133093503,,,,
2011-06-24,LGBMRegressor,SELL,-0.0175611407815553,True,SHAP,Oil,0.1442543903152756,0.1442543903152756,MSCI World ex-US,,-0.0694600582264273,Oil,,0.1442543903152756,2y yield,,0.02910949142437,
2011-07-08,LGBMRegressor,SELL,-0.008021055270084,True,SHAP,MSCI World ex-US,0.3095122056095716,0.3095122056095716,MSCI World ex-US,,0.3095122056095716,Oil,,0.0010851710814219,2y yield,,0.0331297944494855,
2012-01-11,LGBMRegressor,SELL,-0.0283466155553313,True,SHAP,MSCI World ex-US,0.3692552496409774,0.3692552496409774,MSCI World ex-US,,0.3692552496409774,BCOM Index,,0.0368578678977739,2y yield,,-0.0220208322228888,
2012-01-13,LGBMRegressor,SELL,-0.0355840329524164,True,SHAP,MSCI World ex-US,0.3310655340394972,0.3310655340394972,MSCI World ex-US,,0.3310655340394972,BCOM Index,,0.0239234653100862,2y yield,,-0.0127256317464788,
2012-10-09,LGBMRegressor,SELL,-0.0073471216307026,True,SHAP,MSCI World ex-US,0.2258669778119499,0.2258669778119499,MSCI World ex-US,,0.2258669778119499,Copper LME,,0.0127497904974941,2y yield,,-0.0941755769424496,
2012-10-25,LGBMRegressor,SELL,-0.0057816388263868,True,SHAP,MSCI World ex-US,-0.2163570164140368,0.2163570164140368,MSCI World ex-US,,-0.2163570164140368,Copper LME,,-0.0032970381675841,2y yield,,-0.1364954942319535,
2013-01-08,LGBMRegressor,SELL,-0.0078953786123643,True,SHAP,MSCI World ex-US,0.0925612158902704,0.0925612158902704,MSCI World ex-US,,0.0925612158902704,Copper LME,,-0.042403032226609,2y yield,,0.0422521391356925,
2013-05-22,LGBMRegressor,SELL,-0.0080092738960901,True,SHAP,2y yield,0.0633690521940084,0.0633690521940084,MSCI World ex-US,,0.0368840479228484,2y yield,,0.0633690521940084,BCOM Index,,-0.0454942421125505,
2013-05-28,LGBMRegressor,SELL,-0.0256749721085906,True,SHAP,2y yield,0.0559761158862876,0.0559761158862876,MSCI World ex-US,,0.047914034600721,2y yield,,0.0559761158862876,BCOM Index,,-0.0352544802086201,
2013-07-09,LGBMRegressor,SELL,-0.0510238631512315,True,SHAP,MSCI World ex-US,-0.1999848461579901,0.1999848461579901,MSCI World ex-US,,-0.1999848461579901,2y yield,,0.0711375790658512,BCOM Index,,-0.0149868152074584,
2013-10-01,LGBMRegressor,BUY,0.021932582856424,True,SHAP,BCOM Index,0.2679140050232641,0.2679140050232641,2y yield,,-0.1639268513426595,MSCI World ex-US,,-0.0637072633685851,BCOM Index,,0.2679140050232641,
2014-01-23,LGBMRegressor,BUY,0.0153613188254211,True,SHAP,2y yield,-0.1249733374591048,0.1249733374591048,2y yield,,-0.1249733374591048,MSCI World ex-US,,-0.0238616014298552,BCOM Index,,-0.0189568114813231,
2014-01-27,LGBMRegressor,BUY,0.0093439023250745,True,SHAP,MSCI World ex-US,0.4316239251029208,0.4316239251029208,2y yield,,-0.0869581957016441,MSCI World ex-US,,0.4316239251029208,BCOM Index,,0.225236127145593,
2014-02-11,LGBMRegressor,BUY,0.0090544822016525,True,SHAP,2y yield,0.0732627871162224,0.0732627871162224,2y yield,,0.0732627871162224,MSCI World ex-US,,-0.0361377493620865,Gold,,-0.0541434016086558,
2014-03-17,LGBMRegressor,BUY,0.0189858472001385,True,SHAP,MSCI World ex-US,-0.1495867616116796,0.1495867616116796,2y yield,,0.0258035765516067,MSCI World ex-US,,-0.1495867616116796,Gold,,0.1162382644080843,
2014-03-24,LGBMRegressor,BUY,0.0198949770262244,True,SHAP,2y yield,0.1721875641509013,0.1721875641509013,2y yield,,0.1721875641509013,MSCI World ex-US,,0.0413030077071185,Gold,,0.1466688423635311,
2014-08-12,LGBMRegressor,BUY,0.0115876708345448,True,SHAP,MSCI World ex-US,0.0622036689039737,0.0622036689039737,5y yield,,-0.0211362487374189,MSCI World ex-US,,0.0622036689039737,Gold,,-0.012687589629572,
2014-08-14,LGBMRegressor,BUY,0.0165347097677268,True,SHAP,MSCI World ex-US,-0.1146703481641819,0.1146703481641819,5y yield,,-0.0254569215663384,MSCI World ex-US,,-0.1146703481641819,Gold,,0.0076735521667252,
2014-09-26,LGBMRegressor,SELL,-0.0045544608949309,True,SHAP,5y yield,0.1236161205690374,0.1236161205690374,5y yield,,0.1236161205690374,MSCI World ex-US,,-0.0083989532547904,Gold,,-0.0213414736864085,
2014-10-31,LGBMRegressor,SELL,-0.0010144182649388,True,SHAP,5y yield,0.1198474233552758,0.1198474233552758,5y yield,,0.1198474233552758,Gold,,0.0253626675037601,Local - Dow Jones,,-0.0437370155431144,
2014-11-11,LGBMRegressor,BUY,0.0048855085800898,True,SHAP,5y yield,0.1473893075240559,0.1473893075240559,5y yield,,0.1473893075240559,Gold,,-0.0263302255170388,Local - Dow Jones,,-0.0069045151521852,
2014-11-18,LGBMRegressor,BUY,0.0209102257924445,True,SHAP,MSCI World ex-US,-0.0605275660447053,0.0605275660447053,5y yield,,-0.0221199211942753,Gold,,0.0076229877153215,MSCI World ex-US,,-0.0605275660447053,
2015-05-13,LGBMRegressor,BUY,0.0323571177163108,True,SHAP,Local - Dow Jones,0.4921760861965471,0.4921760861965471,Gold,,-0.1959344357115924,Local - Dow Jones,,0.4921760861965471,2y yield,,0.185298261730144,
2015-12-28,LGBMRegressor,BUY,0.019850464610754,True,SHAP,2y yield,0.1749906822393693,0.1749906822393693,2y yield,,0.1749906822393693,Gold,,0.0893343383265032,Local Index,,-0.0539870087921121,
2017-10-27,LGBMRegressor,SELL,-0.0022574711545351,True,SHAP,5y yield,-0.1450801611494166,0.1450801611494166,5y yield,,-0.1450801611494166,Gold,,-0.0875026040862213,MSCI World ex-US,,0.0273806571463184,
2018-09-20,LGBMRegressor,BUY,0.0326544103399935,True,SHAP,Gold,-0.1571606542055513,0.1571606542055513,Gold,,-0.1571606542055513,MSCI World ex-US,,-0.1513351840454386,,,,
2018-10-16,LGBMRegressor,BUY,0.0302254558519716,True,SHAP,MSCI World ex-US,-0.1077995925119826,0.1077995925119826,Gold,,-0.0856631318546231,MSCI World ex-US,,-0.1077995925119826,Real 2y yield,,-0.0015384648345779,
2018-12-25,LGBMRegressor,SELL,-0.0148968804828796,True,SHAP,Gold,-0.0738438789755519,0.0738438789755519,Gold,,-0.0738438789755519,Local - Dow Jones,,-0.0410529221887317,Real 2y yield,,0.0228987803767814,
2019-01-02,LGBMRegressor,SELL,-0.0019629588554951,True,SHAP,Gold,-0.0720409896569807,0.0720409896569807,Gold,,-0.0720409896569807,Local - Dow Jones,,-0.0393606303884914,Real 2y yield,,0.0103013205686216,
2019-08-28,LGBMRegressor,SELL,-0.0052546608121587,True,SHAP,Gold,0.0697753979652899,0.0697753979652899,Gold,,0.0697753979652899,MSCI World ex-US,,0.0511358020120537,10y yield,,0.0654794679689561,
2019-09-05,LGBMRegressor,BUY,0.0008979532857864,True,SHAP,Gold,0.1376791937723854,0.1376791937723854,Gold,,0.1376791937723854,Local - S&P500,,-0.0418303136278314,10y yield,,0.0011764451452851,
2019-11-26,LGBMRegressor,SELL,-0.0094892489937226,True,SHAP,Copper LME,-0.1033059135261516,0.1033059135261516,Copper LME,,-0.1033059135261516,MSCI World ex-US,,0.0194476909468229,10y yield,,-0.0050795588535797,
2020-03-03,LGBMRegressor,BUY,0.0432244717009013,True,SHAP,10y yield,-0.1447610112684681,0.1447610112684681,Copper LME,,0.0313317315161182,10y yield,,-0.1447610112684681,MSCI World ex-US,,-0.0408802441990663,
2020-03-18,LGBMRegressor,SELL,-0.0246280943427473,True,SHAP,Copper LME,0.1555793867471162,0.1555793867471162,Copper LME,,0.1555793867471162,MSCI World ex-US,,0.1480641384198872,Real 2y yield,,0.1220052923368637,
2020-06-15,LGBMRegressor,BUY,0.0051714664339506,True,SHAP,Copper LME,0.2927562973365934,0.2927562973365934,Copper LME,,0.2927562973365934,MSCI World ex-US,,0.1822166520717508,Real 2y yield,,0.1135971078429282,
2020-07-27,LGBMRegressor,BUY,0.0029312082073831,True,SHAP,Copper LME,0.0086025626747171,0.0086025626747171,Copper LME,,0.0086025626747171,MSCI World ex-US,,-0.0040113705124239,MOVE Index,,-0.0079545572448913,
2020-12-21,LGBMRegressor,BUY,0.0008972851062798,True,SHAP,Copper LME,0.4643126119050269,0.4643126119050269,MSCI World ex-US,,0.293801584313738,Copper LME,,0.4643126119050269,MOVE Index,,-0.0966437001915028,
2021-01-11,LGBMRegressor,SELL,-0.0027572422761095,True,SHAP,Copper LME,0.3696542605698976,0.3696542605698976,Copper LME,,0.3696542605698976,MSCI World ex-US,,0.1759225968491073,MOVE Index,,-0.034629772935299,
2021-01-19,LGBMRegressor,BUY,0.005748916089779,True,SHAP,Copper LME,0.1158336714981727,0.1158336714981727,Copper LME,,0.1158336714981727,MSCI World ex-US,,-0.0337144964937268,MOVE Index,,-0.009935229719607,
2021-01-21,LGBMRegressor,BUY,0.0232957361670234,True,SHAP,Copper LME,0.1216429486232974,0.1216429486232974,Copper LME,,0.1216429486232974,MSCI World ex-US,,-0.0352880890424798,JPMVG71M Index,,-0.0104291300038769,
2021-03-08,LGBMRegressor,SELL,-0.0086083380898575,True,SHAP,MOVE Index,0.2529996864026229,0.2529996864026229,MSCI World ex-US,,-0.0176296735031756,BCOM Index,,0.0659384131915532,MOVE Index,,0.2529996864026229,
2021-03-29,LGBMRegressor,SELL,-0.0142448177146208,True,SHAP,MSCI World ex-US,0.1358478531179465,0.1358478531179465,MSCI World ex-US,,0.1358478531179465,BCOM Index,,0.1100631522604337,MOVE Index,,0.0078410500461734,
2021-07-09,LGBMRegressor,BUY,0.0137670337875677,True,SHAP,2y yield,0.3982102206006235,0.3982102206006235,MSCI World ex-US,,-0.1277290169749652,Gold,,-0.0224077903765742,2y yield,,0.3982102206006235,
2021-08-17,LGBMRegressor,SELL,-0.0152556694909449,True,SHAP,MSCI World ex-US,0.0677375530804399,0.0677375530804399,MSCI World ex-US,,0.0677375530804399,Gold,,-0.0590009458155435,2y yield,,0.0155521274397232,
2021-08-20,LGBMRegressor,SELL,-0.029335242055512,True,SHAP,Gold,-0.0718503457282542,0.0718503457282542,MSCI World ex-US,,0.0250991685492828,Gold,,-0.0718503457282542,2y yield,,0.0162172859557036,
2021-09-28,LGBMRegressor,BUY,0.0061939708963512,True,SHAP,MSCI World ex-US,0.473875416547528,0.473875416547528,MSCI World ex-US,,0.473875416547528,Gold,,0.3764574493299481,2y yield,,0.2060683655657987,
2021-11-01,LGBMRegressor,BUY,0.033111883187004,True,SHAP,MSCI World ex-US,-0.3476791217091465,0.3476791217091465,MSCI World ex-US,,-0.3476791217091465,Gold,,-0.1134249509495872,5y yield,,0.0200200188510697,
2021-11-24,LGBMRegressor,SELL,-0.0097812633492885,True,SHAP,Gold,-0.0430288518170421,0.0430288518170421,MSCI World ex-US,,0.0338108922558647,Gold,,-0.0430288518170421,VIX Index,,0.0,
2021-11-26,LGBMRegressor,SELL,-0.0118199181446111,True,SHAP,MSCI World ex-US,0.2427306867908315,0.2427306867908315,MSCI World ex-US,,0.2427306867908315,Gold,,-0.2065910466504518,VIX Index,,0.0,
2022-02-03,LGBMRegressor,BUY,0.0271013138365125,True,SHAP,MSCI World ex-US,0.3046372961259919,0.3046372961259919,Gold,,0.0778831668588765,MSCI World ex-US,,0.3046372961259919,5y yield,,-0.0367336373717343,
2022-03-03,LGBMRegressor,SELL,-0.032845141014317,True,SHAP,MSCI World ex-US,0.3496796870715573,0.3496796870715573,MSCI World ex-US,,0.3496796870715573,Gold,,-0.0607854318837572,Real 2y yield,,-0.1063990301047945,
2022-04-20,LGBMRegressor,BUY,0.0331362326212274,True,SHAP,MSCI World ex-US,-0.3195607212380398,0.3195607212380398,MSCI World ex-US,,-0.3195607212380398,5y yield,,-0.0903438564986188,Copper LME,,0.0940528654115232,
2022-07-05,LGBMRegressor,SELL,-0.0262271048322608,True,SHAP,MSCI World ex-US,0.7262245781623354,0.7262245781623354,MSCI World ex-US,,0.7262245781623354,Copper LME,,-0.0713644083014793,Real 2y yield,,0.122861731735375,
2022-08-31,LGBMRegressor,BUY,0.0033678246104487,True,SHAP,MSCI World ex-US,0.1331978286482748,0.1331978286482748,MSCI World ex-US,,0.1331978286482748,Real 2y yield,,0.0989671317169934,Copper LME,,0.0003446010330435,
2022-09-07,LGBMRegressor,BUY,0.0351364235439275,True,SHAP,MSCI World ex-US,0.2872766370057334,0.2872766370057334,MSCI World ex-US,,0.2872766370057334,Real 2y yield,,0.0038067841018195,Copper LME,,1.9389117526336834e-05,
2022-09-16,LGBMRegressor,BUY,0.0318702485414126,True,SHAP,MSCI World ex-US,0.4681997249184249,0.4681997249184249,MSCI World ex-US,,0.4681997249184249,Real 2y yield,,-0.0268016875291194,Copper LME,,0.0041835899070796,
2022-09-30,LGBMRegressor,BUY,0.0194333225119935,True,SHAP,Real 2y yield,0.4891791342457834,0.4891791342457834,MSCI World ex-US,,-0.1550709688271705,Copper LME,,0.0285761816418165,Real 2y yield,,0.4891791342457834,
2023-03-09,LGBMRegressor,SELL,-0.0386290052472926,True,SHAP,Gold,-0.6028480955861325,0.6028480955861325,MSCI World ex-US,,-0.0093303469470366,Gold,,-0.6028480955861325,5y yield,,-0.0786954146091593,
2023-04-27,LGBMRegressor,BUY,0.004177515252788,True,SHAP,MSCI World ex-US,0.1789862469052244,0.1789862469052244,MSCI World ex-US,,0.1789862469052244,Gold,,0.0421784398234452,2y yield,,0.1128292492360325,
2023-05-05,LGBMRegressor,BUY,0.0363591660110149,True,SHAP,Gold,0.3786015502001403,0.3786015502001403,MSCI World ex-US,,-0.2955608683004508,Gold,,0.3786015502001403,5y yield,,0.1078185434211076,
2023-05-30,LGBMRegressor,SELL,-0.0172737306843266,True,SHAP,MSCI World ex-US,0.234615350314189,0.234615350314189,MSCI World ex-US,,0.234615350314189,Gold,,-0.0518621316650313,5y yield,,-0.0222717681508636,
2023-06-05,LGBMRegressor,SELL,-0.013020234272201,True,SHAP,MSCI World ex-US,-0.1181955894415116,0.1181955894415116,MSCI World ex-US,,-0.1181955894415116,Gold,,-0.0306239256301418,5y yield,,-0.0229014040713755,
2023-08-04,LGBMRegressor,BUY,0.0385484526724846,True,SHAP,MSCI World ex-US,-0.3049028187057338,0.3049028187057338,MSCI World ex-US,,-0.3049028187057338,BCOM Index,,-0.021668291983097,5y yield,,-0.1127823816638605,
2023-10-16,LGBMRegressor,BUY,0.0207550971807506,True,SHAP,Copper LME,-0.0704619546040041,0.0704619546040041,MSCI World ex-US,,0.0678065487278946,Copper LME,,-0.0704619546040041,5y yield,,0.0633689818062676,
2023-10-19,LGBMRegressor,BUY,0.0143881610160212,True,SHAP,MSCI World ex-US,0.4879565168334038,0.4879565168334038,MSCI World ex-US,,0.4879565168334038,Copper LME,,-0.0523206748550501,5y yield,,-0.0188680102693984,
2023-12-22,LGBMRegressor,BUY,0.0251439654482923,True,SHAP,MSCI World ex-US,-0.1116212968285429,0.1116212968285429,MSCI World ex-US,,-0.1116212968285429,Copper LME,,0.0542397521483021,5y yield,,-0.0639661054986196,
2023-12-26,LGBMRegressor,BUY,0.0256102440976391,True,SHAP,MSCI World ex-US,0.1469167514338453,0.1469167514338453,MSCI World ex-US,,0.1469167514338453,Copper LME,,0.0201260221090332,5y yield,,-0.0364647752420377,
2024-07-02,LGBMRegressor,BUY,0.0014650283553874,True,SHAP,5y yield,-0.2645989424809386,0.2645989424809386,MSCI World ex-US,,-0.214411373901023,5y yield,,-0.2645989424809386,Gold,,0.082951314092211,
2024-08-20,LGBMRegressor,BUY,0.0098966243692126,True,SHAP,5y yield,-0.1342658723222746,0.1342658723222746,5y yield,,-0.1342658723222746,MSCI World ex-US,,-0.0569097227254124,Gold,,-0.0655668715761546,
2024-12-17,LGBMRegressor,BUY,0.0098971065786113,True,SHAP,MSCI World ex-US,0.0954512240830987,0.0954512240830987,5y yield,,-0.054848115225521,MSCI World ex-US,,0.0954512240830987,Gold,,0.0350039394092835,
2024-12-19,LGBMRegressor,BUY,0.011204481792717,True,SHAP,5y yield,-0.4182617090414498,0.4182617090414498,5y yield,,-0.4182617090414498,MSCI World ex-US,,0.1816909413322696,Gold,,-0.0850179417569182,
2024-12-25,LGBMRegressor,BUY,0.0091401060614286,True,SHAP,MSCI World ex-US,0.0853801392789929,0.0853801392789929,5y yield,,0.059508902857652,MSCI World ex-US,,0.0853801392789929,Gold,,-0.0565537113033834,
2025-09-16,LGBMRegressor,BUY,0.0202496262107523,True,SHAP,Copper LME,0.1364710334903837,0.1364710334903837,MSCI World ex-US,,0.0072695153601025,Copper LME,,0.1364710334903837,Real 2y yield,,-0.0067026047489613,
2025-10-08,LGBMRegressor,SELL,-0.0030418653948066,True,SHAP,Gold,-0.2743308037406569,0.2743308037406569,MSCI World ex-US,,-0.0148173477484338,Gold,,-0.2743308037406569,Real 2y yield,,0.1275750281720897,
2026-01-23,LGBMRegressor,BUY,0.009200670765791,True,SHAP,Gold,-0.1260916135774608,0.1260916135774608,MSCI World ex-US,,-0.0529511550165123,Gold,,-0.1260916135774608,Real 2y yield,,0.0222029060778313,
2026-01-27,LGBMRegressor,BUY,0.0132118918425971,True,SHAP,Gold,-0.1521117317841532,0.1521117317841532,MSCI World ex-US,,-0.1124143417619464,Gold,,-0.1521117317841532,Real 2y yield,,0.0290446795899352,
2001-09-25,SGDRegressor,SELL,-0.012368798044962048,True,BETA,MSCI World ex-US,-0.23304347769003014,0.23304347769003014,MSCI World ex-US,-0.23304347769003014,,Gold,-0.2125239751653299,,,,,BETA
2001-12-21,SGDRegressor,SELL,-0.032292878861819085,True,BETA,MSCI World ex-US,-0.1982230674440051,0.1982230674440051,MSCI World ex-US,-0.1982230674440051,,Gold,-0.17769931173025585,,,,,BETA
2002-01-02,SGDRegressor,BUY,0.021368062934404186,True,BETA,MSCI World ex-US,-0.20117908306955706,0.20117908306955706,MSCI World ex-US,-0.20117908306955706,,Gold,-0.17601636099261814,,,,,BETA
2002-09-13,SGDRegressor,SELL,-0.021814273068330392,True,BETA,MSCI World - Dow Jones,-0.11356990231779181,0.11356990231779181,MSCI World - Dow Jones,-0.11356990231779181,,Gold,-0.06480801269374699,,VIX Index,0.01663795235302996,,BETA
2002-11-15,SGDRegressor,BUY,0.00869400448075619,True,BETA,MSCI World - Wilshire,-0.11837800231109943,0.11837800231109943,MSCI World - Wilshire,-0.11837800231109943,,Gold,-0.10550795061913756,,,,,BETA
2003-03-14,SGDRegressor,SELL,-0.0036042971620534603,True,BETA,Gold,-0.22011378160195852,0.22011378160195852,Gold,-0.22011378160195852,,MSCI World - Dow Jones,-0.06551914900468643,,,,,BETA
2003-05-09,SGDRegressor,SELL,-0.028916627060559863,True,BETA,Gold,-0.21726918093057895,0.21726918093057895,Gold,-0.21726918093057895,,MSCI World - Dow Jones,-0.05980240894677818,,VIX Index,0.06298277238772489,,BETA
2003-05-13,SGDRegressor,SELL,-0.02342600626202418,True,BETA,Gold,-0.21784642942608537,0.21784642942608537,Gold,-0.21784642942608537,,MSCI World - Dow Jones,-0.060321942935428606,,VIX Index,0.06135148261098497,,BETA
2003-05-21,SGDRegressor,SELL,-0.00543457558250271,True,BETA,Gold,-0.21757432180938274,0.21757432180938274,Gold,-0.21757432180938274,,MSCI World - Dow Jones,-0.061798548042212464,,VIX Index,0.04450195884655318,,BETA
2003-07-15,SGDRegressor,SELL,-0.017663392496727992,True,BETA,Gold,-0.26880116105257945,0.26880116105257945,Gold,-0.26880116105257945,,MSCI World - S&P500,-0.08924766497815999,,,,,BETA
2003-07-17,SGDRegressor,SELL,-0.002452706476602007,True,BETA,Gold,-0.27060156727805346,0.27060156727805346,Gold,-0.27060156727805346,,MSCI World - S&P500,-0.08740121628520005,,,,,BETA
2004-03-02,SGDRegressor,SELL,-0.005621981154485756,True,BETA,Gold,-0.4067539257369989,0.4067539257369989,Gold,-0.4067539257369989,,MSCI World - S&P500,-0.16162877614901464,,,,,BETA
2004-03-17,SGDRegressor,SELL,-0.002805123319572278,True,BETA,Gold,-0.43502782297180737,0.43502782297180737,Gold,-0.43502782297180737,,MSCI World - S&P500,-0.15512253498519943,,,,,BETA
2004-03-24,SGDRegressor,SELL,-0.014058535819841511,True,BETA,Gold,-0.43888148112136327,0.43888148112136327,Gold,-0.43888148112136327,,MSCI World - S&P500,-0.1511971697070981,,,,,BETA
2004-08-25,SGDRegressor,SELL,-0.013569290414463309,True,BETA,Gold,-0.48925468880579204,0.48925468880579204,Gold,-0.48925468880579204,,MSCI World - Dow Jones,-0.12613675776661457,,Real 2y yield,-0.1278201699358149,,BETA
2004-08-30,SGDRegressor,SELL,-0.0204566764834061,True,BETA,Gold,-0.4971062909892386,0.4971062909892386,Gold,-0.4971062909892386,,MSCI World - Dow Jones,-0.12515245353198443,,Real 2y yield,-0.12993368832376445,,BETA
2004-10-04,SGDRegressor,SELL,-0.013727460351944387,True,BETA,Gold,-0.4795466411550655,0.4795466411550655,Gold,-0.4795466411550655,,MSCI World ex-US,-0.10528410751541123,,Real 2y yield,-0.1354769924238024,,BETA
2004-11-26,SGDRegressor,BUY,0.01056018111678747,True,BETA,Gold,-0.4715019248926916,0.4715019248926916,Gold,-0.4715019248926916,,MSCI World ex-US,-0.09945745039627939,,Real 2y yield,-0.11729245967049091,,BETA
2004-12-03,SGDRegressor,BUY,0.02040136816296889,True,BETA,Gold,-0.4711993651259104,0.4711993651259104,Gold,-0.4711993651259104,,MSCI World ex-US,-0.09829320571013175,,Real 2y yield,-0.12030587688791579,,BETA
2005-02-07,SGDRegressor,SELL,-0.021505376344086002,True,BETA,Gold,-0.4786833471774943,0.4786833471774943,Gold,-0.4786833471774943,,MSCI World ex-US,-0.08464651925375895,,Real 2y yield,-0.0654348755477837,,BETA
2005-02-11,SGDRegressor,SELL,-0.03173593440769007,True,BETA,Gold,-0.4700371977187235,0.4700371977187235,Gold,-0.4700371977187235,,MSCI World ex-US,-0.08582073033667868,,Real 2y yield,-0.07036847125551358,,BETA
2005-05-31,SGDRegressor,BUY,0.03737953467116495,True,BETA,Gold,-0.4776932914170403,0.4776932914170403,Gold,-0.4776932914170403,,MSCI World ex-US,-0.12094439023980183,,,,,BETA
2005-06-28,SGDRegressor,SELL,-0.014276020127267808,True,BETA,Gold,-0.44648878964974065,0.44648878964974065,Gold,-0.44648878964974065,,MSCI World ex-US,-0.17314765002914095,,,,,BETA
2005-12-14,SGDRegressor,BUY,0.012127150565000688,True,BETA,Gold,-0.2283263697264201,0.2283263697264201,MSCI World ex-US,-0.207790460350842,,Gold,-0.2283263697264201,,,,,BETA
2005-12-19,SGDRegressor,BUY,0.015037498086832413,True,BETA,MSCI World ex-US,-0.2182398612892048,0.2182398612892048,MSCI World ex-US,-0.2182398612892048,,Gold,-0.21064559182838077,,,,,BETA
2006-07-25,SGDRegressor,SELL,-0.027295959980425222,True,BETA,MSCI World ex-US,-0.1729247134408412,0.1729247134408412,MSCI World ex-US,-0.1729247134408412,,Real 2y yield,-0.10476603849356748,,Gold,-0.10379513595238139,,BETA
2006-10-13,SGDRegressor,SELL,-0.023997086357137043,True,BETA,MSCI World ex-US,-0.20288125892811892,0.20288125892811892,MSCI World ex-US,-0.20288125892811892,,Real 2y yield,-0.11633479859893345,,BCOM Index,-0.07124785777178283,,BETA
2007-01-09,SGDRegressor,SELL,-0.006696015158638491,True,BETA,Real 2y yield,-0.17057325983917543,0.17057325983917543,MSCI World - Dow Jones,-0.15464374245856408,,Real 2y yield,-0.17057325983917543,,Gold,-0.1498504522679385,,BETA
2007-01-17,SGDRegressor,SELL,-0.009860078082699286,True,BETA,Real 2y yield,-0.18388730421985405,0.18388730421985405,MSCI World ex-US,-0.17978980009296563,,Real 2y yield,-0.18388730421985405,,Gold,-0.13609094190298285,,BETA
2007-04-24,SGDRegressor,BUY,0.00643496826997203,True,BETA,Gold,-0.1836757673728732,0.1836757673728732,Gold,-0.1836757673728732,,MSCI World - Dow Jones,-0.1410998461154138,,Real 2y yield,-0.13838926789034114,,BETA
2007-12-21,SGDRegressor,SELL,-0.03354756369934819,True,BETA,Gold,-0.24748780781111993,0.24748780781111993,Gold,-0.24748780781111993,,MSCI World ex-US,-0.08480275675354255,,,,,BETA
2008-02-08,SGDRegressor,SELL,-0.0341738246975154,True,BETA,Gold,-0.28633347640609086,0.28633347640609086,Gold,-0.28633347640609086,,MSCI World ex-US,-0.09441179700328683,,,,,BETA
2008-06-10,SGDRegressor,SELL,-0.0016173218470476591,True,BETA,Gold,-0.30621911906398963,0.30621911906398963,Gold,-0.30621911906398963,,MSCI World ex-US,-0.10867780857242106,,,,,BETA
2008-06-12,SGDRegressor,SELL,-0.017262943093177108,True,BETA,Gold,-0.31240687532124445,0.31240687532124445,Gold,-0.31240687532124445,,MSCI World ex-US,-0.10979616269941593,,,,,BETA
2008-10-24,SGDRegressor,SELL,-0.0020919183899789084,True,BETA,Copper LME,-0.2071805204715848,0.2071805204715848,Copper LME,-0.2071805204715848,,MSCI World ex-US,-0.10892338924759233,,JPMVG71M Index,-0.0407959608456993,,BETA
2008-11-13,SGDRegressor,BUY,0.013836814854490287,True,BETA,Copper LME,-0.26013340151182135,0.26013340151182135,Copper LME,-0.26013340151182135,,MSCI World ex-US,-0.16501992912066238,,,,,BETA
2009-02-25,SGDRegressor,SELL,-0.02353755624783649,True,BETA,MSCI World ex-US,-0.36886208737948556,0.36886208737948556,MSCI World ex-US,-0.36886208737948556,,BCOM Index,-0.31095228336699754,,10y yield,-0.09205160893083472,,BETA
2009-03-05,SGDRegressor,SELL,-0.14459279611900566,True,BETA,MSCI World ex-US,-0.4295151969806491,0.4295151969806491,BCOM Index,-0.37775441868253556,,MSCI World ex-US,-0.4295151969806491,,10y yield,-0.159373912500911,,BETA
2009-07-31,SGDRegressor,BUY,0.00030591670722390774,True,BETA,BCOM Index,-0.5446723038835856,0.5446723038835856,BCOM Index,-0.5446723038835856,,Local Index,-0.5028056209602954,,JPMVG71M Index,0.010365499050566817,,BETA
2010-01-05,SGDRegressor,SELL,-0.006865310486480425,True,BETA,MSCI World ex-US,-0.7652741047209106,0.7652741047209106,MSCI World ex-US,-0.7652741047209106,,BCOM Index,-0.4613809889868171,,,,,BETA
2010-03-30,SGDRegressor,SELL,-0.017257975797579816,True,BETA,MSCI World ex-US,-0.6792915681839319,0.6792915681839319,MSCI World ex-US,-0.6792915681839319,,Oil,-0.44242864785481395,,2y yield,0.129193810044772,,BETA
2010-09-14,SGDRegressor,SELL,-0.04437535330695308,True,BETA,MSCI World ex-US,-0.4477646697011366,0.4477646697011366,BCOM Index,-0.22119190625708193,,MSCI World ex-US,-0.4477646697011366,,10y yield,-0.15456371562681173,,BETA
2011-01-31,SGDRegressor,BUY,0.005754257530167228,True,BETA,MSCI World ex-US,-0.3931755145035696,0.3931755145035696,MSCI World ex-US,-0.3931755145035696,,Oil,-0.23369345030887953,,2y yield,0.08834581416774974,,BETA
2011-07-08,SGDRegressor,SELL,-0.00802105527008401,True,BETA,MSCI World ex-US,-0.4632210396360738,0.4632210396360738,MSCI World ex-US,-0.4632210396360738,,Oil,-0.1992887303935265,,2y yield,0.05206065484340869,,BETA
2011-11-28,SGDRegressor,SELL,-0.013632384806348319,True,BETA,MSCI World ex-US,-0.4134503698068665,0.4134503698068665,MSCI World ex-US,-0.4134503698068665,,BCOM Index,-0.12998111219153707,,2y yield,0.004785054187531488,,BETA
2012-01-05,SGDRegressor,SELL,-0.026607634732697782,True,BETA,MSCI World ex-US,-0.4341644646375644,0.4341644646375644,MSCI World ex-US,-0.4341644646375644,,BCOM Index,-0.11464470730181424,,2y yield,-0.025561722480081192,,BETA
2012-01-11,SGDRegressor,SELL,-0.028346615555331356,True,BETA,MSCI World ex-US,-0.4325436428427882,0.4325436428427882,MSCI World ex-US,-0.4325436428427882,,BCOM Index,-0.12595200084491262,,2y yield,-0.030631003782427495,,BETA
2012-01-13,SGDRegressor,SELL,-0.03558403295241641,True,BETA,MSCI World ex-US,-0.4334484577354156,0.4334484577354156,MSCI World ex-US,-0.4334484577354156,,BCOM Index,-0.12409009426699316,,2y yield,-0.03252240479060051,,BETA
2012-05-30,SGDRegressor,SELL,-0.031834948249284345,True,BETA,MSCI World ex-US,-0.45212794748843493,0.45212794748843493,MSCI World ex-US,-0.45212794748843493,,BCOM Index,-0.09410640192279786,,2y yield,0.052995566296390816,,BETA
2013-01-15,SGDRegressor,SELL,-0.019876311498107757,True,BETA,MSCI World ex-US,-0.33746721318128575,0.33746721318128575,MSCI World ex-US,-0.33746721318128575,,Copper LME,-0.036605099809564196,,2y yield,0.14957784938757526,,BETA
2013-01-18,SGDRegressor,SELL,-0.03162079604586554,True,BETA,MSCI World ex-US,-0.3372217554471794,0.3372217554471794,MSCI World ex-US,-0.3372217554471794,,Copper LME,-0.035975211389966996,,2y yield,0.14963168942347105,,BETA
2013-04-05,SGDRegressor,BUY,0.014277077617076639,True,BETA,MSCI World ex-US,-0.2544636307798185,0.2544636307798185,MSCI World ex-US,-0.2544636307798185,,Copper LME,-0.0844614609750375,,2y yield,0.17326298499252046,,BETA
2013-04-11,SGDRegressor,BUY,0.03917279151387332,True,BETA,MSCI World ex-US,-0.23948192890181855,0.23948192890181855,MSCI World ex-US,-0.23948192890181855,,Copper LME,-0.09166866790761553,,2y yield,0.16938084761367408,,BETA
2013-04-16,SGDRegressor,BUY,0.018842424528153767,True,BETA,MSCI World ex-US,-0.24649504715382364,0.24649504715382364,MSCI World ex-US,-0.24649504715382364,,Copper LME,-0.09101688787460294,,2y yield,0.16622508679991788,,BETA
2013-06-13,SGDRegressor,BUY,0.04027239457063869,True,BETA,2y yield,0.2839277389081657,0.2839277389081657,2y yield,0.2839277389081657,,MSCI World ex-US,-0.19670080952299632,,BCOM Index,-0.11294372916211967,,BETA
2013-07-05,SGDRegressor,SELL,-0.03956263594144971,True,BETA,2y yield,0.23596888809729263,0.23596888809729263,MSCI World ex-US,-0.22021634134294932,,2y yield,0.23596888809729263,,BCOM Index,-0.15813226764657065,,BETA
2013-10-01,SGDRegressor,BUY,0.021932582856424077,True,BETA,2y yield,0.2525672309727002,0.2525672309727002,2y yield,0.2525672309727002,,MSCI World ex-US,-0.1959691070559813,,BCOM Index,-0.17776922986674218,,BETA
2013-12-19,SGDRegressor,SELL,-0.0114991352892988,True,BETA,2y yield,0.2430203450045918,0.2430203450045918,MSCI World ex-US,-0.187770367043139,,2y yield,0.2430203450045918,,BCOM Index,-0.17365542986671118,,BETA
2014-03-10,SGDRegressor,BUY,0.004316366090628021,True,BETA,2y yield,0.21377027527887965,0.21377027527887965,2y yield,0.21377027527887965,,MSCI World ex-US,-0.18867332210624876,,Gold,-0.16943006222380438,,BETA
2014-03-12,SGDRegressor,BUY,0.015768807915815808,True,BETA,2y yield,0.2135753158718515,0.2135753158718515,2y yield,0.2135753158718515,,MSCI World ex-US,-0.18641147221878518,,Gold,-0.17005626350663292,,BETA
2014-03-24,SGDRegressor,BUY,0.019894977026224447,True,BETA,2y yield,0.2175448165002322,0.2175448165002322,2y yield,0.2175448165002322,,MSCI World ex-US,-0.19093299653826598,,Gold,-0.16819856772151193,,BETA
2014-05-23,SGDRegressor,SELL,-0.002347735789426153,True,BETA,MSCI World ex-US,-0.20162869903145622,0.20162869903145622,MSCI World ex-US,-0.20162869903145622,,5y yield,0.17091618044220952,,Gold,-0.10022868562087525,,BETA
2014-05-30,SGDRegressor,SELL,-0.0065485534873289675,True,BETA,MSCI World ex-US,-0.20408296333487644,0.20408296333487644,MSCI World ex-US,-0.20408296333487644,,5y yield,0.17120637725112967,,Gold,-0.10075190402475816,,BETA
2014-08-15,SGDRegressor,BUY,0.02282103045729822,True,BETA,5y yield,0.21210533499271794,0.21210533499271794,5y yield,0.21210533499271794,,MSCI World ex-US,-0.14127694311282715,,Gold,-0.022146046229471014,,BETA
2014-09-26,SGDRegressor,SELL,-0.004554460894930945,True,BETA,5y yield,0.22780974109042257,0.22780974109042257,5y yield,0.22780974109042257,,MSCI World ex-US,-0.11981024931851463,,Gold,-0.011740528364480602,,BETA
2014-11-11,SGDRegressor,BUY,0.004885508580089848,True,BETA,5y yield,0.20818256479671537,0.20818256479671537,5y yield,0.20818256479671537,,Gold,-0.0033184887523201533,,Local - Dow Jones,0.045922382841413506,,BETA
2015-05-13,SGDRegressor,BUY,0.03235711771631089,True,BETA,Local - Dow Jones,0.16030523506408784,0.16030523506408784,Gold,-0.11271060532655346,,Local - Dow Jones,0.16030523506408784,,2y yield,0.13984293304900988,,BETA
2015-12-28,SGDRegressor,BUY,0.019850464610754015,True,BETA,2y yield,0.23873469134534073,0.23873469134534073,2y yield,0.23873469134534073,,Gold,-0.13637654989451034,,Local Index,0.12402494579088487,,BETA
2016-01-20,SGDRegressor,SELL,-0.018737707016747485,True,BETA,2y yield,0.2802958205276971,0.2802958205276971,2y yield,0.2802958205276971,,Gold,-0.14751964470278645,,Local Index,0.08496866625933625,,BETA
2016-03-30,SGDRegressor,BUY,0.0013776476666094162,True,BETA,2y yield,0.2392281787196018,0.2392281787196018,2y yield,0.2392281787196018,,Gold,-0.15183553445876305,,MSCI World - S&P500,-0.05915824758823022,,BETA
2016-06-23,SGDRegressor,BUY,0.05110204481689751,True,BETA,2y yield,0.14885319052495255,0.14885319052495255,2y yield,0.14885319052495255,,Gold,-0.14738844232638812,,MSCI World - S&P500,-0.04425846246879894,,BETA
2016-10-27,SGDRegressor,SELL,-0.004449094212873761,True,BETA,5y yield,0.16674127102097525,0.16674127102097525,BCOM Index,-0.15356980747995,,MSCI World ex-US,-0.13808695084704117,,5y yield,0.16674127102097525,,BETA
2017-05-16,SGDRegressor,SELL,-0.007824138832975058,True,BETA,MSCI World ex-US,-0.41328704958406337,0.41328704958406337,MSCI World ex-US,-0.41328704958406337,,5y yield,0.2535094273751982,,BCOM Index,-0.09207035644524693,,BETA
2017-10-27,SGDRegressor,SELL,-0.002257471154535118,True,BETA,5y yield,0.23636885687269113,0.23636885687269113,5y yield,0.23636885687269113,,Gold,-0.11182937023346062,,MSCI World ex-US,-0.2006169242054962,,BETA
2018-02-28,SGDRegressor,SELL,-0.013026015848319306,True,BETA,Gold,-0.2020108213438591,0.2020108213438591,Gold,-0.2020108213438591,,10y yield,0.10292477878270569,,MSCI World ex-US,-0.11238949538295166,,BETA
2018-03-28,SGDRegressor,SELL,-0.0031610330830847966,True,BETA,Gold,-0.2114244735086382,0.2114244735086382,Gold,-0.2114244735086382,,10y yield,0.07646159573549285,,MSCI World ex-US,-0.10433478268479661,,BETA
2018-04-05,SGDRegressor,SELL,-0.0016867612995189463,True,BETA,Gold,-0.21069125402733827,0.21069125402733827,Gold,-0.21069125402733827,,10y yield,0.06381070490201944,,MSCI World ex-US,-0.1086609528077355,,BETA
2018-07-06,SGDRegressor,BUY,0.01464890763623039,True,BETA,Gold,-0.25322279271110787,0.25322279271110787,Gold,-0.25322279271110787,,MSCI World ex-US,-0.10965501787443006,,10y yield,0.0009689224608287981,,BETA
2018-08-28,SGDRegressor,SELL,-0.010451665152725553,True,BETA,Gold,-0.22600949096633433,0.22600949096633433,Gold,-0.22600949096633433,,MSCI World ex-US,-0.13516520435702345,,,,,BETA
2018-09-20,SGDRegressor,BUY,0.0326544103399935,True,BETA,Gold,-0.2371199482482198,0.2371199482482198,Gold,-0.2371199482482198,,MSCI World ex-US,-0.12657307523343075,,,,,BETA
2018-12-31,SGDRegressor,BUY,0.010809528650333577,True,BETA,Gold,-0.2878662995447886,0.2878662995447886,Gold,-0.2878662995447886,,Local - Dow Jones,0.13272529189404106,,Real 2y yield,0.1319203114336689,,BETA
2019-08-29,SGDRegressor,SELL,-0.015670389918579386,True,BETA,Gold,-0.17499759994634217,0.17499759994634217,Gold,-0.17499759994634217,,MSCI World ex-US,-0.11833398090779067,,10y yield,0.01938073934822509,,BETA
2019-09-05,SGDRegressor,BUY,0.0008979532857864569,True,BETA,Gold,-0.1594568705688431,0.1594568705688431,Gold,-0.1594568705688431,,Local - S&P500,0.1143386108516866,,10y yield,0.03540402831184402,,BETA
2019-11-26,SGDRegressor,SELL,-0.00948924899372261,True,BETA,Copper LME,-0.13394888748174422,0.13394888748174422,Copper LME,-0.13394888748174422,,MSCI World ex-US,-0.10180536079761299,,10y yield,0.11894202808822217,,BETA
2020-02-18,SGDRegressor,SELL,-0.03191261074381002,True,BETA,Copper LME,-0.12205651129169477,0.12205651129169477,Copper LME,-0.12205651129169477,,MSCI World ex-US,-0.07249379172334251,,10y yield,0.10254068694889866,,BETA
2020-02-20,SGDRegressor,SELL,-0.03891803779736125,True,BETA,Copper LME,-0.12138956242022818,0.12138956242022818,Copper LME,-0.12138956242022818,,MSCI World ex-US,-0.07901962758139645,,10y yield,0.10177486784035551,,BETA
2020-02-28,SGDRegressor,BUY,0.010900572618427917,True,BETA,Copper LME,-0.1357147998413383,0.1357147998413383,Copper LME,-0.1357147998413383,,10y yield,0.10906642403038574,,MSCI World ex-US,-0.030341316870758868,,BETA
2020-03-11,SGDRegressor,BUY,0.06204644031128237,True,BETA,Copper LME,-0.12944066869488036,0.12944066869488036,Copper LME,-0.12944066869488036,,10y yield,0.11225325650669772,,MSCI World ex-US,-0.02948216877384982,,BETA
2020-03-18,SGDRegressor,SELL,-0.024628094342747375,True,BETA,Copper LME,-0.12254307768181343,0.12254307768181343,Copper LME,-0.12254307768181343,,MSCI World ex-US,-0.0738143584967432,,Real 2y yield,-0.10404749303072909,,BETA
2020-06-02,SGDRegressor,BUY,0.004351320936712977,True,BETA,Copper LME,-0.1678756118830447,0.1678756118830447,Copper LME,-0.1678756118830447,,MSCI World ex-US,-0.1657171915829872,,2y yield,0.15182042037145693,,BETA
2020-08-04,SGDRegressor,SELL,-0.008223137178443252,True,BETA,MSCI World ex-US,-0.19831636280476483,0.19831636280476483,Copper LME,-0.11787086532299701,,MSCI World ex-US,-0.19831636280476483,,MOVE Index,0.04975488149321215,,BETA
2020-08-21,SGDRegressor,SELL,-0.006150872605309554,True,BETA,MSCI World ex-US,-0.20159943171264952,0.20159943171264952,Copper LME,-0.11327538466507807,,MSCI World ex-US,-0.20159943171264952,,MOVE Index,0.04702740348819172,,BETA
2021-02-04,SGDRegressor,SELL,-0.01808709212484938,True,BETA,MSCI World ex-US,-0.22797508593208574,0.22797508593208574,Copper LME,-0.1634095211464159,,MSCI World ex-US,-0.22797508593208574,,JPMVG71M Index,0.07361385266843605,,BETA
2021-04-20,SGDRegressor,BUY,0.005608052831888921,True,BETA,MSCI World ex-US,-0.40552023246680696,0.40552023246680696,MSCI World ex-US,-0.40552023246680696,,Oil,-0.13251850819901193,,,,,BETA
2021-07-15,SGDRegressor,SELL,-0.012429456773880743,True,BETA,MSCI World ex-US,-0.35542913166383683,0.35542913166383683,MSCI World ex-US,-0.35542913166383683,,Gold,-0.22174586591393242,,2y yield,0.12530257296841205,,BETA
2021-08-13,SGDRegressor,SELL,-0.00021984379519823793,True,BETA,MSCI World ex-US,-0.30069923322683206,0.30069923322683206,MSCI World ex-US,-0.30069923322683206,,Gold,-0.256051068607486,,2y yield,0.09910552889060066,,BETA
2021-08-17,SGDRegressor,SELL,-0.015255669490944923,True,BETA,MSCI World ex-US,-0.2996967873791577,0.2996967873791577,MSCI World ex-US,-0.2996967873791577,,Gold,-0.24937402610410359,,2y yield,0.09231023232891176,,BETA
2021-09-28,SGDRegressor,BUY,0.0061939708963512086,True,BETA,MSCI World ex-US,-0.30292715221577277,0.30292715221577277,MSCI World ex-US,-0.30292715221577277,,Gold,-0.21444363230182215,,2y yield,0.09056648650752834,,BETA
2021-11-24,SGDRegressor,SELL,-0.009781263349288527,True,BETA,MSCI World ex-US,-0.2812130935382443,0.2812130935382443,MSCI World ex-US,-0.2812130935382443,,Gold,-0.23381148243282482,,VIX Index,0.02163103701406925,,BETA
2022-08-26,SGDRegressor,SELL,-0.003029081053707472,True,BETA,MSCI World ex-US,-0.40467198841251434,0.40467198841251434,MSCI World ex-US,-0.40467198841251434,,Real 2y yield,-0.15150274304563732,,Copper LME,0.04487476602922836,,BETA
2022-09-07,SGDRegressor,BUY,0.03513642354392754,True,BETA,MSCI World ex-US,-0.39016728808638496,0.39016728808638496,MSCI World ex-US,-0.39016728808638496,,Real 2y yield,-0.12857656582001792,,Copper LME,0.027621810002099484,,BETA
2022-09-12,SGDRegressor,BUY,0.08281044380447433,True,BETA,MSCI World ex-US,-0.3871924740276071,0.3871924740276071,MSCI World ex-US,-0.3871924740276071,,Real 2y yield,-0.12830606683544518,,Copper LME,0.029782422861509516,,BETA
2022-12-14,SGDRegressor,BUY,0.03137027157382888,True,BETA,MSCI World ex-US,-0.4630778234686109,0.4630778234686109,MSCI World ex-US,-0.4630778234686109,,Copper LME,-0.015159245894095435,,MOVE Index,0.00292016127501241,,BETA
2023-03-09,SGDRegressor,SELL,-0.038629005247292625,True,BETA,MSCI World ex-US,-0.4838037713201646,0.4838037713201646,MSCI World ex-US,-0.4838037713201646,,Gold,-0.23099335580917432,,5y yield,0.06647019906974204,,BETA
2023-06-05,SGDRegressor,SELL,-0.013020234272201003,True,BETA,MSCI World ex-US,-0.537196561169862,0.537196561169862,MSCI World ex-US,-0.537196561169862,,Gold,-0.23543943666435715,,5y yield,0.04100799462700716,,BETA
2023-10-16,SGDRegressor,BUY,0.020755097180750637,True,BETA,MSCI World ex-US,-0.49326665276677384,0.49326665276677384,MSCI World ex-US,-0.49326665276677384,,Copper LME,-0.2050491091205717,,5y yield,0.18558538079410083,,BETA
2023-10-19,SGDRegressor,BUY,0.01438816101602125,True,BETA,MSCI World ex-US,-0.5000936504715563,0.5000936504715563,MSCI World ex-US,-0.5000936504715563,,Copper LME,-0.1996048423654939,,5y yield,0.18110873353372664,,BETA
2024-02-05,SGDRegressor,SELL,-0.018459651936046817,True,BETA,MSCI World ex-US,-0.33834622222128535,0.33834622222128535,MSCI World ex-US,-0.33834622222128535,,Copper LME,-0.1471860248363817,,5y yield,0.1941632022585506,,BETA
2024-06-12,SGDRegressor,BUY,0.01994483343942277,True,BETA,MSCI World ex-US,-0.32914409545335666,0.32914409545335666,MSCI World ex-US,-0.32914409545335666,,5y yield,0.27670426750711885,,Gold,-0.12485611120877436,,BETA
2024-06-17,SGDRegressor,BUY,0.012603759183283936,True,BETA,MSCI World ex-US,-0.33627706904351434,0.33627706904351434,MSCI World ex-US,-0.33627706904351434,,5y yield,0.26939791108541805,,Gold,-0.12823363881971567,,BETA
2024-11-20,SGDRegressor,SELL,-0.009086704573278648,True,BETA,5y yield,0.2749026149453974,0.2749026149453974,5y yield,0.2749026149453974,,MSCI World ex-US,-0.18834761805308156,,Gold,-0.09799753889563609,,BETA
2024-12-17,SGDRegressor,BUY,0.009897106578611314,True,BETA,5y yield,0.29614341381445936,0.29614341381445936,5y yield,0.29614341381445936,,MSCI World ex-US,-0.18239009227417718,,Gold,-0.07748629613186761,,BETA
2024-12-25,SGDRegressor,BUY,0.009140106061428677,True,BETA,5y yield,0.3141169988543087,0.3141169988543087,5y yield,0.3141169988543087,,MSCI World ex-US,-0.15869298039975122,,Gold,-0.08210250000253828,,BETA
2025-07-15,SGDRegressor,SELL,-0.0075164003537129265,True,BETA,Gold,-0.20758237213664815,0.20758237213664815,2y yield,0.18200712047204912,,Gold,-0.20758237213664815,,MSCI World ex-US,-0.13884530556272603,,BETA
2025-07-30,SGDRegressor,SELL,-0.025809809564631747,True,BETA,Gold,-0.23103465439537751,0.23103465439537751,MSCI World ex-US,-0.2038755082434383,,Gold,-0.23103465439537751,,Real 2y yield,-0.15219596132059282,,BETA
2001-09-25,StackedEnsemble,SELL,-0.012368798044962048,True,STACK,ElasticNetCV,0.431737517133284,0.431737517133284,ElasticNetCV,0.431737517133284,,XGBRegressor,0.1891215108067424,,LGBMRegressor,0.39249471426973365,,STACK
2001-10-04,StackedEnsemble,SELL,-0.015435895028402258,True,STACK,LGBMRegressor,0.5325588514354564,0.5325588514354564,ElasticNetCV,0.3444130940146627,,XGBRegressor,0.13234861492250957,,LGBMRegressor,0.5325588514354564,,STACK
2001-12-12,StackedEnsemble,BUY,0.03200137722603724,True,STACK,ElasticNetCV,0.581101906121055,0.581101906121055,ElasticNetCV,0.581101906121055,,XGBRegressor,0.19861876889392918,,LGBMRegressor,0.25120379610906285,,STACK
2001-12-21,StackedEnsemble,SELL,-0.032292878861819085,True,STACK,ElasticNetCV,0.6924760819763718,0.6924760819763718,ElasticNetCV,0.6924760819763718,,XGBRegressor,0.12752572108957552,,LGBMRegressor,0.37514862594683207,,STACK
2002-01-28,StackedEnsemble,SELL,-0.0144762615427666,True,STACK,ElasticNetCV,0.5362976114813036,0.5362976114813036,ElasticNetCV,0.5362976114813036,,XGBRegressor,0.311797966733621,,LGBMRegressor,0.22519041439214688,,STACK
2002-03-20,StackedEnsemble,BUY,0.010279823269513821,True,STACK,ElasticNetCV,0.3810238832025622,0.3810238832025622,ElasticNetCV,0.3810238832025622,,XGBRegressor,0.10673562095186004,,LGBMRegressor,0.13422385653742402,,STACK
2002-06-27,StackedEnsemble,BUY,0.021807260381300653,True,STACK,ElasticNetCV,0.33820363443666857,0.33820363443666857,ElasticNetCV,0.33820363443666857,,XGBRegressor,0.16172317906385195,,LGBMRegressor,0.3095618885939458,,STACK
2002-10-17,StackedEnsemble,SELL,-0.02576386670925168,True,STACK,ElasticNetCV,0.400569150651947,0.400569150651947,ElasticNetCV,0.400569150651947,,XGBRegressor,0.3140411694878404,,LGBMRegressor,0.27292750566579954,,STACK
2002-10-22,StackedEnsemble,SELL,-0.024182350302279332,True,STACK,LGBMRegressor,0.43903397641719316,0.43903397641719316,ElasticNetCV,0.3679186797775339,,XGBRegressor,0.12884595249373618,,LGBMRegressor,0.43903397641719316,,STACK
2002-10-24,StackedEnsemble,SELL,-0.03154908468044093,True,STACK,LGBMRegressor,0.43592982498752436,0.43592982498752436,ElasticNetCV,0.29392087380709986,,XGBRegressor,0.3164176828941368,,LGBMRegressor,0.43592982498752436,,STACK
2003-03-17,StackedEnsemble,SELL,-0.0252542724693835,True,STACK,XGBRegressor,0.5582438441485742,0.5582438441485742,ElasticNetCV,0.49092972449342037,,XGBRegressor,0.5582438441485742,,LGBMRegressor,-0.011015869888189433,,STACK
2003-03-25,StackedEnsemble,SELL,-0.015954258311430713,True,STACK,ElasticNetCV,0.6148905766831737,0.6148905766831737,ElasticNetCV,0.6148905766831737,,XGBRegressor,0.3665122961347758,,LGBMRegressor,0.032285324774505894,,STACK
2003-05-15,StackedEnsemble,SELL,-0.04330317192005573,True,STACK,ElasticNetCV,0.6202578577861656,0.6202578577861656,ElasticNetCV,0.6202578577861656,,XGBRegressor,0.12448149428317898,,LGBMRegressor,0.5436224347438574,,STACK
2003-05-21,StackedEnsemble,SELL,-0.00543457558250271,True,STACK,ElasticNetCV,0.7086545615926513,0.7086545615926513,ElasticNetCV,0.7086545615926513,,XGBRegressor,0.2391368797388653,,LGBMRegressor,0.3937459080462073,,STACK
2004-03-02,StackedEnsemble,SELL,-0.005621981154485756,True,STACK,ElasticNetCV,0.6240402386369177,0.6240402386369177,ElasticNetCV,0.6240402386369177,,XGBRegressor,0.13786333796867933,,LGBMRegressor,0.48672802809012644,,STACK
2004-03-24,StackedEnsemble,SELL,-0.014058535819841511,True,STACK,ElasticNetCV,0.7017033014934156,0.7017033014934156,ElasticNetCV,0.7017033014934156,,XGBRegressor,0.25966996423752803,,LGBMRegressor,0.29814233676703583,,STACK
2004-04-29,StackedEnsemble,BUY,0.013001977138517695,True,STACK,ElasticNetCV,0.4515113691598738,0.4515113691598738,ElasticNetCV,0.4515113691598738,,XGBRegressor,0.41912322510964756,,LGBMRegressor,0.29682806467643685,,STACK
2004-10-04,StackedEnsemble,SELL,-0.013727460351944387,True,STACK,XGBRegressor,0.43281284885481114,0.43281284885481114,ElasticNetCV,0.3926310264135725,,XGBRegressor,0.43281284885481114,,LGBMRegressor,0.19060560110704258,,STACK
2005-02-07,StackedEnsemble,SELL,-0.021505376344086002,True,STACK,ElasticNetCV,0.4850284142015829,0.4850284142015829,ElasticNetCV,0.4850284142015829,,XGBRegressor,0.1310629263101377,,LGBMRegressor,0.477128645847755,,STACK
2005-02-11,StackedEnsemble,SELL,-0.03173593440769007,True,STACK,ElasticNetCV,0.6140070389567734,0.6140070389567734,ElasticNetCV,0.6140070389567734,,XGBRegressor,0.3942921876155734,,LGBMRegressor,0.1411641511222959,,STACK
2005-05-31,StackedEnsemble,BUY,0.03737953467116495,True,STACK,ElasticNetCV,0.6145210650179213,0.6145210650179213,ElasticNetCV,0.6145210650179213,,XGBRegressor,0.4413390751917963,,LGBMRegressor,0.05347701598797259,,STACK
2005-07-04,StackedEnsemble,SELL,-0.016667085648206292,True,STACK,ElasticNetCV,0.5334543663076134,0.5334543663076134,ElasticNetCV,0.5334543663076134,,XGBRegressor,0.28240843328278853,,LGBMRegressor,0.2964761713386266,,STACK
2005-12-13,StackedEnsemble,BUY,0.011334024843777657,True,STACK,XGBRegressor,0.6090486426813935,0.6090486426813935,ElasticNetCV,0.4343515005094468,,XGBRegressor,0.6090486426813935,,LGBMRegressor,0.004868501975862011,,STACK
2006-01-23,StackedEnsemble,BUY,0.03649188182060148,True,STACK,LGBMRegressor,0.43550284790014315,0.43550284790014315,ElasticNetCV,0.410797514127904,,XGBRegressor,0.15311838476382825,,LGBMRegressor,0.43550284790014315,,STACK
2006-02-27,StackedEnsemble,SELL,-0.01705286387802185,True,STACK,XGBRegressor,0.5445428902936387,0.5445428902936387,ElasticNetCV,0.07236879316870014,,XGBRegressor,0.5445428902936387,,LGBMRegressor,0.47361372442310906,,STACK
2006-10-06,StackedEnsemble,SELL,-0.00861659542709825,True,STACK,ElasticNetCV,0.39226122781406,0.39226122781406,ElasticNetCV,0.39226122781406,,XGBRegressor,0.36254372720615613,,LGBMRegressor,0.24626135278844793,,STACK
2006-10-13,StackedEnsemble,SELL,-0.023997086357137043,True,STACK,LGBMRegressor,0.4662080093957902,0.4662080093957902,ElasticNetCV,0.20133067827164394,,XGBRegressor,0.31199938458836185,,LGBMRegressor,0.4662080093957902,,STACK
2006-12-01,StackedEnsemble,BUY,0.022235017938610158,True,STACK,ElasticNetCV,0.7847734704623103,0.7847734704623103,ElasticNetCV,0.7847734704623103,,XGBRegressor,0.29660058340512974,,LGBMRegressor,0.12780740731170612,,STACK
2007-01-10,StackedEnsemble,SELL,-0.00813767531383125,True,STACK,ElasticNetCV,0.5537789871098296,0.5537789871098296,ElasticNetCV,0.5537789871098296,,XGBRegressor,0.07306942330690662,,LGBMRegressor,0.5464180616816651,,STACK
2007-06-26,StackedEnsemble,SELL,-0.032031204686503,True,STACK,LGBMRegressor,0.45715486523238097,0.45715486523238097,ElasticNetCV,0.12388046851305198,,XGBRegressor,0.44921607401463937,,LGBMRegressor,0.45715486523238097,,STACK
2007-12-17,StackedEnsemble,SELL,-0.014184505218252541,True,STACK,ElasticNetCV,0.6347944802368312,0.6347944802368312,ElasticNetCV,0.6347944802368312,,XGBRegressor,0.21624329579083962,,LGBMRegressor,0.2871947065155614,,STACK
2008-05-02,StackedEnsemble,SELL,-0.014564866378884211,True,STACK,ElasticNetCV,0.8348743344429993,0.8348743344429993,ElasticNetCV,0.8348743344429993,,XGBRegressor,-0.21496124821902488,,LGBMRegressor,0.6214880036141177,,STACK
2008-05-07,StackedEnsemble,SELL,-0.026575111830051235,True,STACK,ElasticNetCV,0.9010972969332876,0.9010972969332876,ElasticNetCV,0.9010972969332876,,XGBRegressor,-0.022684031900983812,,LGBMRegressor,0.37758272813157867,,STACK
2008-05-15,StackedEnsemble,SELL,-0.004342277541143802,True,STACK,ElasticNetCV,0.8627723625361511,0.8627723625361511,ElasticNetCV,0.8627723625361511,,XGBRegressor,-0.1690367685793493,,LGBMRegressor,0.5856425139898616,,STACK
2008-06-30,StackedEnsemble,SELL,-0.007350617817764582,True,STACK,ElasticNetCV,0.5175819950022538,0.5175819950022538,ElasticNetCV,0.5175819950022538,,XGBRegressor,0.2899081311105818,,LGBMRegressor,0.3464277616546304,,STACK
2008-10-24,StackedEnsemble,SELL,-0.0020919183899789084,True,STACK,ElasticNetCV,0.5102600433279367,0.5102600433279367,ElasticNetCV,0.5102600433279367,,XGBRegressor,0.4378001677412161,,LGBMRegressor,0.07424063155591583,,STACK
2008-11-24,StackedEnsemble,BUY,0.010561876773917955,True,STACK,LGBMRegressor,0.6138154715747902,0.6138154715747902,ElasticNetCV,0.61166844586356,,XGBRegressor,0.16121487877419194,,LGBMRegressor,0.6138154715747902,,STACK
2009-10-08,StackedEnsemble,SELL,-0.024708551082524566,True,STACK,ElasticNetCV,0.4868703255594272,0.4868703255594272,ElasticNetCV,0.4868703255594272,,XGBRegressor,0.26067799491297317,,LGBMRegressor,0.330161890024124,,STACK
2010-06-04,StackedEnsemble,SELL,-0.03953468139844141,True,STACK,ElasticNetCV,0.5847462177564714,0.5847462177564714,ElasticNetCV,0.5847462177564714,,XGBRegressor,0.23111604023645652,,LGBMRegressor,0.10860903028502016,,STACK
2010-06-09,StackedEnsemble,SELL,-0.03358510757438138,True,STACK,ElasticNetCV,0.6077657371691295,0.6077657371691295,ElasticNetCV,0.6077657371691295,,XGBRegressor,0.1466316362841465,,LGBMRegressor,0.1828069777601701,,STACK
2010-09-14,StackedEnsemble,SELL,-0.04437535330695308,True,STACK,ElasticNetCV,0.4362641460137056,0.4362641460137056,ElasticNetCV,0.4362641460137056,,XGBRegressor,0.3949120231632462,,LGBMRegressor,0.20229172365505874,,STACK
2011-06-15,StackedEnsemble,SELL,-0.020292496100566826,True,STACK,LGBMRegressor,0.5440881920225135,0.5440881920225135,ElasticNetCV,0.4837096272126274,,XGBRegressor,0.11821119082482386,,LGBMRegressor,0.5440881920225135,,STACK
2011-07-08,StackedEnsemble,SELL,-0.00802105527008401,True,STACK,ElasticNetCV,0.5748749399299489,0.5748749399299489,ElasticNetCV,0.5748749399299489,,XGBRegressor,0.17257292763239102,,LGBMRegressor,0.253725922608913,,STACK
2011-09-23,StackedEnsemble,SELL,-0.018544421532294186,True,STACK,ElasticNetCV,0.8777322158361505,0.8777322158361505,ElasticNetCV,0.8777322158361505,,XGBRegressor,0.10257851890966263,,LGBMRegressor,0.1268990803405147,,STACK
2012-01-13,StackedEnsemble,SELL,-0.03558403295241641,True,STACK,ElasticNetCV,1.1235803138132718,1.1235803138132718,ElasticNetCV,1.1235803138132718,,XGBRegressor,0.08533139643311555,,LGBMRegressor,-0.1248264212764105,,STACK
2012-10-25,StackedEnsemble,SELL,-0.005781638826386826,True,STACK,ElasticNetCV,0.7243243382736709,0.7243243382736709,ElasticNetCV,0.7243243382736709,,XGBRegressor,0.04600626423209181,,LGBMRegressor,0.24225118100266016,,STACK
2012-11-13,StackedEnsemble,SELL,-0.015260204156785306,True,STACK,ElasticNetCV,0.5872006941503158,0.5872006941503158,ElasticNetCV,0.5872006941503158,,XGBRegressor,0.410838295207865,,LGBMRegressor,0.0077857447169233825,,STACK
2013-01-03,StackedEnsemble,SELL,-0.00587965089572795,True,STACK,ElasticNetCV,1.1420807369987804,1.1420807369987804,ElasticNetCV,1.1420807369987804,,XGBRegressor,-0.41252981812778994,,LGBMRegressor,0.10131479397376712,,STACK
2013-01-08,StackedEnsemble,SELL,-0.007895378612364334,True,STACK,ElasticNetCV,0.9890111640583354,0.9890111640583354,ElasticNetCV,0.9890111640583354,,XGBRegressor,-0.17393042194031846,,LGBMRegressor,0.13290097631896866,,STACK
2013-01-18,StackedEnsemble,SELL,-0.03162079604586554,True,STACK,ElasticNetCV,0.9949666629262413,0.9949666629262413,ElasticNetCV,0.9949666629262413,,XGBRegressor,0.22126821683080045,,LGBMRegressor,-0.3193706153014153,,STACK
2013-02-25,StackedEnsemble,SELL,-0.014242508409715082,True,STACK,ElasticNetCV,1.136788114050631,1.136788114050631,ElasticNetCV,1.136788114050631,,XGBRegressor,-0.14190193588209463,,LGBMRegressor,0.04244747452859368,,STACK
2013-03-25,StackedEnsemble,SELL,-0.016274864376130238,True,STACK,ElasticNetCV,1.5860148263525897,1.5860148263525897,ElasticNetCV,1.5860148263525897,,XGBRegressor,-0.2960409280415525,,LGBMRegressor,-0.13828915726025817,,STACK
2013-04-05,StackedEnsemble,BUY,0.014277077617076639,True,STACK,ElasticNetCV,0.9396995526590116,0.9396995526590116,ElasticNetCV,0.9396995526590116,,XGBRegressor,0.5557442764434677,,LGBMRegressor,-0.5741913693994043,,STACK
2013-04-16,StackedEnsemble,BUY,0.018842424528153767,True,STACK,ElasticNetCV,0.6722580496873066,0.6722580496873066,ElasticNetCV,0.6722580496873066,,XGBRegressor,0.5671696834558189,,LGBMRegressor,-0.23728055097540357,,STACK
2013-06-13,StackedEnsemble,BUY,0.04027239457063869,True,STACK,XGBRegressor,0.7700103433461709,0.7700103433461709,ElasticNetCV,0.6882640974032492,,XGBRegressor,0.7700103433461709,,LGBMRegressor,-0.30530949584271005,,STACK
2013-07-02,StackedEnsemble,SELL,-0.021323103002185984,True,STACK,ElasticNetCV,0.9161476330274775,0.9161476330274775,ElasticNetCV,0.9161476330274775,,XGBRegressor,0.3885510268258983,,LGBMRegressor,-0.04303010849402818,,STACK
2013-07-05,StackedEnsemble,SELL,-0.03956263594144971,True,STACK,ElasticNetCV,1.0472698566995708,1.0472698566995708,ElasticNetCV,1.0472698566995708,,XGBRegressor,0.4693080460662139,,LGBMRegressor,-0.2894374509631297,,STACK
2013-09-30,StackedEnsemble,BUY,0.005319231666537139,True,STACK,ElasticNetCV,0.8563774442585244,0.8563774442585244,ElasticNetCV,0.8563774442585244,,XGBRegressor,0.5246821908134538,,LGBMRegressor,-0.1962292826981955,,STACK
2013-10-03,StackedEnsemble,BUY,0.008840492924454102,True,STACK,ElasticNetCV,0.9253566925503411,0.9253566925503411,ElasticNetCV,0.9253566925503411,,XGBRegressor,0.05187819149017417,,LGBMRegressor,0.15964916938071463,,STACK
2013-12-19,StackedEnsemble,SELL,-0.0114991352892988,True,STACK,ElasticNetCV,0.6996749706237287,0.6996749706237287,ElasticNetCV,0.6996749706237287,,XGBRegressor,0.20485882080194026,,LGBMRegressor,0.1371880449291786,,STACK
2014-03-17,StackedEnsemble,BUY,0.018985847200138517,True,STACK,ElasticNetCV,0.6758386326306696,0.6758386326306696,ElasticNetCV,0.6758386326306696,,XGBRegressor,0.121755458924629,,LGBMRegressor,0.1451445318535667,,STACK
2014-03-24,StackedEnsemble,BUY,0.019894977026224447,True,STACK,ElasticNetCV,0.6786100935125509,0.6786100935125509,ElasticNetCV,0.6786100935125509,,XGBRegressor,0.23626478946563248,,LGBMRegressor,0.00223369458679649,,STACK
2014-05-23,StackedEnsemble,SELL,-0.002347735789426153,True,STACK,ElasticNetCV,0.6316626011568757,0.6316626011568757,ElasticNetCV,0.6316626011568757,,XGBRegressor,0.3052156615306498,,LGBMRegressor,0.11225098888145821,,STACK
2014-08-15,StackedEnsemble,BUY,0.02282103045729822,True,STACK,ElasticNetCV,1.038883937610364,1.038883937610364,ElasticNetCV,1.038883937610364,,XGBRegressor,0.0004903132680829158,,LGBMRegressor,-0.0028642759431366585,,STACK
2014-11-11,StackedEnsemble,BUY,0.004885508580089848,True,STACK,ElasticNetCV,0.7572228971130506,0.7572228971130506,ElasticNetCV,0.7572228971130506,,XGBRegressor,0.25472840528014457,,LGBMRegressor,0.19896462642965923,,STACK
2014-11-14,StackedEnsemble,BUY,0.008814091715295236,True,STACK,ElasticNetCV,0.8420918323414096,0.8420918323414096,ElasticNetCV,0.8420918323414096,,XGBRegressor,-0.3397884431212327,,LGBMRegressor,0.4936494109083099,,STACK
2014-11-18,StackedEnsemble,BUY,0.020910225792444503,True,STACK,ElasticNetCV,0.9589800066910735,0.9589800066910735,ElasticNetCV,0.9589800066910735,,XGBRegressor,0.1001618511093841,,LGBMRegressor,0.04948911808152013,,STACK
2015-05-06,StackedEnsemble,BUY,0.01522688298894459,True,STACK,XGBRegressor,0.9961786247505752,0.9961786247505752,ElasticNetCV,0.43295241432679826,,XGBRegressor,0.9961786247505752,,LGBMRegressor,-0.05537132105784889,,STACK
2015-05-13,StackedEnsemble,BUY,0.03235711771631089,True,STACK,XGBRegressor,1.2745614326791757,1.2745614326791757,ElasticNetCV,0.5563297594123136,,XGBRegressor,1.2745614326791757,,LGBMRegressor,-0.40539967995503584,,STACK
2015-05-15,StackedEnsemble,BUY,0.03999414005273949,True,STACK,XGBRegressor,1.1933579376778032,1.1933579376778032,ElasticNetCV,0.636096799366175,,XGBRegressor,1.1933579376778032,,LGBMRegressor,-0.46708162086619404,,STACK
2015-12-29,StackedEnsemble,BUY,0.017646216622521305,True,STACK,ElasticNetCV,0.6487320189825201,0.6487320189825201,ElasticNetCV,0.6487320189825201,,XGBRegressor,-0.11505675869329736,,LGBMRegressor,0.5851933381482127,,STACK
2016-10-27,StackedEnsemble,SELL,-0.004449094212873761,True,STACK,XGBRegressor,0.5631994478682202,0.5631994478682202,ElasticNetCV,0.4710087761686907,,XGBRegressor,0.5631994478682202,,LGBMRegressor,0.17302485336347267,,STACK
2017-10-27,StackedEnsemble,SELL,-0.002257471154535118,True,STACK,ElasticNetCV,0.7100129618551663,0.7100129618551663,ElasticNetCV,0.7100129618551663,,XGBRegressor,0.27870344267595004,,LGBMRegressor,0.09471484509298932,,STACK
2017-11-23,StackedEnsemble,BUY,0.022766716482668814,True,STACK,ElasticNetCV,0.6349968055663265,0.6349968055663265,ElasticNetCV,0.6349968055663265,,XGBRegressor,0.24241979913207892,,LGBMRegressor,0.17289472621609114,,STACK
2018-01-23,StackedEnsemble,SELL,-0.0069559787699031705,True,STACK,ElasticNetCV,0.549327558146109,0.549327558146109,ElasticNetCV,0.549327558146109,,XGBRegressor,0.30313770529653195,,LGBMRegressor,0.18417213930706527,,STACK
2018-03-05,StackedEnsemble,SELL,-0.011207804311252678,True,STACK,XGBRegressor,0.32316106776036635,0.32316106776036635,ElasticNetCV,0.2974724286235089,,XGBRegressor,0.32316106776036635,,LGBMRegressor,0.22814432508950844,,STACK
2018-03-08,StackedEnsemble,SELL,-0.0014995585976708137,True,STACK,XGBRegressor,0.2932186699728423,0.2932186699728423,ElasticNetCV,0.2650990683062895,,XGBRegressor,0.2932186699728423,,LGBMRegressor,0.2859919435977822,,STACK
2018-05-11,StackedEnsemble,BUY,0.01938011532738093,True,STACK,LGBMRegressor,0.48931121299138197,0.48931121299138197,ElasticNetCV,0.422154198305729,,XGBRegressor,0.159822880487045,,LGBMRegressor,0.48931121299138197,,STACK
2018-05-21,StackedEnsemble,BUY,0.009801208431345465,True,STACK,ElasticNetCV,0.4791495862998789,0.4791495862998789,ElasticNetCV,0.4791495862998789,,XGBRegressor,0.1807515543702824,,LGBMRegressor,0.3961462197314933,,STACK
2018-06-12,StackedEnsemble,BUY,0.027366838239546443,True,STACK,ElasticNetCV,0.6807894418036476,0.6807894418036476,ElasticNetCV,0.6807894418036476,,XGBRegressor,0.14290233595104151,,LGBMRegressor,0.1654511805651787,,STACK
2018-07-06,StackedEnsemble,BUY,0.01464890763623039,True,STACK,LGBMRegressor,0.6016776837466331,0.6016776837466331,ElasticNetCV,0.33360963284679734,,XGBRegressor,0.2445259687965015,,LGBMRegressor,0.6016776837466331,,STACK
2018-08-20,StackedEnsemble,SELL,-0.006248497957221821,True,STACK,LGBMRegressor,0.49500436960371824,0.49500436960371824,ElasticNetCV,0.39885012394982766,,XGBRegressor,0.25786056231432464,,LGBMRegressor,0.49500436960371824,,STACK
2018-10-12,StackedEnsemble,BUY,0.019125835499961052,True,STACK,XGBRegressor,1.1984598989556459,1.1984598989556459,ElasticNetCV,0.6766596573162665,,XGBRegressor,1.1984598989556459,,LGBMRegressor,-0.7476377799251419,,STACK
2018-10-16,StackedEnsemble,BUY,0.030225455851971672,True,STACK,XGBRegressor,0.5976055522702535,0.5976055522702535,ElasticNetCV,0.567783834890364,,XGBRegressor,0.5976055522702535,,LGBMRegressor,-0.03578388359201116,,STACK
2018-12-26,StackedEnsemble,SELL,-0.025692850159825142,True,STACK,ElasticNetCV,0.9043900472064953,0.9043900472064953,ElasticNetCV,0.9043900472064953,,XGBRegressor,-0.260676031310362,,LGBMRegressor,0.32513273442402496,,STACK
2019-01-02,StackedEnsemble,SELL,-0.001962958855495134,True,STACK,ElasticNetCV,0.7236255496789332,0.7236255496789332,ElasticNetCV,0.7236255496789332,,XGBRegressor,0.2727018729911308,,LGBMRegressor,0.13232906876804967,,STACK
2019-02-19,StackedEnsemble,SELL,-0.00013961830503383954,True,STACK,ElasticNetCV,0.7673952671600681,0.7673952671600681,ElasticNetCV,0.7673952671600681,,XGBRegressor,-0.27826808160696986,,LGBMRegressor,0.3498715755426371,,STACK
2019-08-01,StackedEnsemble,SELL,-0.0010876208035964785,True,STACK,LGBMRegressor,0.4355107560007086,0.4355107560007086,ElasticNetCV,0.42853225429570074,,XGBRegressor,0.3075478240305892,,LGBMRegressor,0.4355107560007086,,STACK
2019-08-30,StackedEnsemble,SELL,-0.023444168936222143,True,STACK,LGBMRegressor,0.4480308092936054,0.4480308092936054,ElasticNetCV,0.2742757167429775,,XGBRegressor,0.255836149493729,,LGBMRegressor,0.4480308092936054,,STACK
2019-09-05,StackedEnsemble,BUY,0.0008979532857864569,True,STACK,ElasticNetCV,0.4966386421258933,0.4966386421258933,ElasticNetCV,0.4966386421258933,,XGBRegressor,0.281138628004651,,LGBMRegressor,0.29004434512466715,,STACK
2019-11-26,StackedEnsemble,SELL,-0.00948924899372261,True,STACK,ElasticNetCV,0.5575723309997894,0.5575723309997894,ElasticNetCV,0.5575723309997894,,XGBRegressor,0.37494407664139595,,LGBMRegressor,0.17845252897734462,,STACK
2020-02-27,StackedEnsemble,BUY,0.009939328681175308,True,STACK,ElasticNetCV,0.7346849511163488,0.7346849511163488,ElasticNetCV,0.7346849511163488,,XGBRegressor,-0.08831079286365126,,LGBMRegressor,0.26381485834355894,,STACK
2020-03-19,StackedEnsemble,SELL,-0.030412702679351478,True,STACK,ElasticNetCV,1.1785584619187395,1.1785584619187395,ElasticNetCV,1.1785584619187395,,XGBRegressor,0.24870408112202244,,LGBMRegressor,0.34316074018782894,,STACK
2020-06-04,StackedEnsemble,BUY,0.025549827057364638,True,STACK,ElasticNetCV,1.592401808171355,1.592401808171355,ElasticNetCV,1.592401808171355,,XGBRegressor,0.2600719352848721,,LGBMRegressor,-0.6035620794364436,,STACK
2020-08-21,StackedEnsemble,SELL,-0.006150872605309554,True,STACK,ElasticNetCV,0.9110304879525841,0.9110304879525841,ElasticNetCV,0.9110304879525841,,XGBRegressor,0.12291544427231786,,LGBMRegressor,0.23833578544762238,,STACK
2020-09-23,StackedEnsemble,SELL,-0.013872242198251006,True,STACK,ElasticNetCV,0.7609886795556143,0.7609886795556143,ElasticNetCV,0.7609886795556143,,XGBRegressor,-0.03940064983098965,,LGBMRegressor,0.4555082304864064,,STACK
2021-01-21,StackedEnsemble,BUY,0.023295736167023406,True,STACK,ElasticNetCV,0.7593023735981386,0.7593023735981386,ElasticNetCV,0.7593023735981386,,XGBRegressor,-0.2772542908695,,LGBMRegressor,0.7557300361727647,,STACK
2021-01-25,StackedEnsemble,BUY,0.012834289163899726,True,STACK,ElasticNetCV,0.7356564536685497,0.7356564536685497,ElasticNetCV,0.7356564536685497,,XGBRegressor,0.18097584461130478,,LGBMRegressor,0.3652618132027634,,STACK
2021-04-20,StackedEnsemble,BUY,0.005608052831888921,True,STACK,ElasticNetCV,0.8005986541449569,0.8005986541449569,ElasticNetCV,0.8005986541449569,,XGBRegressor,0.3584466494271482,,LGBMRegressor,0.18781076725327556,,STACK
2021-04-28,StackedEnsemble,BUY,0.010779505749469509,True,STACK,ElasticNetCV,0.8346330083352458,0.8346330083352458,ElasticNetCV,0.8346330083352458,,XGBRegressor,0.19756799719179682,,LGBMRegressor,0.10338946988972757,,STACK
2021-06-24,StackedEnsemble,BUY,0.015077809526058417,True,STACK,ElasticNetCV,0.5236478931241352,0.5236478931241352,ElasticNetCV,0.5236478931241352,,XGBRegressor,0.4802368452125239,,LGBMRegressor,0.06851025642169221,,STACK
2021-09-28,StackedEnsemble,BUY,0.0061939708963512086,True,STACK,ElasticNetCV,0.3559725933847315,0.3559725933847315,ElasticNetCV,0.3559725933847315,,XGBRegressor,0.31026222938307296,,LGBMRegressor,0.2622161742948438,,STACK
2022-04-01,StackedEnsemble,BUY,0.022139433597711422,True,STACK,XGBRegressor,0.6121216870863319,0.6121216870863319,ElasticNetCV,0.4809225573552289,,XGBRegressor,0.6121216870863319,,LGBMRegressor,0.08944342657200487,,STACK
2022-09-06,StackedEnsemble,BUY,0.009076763485477146,True,STACK,ElasticNetCV,0.6225439205309252,0.6225439205309252,ElasticNetCV,0.6225439205309252,,XGBRegressor,-0.020880444387058026,,LGBMRegressor,0.5615933574236844,,STACK
2022-09-12,StackedEnsemble,BUY,0.08281044380447433,True,STACK,ElasticNetCV,0.9804071431787976,0.9804071431787976,ElasticNetCV,0.9804071431787976,,XGBRegressor,0.03448643679472793,,LGBMRegressor,0.25981077471202524,,STACK
2022-11-22,StackedEnsemble,SELL,-0.021789357026128386,True,STACK,ElasticNetCV,0.6374232862010408,0.6374232862010408,ElasticNetCV,0.6374232862010408,,XGBRegressor,0.30597634548673214,,LGBMRegressor,0.40516129089732145,,STACK
2022-12-05,StackedEnsemble,SELL,-0.002189108226438252,True,STACK,LGBMRegressor,0.4568276476377977,0.4568276476377977,ElasticNetCV,0.3626811086505708,,XGBRegressor,0.44121570414290967,,LGBMRegressor,0.4568276476377977,,STACK
2022-12-23,StackedEnsemble,SELL,-0.0010444062550439837,True,STACK,XGBRegressor,0.5051578548469231,0.5051578548469231,ElasticNetCV,0.49247821167206124,,XGBRegressor,0.5051578548469231,,LGBMRegressor,0.21714130003011387,,STACK
2023-01-05,StackedEnsemble,SELL,-0.03482182117563415,True,STACK,ElasticNetCV,0.515574639988117,0.515574639988117,ElasticNetCV,0.515574639988117,,XGBRegressor,0.43895666852753845,,LGBMRegressor,0.27100377488493066,,STACK
2023-02-27,StackedEnsemble,BUY,0.020247046703957938,True,STACK,ElasticNetCV,0.7256243879102109,0.7256243879102109,ElasticNetCV,0.7256243879102109,,XGBRegressor,0.4740872938129351,,LGBMRegressor,0.05971329773386022,,STACK
2023-06-05,StackedEnsemble,SELL,-0.013020234272201003,True,STACK,ElasticNetCV,0.8400184785691072,0.8400184785691072,ElasticNetCV,0.8400184785691072,,XGBRegressor,0.2296343943360065,,LGBMRegressor,0.06485943703702188,,STACK
2024-01-29,StackedEnsemble,SELL,-0.004298584052157439,True,STACK,ElasticNetCV,0.7248841955318173,0.7248841955318173,ElasticNetCV,0.7248841955318173,,XGBRegressor,0.16603683551387052,,LGBMRegressor,0.2345525763967688,,STACK
2024-06-03,StackedEnsemble,BUY,0.00711059863553376,True,STACK,XGBRegressor,0.367052207607869,0.367052207607869,ElasticNetCV,0.36097070924129804,,XGBRegressor,0.367052207607869,,LGBMRegressor,0.17707982342218717,,STACK
2024-12-17,StackedEnsemble,BUY,0.009897106578611314,True,STACK,ElasticNetCV,0.5608509088249126,0.5608509088249126,ElasticNetCV,0.5608509088249126,,XGBRegressor,0.30801542466978055,,LGBMRegressor,0.156798735497613,,STACK
2024-12-25,StackedEnsemble,BUY,0.009140106061428677,True,STACK,ElasticNetCV,0.4425408174888754,0.4425408174888754,ElasticNetCV,0.4425408174888754,,XGBRegressor,0.3211341450229198,,LGBMRegressor,0.3341562030618638,,STACK
2025-05-23,StackedEnsemble,BUY,0.01107591617545256,True,STACK,ElasticNetCV,0.6975796371268193,0.6975796371268193,ElasticNetCV,0.6975796371268193,,XGBRegressor,0.6752700441435341,,LGBMRegressor,0.012829641431404998,,STACK
2025-07-30,StackedEnsemble,SELL,-0.025809809564631747,True,STACK,ElasticNetCV,0.681917683359346,0.681917683359346,ElasticNetCV,0.681917683359346,,XGBRegressor,0.12650799165249105,,LGBMRegressor,0.29605563669140833,,STACK
