Date,Model,Signal,Forward_10d_Return,Hit,Attribution_Method,Largest_Attribution_Driver,Largest_Attribution_Value,Largest_Attribution_Abs,Driver_1_Name,Driver_1_Beta,Driver_1_SHAP,Driver_2_Name,Driver_2_Beta,Driver_2_SHAP,Driver_3_Name,Driver_3_Beta,Driver_3_SHAP,Dominant_Attribution_Method
2001-12-25,OLS,BUY,0.0381274131274131,True,BETA,2y yield,0.8878160513178947,0.8878160513178947,Gold,0.2356341479758747,,MSCI World ex-US,0.1436014266455157,,2y yield,0.8878160513178947,,
2003-03-12,OLS,BUY,0.001279941488389,True,BETA,Gold,0.1979872189239576,0.1979872189239576,Gold,0.1979872189239576,,MSCI EM,0.1462768589847875,,VIX Index,-0.0122873633001538,,
2003-04-04,OLS,BUY,0.0297762160162751,True,BETA,Gold,0.2077035302940504,0.2077035302940504,Gold,0.2077035302940504,,VIX Index,-0.0146690972803293,,MSCI EM,0.1449179608151069,,
2003-04-11,OLS,BUY,0.0170454545454545,True,BETA,Gold,0.2099822004350136,0.2099822004350136,Gold,0.2099822004350136,,VIX Index,-0.0155698489525818,,MSCI EM,0.1341169602549305,,
2003-04-23,OLS,BUY,0.0234699404224589,True,BETA,Gold,0.192769587997262,0.192769587997262,Gold,0.192769587997262,,VIX Index,-0.0188471576351919,,MSCI EM,0.1254377291571454,,
2003-06-05,OLS,BUY,0.0077773937089524,True,BETA,Gold,0.2013373222856194,0.2013373222856194,Gold,0.2013373222856194,,MSCI EM,0.1242152324944519,,VIX Index,-0.009476608330086,,
2003-07-18,OLS,BUY,0.0193683475833188,True,BETA,Real 2y yield,0.6395345026315109,0.6395345026315109,Gold,0.151048619306805,,Real 2y yield,0.6395345026315109,,MSCI World - Wilshire,0.0283915141237173,,
2003-07-29,OLS,SELL,-0.0011914893617022,True,BETA,Real 2y yield,0.53199654713875,0.53199654713875,Gold,0.1487294588785561,,MSCI World - Wilshire,0.0693723923038988,,Real 2y yield,0.53199654713875,,
2004-01-08,OLS,SELL,-0.0010329054153753,True,BETA,5y yield,0.9857808328957096,0.9857808328957096,MSCI World - Dow Jones,0.235508645549251,,Gold,0.2065333005172885,,5y yield,0.9857808328957096,,
2004-03-25,OLS,BUY,0.0213589227673736,True,BETA,5y yield,1.4001546463324772,1.4001546463324772,MSCI World ex-US,0.2859438961126976,,Gold,0.2904936472068161,,5y yield,1.4001546463324772,,
2004-07-16,OLS,SELL,-0.0338288834951455,True,BETA,Asia EMFX,-0.7558977011548599,0.7558977011548599,Gold,0.4189827081279191,,MSCI World ex-US,0.3074586904282103,,Asia EMFX,-0.7558977011548599,,
2004-08-12,OLS,SELL,-0.0106286061342241,True,BETA,5y yield,1.5136382258434884,1.5136382258434884,Gold,0.457640257775376,,MSCI World ex-US,0.3207936736102554,,5y yield,1.5136382258434884,,
2004-09-21,OLS,BUY,0.0153637596023497,True,BETA,2y yield,1.567062781404888,1.567062781404888,Gold,0.4524051457840252,,MSCI World ex-US,0.3193371533280887,,2y yield,1.567062781404888,,
2004-10-01,OLS,BUY,0.0179312388855956,True,BETA,2y yield,1.5059572989006358,1.5059572989006358,Gold,0.4610547631690422,,MSCI World ex-US,0.3135957862270135,,2y yield,1.5059572989006358,,
2005-03-28,OLS,BUY,0.0186519711742263,True,BETA,2y yield,2.797746007342928,2.797746007342928,Gold,0.4044409727284317,,MSCI World ex-US,0.3718424402741866,,2y yield,2.797746007342928,,
2005-03-30,OLS,BUY,0.0226052557219553,True,BETA,2y yield,2.844245842304528,2.844245842304528,Gold,0.4042069823838422,,MSCI World ex-US,0.3752442535932483,,2y yield,2.844245842304528,,
2005-07-13,OLS,BUY,0.010102510771059,True,BETA,2y yield,2.264335146485628,2.264335146485628,Gold,0.4091509042040798,,MSCI World ex-US,0.2874222809147839,,2y yield,2.264335146485628,,
2005-12-05,OLS,SELL,-0.0425946547884188,True,BETA,Real 2y yield,0.4689777924578494,0.4689777924578494,MSCI World ex-US,0.3448894698000889,,Gold,0.2738207561022594,,Real 2y yield,0.4689777924578494,,
2005-12-22,OLS,BUY,0.0204960641615921,True,BETA,Real 2y yield,0.5571453720165263,0.5571453720165263,MSCI World ex-US,0.3632214102625982,,Gold,0.2529520784544244,,Real 2y yield,0.5571453720165263,,
2006-01-03,OLS,BUY,0.0096448925909686,True,BETA,Real 2y yield,0.4285145675792013,0.4285145675792013,MSCI World ex-US,0.3595758546268994,,Gold,0.2430199091303161,,Real 2y yield,0.4285145675792013,,
2006-05-24,OLS,SELL,-0.0096412201675359,True,BETA,Real 2y yield,0.5944147241583849,0.5944147241583849,MSCI World ex-US,0.1826453888603977,,Gold,0.1598572398008608,,Real 2y yield,0.5944147241583849,,
2006-05-30,OLS,SELL,-0.0310694769711161,True,BETA,Real 2y yield,0.6014154209821374,0.6014154209821374,Gold,0.1429870166638068,,MSCI World ex-US,0.169074845500676,,Real 2y yield,0.6014154209821374,,
2006-09-14,OLS,SELL,-0.0064993954050786,True,BETA,5y yield,2.1524993218161783,2.1524993218161783,5y yield,2.1524993218161783,,Gold,0.1171777901347656,,MSCI World - Dow Jones,0.1499422289624254,,
2006-09-25,OLS,SELL,-0.0198418618529016,True,BETA,5y yield,2.081699794423312,2.081699794423312,5y yield,2.081699794423312,,Gold,0.1038723694171764,,MSCI World - Dow Jones,0.1735729379571962,,
2007-04-17,OLS,SELL,-0.006038647342995,True,BETA,10y yield,2.7144386803379925,2.7144386803379925,Gold,0.1010762589348016,,MSCI World ex-US,0.1187541785990164,,10y yield,2.7144386803379925,,
2008-01-10,OLS,SELL,-0.0141383263278562,True,BETA,Real 2y yield,-1.042161833843816,1.042161833843816,Gold,0.2206314847999165,,MSCI World ex-US,0.409479878725817,,Real 2y yield,-1.042161833843816,,
2008-02-22,OLS,SELL,-0.018548287374799,True,BETA,MSCI World ex-US,0.3111333567630964,0.3111333567630964,Gold,0.2960164405891493,,MSCI World ex-US,0.3111333567630964,,VIX Index,-0.0217113573270895,,
2008-07-15,OLS,SELL,-0.0418122977346278,True,BETA,Asia EMFX,-0.3259785472976746,0.3259785472976746,Copper LME,0.1164468940730981,,MSCI World ex-US,0.2808919409572193,,Asia EMFX,-0.3259785472976746,,
2008-08-08,OLS,BUY,0.0063893227317903,True,BETA,Real 2y yield,-0.7177974044482074,0.7177974044482074,Copper LME,0.1009496326856335,,MSCI World ex-US,0.2429398285518544,,Real 2y yield,-0.7177974044482074,,
2008-08-14,OLS,BUY,0.0025710612769604,True,BETA,Asia EMFX,-0.5801892374922349,0.5801892374922349,Copper LME,0.1142114644624073,,MSCI World ex-US,0.2052440546387285,,Asia EMFX,-0.5801892374922349,,
2008-10-27,OLS,BUY,0.0716660509789435,True,BETA,Asia EMFX,0.4248586368261273,0.4248586368261273,Copper LME,0.173020088750115,,MSCI EM,0.1767690479832618,,Asia EMFX,0.4248586368261273,,
2008-11-11,OLS,SELL,-0.042467668647326,True,BETA,Asia EMFX,0.2411603473334942,0.2411603473334942,Copper LME,0.1360543011229362,,MSCI EM,0.2096372956275013,,Asia EMFX,0.2411603473334942,,
2008-12-16,OLS,SELL,-0.0013819312489203,True,BETA,Asia EMFX,0.2352640915312913,0.2352640915312913,MSCI EM,0.2155304271434905,,Copper LME,0.1344269740546075,,Asia EMFX,0.2352640915312913,,
2009-04-03,OLS,SELL,-0.0302202492743726,True,BETA,MSCI World ex-US,0.2987068874531739,0.2987068874531739,MSCI World ex-US,0.2987068874531739,,BCOM Index,0.1575869502939473,,Asia EMFX,0.1000299991361238,,
2009-07-21,OLS,BUY,0.0240158078735368,True,BETA,Asia EMFX,0.4409843072195255,0.4409843072195255,BCOM Index,0.2259339402726327,,MSCI World ex-US,0.3129425415571393,,Asia EMFX,0.4409843072195255,,
2009-07-30,OLS,BUY,0.0410916896657467,True,BETA,Asia EMFX,0.4741449971798767,0.4741449971798767,MSCI World ex-US,0.3244977824152754,,BCOM Index,0.2090562130426507,,Asia EMFX,0.4741449971798767,,
2009-11-26,OLS,BUY,0.0185909980430527,True,BETA,Asia EMFX,0.4546900437816339,0.4546900437816339,MSCI World ex-US,0.3759231189956573,,BCOM Index,0.242476831923326,,Asia EMFX,0.4546900437816339,,
2010-04-28,OLS,SELL,-0.0106810930780968,True,BETA,MSCI World ex-US,0.444747774313928,0.444747774313928,MSCI World ex-US,0.444747774313928,,Oil,0.1018409895428697,,Asia EMFX,0.3821669574140014,,
2010-10-21,OLS,BUY,0.0654418667024272,True,BETA,MSCI World ex-US,0.3260695551006443,0.3260695551006443,BCOM Index,0.2465353058226375,,MSCI World ex-US,0.3260695551006443,,Asia EMFX,-0.0853223417837011,,
2010-12-15,OLS,BUY,0.0390698931999458,True,BETA,MSCI World ex-US,0.2884090183116133,0.2884090183116133,Oil,0.1524230730733586,,MSCI World ex-US,0.2884090183116133,,Asia EMFX,-0.1440587216103828,,
2011-07-29,OLS,SELL,-0.0535653360627771,True,BETA,MSCI EM,0.4159609862191384,0.4159609862191384,MSCI EM,0.4159609862191384,,Gold,0.2297484137743337,,Asia EMFX,-0.0179465297203001,,
2012-03-20,OLS,BUY,0.0020802741067056,True,BETA,MSCI World ex-US,0.3585842102083795,0.3585842102083795,BCOM Index,0.1759553448340467,,MSCI World ex-US,0.3585842102083795,,Asia EMFX,-0.0245497590052802,,
2012-12-14,OLS,SELL,-0.0313127732482572,True,BETA,MSCI World ex-US,0.3463459210681005,0.3463459210681005,MSCI World ex-US,0.3463459210681005,,Copper LME,0.0531077792478211,,Asia EMFX,0.2369322007758224,,
2012-12-21,OLS,BUY,0.0109395891576515,True,BETA,MSCI World ex-US,0.3202778592571538,0.3202778592571538,MSCI World ex-US,0.3202778592571538,,Copper LME,0.0660854147056584,,Asia EMFX,0.2524021297563378,,
2013-03-13,OLS,BUY,0.022238514173998,True,BETA,Asia EMFX,0.2671374002005127,0.2671374002005127,MSCI World ex-US,0.2564889442014794,,Copper LME,0.1050073793480896,,Asia EMFX,0.2671374002005127,,
2013-04-08,OLS,SELL,-0.004255319148936,True,BETA,MSCI World ex-US,0.2537781786390647,0.2537781786390647,MSCI World ex-US,0.2537781786390647,,Copper LME,0.0762095745859138,,MOVE Index,0.0053734839990156,,
2013-05-31,OLS,BUY,0.0130883463377802,True,BETA,MSCI World ex-US,0.2286241203986026,0.2286241203986026,MSCI World ex-US,0.2286241203986026,,BCOM Index,0.1871326884348532,,VIX Index,-0.0032118295075587,,
2013-11-27,OLS,BUY,0.0135002454590082,True,BETA,5y yield,3.608358513669331,3.608358513669331,Gold,0.153057432760771,,MSCI World ex-US,0.2107729209377594,,5y yield,3.608358513669331,,
2014-01-14,OLS,SELL,-0.0147936053447863,True,BETA,5y yield,3.5998883351752435,3.5998883351752435,Gold,0.1332180750450016,,5y yield,3.5998883351752435,,MSCI World ex-US,0.1998346798847237,,
2014-02-26,OLS,BUY,0.0252585999518883,True,BETA,5y yield,3.4653418051967657,3.4653418051967657,Gold,0.1343736503875638,,5y yield,3.4653418051967657,,Local - S&P500,-0.1759821321620172,,
2014-10-03,OLS,BUY,0.0203503348789284,True,BETA,2y yield,4.129296802918805,4.129296802918805,Gold,0.0828254910757045,,Asia EMFX,-0.8725855716532798,,2y yield,4.129296802918805,,
2014-10-07,OLS,BUY,0.0163411208987616,True,BETA,2y yield,4.631986507657757,4.631986507657757,Gold,0.0995678863986663,,Asia EMFX,-0.8790893155047277,,2y yield,4.631986507657757,,
2015-07-23,OLS,SELL,-0.0081731496897229,True,BETA,Real 2y yield,1.798470287797045,1.798470287797045,Real 2y yield,1.798470287797045,,Gold,0.2629569620783356,,Asia EMFX,-0.8837538949202088,,
2015-07-28,OLS,SELL,-0.0225811275609391,True,BETA,Real 2y yield,1.815243606490003,1.815243606490003,Real 2y yield,1.815243606490003,,Gold,0.2602233171704311,,Asia EMFX,-0.887438847823603,,
2015-12-22,OLS,SELL,-0.0148398471936526,True,BETA,Real 2y yield,2.216064514258246,2.216064514258246,Gold,0.2876107925434795,,Real 2y yield,2.216064514258246,,MSCI World ex-US,0.2797308715215956,,
2015-12-28,OLS,SELL,-0.0419161676646705,True,BETA,Real 2y yield,2.1978032414245434,2.1978032414245434,Gold,0.2823529077498117,,Real 2y yield,2.1978032414245434,,MSCI World ex-US,0.2861093087521937,,
2016-04-11,OLS,SELL,-0.0004374453193349,True,BETA,Asia EMFX,-0.4369473987729194,0.4369473987729194,Copper LME,0.141188455072862,,MSCI World ex-US,0.1230032960864299,,Asia EMFX,-0.4369473987729194,,
2016-07-19,OLS,BUY,0.0269388912519494,True,BETA,Asia EMFX,-0.5293127013443495,0.5293127013443495,Copper LME,0.120661648591766,,Asia EMFX,-0.5293127013443495,,MSCI World ex-US,0.1394340300939199,,
2016-12-02,OLS,SELL,-0.02492648088503,True,BETA,Asia EMFX,-0.8035519776148433,0.8035519776148433,Asia EMFX,-0.8035519776148433,,MSCI World ex-US,0.1063783687972156,,BCOM Index,0.1520334388045785,,
2017-04-26,OLS,BUY,0.0072568940493469,True,BETA,Gold,0.3181634172829406,0.3181634172829406,MSCI World ex-US,0.2753304637734461,,Gold,0.3181634172829406,,Asia EMFX,-0.3067584642340701,,
2017-08-30,OLS,BUY,0.0054151624548737,True,BETA,5y yield,2.9485650372066945,2.9485650372066945,Gold,0.3146033174169184,,5y yield,2.9485650372066945,,MSCI World ex-US,0.1611553036042421,,
2017-10-30,OLS,BUY,0.0039267015706807,True,BETA,5y yield,2.5597328270652278,2.5597328270652278,Gold,0.2788451528548626,,5y yield,2.5597328270652278,,MSCI World ex-US,0.1935615111871707,,
2017-11-01,OLS,SELL,-0.0013069997095556,True,BETA,5y yield,2.607267873465586,2.607267873465586,Gold,0.2811382870972524,,5y yield,2.607267873465586,,MSCI World ex-US,0.1983805104599612,,
2018-07-10,OLS,SELL,-0.0052646972799063,True,BETA,Gold,0.3269008657262107,0.3269008657262107,Gold,0.3269008657262107,,MSCI World ex-US,0.0817948146287049,,Asia EMFX,-0.1108268724518251,,
2018-07-30,OLS,SELL,-0.0357613952806682,True,BETA,Gold,0.3286890780594123,0.3286890780594123,Gold,0.3286890780594123,,MSCI World ex-US,0.0862375058116393,,Asia EMFX,-0.1857211232641041,,
2018-10-04,OLS,BUY,0.0100324124093222,True,BETA,Gold,0.3518474961102429,0.3518474961102429,Gold,0.3518474961102429,,MSCI World ex-US,0.0834090510368333,,Asia EMFX,-0.2354746234602066,,
2019-03-20,OLS,SELL,-0.0152549760278949,True,BETA,Gold,0.3848014303941722,0.3848014303941722,Gold,0.3848014303941722,,Asia EMFX,-0.2300315781671019,,MSCI World ex-US,0.1560552582331484,,
2019-07-15,OLS,SELL,-0.0129483554100313,True,BETA,Gold,0.3454164822758188,0.3454164822758188,Gold,0.3454164822758188,,Asia EMFX,-0.2944344157258322,,MSCI World ex-US,0.1479751143313864,,
2019-07-18,OLS,SELL,-0.0333185905941324,True,BETA,Asia EMFX,-0.4210288199962134,0.4210288199962134,Gold,0.356691700600406,,Asia EMFX,-0.4210288199962134,,Local - Dow Jones,-0.1235776066749452,,
2019-12-30,OLS,SELL,-0.0144173602853744,True,BETA,Real 2y yield,1.6689351371162948,1.6689351371162948,Real 2y yield,1.6689351371162948,,Gold,0.2033270064756043,,MSCI World ex-US,0.2141019677944982,,
2020-03-17,OLS,BUY,0.001681802892701,True,BETA,MSCI World ex-US,0.1418077286374936,0.1418077286374936,Asia EMFX,-0.1412866408450681,,Copper LME,0.0329226086920639,,MSCI World ex-US,0.1418077286374936,,
2020-06-15,OLS,SELL,-0.0080321285140562,True,BETA,MSCI World ex-US,0.1998009459054723,0.1998009459054723,MSCI World ex-US,0.1998009459054723,,Copper LME,0.091680916179008,,Asia EMFX,-0.1393757426763745,,
2021-02-10,OLS,BUY,0.0304878048780488,True,BETA,Asia EMFX,-0.3443713782036604,0.3443713782036604,MSCI World ex-US,0.1910212206605919,,Copper LME,0.1191902102453315,,Asia EMFX,-0.3443713782036604,,
2021-02-12,OLS,BUY,0.0013844662882458,True,BETA,Asia EMFX,-0.3282570206801355,0.3282570206801355,MSCI World ex-US,0.1956432420121368,,Copper LME,0.1164472810142662,,Asia EMFX,-0.3282570206801355,,
2021-02-24,OLS,SELL,-0.0322754168908014,True,BETA,Asia EMFX,-0.3928851273658362,0.3928851273658362,MSCI World ex-US,0.1977057015197133,,BCOM Index,0.1850710749968331,,Asia EMFX,-0.3928851273658362,,
2021-03-08,OLS,BUY,0.0046289802216299,True,BETA,Asia EMFX,-0.3488367607599119,0.3488367607599119,MSCI World ex-US,0.2151512663310586,,BCOM Index,0.2056744195575313,,Asia EMFX,-0.3488367607599119,,
2021-03-23,OLS,BUY,0.0085726532361765,True,BETA,Asia EMFX,-0.3657073256817809,0.3657073256817809,MSCI World ex-US,0.2386069434372686,,BCOM Index,0.2339338638005946,,Asia EMFX,-0.3657073256817809,,
2021-06-18,OLS,BUY,0.0129757785467128,True,BETA,Asia EMFX,-0.5072243137110568,0.5072243137110568,MSCI World ex-US,0.2462106032703983,,Oil,0.045512273361337,,Asia EMFX,-0.5072243137110568,,
2021-10-20,OLS,SELL,-0.0058317134129408,True,BETA,MSCI World ex-US,0.3203265709418787,0.3203265709418787,MSCI World ex-US,0.3203265709418787,,Copper LME,0.1218024347093411,,Asia EMFX,-0.2597975324386421,,
2022-02-02,OLS,BUY,0.0070868516284681,True,BETA,Asia EMFX,-0.3908666179761062,0.3908666179761062,MSCI World ex-US,0.3315840412983159,,Gold,0.2147211194806516,,Asia EMFX,-0.3908666179761062,,
2022-02-11,OLS,BUY,0.0144426056867761,True,BETA,MSCI World ex-US,0.3449298257471591,0.3449298257471591,MSCI World ex-US,0.3449298257471591,,Gold,0.205123939366112,,Asia EMFX,-0.320924548697971,,
2022-06-16,OLS,SELL,-0.0182389937106919,True,BETA,Asia EMFX,-0.3268337638314612,0.3268337638314612,MSCI World ex-US,0.2531372099704433,,Copper LME,0.0865802114807978,,Asia EMFX,-0.3268337638314612,,
2022-08-11,OLS,SELL,-0.0317016317016316,True,BETA,MSCI World ex-US,0.2653191660047374,0.2653191660047374,MSCI World ex-US,0.2653191660047374,,Copper LME,0.0559452556320752,,Asia EMFX,-0.2278667395132884,,
2023-01-13,OLS,BUY,0.0185098039215687,True,BETA,Gold,0.3540516751170905,0.3540516751170905,Gold,0.3540516751170905,,MSCI World ex-US,0.276275799428345,,Asia EMFX,-0.0426111187102046,,
2023-01-19,OLS,BUY,0.0125078173858661,True,BETA,Gold,0.3474388216153798,0.3474388216153798,Gold,0.3474388216153798,,MSCI World ex-US,0.2791239802455919,,Asia EMFX,-0.0237426240477224,,
2023-04-20,OLS,BUY,0.0173307418205377,True,BETA,Gold,0.442812662182875,0.442812662182875,Gold,0.442812662182875,,MSCI World ex-US,0.2394619681391678,,Asia EMFX,-0.0958332881828823,,
2023-04-25,OLS,BUY,0.0322633208408016,True,BETA,Gold,0.4425633648184089,0.4425633648184089,Gold,0.4425633648184089,,MSCI World ex-US,0.2355649749848417,,Asia EMFX,-0.1063256789742196,,
2023-05-10,OLS,SELL,-0.0400502591487358,True,BETA,5y yield,0.8135275781004019,0.8135275781004019,Gold,0.3903935754811439,,MSCI World ex-US,0.2624862756616016,,5y yield,0.8135275781004019,,
2023-05-22,OLS,SELL,-0.0345156672498807,True,BETA,Gold,0.4352455952066192,0.4352455952066192,Gold,0.4352455952066192,,MSCI World ex-US,0.2272899902325187,,Asia EMFX,-0.12404378843703,,
2023-09-28,OLS,SELL,-0.0058705132505869,True,BETA,Gold,0.4015078452187869,0.4015078452187869,MSCI World ex-US,0.2642032311320372,,Gold,0.4015078452187869,,Asia EMFX,-0.2714648055061192,,
2024-03-22,OLS,BUY,0.0035046728971961,True,BETA,2y yield,2.2540822667641263,2.2540822667641263,MSCI World ex-US,0.3241215394857183,,Copper LME,0.1476636226951041,,2y yield,2.2540822667641263,,
2024-12-17,OLS,SELL,-0.0278067431352103,True,BETA,5y yield,3.100738058242414,3.100738058242414,5y yield,3.100738058242414,,MSCI World ex-US,0.2293969319205995,,Gold,0.1302207142747588,,
2024-12-19,OLS,SELL,-0.0063931806073522,True,BETA,5y yield,3.2200016399762665,3.2200016399762665,5y yield,3.2200016399762665,,MSCI World ex-US,0.2233495974364315,,Gold,0.1431179597585488,,
2025-03-14,OLS,SELL,-0.0055671537926235,True,BETA,2y yield,3.008538208591619,3.008538208591619,2y yield,3.008538208591619,,MSCI World ex-US,0.1916556318515606,,Copper LME,0.1125025963738604,,
2025-04-24,OLS,SELL,-0.0155051683894631,True,BETA,5y yield,2.4747977961420853,2.4747977961420853,MSCI World ex-US,0.1946776216207007,,5y yield,2.4747977961420853,,Copper LME,0.1259683949341852,,
2025-08-20,OLS,BUY,0.0094453031083632,True,BETA,Asia EMFX,-0.4544051524832312,0.4544051524832312,Copper LME,0.1459514934402198,,MSCI World ex-US,0.2253163594386988,,Asia EMFX,-0.4544051524832312,,
2001-12-25,RidgeCV,BUY,0.0381274131274131,True,BETA,Gold,0.1608024308332049,0.1608024308332049,Gold,0.1608024308332049,,MSCI World ex-US,0.1024289483854191,,2y yield,0.0726206038271588,,
2003-03-12,RidgeCV,BUY,0.001279941488389,True,BETA,Gold,0.1499915641433746,0.1499915641433746,Gold,0.1499915641433746,,MSCI EM,0.132083416943294,,VIX Index,-0.0881877240282406,,
2003-03-17,RidgeCV,BUY,0.0124042320321051,True,BETA,Gold,0.1560979025836932,0.1560979025836932,Gold,0.1560979025836932,,MSCI EM,0.1355990587063058,,VIX Index,-0.0854709746636679,,
2003-04-03,RidgeCV,BUY,0.0179126302321328,True,BETA,Gold,0.1566751980573126,0.1566751980573126,Gold,0.1566751980573126,,VIX Index,-0.0951069018894805,,MSCI EM,0.1315806297254835,,
2003-04-10,RidgeCV,BUY,0.0115089514066495,True,BETA,Gold,0.1621519122186857,0.1621519122186857,Gold,0.1621519122186857,,VIX Index,-0.0951853327806824,,MSCI EM,0.1200757796176866,,
2003-04-23,RidgeCV,BUY,0.0234699404224589,True,BETA,Gold,0.1506847957540369,0.1506847957540369,Gold,0.1506847957540369,,VIX Index,-0.1012553073473002,,MSCI EM,0.1137569190710011,,
2003-07-18,RidgeCV,BUY,0.0193683475833188,True,BETA,Gold,0.0990329621974347,0.0990329621974347,Gold,0.0990329621974347,,Real 2y yield,0.0587399898423749,,MSCI World - Wilshire,0.0226752884295669,,
2003-07-29,RidgeCV,SELL,-0.0011914893617022,True,BETA,Gold,0.1228871160882041,0.1228871160882041,Gold,0.1228871160882041,,MSCI World - Wilshire,0.0426307401751411,,Real 2y yield,0.071592302430566,,
2004-01-08,RidgeCV,SELL,-0.0010329054153753,True,BETA,Gold,0.1904332593955218,0.1904332593955218,MSCI World - Dow Jones,0.1483031115973369,,Gold,0.1904332593955218,,5y yield,0.07947303761972,,
2004-03-17,RidgeCV,BUY,0.0262471220260935,True,BETA,MSCI World ex-US,0.2832630109745276,0.2832630109745276,MSCI World ex-US,0.2832630109745276,,Gold,0.2808709636676835,,5y yield,0.120888074976105,,
2004-07-16,RidgeCV,SELL,-0.0338288834951455,True,BETA,Gold,0.4303182084956654,0.4303182084956654,Gold,0.4303182084956654,,MSCI World ex-US,0.2680290584753926,,Asia EMFX,-0.0763790990895846,,
2004-08-12,RidgeCV,SELL,-0.0106286061342241,True,BETA,Gold,0.4728986916266984,0.4728986916266984,Gold,0.4728986916266984,,MSCI World ex-US,0.2755772472432326,,5y yield,0.120375405347108,,
2004-09-21,RidgeCV,BUY,0.0153637596023497,True,BETA,Gold,0.4727590403181217,0.4727590403181217,Gold,0.4727590403181217,,MSCI World ex-US,0.2698988142706015,,2y yield,0.1016044835853476,,
2004-09-27,RidgeCV,BUY,0.0235841970857744,True,BETA,Gold,0.4775039507021306,0.4775039507021306,Gold,0.4775039507021306,,MSCI World ex-US,0.2626596877552286,,2y yield,0.0988897651002118,,
2004-10-01,RidgeCV,BUY,0.0179312388855956,True,BETA,Gold,0.4794686325176355,0.4794686325176355,Gold,0.4794686325176355,,MSCI World ex-US,0.2650894091520746,,2y yield,0.0989135295514646,,
2005-01-27,RidgeCV,SELL,-0.0058683806063992,True,BETA,Gold,0.4415783229203003,0.4415783229203003,Gold,0.4415783229203003,,MSCI World ex-US,0.2675575243689178,,2y yield,0.1785468151863138,,
2005-03-28,RidgeCV,BUY,0.0186519711742263,True,BETA,Gold,0.3543828768284904,0.3543828768284904,Gold,0.3543828768284904,,MSCI World ex-US,0.2751334282927977,,2y yield,0.1741481016537793,,
2005-07-13,RidgeCV,BUY,0.010102510771059,True,BETA,Gold,0.3555552911588883,0.3555552911588883,Gold,0.3555552911588883,,MSCI World ex-US,0.2041387558562361,,2y yield,0.1302718999437093,,
2005-12-05,RidgeCV,SELL,-0.0425946547884188,True,BETA,MSCI World ex-US,0.2094165770708703,0.2094165770708703,MSCI World ex-US,0.2094165770708703,,Gold,0.185280700100982,,Real 2y yield,0.0943340533557659,,
2005-12-22,RidgeCV,BUY,0.0204960641615921,True,BETA,MSCI World ex-US,0.2173270127677729,0.2173270127677729,MSCI World ex-US,0.2173270127677729,,Gold,0.1744902252633954,,Real 2y yield,0.1022769936963505,,
2005-12-27,RidgeCV,BUY,0.0331993449456602,True,BETA,MSCI World ex-US,0.21768005623952,0.21768005623952,MSCI World ex-US,0.21768005623952,,Gold,0.1653759283658155,,Real 2y yield,0.1011921025002101,,
2006-05-25,RidgeCV,SELL,-0.023575331772053,True,BETA,Gold,0.1160472140097649,0.1160472140097649,MSCI World ex-US,0.0925511466132677,,Gold,0.1160472140097649,,Real 2y yield,0.0718236155051719,,
2006-05-30,RidgeCV,SELL,-0.0310694769711161,True,BETA,Gold,0.1196375145702484,0.1196375145702484,Gold,0.1196375145702484,,MSCI World ex-US,0.0913830963383442,,Real 2y yield,0.068955034870297,,
2006-08-29,RidgeCV,SELL,-0.0037296037296036,True,BETA,Gold,0.1100790279452709,0.1100790279452709,Gold,0.1100790279452709,,MSCI World - Dow Jones,0.0658333064058612,,5y yield,0.0755057599018,,
2006-09-14,RidgeCV,SELL,-0.0064993954050786,True,BETA,Gold,0.1065173045934247,0.1065173045934247,5y yield,0.0859856782395135,,Gold,0.1065173045934247,,MSCI World - Dow Jones,0.0605052094909063,,
2006-09-25,RidgeCV,SELL,-0.0198418618529016,True,BETA,Gold,0.0980269716097945,0.0980269716097945,5y yield,0.081947790906708,,Gold,0.0980269716097945,,MSCI World - Dow Jones,0.0659037386654371,,
2007-04-17,RidgeCV,SELL,-0.006038647342995,True,BETA,Gold,0.1269354358418567,0.1269354358418567,Gold,0.1269354358418567,,MSCI World ex-US,0.09386840594408,,10y yield,0.1182786961281708,,
2007-09-05,RidgeCV,BUY,0.0712101354303189,True,BETA,Gold,0.231775798614343,0.231775798614343,Gold,0.231775798614343,,MSCI World ex-US,0.2273414214008154,,VIX Index,-0.0786944358269364,,
2008-01-14,RidgeCV,SELL,-0.0169448659585229,True,BETA,MSCI World ex-US,0.3157164044917564,0.3157164044917564,Gold,0.2548636878033264,,MSCI World ex-US,0.3157164044917564,,Real 2y yield,-0.1589748501842505,,
2008-04-02,RidgeCV,BUY,0.00278516267882,True,BETA,MSCI World ex-US,0.3021842856498942,0.3021842856498942,MSCI World ex-US,0.3021842856498942,,Gold,0.2565043742191266,,Real 2y yield,-0.1894052799155294,,
2008-05-08,RidgeCV,BUY,0.0142579390797148,True,BETA,MSCI World ex-US,0.3348159220569076,0.3348159220569076,Copper LME,0.1014116816237427,,MSCI World ex-US,0.3348159220569076,,Real 2y yield,-0.1749354757809986,,
2008-05-13,RidgeCV,BUY,0.0329713463299752,True,BETA,MSCI World ex-US,0.3309378102682188,0.3309378102682188,Copper LME,0.106735977008469,,MSCI World ex-US,0.3309378102682188,,Real 2y yield,-0.1779726608344399,,
2008-08-08,RidgeCV,BUY,0.0063893227317903,True,BETA,MSCI World ex-US,0.2612607986989644,0.2612607986989644,Copper LME,0.1575179889471406,,MSCI World ex-US,0.2612607986989644,,Real 2y yield,-0.122313598657526,,
2008-10-24,RidgeCV,BUY,0.0643306379155437,True,BETA,Copper LME,0.2602837824386497,0.2602837824386497,Copper LME,0.2602837824386497,,MSCI EM,0.1731718317242555,,Asia EMFX,-0.0443854165622365,,
2008-11-11,RidgeCV,SELL,-0.042467668647326,True,BETA,Copper LME,0.3036297563049204,0.3036297563049204,Copper LME,0.3036297563049204,,MSCI EM,0.2772729018465382,,Asia EMFX,-0.0384769797378966,,
2008-11-13,RidgeCV,SELL,-0.0358642407277816,True,BETA,Copper LME,0.3021085075505265,0.3021085075505265,Copper LME,0.3021085075505265,,MSCI EM,0.2748832697667782,,Asia EMFX,-0.0489099444947439,,
2008-12-16,RidgeCV,SELL,-0.0013819312489203,True,BETA,Copper LME,0.3255861762856948,0.3255861762856948,MSCI EM,0.2891591497969943,,Copper LME,0.3255861762856948,,Asia EMFX,-0.0498741241681256,,
2009-01-30,RidgeCV,BUY,0.0275103163686383,True,BETA,MSCI EM,0.4037867127793765,0.4037867127793765,MSCI EM,0.4037867127793765,,Copper LME,0.2294418008382484,,Asia EMFX,-0.039944681261367,,
2009-07-21,RidgeCV,BUY,0.0240158078735368,True,BETA,MSCI World ex-US,0.5317524999014512,0.5317524999014512,BCOM Index,0.4066518742182449,,MSCI World ex-US,0.5317524999014512,,Asia EMFX,0.0593017603564866,,
2009-07-30,RidgeCV,BUY,0.0410916896657467,True,BETA,MSCI World ex-US,0.5642337700622784,0.5642337700622784,MSCI World ex-US,0.5642337700622784,,BCOM Index,0.3748772903625671,,Asia EMFX,0.0701973462012965,,
2010-02-01,RidgeCV,SELL,-0.016798418972332,True,BETA,MSCI World ex-US,0.8137413393847479,0.8137413393847479,MSCI World ex-US,0.8137413393847479,,Copper LME,0.3050540882791949,,Asia EMFX,0.0372112781297314,,
2010-02-09,RidgeCV,SELL,-0.0058891123240447,True,BETA,MSCI World ex-US,0.8146702202109783,0.8146702202109783,MSCI World ex-US,0.8146702202109783,,Copper LME,0.3169927032382225,,Asia EMFX,0.0560088361176376,,
2010-04-01,RidgeCV,BUY,0.0052245128494774,True,BETA,MSCI World ex-US,0.5748103381452698,0.5748103381452698,MSCI World ex-US,0.5748103381452698,,Oil,0.3843865402582835,,Asia EMFX,-0.0222922552504122,,
2010-04-15,RidgeCV,BUY,0.016575361708105,True,BETA,MSCI World ex-US,0.5611822074958133,0.5611822074958133,MSCI World ex-US,0.5611822074958133,,Oil,0.348437399617044,,Asia EMFX,-0.0005875897147253,,
2010-05-03,RidgeCV,SELL,-0.0463875205254515,True,BETA,Copper LME,0.4215075456332693,0.4215075456332693,MSCI World ex-US,0.3996546177801288,,Copper LME,0.4215075456332693,,Asia EMFX,-0.040771337146254,,
2010-08-19,RidgeCV,BUY,0.0107481261490596,True,BETA,BCOM Index,0.40346700307695,0.40346700307695,BCOM Index,0.40346700307695,,MSCI World ex-US,0.381160718688151,,2y yield,-0.227820112462303,,
2010-11-03,RidgeCV,SELL,-0.0123092704192846,True,BETA,MSCI World ex-US,0.3280252445594771,0.3280252445594771,BCOM Index,0.3199264198695294,,MSCI World ex-US,0.3280252445594771,,Asia EMFX,-0.0445375665594395,,
2010-11-29,RidgeCV,BUY,0.0069714438932833,True,BETA,MSCI World ex-US,0.3014761589794034,0.3014761589794034,Oil,0.2829521718415976,,MSCI World ex-US,0.3014761589794034,,Asia EMFX,-0.0552768333007096,,
2010-12-31,RidgeCV,SELL,-0.0180722891566265,True,BETA,MSCI World ex-US,0.3149214322934943,0.3149214322934943,Oil,0.2623852064255855,,MSCI World ex-US,0.3149214322934943,,Asia EMFX,-0.054653214480159,,
2012-03-12,RidgeCV,BUY,0.0063569682151589,True,BETA,MSCI World ex-US,0.3765457800730907,0.3765457800730907,MSCI World ex-US,0.3765457800730907,,BCOM Index,0.1917757583805328,,Asia EMFX,-0.0422267223588232,,
2012-03-14,RidgeCV,BUY,0.0092672680093908,True,BETA,MSCI World ex-US,0.3770909908684231,0.3770909908684231,MSCI World ex-US,0.3770909908684231,,BCOM Index,0.1922880480184011,,Asia EMFX,-0.042669795227267,,
2012-03-20,RidgeCV,BUY,0.0020802741067056,True,BETA,MSCI World ex-US,0.3715227130555332,0.3715227130555332,BCOM Index,0.2052188824910174,,MSCI World ex-US,0.3715227130555332,,Asia EMFX,-0.0444056548784378,,
2012-12-12,RidgeCV,SELL,-0.028212422949265,True,BETA,MSCI World ex-US,0.3209754382418285,0.3209754382418285,MSCI World ex-US,0.3209754382418285,,Copper LME,0.1384041369648408,,Asia EMFX,-0.0109427920599187,,
2013-01-30,RidgeCV,BUY,0.0113649958128962,True,BETA,MSCI World ex-US,0.3277157167427889,0.3277157167427889,MSCI World ex-US,0.3277157167427889,,Copper LME,0.1730781107259848,,Asia EMFX,0.0145135042719892,,
2013-03-13,RidgeCV,BUY,0.022238514173998,True,BETA,MSCI World ex-US,0.2837820896344512,0.2837820896344512,MSCI World ex-US,0.2837820896344512,,Copper LME,0.1739105675340524,,Asia EMFX,0.0280313445550371,,
2013-04-09,RidgeCV,SELL,-0.0147800586510264,True,BETA,MSCI World ex-US,0.2389015702117453,0.2389015702117453,MSCI World ex-US,0.2389015702117453,,Copper LME,0.1279763217832852,,VIX Index,-0.0530347891053214,,
2013-05-31,RidgeCV,BUY,0.0130883463377802,True,BETA,MSCI World ex-US,0.1957984903261394,0.1957984903261394,MSCI World ex-US,0.1957984903261394,,BCOM Index,0.1751023098245301,,VIX Index,-0.0542715227749581,,
2013-07-25,RidgeCV,SELL,-0.0091561494679535,True,BETA,BCOM Index,0.2223857149220122,0.2223857149220122,BCOM Index,0.2223857149220122,,MSCI World ex-US,0.1482231765537874,,5y yield,0.196539129000051,,
2013-11-28,RidgeCV,BUY,0.0162601626016261,True,BETA,MSCI World ex-US,0.1938905988428158,0.1938905988428158,Gold,0.1785177477104737,,MSCI World ex-US,0.1938905988428158,,5y yield,0.1827126683630686,,
2014-02-26,RidgeCV,BUY,0.0252585999518883,True,BETA,5y yield,0.1695324211293073,0.1695324211293073,Gold,0.1552791611904567,,5y yield,0.1695324211293073,,Local - S&P500,-0.1546627305347615,,
2014-10-03,RidgeCV,BUY,0.0203503348789284,True,BETA,Asia EMFX,-0.130944295963312,0.130944295963312,Gold,0.0928228448399189,,Asia EMFX,-0.130944295963312,,2y yield,0.0745594154616894,,
2015-07-28,RidgeCV,SELL,-0.0225811275609391,True,BETA,Real 2y yield,0.2749517204768786,0.2749517204768786,Real 2y yield,0.2749517204768786,,Gold,0.2149220607656093,,Asia EMFX,-0.1512015232351007,,
2015-10-15,RidgeCV,SELL,-0.0232049036777584,True,BETA,Gold,0.1916659277880618,0.1916659277880618,Real 2y yield,0.184774832775476,,Gold,0.1916659277880618,,MSCI World ex-US,0.1772715528350196,,
2015-10-30,RidgeCV,SELL,-0.0351136028326939,True,BETA,Real 2y yield,0.1918005744255287,0.1918005744255287,Real 2y yield,0.1918005744255287,,Gold,0.1890987971225739,,MSCI World ex-US,0.1805236078226186,,
2015-12-25,RidgeCV,SELL,-0.0432685279929835,True,BETA,Gold,0.2329115631278456,0.2329115631278456,Gold,0.2329115631278456,,Real 2y yield,0.1740208586484362,,MSCI World ex-US,0.1999919233237601,,
2016-04-11,RidgeCV,SELL,-0.0004374453193349,True,BETA,Copper LME,0.1721053460810256,0.1721053460810256,Copper LME,0.1721053460810256,,MSCI World ex-US,0.1002094026958191,,Asia EMFX,-0.112684931069697,,
2016-07-19,RidgeCV,BUY,0.0269388912519494,True,BETA,Copper LME,0.1665693207946502,0.1665693207946502,Copper LME,0.1665693207946502,,Asia EMFX,-0.1563561186456109,,MSCI World ex-US,0.1239190619690208,,
2017-01-30,RidgeCV,SELL,-0.0150995195607412,True,BETA,Asia EMFX,-0.2178009296729255,0.2178009296729255,MSCI World ex-US,0.1871352132281805,,Asia EMFX,-0.2178009296729255,,BCOM Index,0.1330765955654094,,
2017-04-26,RidgeCV,BUY,0.0072568940493469,True,BETA,Gold,0.2478008781504521,0.2478008781504521,MSCI World ex-US,0.2221918506413599,,Gold,0.2478008781504521,,Asia EMFX,-0.1085984503971882,,
2017-08-30,RidgeCV,BUY,0.0054151624548737,True,BETA,Gold,0.2527857296580817,0.2527857296580817,Gold,0.2527857296580817,,5y yield,0.1619022252933007,,MSCI World ex-US,0.1205438133559564,,
2017-10-30,RidgeCV,BUY,0.0039267015706807,True,BETA,Gold,0.1972723960251972,0.1972723960251972,Gold,0.1972723960251972,,5y yield,0.1456241077980768,,MSCI World ex-US,0.140886540722384,,
2017-11-01,RidgeCV,SELL,-0.0013069997095556,True,BETA,Gold,0.1818566703450529,0.1818566703450529,Gold,0.1818566703450529,,5y yield,0.1413013963225554,,MSCI World ex-US,0.1225907406175829,,
2018-07-10,RidgeCV,SELL,-0.0052646972799063,True,BETA,Gold,0.1846770318864147,0.1846770318864147,Gold,0.1846770318864147,,MSCI World ex-US,0.0565383170661712,,Asia EMFX,-0.0195027611721252,,
2019-03-20,RidgeCV,SELL,-0.0152549760278949,True,BETA,Gold,0.234248873920759,0.234248873920759,Gold,0.234248873920759,,Asia EMFX,-0.0480517987106569,,MSCI World ex-US,0.1009869088017099,,
2019-06-28,RidgeCV,SELL,-0.0037213456385828,True,BETA,Gold,0.2210069920368976,0.2210069920368976,Gold,0.2210069920368976,,Asia EMFX,-0.0676895924562601,,MSCI World ex-US,0.1007143225041489,,
2019-07-15,RidgeCV,SELL,-0.0129483554100313,True,BETA,Gold,0.2093695674541783,0.2093695674541783,Gold,0.2093695674541783,,Asia EMFX,-0.0717965127498223,,MSCI World ex-US,0.0991358286149219,,
2019-08-27,RidgeCV,BUY,0.0100597296447657,True,BETA,Gold,0.2094771756153348,0.2094771756153348,Gold,0.2094771756153348,,Asia EMFX,-0.1182870413448555,,Local - Dow Jones,-0.1402622085985672,,
2019-09-02,RidgeCV,BUY,0.0057070386810398,True,BETA,Gold,0.2032072134208084,0.2032072134208084,Gold,0.2032072134208084,,Asia EMFX,-0.0626675671955945,,MSCI EM,0.108137689778772,,
2019-09-10,RidgeCV,SELL,-0.0157173980703392,True,BETA,Gold,0.1714720247766527,0.1714720247766527,Gold,0.1714720247766527,,Asia EMFX,-0.0768509975751497,,MSCI EM,0.0858910491074829,,
2020-08-19,RidgeCV,BUY,0.0324744625705137,True,BETA,MSCI World ex-US,0.1716606410553133,0.1716606410553133,MSCI World ex-US,0.1716606410553133,,Asia EMFX,-0.084493924073637,,Copper LME,0.0739647740905998,,
2020-08-24,RidgeCV,BUY,0.025279607783055,True,BETA,MSCI World ex-US,0.1733585327645914,0.1733585327645914,MSCI World ex-US,0.1733585327645914,,Asia EMFX,-0.0816756850510058,,Copper LME,0.0733761181791219,,
2021-02-16,RidgeCV,BUY,0.0103950103950103,True,BETA,MSCI World ex-US,0.2342140103452155,0.2342140103452155,MSCI World ex-US,0.2342140103452155,,BCOM Index,0.1344700599069776,,Asia EMFX,-0.1447023313935586,,
2021-03-24,RidgeCV,BUY,0.0073254811835679,True,BETA,MSCI World ex-US,0.3528698211677971,0.3528698211677971,MSCI World ex-US,0.3528698211677971,,BCOM Index,0.2583898071542327,,Asia EMFX,-0.0972524209233977,,
2021-08-18,RidgeCV,BUY,0.0265718019456948,True,BETA,MSCI World ex-US,0.3598283178853342,0.3598283178853342,MSCI World ex-US,0.3598283178853342,,Gold,0.2111290485150423,,Asia EMFX,-0.0678998461631069,,
2021-09-20,RidgeCV,SELL,-0.0082538778995304,True,BETA,MSCI World ex-US,0.3496238485530483,0.3496238485530483,MSCI World ex-US,0.3496238485530483,,Gold,0.2004609418063468,,Asia EMFX,-0.0786677967857118,,
2021-10-20,RidgeCV,SELL,-0.0058317134129408,True,BETA,MSCI World ex-US,0.3027122602396553,0.3027122602396553,MSCI World ex-US,0.3027122602396553,,Copper LME,0.1592780253076201,,Asia EMFX,-0.0702945327992758,,
2022-01-28,RidgeCV,BUY,0.015119120342089,True,BETA,MSCI World ex-US,0.2382431322757753,0.2382431322757753,MSCI World ex-US,0.2382431322757753,,Gold,0.1761127503136486,,Asia EMFX,-0.0962542004702974,,
2022-02-02,RidgeCV,BUY,0.0070868516284681,True,BETA,MSCI World ex-US,0.2407250619171677,0.2407250619171677,MSCI World ex-US,0.2407250619171677,,Gold,0.1768425945517869,,Asia EMFX,-0.0983037980000787,,
2022-02-11,RidgeCV,BUY,0.0144426056867761,True,BETA,MSCI World ex-US,0.2431490143038207,0.2431490143038207,MSCI World ex-US,0.2431490143038207,,Gold,0.16939739213895,,Asia EMFX,-0.0870190477238765,,
2022-05-10,RidgeCV,BUY,0.0282988871224165,True,BETA,MSCI World ex-US,0.1850390853273931,0.1850390853273931,MSCI World ex-US,0.1850390853273931,,Copper LME,0.110084009801256,,Asia EMFX,-0.0722198663115156,,
2022-12-02,RidgeCV,SELL,-0.0043743165130448,True,BETA,Gold,0.3107318135899838,0.3107318135899838,Gold,0.3107318135899838,,MSCI World ex-US,0.2783335425749878,,Asia EMFX,-0.0024719087373443,,
2023-03-09,RidgeCV,BUY,0.0245901639344261,True,BETA,Gold,0.3173513608457125,0.3173513608457125,Gold,0.3173513608457125,,MSCI World ex-US,0.3047671710942352,,5y yield,0.1257108498309616,,
2023-04-20,RidgeCV,BUY,0.0173307418205377,True,BETA,Gold,0.4056514504560766,0.4056514504560766,Gold,0.4056514504560766,,MSCI World ex-US,0.2732660451030994,,Asia EMFX,-0.0072817289719637,,
2023-05-10,RidgeCV,SELL,-0.0400502591487358,True,BETA,Gold,0.3570710986532459,0.3570710986532459,Gold,0.3570710986532459,,MSCI World ex-US,0.2871814455989834,,5y yield,0.084683474324777,,
2023-05-17,RidgeCV,SELL,-0.0363258121299409,True,BETA,Gold,0.3541146176591731,0.3541146176591731,Gold,0.3541146176591731,,MSCI World ex-US,0.2895830808501967,,5y yield,0.0931750909277093,,
2023-07-13,RidgeCV,SELL,-0.0328484279680901,True,BETA,Gold,0.3683993147312757,0.3683993147312757,Gold,0.3683993147312757,,MSCI World ex-US,0.3298179496863258,,5y yield,0.1026377101035929,,
2023-09-28,RidgeCV,SELL,-0.0058705132505869,True,BETA,Gold,0.3629956048694439,0.3629956048694439,MSCI World ex-US,0.271935243664432,,Gold,0.3629956048694439,,Asia EMFX,-0.1056844162056988,,
2024-02-02,RidgeCV,BUY,0.0097279472382523,True,BETA,MSCI World ex-US,0.2104129765074315,0.2104129765074315,Copper LME,0.209613347314883,,MSCI World ex-US,0.2104129765074315,,Asia EMFX,-0.0918374082334916,,
2024-03-22,RidgeCV,BUY,0.0035046728971961,True,BETA,MSCI World ex-US,0.2706934047587446,0.2706934047587446,MSCI World ex-US,0.2706934047587446,,Copper LME,0.1718069905099304,,2y yield,0.2665018370084516,,
2024-03-26,RidgeCV,BUY,0.0093271152564955,True,BETA,MSCI World ex-US,0.2690252675174513,0.2690252675174513,MSCI World ex-US,0.2690252675174513,,Copper LME,0.1770607071636464,,2y yield,0.2627121642662458,,
2024-12-17,RidgeCV,SELL,-0.0278067431352103,True,BETA,5y yield,0.2583694762311966,0.2583694762311966,5y yield,0.2583694762311966,,MSCI World ex-US,0.1696277818597487,,Gold,0.1068936159765591,,
2024-12-19,RidgeCV,SELL,-0.0063931806073522,True,BETA,5y yield,0.2709104119178835,0.2709104119178835,5y yield,0.2709104119178835,,MSCI World ex-US,0.1657894274171057,,Gold,0.1156847916074447,,
2025-03-14,RidgeCV,SELL,-0.0055671537926235,True,BETA,2y yield,0.2113299361043253,0.2113299361043253,2y yield,0.2113299361043253,,MSCI World ex-US,0.1404951514160971,,Copper LME,0.1102779901216435,,
2025-08-20,RidgeCV,BUY,0.0094453031083632,True,BETA,MSCI World ex-US,0.195456873601452,0.195456873601452,Copper LME,0.1727106419953627,,MSCI World ex-US,0.195456873601452,,Asia EMFX,-0.1144836637522582,,
2001-12-25,LassoCV,BUY,0.0381274131274131,True,BETA,Gold,0.1729951647177408,0.1729951647177408,Gold,0.1729951647177408,,MSCI World ex-US,0.0895461058271779,,2y yield,0.0524694044220682,,
2003-03-12,LassoCV,BUY,0.001279941488389,True,BETA,Gold,0.1524589564016384,0.1524589564016384,Gold,0.1524589564016384,,MSCI EM,0.1338726901239324,,VIX Index,-0.0825680015580935,,
2003-03-17,LassoCV,BUY,0.0124042320321051,True,BETA,Gold,0.1589970739696172,0.1589970739696172,Gold,0.1589970739696172,,MSCI EM,0.137909313737317,,VIX Index,-0.0791477365545164,,
2003-04-03,LassoCV,BUY,0.0179126302321328,True,BETA,Gold,0.1595260359491973,0.1595260359491973,Gold,0.1595260359491973,,VIX Index,-0.0896283972243032,,MSCI EM,0.1331562850965217,,
2003-04-11,LassoCV,BUY,0.0170454545454545,True,BETA,Gold,0.1654103168098362,0.1654103168098362,Gold,0.1654103168098362,,VIX Index,-0.0865883772000753,,MSCI EM,0.1211871874899256,,
2003-04-23,LassoCV,BUY,0.0234699404224589,True,BETA,Gold,0.15282389599479,0.15282389599479,Gold,0.15282389599479,,VIX Index,-0.0976063552691906,,MSCI EM,0.1131759433654235,,
2003-07-18,LassoCV,BUY,0.0193683475833188,True,BETA,Gold,0.0985196884285782,0.0985196884285782,Gold,0.0985196884285782,,Real 2y yield,0.0195232623574566,,MSCI World - Wilshire,0.0,,
2003-07-29,LassoCV,SELL,-0.0011914893617022,True,BETA,Gold,0.1255804724188424,0.1255804724188424,Gold,0.1255804724188424,,MSCI World - Wilshire,0.0423877318406309,,Real 2y yield,0.0741241443936916,,
2004-01-08,LassoCV,SELL,-0.0010329054153753,True,BETA,Gold,0.1937793444314463,0.1937793444314463,MSCI World - Dow Jones,0.1548610849008842,,Gold,0.1937793444314463,,5y yield,0.0808015778876907,,
2004-03-17,LassoCV,BUY,0.0262471220260935,True,BETA,MSCI World ex-US,0.2966019407716697,0.2966019407716697,MSCI World ex-US,0.2966019407716697,,Gold,0.2871702588342871,,5y yield,0.1246145927960753,,
2004-07-16,LassoCV,SELL,-0.0338288834951455,True,BETA,Gold,0.4339168991924246,0.4339168991924246,Gold,0.4339168991924246,,MSCI World ex-US,0.269277968008993,,Asia EMFX,-0.0760096660573212,,
2004-08-12,LassoCV,SELL,-0.0106286061342241,True,BETA,Gold,0.4773013485282772,0.4773013485282772,Gold,0.4773013485282772,,MSCI World ex-US,0.2763321806089608,,5y yield,0.1204175928101506,,
2004-09-21,LassoCV,BUY,0.0153637596023497,True,BETA,Gold,0.4727102871713298,0.4727102871713298,Gold,0.4727102871713298,,MSCI World ex-US,0.2698195415648255,,2y yield,0.1015155100354863,,
2004-09-27,LassoCV,BUY,0.0235841970857744,True,BETA,Gold,0.4774573554693703,0.4774573554693703,Gold,0.4774573554693703,,MSCI World ex-US,0.2625801858529178,,2y yield,0.0988003284535787,,
2004-10-01,LassoCV,BUY,0.0179312388855956,True,BETA,Gold,0.4794221307296524,0.4794221307296524,Gold,0.4794221307296524,,MSCI World ex-US,0.26501071220008,,2y yield,0.0988214806813531,,
2005-03-28,LassoCV,BUY,0.0186519711742263,True,BETA,Gold,0.3850110876148158,0.3850110876148158,Gold,0.3850110876148158,,MSCI World ex-US,0.2788846390628058,,2y yield,0.1731583798012275,,
2005-07-13,LassoCV,BUY,0.010102510771059,True,BETA,Gold,0.3674709677843631,0.3674709677843631,Gold,0.3674709677843631,,MSCI World ex-US,0.2027563744941261,,2y yield,0.1289413656578293,,
2005-12-02,LassoCV,SELL,-0.0310044893378227,True,BETA,Gold,0.17933177505136,0.17933177505136,MSCI World ex-US,0.175722379754666,,Gold,0.17933177505136,,Real 2y yield,0.0384055514613785,,
2005-12-27,LassoCV,BUY,0.0331993449456602,True,BETA,MSCI World ex-US,0.1959608852412024,0.1959608852412024,MSCI World ex-US,0.1959608852412024,,Gold,0.1486370058311954,,Real 2y yield,0.0435126384991948,,
2006-05-25,LassoCV,SELL,-0.023575331772053,True,BETA,Gold,0.1207862648928919,0.1207862648928919,MSCI World ex-US,0.0781977522844008,,Gold,0.1207862648928919,,Real 2y yield,0.0326552400594895,,
2006-05-30,LassoCV,SELL,-0.0310694769711161,True,BETA,Gold,0.1256994949194317,0.1256994949194317,Gold,0.1256994949194317,,MSCI World ex-US,0.0760959227125409,,Real 2y yield,0.0275984842447211,,
2006-08-29,LassoCV,SELL,-0.0037296037296036,True,BETA,Gold,0.113018911593466,0.113018911593466,Gold,0.113018911593466,,MSCI World - Dow Jones,0.0440119442506017,,5y yield,0.0523329228333018,,
2006-09-14,LassoCV,SELL,-0.0064993954050786,True,BETA,Gold,0.1086797034610744,0.1086797034610744,5y yield,0.066096085662043,,Gold,0.1086797034610744,,MSCI World - Dow Jones,0.0360461118159289,,
2006-09-25,LassoCV,SELL,-0.0198418618529016,True,BETA,Gold,0.0977830864973507,0.0977830864973507,5y yield,0.0608861075445977,,Gold,0.0977830864973507,,MSCI World - Dow Jones,0.0446962436213986,,
2007-04-17,LassoCV,SELL,-0.006038647342995,True,BETA,Gold,0.1403495412532566,0.1403495412532566,Gold,0.1403495412532566,,MSCI World ex-US,0.0950836379612306,,10y yield,0.1345280032350311,,
2007-09-05,LassoCV,BUY,0.0712101354303189,True,BETA,Gold,0.2439012602781128,0.2439012602781128,Gold,0.2439012602781128,,MSCI World ex-US,0.2317794845226334,,VIX Index,-0.0782442201676652,,
2008-01-14,LassoCV,SELL,-0.0169448659585229,True,BETA,MSCI World ex-US,0.3214968046643383,0.3214968046643383,Gold,0.2602530805592169,,MSCI World ex-US,0.3214968046643383,,Real 2y yield,-0.1646238327955756,,
2008-04-02,LassoCV,BUY,0.00278516267882,True,BETA,MSCI World ex-US,0.3047927351778403,0.3047927351778403,MSCI World ex-US,0.3047927351778403,,Gold,0.258635088784077,,Real 2y yield,-0.1912103916942223,,
2008-05-08,LassoCV,BUY,0.0142579390797148,True,BETA,MSCI World ex-US,0.3416409702671094,0.3416409702671094,Copper LME,0.0945413982543739,,MSCI World ex-US,0.3416409702671094,,Real 2y yield,-0.1762280468275306,,
2008-05-13,LassoCV,BUY,0.0329713463299752,True,BETA,MSCI World ex-US,0.3375312701536806,0.3375312701536806,Copper LME,0.1002436118031657,,MSCI World ex-US,0.3375312701536806,,Real 2y yield,-0.1793937004651926,,
2008-08-08,LassoCV,BUY,0.0063893227317903,True,BETA,MSCI World ex-US,0.2674250886147699,0.2674250886147699,Copper LME,0.1105297394904042,,MSCI World ex-US,0.2674250886147699,,Real 2y yield,-0.0803350489360659,,
2008-10-24,LassoCV,BUY,0.0643306379155437,True,BETA,Copper LME,0.242638097402476,0.242638097402476,Copper LME,0.242638097402476,,MSCI EM,0.1324868331601887,,Asia EMFX,-0.0,,
2008-12-17,LassoCV,SELL,-0.0224434694566317,True,BETA,Copper LME,0.3119656446327705,0.3119656446327705,MSCI EM,0.3097370401180201,,Copper LME,0.3119656446327705,,Asia EMFX,-0.0505428426702812,,
2009-01-30,LassoCV,BUY,0.0275103163686383,True,BETA,MSCI EM,0.4154096767039432,0.4154096767039432,MSCI EM,0.4154096767039432,,Copper LME,0.2294750124169887,,Asia EMFX,-0.0342986117937666,,
2009-07-21,LassoCV,BUY,0.0240158078735368,True,BETA,MSCI World ex-US,0.5316546794191186,0.5316546794191186,BCOM Index,0.40657686091097,,MSCI World ex-US,0.5316546794191186,,Asia EMFX,0.0591514318079041,,
2009-07-30,LassoCV,BUY,0.0410916896657467,True,BETA,MSCI World ex-US,0.5641301025747045,0.5641301025747045,MSCI World ex-US,0.5641301025747045,,BCOM Index,0.3748229720312266,,Asia EMFX,0.0700493850539024,,
2010-02-01,LassoCV,SELL,-0.016798418972332,True,BETA,MSCI World ex-US,0.7638908016404266,0.7638908016404266,MSCI World ex-US,0.7638908016404266,,Copper LME,0.293200673380571,,Asia EMFX,0.0,,
2010-02-09,LassoCV,SELL,-0.0058891123240447,True,BETA,MSCI World ex-US,0.7508888944529762,0.7508888944529762,MSCI World ex-US,0.7508888944529762,,Copper LME,0.3095211475459852,,Asia EMFX,0.0,,
2010-04-01,LassoCV,BUY,0.0052245128494774,True,BETA,MSCI World ex-US,0.6680319089490098,0.6680319089490098,MSCI World ex-US,0.6680319089490098,,Oil,0.3056051176097281,,Asia EMFX,0.0,,
2010-04-15,LassoCV,BUY,0.016575361708105,True,BETA,MSCI World ex-US,0.6428212554963189,0.6428212554963189,MSCI World ex-US,0.6428212554963189,,Oil,0.2605413175946433,,Asia EMFX,0.0,,
2010-04-28,LassoCV,SELL,-0.0106810930780968,True,BETA,MSCI World ex-US,0.6312432100912325,0.6312432100912325,MSCI World ex-US,0.6312432100912325,,Oil,0.224522463666227,,Asia EMFX,-0.0,,
2010-04-30,LassoCV,SELL,-0.0272352132049518,True,BETA,MSCI World ex-US,0.542524836987298,0.542524836987298,MSCI World ex-US,0.542524836987298,,Oil,0.2808230360208634,,Asia EMFX,0.0,,
2010-08-19,LassoCV,BUY,0.0107481261490596,True,BETA,BCOM Index,0.3713368507915864,0.3713368507915864,BCOM Index,0.3713368507915864,,MSCI World ex-US,0.3506212364202853,,2y yield,-0.0,,
2010-12-15,LassoCV,BUY,0.0390698931999458,True,BETA,MSCI World ex-US,0.3401022323995834,0.3401022323995834,Oil,0.2457533234215425,,MSCI World ex-US,0.3401022323995834,,Asia EMFX,-0.0060959799429159,,
2010-12-17,LassoCV,BUY,0.0597663678348274,True,BETA,MSCI World ex-US,0.3543416758764353,0.3543416758764353,Oil,0.2268912338148398,,MSCI World ex-US,0.3543416758764353,,Asia EMFX,-0.0096777368519241,,
2012-03-14,LassoCV,BUY,0.0092672680093908,True,BETA,MSCI World ex-US,0.4096331121749479,0.4096331121749479,MSCI World ex-US,0.4096331121749479,,BCOM Index,0.154026861683368,,Asia EMFX,-0.0,,
2012-03-20,LassoCV,BUY,0.0020802741067056,True,BETA,MSCI World ex-US,0.4035395257486564,0.4035395257486564,BCOM Index,0.1689615805693544,,MSCI World ex-US,0.4035395257486564,,Asia EMFX,-0.0,,
2012-12-11,LassoCV,SELL,-0.0210890027403789,True,BETA,MSCI World ex-US,0.1280883504130766,0.1280883504130766,MSCI World ex-US,0.1280883504130766,,Copper LME,0.0,,Asia EMFX,-0.0,,
2013-03-13,LassoCV,BUY,0.022238514173998,True,BETA,MSCI World ex-US,0.2313224955291537,0.2313224955291537,MSCI World ex-US,0.2313224955291537,,Copper LME,0.0945710170689799,,Asia EMFX,-0.0,,
2013-04-09,LassoCV,SELL,-0.0147800586510264,True,BETA,MSCI World ex-US,0.245477357676675,0.245477357676675,MSCI World ex-US,0.245477357676675,,Copper LME,0.0469619353262967,,VIX Index,-0.0,,
2013-05-31,LassoCV,BUY,0.0130883463377802,True,BETA,MSCI World ex-US,0.1650490556725252,0.1650490556725252,MSCI World ex-US,0.1650490556725252,,BCOM Index,0.1478353737809322,,VIX Index,-0.0,,
2013-11-28,LassoCV,BUY,0.0162601626016261,True,BETA,MSCI World ex-US,0.1944371471251267,0.1944371471251267,Gold,0.1787217910014122,,MSCI World ex-US,0.1944371471251267,,5y yield,0.1829617147794252,,
2014-02-26,LassoCV,BUY,0.0252585999518883,True,BETA,5y yield,0.1724424583695036,0.1724424583695036,Gold,0.1564404945673226,,5y yield,0.1724424583695036,,Local - S&P500,-0.157472495662262,,
2014-10-03,LassoCV,BUY,0.0203503348789284,True,BETA,Asia EMFX,-0.0839554747016589,0.0839554747016589,Gold,0.0319434077782715,,Asia EMFX,-0.0839554747016589,,2y yield,0.0157588142905207,,
2015-07-28,LassoCV,SELL,-0.0225811275609391,True,BETA,Real 2y yield,0.2922584418753634,0.2922584418753634,Real 2y yield,0.2922584418753634,,Gold,0.2197985567553537,,Asia EMFX,-0.1556741699994324,,
2015-10-15,LassoCV,SELL,-0.0232049036777584,True,BETA,Real 2y yield,0.216087234706987,0.216087234706987,Real 2y yield,0.216087234706987,,Gold,0.2086800533009331,,MSCI World ex-US,0.187786170814094,,
2015-10-30,LassoCV,SELL,-0.0351136028326939,True,BETA,Real 2y yield,0.2292115418330015,0.2292115418330015,Real 2y yield,0.2292115418330015,,Gold,0.208621157365771,,MSCI World ex-US,0.1915993402922174,,
2015-12-25,LassoCV,SELL,-0.0432685279929835,True,BETA,Gold,0.2577700596807703,0.2577700596807703,Gold,0.2577700596807703,,Real 2y yield,0.2071350833458758,,MSCI World ex-US,0.2137055797153504,,
2016-04-11,LassoCV,SELL,-0.0004374453193349,True,BETA,Copper LME,0.1528931110336009,0.1528931110336009,Copper LME,0.1528931110336009,,MSCI World ex-US,0.0874128142567436,,Asia EMFX,-0.0912652073478373,,
2016-07-19,LassoCV,BUY,0.0269388912519494,True,BETA,Copper LME,0.1712287867313693,0.1712287867313693,Copper LME,0.1712287867313693,,Asia EMFX,-0.1595357951615854,,MSCI World ex-US,0.1232924966319499,,
2017-01-30,LassoCV,SELL,-0.0150995195607412,True,BETA,Asia EMFX,-0.214812262492146,0.214812262492146,MSCI World ex-US,0.1845400549338711,,Asia EMFX,-0.214812262492146,,BCOM Index,0.1297517062936285,,
2017-04-26,LassoCV,BUY,0.0072568940493469,True,BETA,Gold,0.2157192182307258,0.2157192182307258,MSCI World ex-US,0.1903449177503784,,Gold,0.2157192182307258,,Asia EMFX,-0.0711135456430625,,
2017-08-30,LassoCV,BUY,0.0054151624548737,True,BETA,Gold,0.2042759753583145,0.2042759753583145,Gold,0.2042759753583145,,5y yield,0.1256998316562537,,MSCI World ex-US,0.0,,
2017-10-26,LassoCV,BUY,0.0157894736842103,True,BETA,Gold,0.179106291418773,0.179106291418773,Gold,0.179106291418773,,5y yield,0.0902152860252669,,MSCI World ex-US,0.0320995310086618,,
2017-10-30,LassoCV,BUY,0.0039267015706807,True,BETA,Gold,0.1554153201425393,0.1554153201425393,Gold,0.1554153201425393,,5y yield,0.1093410466768402,,MSCI World ex-US,0.033699630940668,,
2018-07-10,LassoCV,SELL,-0.0052646972799063,True,BETA,Gold,0.1973618008369481,0.1973618008369481,Gold,0.1973618008369481,,MSCI World ex-US,0.0511143339120261,,Asia EMFX,-0.0069792219584995,,
2019-03-20,LassoCV,SELL,-0.0152549760278949,True,BETA,Gold,0.2341611727145929,0.2341611727145929,Gold,0.2341611727145929,,Asia EMFX,-0.0480200980265678,,MSCI World ex-US,0.1009318457424764,,
2019-06-28,LassoCV,SELL,-0.0037213456385828,True,BETA,Gold,0.2209241868778312,0.2209241868778312,Gold,0.2209241868778312,,Asia EMFX,-0.0676388034990856,,MSCI World ex-US,0.1006460483534866,,
2019-07-15,LassoCV,SELL,-0.0129483554100313,True,BETA,Gold,0.2092951147887613,0.2092951147887613,Gold,0.2092951147887613,,Asia EMFX,-0.0717330786938062,,MSCI World ex-US,0.0990742249921613,,
2019-08-27,LassoCV,BUY,0.0100597296447657,True,BETA,Gold,0.2093889763339778,0.2093889763339778,Gold,0.2093889763339778,,Asia EMFX,-0.1181930595854478,,Local - Dow Jones,-0.1401674531257282,,
2019-09-02,LassoCV,BUY,0.0057070386810398,True,BETA,Gold,0.2031171206336724,0.2031171206336724,Gold,0.2031171206336724,,Asia EMFX,-0.0626282421055236,,MSCI EM,0.1080441832005159,,
2019-09-10,LassoCV,SELL,-0.0157173980703392,True,BETA,Gold,0.1418364251548382,0.1418364251548382,Gold,0.1418364251548382,,Asia EMFX,-0.0522021790894245,,MSCI EM,0.0505015729442588,,
2019-12-30,LassoCV,SELL,-0.0144173602853744,True,BETA,Gold,0.0952933005748492,0.0952933005748492,Real 2y yield,0.0584661801887715,,Gold,0.0952933005748492,,MSCI World ex-US,0.0400904242467309,,
2020-08-19,LassoCV,BUY,0.0324744625705137,True,BETA,MSCI World ex-US,0.1848969665090689,0.1848969665090689,MSCI World ex-US,0.1848969665090689,,Asia EMFX,-0.0875543207379675,,Copper LME,0.0710980508308474,,
2020-08-24,LassoCV,BUY,0.025279607783055,True,BETA,MSCI World ex-US,0.1869827873789522,0.1869827873789522,MSCI World ex-US,0.1869827873789522,,Asia EMFX,-0.084369754860821,,Copper LME,0.0705552094989905,,
2021-02-16,LassoCV,BUY,0.0103950103950103,True,BETA,MSCI World ex-US,0.2341942865328458,0.2341942865328458,MSCI World ex-US,0.2341942865328458,,BCOM Index,0.1344100743776425,,Asia EMFX,-0.1446301442825215,,
2021-08-18,LassoCV,BUY,0.0265718019456948,True,BETA,MSCI World ex-US,0.3641587082254708,0.3641587082254708,MSCI World ex-US,0.3641587082254708,,Gold,0.2020061868565135,,Asia EMFX,-0.0521516357566633,,
2021-08-23,LassoCV,BUY,0.0354033662217063,True,BETA,MSCI World ex-US,0.3629669269935339,0.3629669269935339,MSCI World ex-US,0.3629669269935339,,Gold,0.202377047275592,,Asia EMFX,-0.0494926513331994,,
2021-09-20,LassoCV,SELL,-0.0082538778995304,True,BETA,MSCI World ex-US,0.3531736354277343,0.3531736354277343,MSCI World ex-US,0.3531736354277343,,Gold,0.1908494979351752,,Asia EMFX,-0.06286342087413,,
2021-10-20,LassoCV,SELL,-0.0058317134129408,True,BETA,MSCI World ex-US,0.3183464293264302,0.3183464293264302,MSCI World ex-US,0.3183464293264302,,Copper LME,0.1576128040288797,,Asia EMFX,-0.0623210068821417,,
2022-01-28,LassoCV,BUY,0.015119120342089,True,BETA,MSCI World ex-US,0.2346109714050348,0.2346109714050348,MSCI World ex-US,0.2346109714050348,,Gold,0.1377805554238725,,Asia EMFX,-0.0461867434891852,,
2022-02-02,LassoCV,BUY,0.0070868516284681,True,BETA,MSCI World ex-US,0.2381185564270769,0.2381185564270769,MSCI World ex-US,0.2381185564270769,,Gold,0.1382068204229534,,Asia EMFX,-0.0483174344945123,,
2022-02-28,LassoCV,SELL,-0.0038393384524513,True,BETA,MSCI World ex-US,0.2367669129858938,0.2367669129858938,MSCI World ex-US,0.2367669129858938,,Gold,0.1088143594095283,,Asia EMFX,-0.0162059757724434,,
2022-05-09,LassoCV,BUY,0.0230866540164453,True,BETA,MSCI World ex-US,0.177497250195232,0.177497250195232,MSCI World ex-US,0.177497250195232,,Copper LME,0.0882953293871297,,Asia EMFX,-0.0326523424453605,,
2022-08-12,LassoCV,SELL,-0.0488220706757593,True,BETA,MSCI World ex-US,0.2059267479595045,0.2059267479595045,MSCI World ex-US,0.2059267479595045,,Copper LME,0.0491669984154382,,Asia EMFX,-0.0403356287592075,,
2022-12-02,LassoCV,SELL,-0.0043743165130448,True,BETA,Gold,0.3106643121239221,0.3106643121239221,Gold,0.3106643121239221,,MSCI World ex-US,0.2782963755694983,,Asia EMFX,-0.0024513709914526,,
2023-03-09,LassoCV,BUY,0.0245901639344261,True,BETA,Gold,0.3173133551864418,0.3173133551864418,Gold,0.3173133551864418,,MSCI World ex-US,0.3046931310526295,,5y yield,0.125656269679812,,
2023-04-20,LassoCV,BUY,0.0173307418205377,True,BETA,Gold,0.4055925461832617,0.4055925461832617,Gold,0.4055925461832617,,MSCI World ex-US,0.2732105291294487,,Asia EMFX,-0.0072564085164097,,
2023-05-10,LassoCV,SELL,-0.0400502591487358,True,BETA,Gold,0.357052058421445,0.357052058421445,Gold,0.357052058421445,,MSCI World ex-US,0.2870851713622302,,5y yield,0.0846294279971316,,
2023-05-17,LassoCV,SELL,-0.0363258121299409,True,BETA,Gold,0.3540985973845356,0.3540985973845356,Gold,0.3540985973845356,,MSCI World ex-US,0.2894830800457106,,5y yield,0.0931199590061153,,
2023-07-13,LassoCV,SELL,-0.0328484279680901,True,BETA,Gold,0.3683764601399517,0.3683764601399517,Gold,0.3683764601399517,,MSCI World ex-US,0.3297052837027465,,5y yield,0.1025808886379968,,
2023-09-28,LassoCV,SELL,-0.0058705132505869,True,BETA,Gold,0.3741265670593023,0.3741265670593023,MSCI World ex-US,0.2828993465665805,,Gold,0.3741265670593023,,Asia EMFX,-0.1027135372131451,,
2024-03-22,LassoCV,BUY,0.0035046728971961,True,BETA,MSCI World ex-US,0.2679849010041504,0.2679849010041504,MSCI World ex-US,0.2679849010041504,,Copper LME,0.158524642858729,,2y yield,0.2545227332977082,,
2024-12-17,LassoCV,SELL,-0.0278067431352103,True,BETA,5y yield,0.2512764917060872,0.2512764917060872,5y yield,0.2512764917060872,,MSCI World ex-US,0.1626849481306477,,Gold,0.1000464949850907,,
2024-12-19,LassoCV,SELL,-0.0063931806073522,True,BETA,5y yield,0.2650257250164554,0.2650257250164554,5y yield,0.2650257250164554,,MSCI World ex-US,0.1583171943911694,,Gold,0.1092927934308823,,
2025-03-14,LassoCV,SELL,-0.0055671537926235,True,BETA,2y yield,0.2238537946405642,0.2238537946405642,2y yield,0.2238537946405642,,MSCI World ex-US,0.1403701109924848,,Copper LME,0.1074649473460215,,
2025-08-20,LassoCV,BUY,0.0094453031083632,True,BETA,MSCI World ex-US,0.1993449472613466,0.1993449472613466,Copper LME,0.1773605978357599,,MSCI World ex-US,0.1993449472613466,,Asia EMFX,-0.1151107509687694,,
2001-12-25,ElasticNetCV,BUY,0.0381274131274131,True,BETA,Gold,0.1084280747737458,0.1084280747737458,Gold,0.1084280747737458,,MSCI World ex-US,0.0526867755995642,,2y yield,0.0316551229789468,,
2003-03-17,ElasticNetCV,BUY,0.0124042320321051,True,BETA,Gold,0.1381580424857675,0.1381580424857675,Gold,0.1381580424857675,,MSCI EM,0.1169495477895381,,VIX Index,-0.0699239765445726,,
2003-04-03,ElasticNetCV,BUY,0.0179126302321328,True,BETA,Gold,0.1387113891765492,0.1387113891765492,Gold,0.1387113891765492,,VIX Index,-0.0768801384676519,,MSCI EM,0.1132885190958153,,
2003-04-11,ElasticNetCV,BUY,0.0170454545454545,True,BETA,Gold,0.1439533011123802,0.1439533011123802,Gold,0.1439533011123802,,VIX Index,-0.0737320576646086,,MSCI EM,0.103333281985032,,
2003-07-18,ElasticNetCV,BUY,0.0193683475833188,True,BETA,Gold,0.0620170119946351,0.0620170119946351,Gold,0.0620170119946351,,Real 2y yield,0.0048322045074605,,MSCI World - Wilshire,0.0,,
2004-01-08,ElasticNetCV,SELL,-0.0010329054153753,True,BETA,Gold,0.1918119318289637,0.1918119318289637,MSCI World - Dow Jones,0.1498926495936257,,Gold,0.1918119318289637,,5y yield,0.0790898305448457,,
2004-03-17,ElasticNetCV,BUY,0.0262471220260935,True,BETA,MSCI World ex-US,0.2944002585054208,0.2944002585054208,MSCI World ex-US,0.2944002585054208,,Gold,0.2861878253713165,,5y yield,0.1238229034677061,,
2004-07-16,ElasticNetCV,SELL,-0.0338288834951455,True,BETA,Gold,0.4339429658109728,0.4339429658109728,Gold,0.4339429658109728,,MSCI World ex-US,0.2693205821685594,,Asia EMFX,-0.0760698021134742,,
2004-08-12,ElasticNetCV,SELL,-0.0106286061342241,True,BETA,Gold,0.4773004340881828,0.4773004340881828,Gold,0.4773004340881828,,MSCI World ex-US,0.2764043195172767,,5y yield,0.1205035423286851,,
2004-09-21,ElasticNetCV,BUY,0.0153637596023497,True,BETA,Gold,0.4727092193553602,0.4727092193553602,Gold,0.4727092193553602,,MSCI World ex-US,0.2698855533719202,,2y yield,0.1015979773134284,,
2004-09-27,ElasticNetCV,BUY,0.0235841970857744,True,BETA,Gold,0.4774540228370806,0.4774540228370806,Gold,0.4774540228370806,,MSCI World ex-US,0.2626477958646326,,2y yield,0.0988834517296184,,
2004-10-01,ElasticNetCV,BUY,0.0179312388855956,True,BETA,Gold,0.4794192665342382,0.4794192665342382,Gold,0.4794192665342382,,MSCI World ex-US,0.2650774848293007,,2y yield,0.0989062592106651,,
2005-01-21,ElasticNetCV,SELL,-0.0057398852022959,True,BETA,Gold,0.3795524767579864,0.3795524767579864,Gold,0.3795524767579864,,MSCI World ex-US,0.2432780470370927,,2y yield,0.146091512128566,,
2005-03-28,ElasticNetCV,BUY,0.0186519711742263,True,BETA,Gold,0.3289285309299192,0.3289285309299192,Gold,0.3289285309299192,,MSCI World ex-US,0.2524749902374071,,2y yield,0.148640002823091,,
2005-07-13,ElasticNetCV,BUY,0.010102510771059,True,BETA,Gold,0.3435695706054876,0.3435695706054876,Gold,0.3435695706054876,,MSCI World ex-US,0.1969012452611792,,2y yield,0.1220638130689675,,
2005-12-02,ElasticNetCV,SELL,-0.0310044893378227,True,BETA,MSCI World ex-US,0.1794245539559001,0.1794245539559001,MSCI World ex-US,0.1794245539559001,,Gold,0.1756654908508399,,Real 2y yield,0.0710751128595724,,
2005-12-22,ElasticNetCV,BUY,0.0204960641615921,True,BETA,MSCI World ex-US,0.1944798040190382,0.1944798040190382,MSCI World ex-US,0.1944798040190382,,Gold,0.1603436766886151,,Real 2y yield,0.0773236366461257,,
2005-12-27,ElasticNetCV,BUY,0.0331993449456602,True,BETA,MSCI World ex-US,0.1945963956714096,0.1945963956714096,MSCI World ex-US,0.1945963956714096,,Gold,0.1519357613885305,,Real 2y yield,0.0762715441412786,,
2006-05-25,ElasticNetCV,SELL,-0.023575331772053,True,BETA,Gold,0.0935372830346741,0.0935372830346741,MSCI World ex-US,0.0552114892336119,,Gold,0.0935372830346741,,Real 2y yield,0.0116371013819769,,
2006-08-29,ElasticNetCV,SELL,-0.0037296037296036,True,BETA,Gold,0.1143512656859313,0.1143512656859313,Gold,0.1143512656859313,,MSCI World - Dow Jones,0.0617399710583554,,5y yield,0.0741104577133508,,
2006-09-14,ElasticNetCV,SELL,-0.0064993954050786,True,BETA,Gold,0.1105200089427006,0.1105200089427006,5y yield,0.0870268944218678,,Gold,0.1105200089427006,,MSCI World - Dow Jones,0.0553809499015125,,
2006-09-25,ElasticNetCV,SELL,-0.0198418618529016,True,BETA,Gold,0.1008128731053026,0.1008128731053026,5y yield,0.0821185851205533,,Gold,0.1008128731053026,,MSCI World - Dow Jones,0.0622383506579669,,
2007-04-17,ElasticNetCV,SELL,-0.006038647342995,True,BETA,Gold,0.1075708783379716,0.1075708783379716,Gold,0.1075708783379716,,MSCI World ex-US,0.0849948378439007,,10y yield,0.0917504002867208,,
2007-09-05,ElasticNetCV,BUY,0.0712101354303189,True,BETA,Gold,0.2440045850310865,0.2440045850310865,Gold,0.2440045850310865,,MSCI World ex-US,0.2318098612722028,,VIX Index,-0.0782711655810392,,
2008-01-14,ElasticNetCV,SELL,-0.0169448659585229,True,BETA,MSCI World ex-US,0.321524710659915,0.321524710659915,Gold,0.2602976245394741,,MSCI World ex-US,0.321524710659915,,Real 2y yield,-0.1647205875980501,,
2008-04-02,ElasticNetCV,BUY,0.00278516267882,True,BETA,MSCI World ex-US,0.2984070160644641,0.2984070160644641,MSCI World ex-US,0.2984070160644641,,Gold,0.2510042181195062,,Real 2y yield,-0.1802862070597004,,
2008-05-13,ElasticNetCV,BUY,0.0329713463299752,True,BETA,MSCI World ex-US,0.3269346812353872,0.3269346812353872,Copper LME,0.1029786400107279,,MSCI World ex-US,0.3269346812353872,,Real 2y yield,-0.1695217631766781,,
2008-08-08,ElasticNetCV,BUY,0.0063893227317903,True,BETA,MSCI World ex-US,0.2422746248420081,0.2422746248420081,Copper LME,0.1072287609213725,,MSCI World ex-US,0.2422746248420081,,Real 2y yield,-0.0707116057017297,,
2008-10-24,ElasticNetCV,BUY,0.0643306379155437,True,BETA,Copper LME,0.2140485249756589,0.2140485249756589,Copper LME,0.2140485249756589,,MSCI EM,0.149692362895095,,Asia EMFX,-0.0331557772208755,,
2008-11-13,ElasticNetCV,SELL,-0.0358642407277816,True,BETA,Copper LME,0.3069245481574255,0.3069245481574255,Copper LME,0.3069245481574255,,MSCI EM,0.2795428573787058,,Asia EMFX,-0.0458200260491836,,
2008-12-17,ElasticNetCV,SELL,-0.0224434694566317,True,BETA,Copper LME,0.3119920827791094,0.3119920827791094,MSCI EM,0.3097351303449013,,Copper LME,0.3119920827791094,,Asia EMFX,-0.0505823249492502,,
2009-01-30,ElasticNetCV,BUY,0.0275103163686383,True,BETA,MSCI EM,0.4153819610524378,0.4153819610524378,MSCI EM,0.4153819610524378,,Copper LME,0.2295120914734726,,Asia EMFX,-0.0343495994728243,,
2009-07-21,ElasticNetCV,BUY,0.0240158078735368,True,BETA,MSCI World ex-US,0.531696584849347,0.531696584849347,BCOM Index,0.406632582806384,,MSCI World ex-US,0.531696584849347,,Asia EMFX,0.059250611017202,,
2009-07-30,ElasticNetCV,BUY,0.0410916896657467,True,BETA,MSCI World ex-US,0.5641791780545368,0.5641791780545368,MSCI World ex-US,0.5641791780545368,,BCOM Index,0.3748664698646733,,Asia EMFX,0.0701490466977286,,
2010-02-01,ElasticNetCV,SELL,-0.016798418972332,True,BETA,MSCI World ex-US,0.7627367989640788,0.7627367989640788,MSCI World ex-US,0.7627367989640788,,Copper LME,0.2959471439182625,,Asia EMFX,0.0,,
2010-02-09,ElasticNetCV,SELL,-0.0058891123240447,True,BETA,MSCI World ex-US,0.7498862307876595,0.7498862307876595,MSCI World ex-US,0.7498862307876595,,Copper LME,0.3121073792880099,,Asia EMFX,0.0,,
2010-04-01,ElasticNetCV,BUY,0.0052245128494774,True,BETA,MSCI World ex-US,0.4918867151612957,0.4918867151612957,MSCI World ex-US,0.4918867151612957,,Oil,0.3027014692729992,,Asia EMFX,-0.0,,
2010-05-03,ElasticNetCV,SELL,-0.0463875205254515,True,BETA,Copper LME,0.3595583957494739,0.3595583957494739,MSCI World ex-US,0.3352590476633557,,Copper LME,0.3595583957494739,,Asia EMFX,-0.0,,
2010-05-07,ElasticNetCV,SELL,-0.0501119820828668,True,BETA,Copper LME,0.3613215613603894,0.3613215613603894,Copper LME,0.3613215613603894,,MSCI World ex-US,0.3243666549912856,,Asia EMFX,-0.0,,
2010-08-19,ElasticNetCV,BUY,0.0107481261490596,True,BETA,MSCI World ex-US,0.3399023049224223,0.3399023049224223,BCOM Index,0.3358711636406775,,MSCI World ex-US,0.3399023049224223,,2y yield,-0.0861475524051439,,
2012-03-14,ElasticNetCV,BUY,0.0092672680093908,True,BETA,MSCI World ex-US,0.4095092596364253,0.4095092596364253,MSCI World ex-US,0.4095092596364253,,BCOM Index,0.1587228164482007,,Asia EMFX,-0.0,,
2012-03-20,ElasticNetCV,BUY,0.0020802741067056,True,BETA,MSCI World ex-US,0.4034740485900319,0.4034740485900319,BCOM Index,0.1735666573269361,,MSCI World ex-US,0.4034740485900319,,Asia EMFX,-0.0,,
2012-12-11,ElasticNetCV,SELL,-0.0210890027403789,True,BETA,MSCI World ex-US,0.158900801285954,0.158900801285954,MSCI World ex-US,0.158900801285954,,Copper LME,0.0,,Asia EMFX,-0.0,,
2013-03-13,ElasticNetCV,BUY,0.022238514173998,True,BETA,MSCI World ex-US,0.1794543653668815,0.1794543653668815,MSCI World ex-US,0.1794543653668815,,Copper LME,0.0967273427678258,,Asia EMFX,-0.0,,
2013-04-10,ElasticNetCV,SELL,-0.011660447761194,True,BETA,MSCI World ex-US,0.1838696273056414,0.1838696273056414,MSCI World ex-US,0.1838696273056414,,Copper LME,0.0706677472827484,,VIX Index,-0.0,,
2013-05-31,ElasticNetCV,BUY,0.0130883463377802,True,BETA,MSCI World ex-US,0.1363429563557932,0.1363429563557932,MSCI World ex-US,0.1363429563557932,,BCOM Index,0.1319478098015486,,VIX Index,-0.0,,
2013-11-28,ElasticNetCV,BUY,0.0162601626016261,True,BETA,MSCI World ex-US,0.1945326723221601,0.1945326723221601,Gold,0.1787643375841423,,MSCI World ex-US,0.1945326723221601,,5y yield,0.1830090706215276,,
2014-02-26,ElasticNetCV,BUY,0.0252585999518883,True,BETA,5y yield,0.1529327447233897,0.1529327447233897,Gold,0.1401252490810239,,5y yield,0.1529327447233897,,Local - S&P500,-0.1296386772886944,,
2014-04-09,ElasticNetCV,SELL,-0.014687320711417,True,BETA,5y yield,0.1504553772123756,0.1504553772123756,Gold,0.126088898623191,,5y yield,0.1504553772123756,,MSCI World ex-US,0.0837123862650709,,
2014-10-03,ElasticNetCV,BUY,0.0203503348789284,True,BETA,Asia EMFX,-0.1047599061065062,0.1047599061065062,Gold,0.0656063808629631,,Asia EMFX,-0.1047599061065062,,2y yield,0.0499096429353687,,
2014-10-10,ElasticNetCV,BUY,0.0049904030710172,True,BETA,Asia EMFX,-0.1019843386543366,0.1019843386543366,Gold,0.090432770884795,,Asia EMFX,-0.1019843386543366,,2y yield,0.0555188821368362,,
2015-07-28,ElasticNetCV,SELL,-0.0225811275609391,True,BETA,Real 2y yield,0.2576516038726669,0.2576516038726669,Real 2y yield,0.2576516038726669,,Gold,0.2088360354465734,,Asia EMFX,-0.1446181333524147,,
2015-10-15,ElasticNetCV,SELL,-0.0232049036777584,True,BETA,Real 2y yield,0.2096520331716745,0.2096520331716745,Real 2y yield,0.2096520331716745,,Gold,0.2053870862000164,,MSCI World ex-US,0.1857222216702108,,
2015-10-30,ElasticNetCV,SELL,-0.0351136028326939,True,BETA,Real 2y yield,0.221544214485848,0.221544214485848,Real 2y yield,0.221544214485848,,Gold,0.2047831444519492,,MSCI World ex-US,0.189436237460645,,
2015-12-25,ElasticNetCV,SELL,-0.0432685279929835,True,BETA,Gold,0.2533051133533324,0.2533051133533324,Gold,0.2533051133533324,,Real 2y yield,0.1999886037840545,,MSCI World ex-US,0.2110989607494208,,
2016-04-11,ElasticNetCV,SELL,-0.0004374453193349,True,BETA,Copper LME,0.1546761051635646,0.1546761051635646,Copper LME,0.1546761051635646,,MSCI World ex-US,0.0952814649755361,,Asia EMFX,-0.1008579372434777,,
2016-07-19,ElasticNetCV,BUY,0.0269388912519494,True,BETA,Copper LME,0.171284252382053,0.171284252382053,Copper LME,0.171284252382053,,Asia EMFX,-0.1595715587991618,,MSCI World ex-US,0.1233084817969764,,
2017-01-30,ElasticNetCV,SELL,-0.0150995195607412,True,BETA,Asia EMFX,-0.2055918509430806,0.2055918509430806,MSCI World ex-US,0.1784916431007473,,Asia EMFX,-0.2055918509430806,,BCOM Index,0.1263254414005196,,
2017-04-26,ElasticNetCV,BUY,0.0072568940493469,True,BETA,Gold,0.2099154151796283,0.2099154151796283,MSCI World ex-US,0.182164713329917,,Gold,0.2099154151796283,,Asia EMFX,-0.0990848919700472,,
2017-08-30,ElasticNetCV,BUY,0.0054151624548737,True,BETA,Gold,0.1975645495038037,0.1975645495038037,Gold,0.1975645495038037,,5y yield,0.138007618197875,,MSCI World ex-US,0.062204147644923,,
2017-10-30,ElasticNetCV,BUY,0.0039267015706807,True,BETA,Gold,0.1561493160515156,0.1561493160515156,Gold,0.1561493160515156,,5y yield,0.1229568856301206,,MSCI World ex-US,0.0824058928919574,,
2017-11-01,ElasticNetCV,SELL,-0.0013069997095556,True,BETA,Gold,0.1571203705966076,0.1571203705966076,Gold,0.1571203705966076,,5y yield,0.1244804607148646,,MSCI World ex-US,0.0829604619721902,,
2017-11-08,ElasticNetCV,SELL,-0.0119150157909847,True,BETA,Gold,0.163847437676987,0.163847437676987,Gold,0.163847437676987,,5y yield,0.1148765383750364,,MSCI World ex-US,0.0809798480411198,,
2018-07-10,ElasticNetCV,SELL,-0.0052646972799063,True,BETA,Gold,0.181718237317848,0.181718237317848,Gold,0.181718237317848,,MSCI World ex-US,0.0443397626579963,,Asia EMFX,-0.0039986742718821,,
2019-03-20,ElasticNetCV,SELL,-0.0152549760278949,True,BETA,Gold,0.234215840071676,0.234215840071676,Gold,0.234215840071676,,Asia EMFX,-0.0480566840986053,,MSCI World ex-US,0.1009730990635303,,
2019-06-28,ElasticNetCV,SELL,-0.0037213456385828,True,BETA,Gold,0.2209787669955981,0.2209787669955981,Gold,0.2209787669955981,,Asia EMFX,-0.0676875870928872,,MSCI World ex-US,0.1006987750269499,,
2019-07-15,ElasticNetCV,SELL,-0.0129483554100313,True,BETA,Gold,0.2093458155478957,0.2093458155478957,Gold,0.2093458155478957,,Asia EMFX,-0.0717904940477398,,MSCI World ex-US,0.0991221965688148,,
2019-08-27,ElasticNetCV,BUY,0.0100597296447657,True,BETA,Gold,0.2094517941548707,0.2094517941548707,Gold,0.2094517941548707,,Asia EMFX,-0.118268599771988,,Local - Dow Jones,-0.1402398202285035,,
2019-09-02,ElasticNetCV,BUY,0.0057070386810398,True,BETA,Gold,0.2031813388509719,0.2031813388509719,Gold,0.2031813388509719,,Asia EMFX,-0.0626696315090751,,MSCI EM,0.1081119249418448,,
2019-09-10,ElasticNetCV,SELL,-0.0157173980703392,True,BETA,Gold,0.1505088448444744,0.1505088448444744,Gold,0.1505088448444744,,Asia EMFX,-0.0665178512029471,,MSCI EM,0.067517592143439,,
2019-12-30,ElasticNetCV,SELL,-0.0144173602853744,True,BETA,Gold,0.1069631385282175,0.1069631385282175,Real 2y yield,0.086049968606432,,Gold,0.1069631385282175,,MSCI World ex-US,0.0781034619256231,,
2020-08-19,ElasticNetCV,BUY,0.0324744625705137,True,BETA,MSCI World ex-US,0.1828143226264846,0.1828143226264846,MSCI World ex-US,0.1828143226264846,,Asia EMFX,-0.0862638671733644,,Copper LME,0.0710676948752597,,
2020-08-24,ElasticNetCV,BUY,0.025279607783055,True,BETA,MSCI World ex-US,0.1848401426475307,0.1848401426475307,MSCI World ex-US,0.1848401426475307,,Asia EMFX,-0.0831178992283549,,Copper LME,0.0705095768976499,,
2021-02-16,ElasticNetCV,BUY,0.0103950103950103,True,BETA,MSCI World ex-US,0.2342004294207009,0.2342004294207009,MSCI World ex-US,0.2342004294207009,,BCOM Index,0.1344625152536081,,Asia EMFX,-0.1446885452597862,,
2021-08-18,ElasticNetCV,BUY,0.0265718019456948,True,BETA,MSCI World ex-US,0.3409169909136157,0.3409169909136157,MSCI World ex-US,0.3409169909136157,,Gold,0.2029643506006285,,Asia EMFX,-0.0680786018558017,,
2021-10-20,ElasticNetCV,SELL,-0.0058317134129408,True,BETA,MSCI World ex-US,0.2874422369647554,0.2874422369647554,MSCI World ex-US,0.2874422369647554,,Copper LME,0.1573095518515195,,Asia EMFX,-0.0687082978509446,,
2022-01-28,ElasticNetCV,BUY,0.015119120342089,True,BETA,MSCI World ex-US,0.2170490277210556,0.2170490277210556,MSCI World ex-US,0.2170490277210556,,Gold,0.1497738022956114,,Asia EMFX,-0.0807419971881697,,
2022-02-02,ElasticNetCV,BUY,0.0070868516284681,True,BETA,MSCI World ex-US,0.2200601964716162,0.2200601964716162,MSCI World ex-US,0.2200601964716162,,Gold,0.1503872300437715,,Asia EMFX,-0.082687798254301,,
2022-05-09,ElasticNetCV,BUY,0.0230866540164453,True,BETA,MSCI World ex-US,0.1598805103913211,0.1598805103913211,MSCI World ex-US,0.1598805103913211,,Copper LME,0.0812892229756691,,Asia EMFX,-0.0357904425497714,,
2023-03-09,ElasticNetCV,BUY,0.0245901639344261,True,BETA,Gold,0.3173337046234802,0.3173337046234802,Gold,0.3173337046234802,,MSCI World ex-US,0.3047409937601146,,5y yield,0.1257015386237302,,
2023-04-20,ElasticNetCV,BUY,0.0173307418205377,True,BETA,Gold,0.405617208513807,0.405617208513807,Gold,0.405617208513807,,MSCI World ex-US,0.2732395262060564,,Asia EMFX,-0.0072936474994982,,
2023-05-10,ElasticNetCV,SELL,-0.0400502591487358,True,BETA,Gold,0.3570556302663632,0.3570556302663632,Gold,0.3570556302663632,,MSCI World ex-US,0.2871503798744668,,5y yield,0.0846787166934393,,
2023-05-17,ElasticNetCV,SELL,-0.0363258121299409,True,BETA,Gold,0.3541020647514023,0.3541020647514023,Gold,0.3541020647514023,,MSCI World ex-US,0.2895498142165201,,5y yield,0.0931688213075753,,
2023-07-13,ElasticNetCV,SELL,-0.0328484279680901,True,BETA,Gold,0.3683776545840783,0.3683776545840783,Gold,0.3683776545840783,,MSCI World ex-US,0.329777291691058,,5y yield,0.1026350990399331,,
2023-09-29,ElasticNetCV,SELL,-0.0188396132044014,True,BETA,Gold,0.3090716061500833,0.3090716061500833,MSCI World ex-US,0.2199368457134855,,Gold,0.3090716061500833,,Asia EMFX,-0.1024398132740975,,
2023-10-04,ElasticNetCV,SELL,-0.0096397767630644,True,BETA,Gold,0.2972315344612385,0.2972315344612385,MSCI World ex-US,0.2192116020680069,,Gold,0.2972315344612385,,Asia EMFX,-0.1054928698837183,,
2024-03-22,ElasticNetCV,BUY,0.0035046728971961,True,BETA,MSCI World ex-US,0.261099024651409,0.261099024651409,MSCI World ex-US,0.261099024651409,,Copper LME,0.1648314150843624,,2y yield,0.2508415985794586,,
2024-12-17,ElasticNetCV,SELL,-0.0278067431352103,True,BETA,5y yield,0.2378137851157306,0.2378137851157306,5y yield,0.2378137851157306,,MSCI World ex-US,0.1584176004752038,,Gold,0.0989212610504753,,
2024-12-19,ElasticNetCV,SELL,-0.0063931806073522,True,BETA,5y yield,0.2511219565974904,0.2511219565974904,5y yield,0.2511219565974904,,MSCI World ex-US,0.1544106069284516,,Gold,0.1081851356837558,,
2025-03-14,ElasticNetCV,SELL,-0.0055671537926235,True,BETA,2y yield,0.1805522417799293,0.1805522417799293,2y yield,0.1805522417799293,,MSCI World ex-US,0.1287467761741287,,Copper LME,0.0971443163256384,,
2025-04-24,ElasticNetCV,SELL,-0.0155051683894631,True,BETA,MSCI World ex-US,0.1502383990213465,0.1502383990213465,MSCI World ex-US,0.1502383990213465,,5y yield,0.1428538842642281,,Copper LME,0.1164065388895433,,
2025-08-20,ElasticNetCV,BUY,0.0094453031083632,True,BETA,MSCI World ex-US,0.1914546065607554,0.1914546065607554,Copper LME,0.1662005721421993,,MSCI World ex-US,0.1914546065607554,,Asia EMFX,-0.1113555006604113,,
2001-09-24,XGBRegressor,BUY,0.0360337972166997,True,SHAP,Gold,-0.2749336063861847,0.2749336063861847,Gold,,-0.2749336063861847,MSCI World - S&P500,,0.0096124419942498,2y yield,,-0.0103919310495257,
2001-12-20,XGBRegressor,BUY,0.0338117246412064,True,SHAP,MSCI World ex-US,-0.1194715872406959,0.1194715872406959,Gold,,-0.0882013365626335,MSCI World ex-US,,-0.1194715872406959,2y yield,,0.0047319093719124,
2001-12-31,XGBRegressor,BUY,0.0141656662665066,True,SHAP,Gold,0.5859901905059814,0.5859901905059814,Gold,,0.5859901905059814,MSCI World ex-US,,0.2748392522335052,2y yield,,0.4793703556060791,
2002-11-04,XGBRegressor,SELL,-0.0014056224899597,True,SHAP,MSCI EM,0.2005553990602493,0.2005553990602493,MSCI EM,,0.2005553990602493,Gold,,-0.0481708236038684,VIX Index,,0.0422838740050792,
2003-01-17,XGBRegressor,SELL,-0.0126788625249049,True,SHAP,MSCI EM,-0.2815585136413574,0.2815585136413574,MSCI EM,,-0.2815585136413574,Gold,,-0.1439022719860077,VIX Index,,-0.0055250721052289,
2003-03-26,XGBRegressor,BUY,0.0012783053323595,True,SHAP,Gold,0.2222110033035278,0.2222110033035278,Gold,,0.2222110033035278,MSCI EM,,0.1055299863219261,VIX Index,,0.0675917267799377,
2003-04-04,XGBRegressor,BUY,0.0297762160162751,True,SHAP,MSCI EM,0.2192369252443313,0.2192369252443313,Gold,,0.0574432201683521,VIX Index,,0.0319805331528186,MSCI EM,,0.2192369252443313,
2003-07-18,XGBRegressor,BUY,0.0193683475833188,True,SHAP,Gold,0.0763628706336021,0.0763628706336021,Gold,,0.0763628706336021,Real 2y yield,,-0.0598214417695999,MSCI World - Wilshire,,0.0062130591832101,
2004-01-12,XGBRegressor,SELL,-0.0192082111436949,True,SHAP,Gold,-0.2053999155759811,0.2053999155759811,MSCI World - Dow Jones,,0.005368678830564,Gold,,-0.2053999155759811,5y yield,,-0.1534495204687118,
2004-01-23,XGBRegressor,BUY,0.0339285714285713,True,SHAP,5y yield,-0.16994708776474,0.16994708776474,MSCI World - S&P500,,-0.0128643698990345,Gold,,0.0354333631694316,5y yield,,-0.16994708776474,
2004-03-25,XGBRegressor,BUY,0.0213589227673736,True,SHAP,MSCI World ex-US,0.2134155631065368,0.2134155631065368,MSCI World ex-US,,0.2134155631065368,Gold,,0.0679347515106201,5y yield,,-0.137818768620491,
2004-09-21,XGBRegressor,BUY,0.0153637596023497,True,SHAP,Gold,0.369297057390213,0.369297057390213,Gold,,0.369297057390213,MSCI World ex-US,,0.1723216027021408,2y yield,,-0.0749211907386779,
2005-01-17,XGBRegressor,BUY,0.0205400746911805,True,SHAP,MSCI World ex-US,0.1994976103305816,0.1994976103305816,Gold,,-0.0411209166049957,MSCI World ex-US,,0.1994976103305816,2y yield,,-0.0141433728858828,
2005-03-31,XGBRegressor,BUY,0.0139103554868624,True,SHAP,Gold,0.3256332576274872,0.3256332576274872,Gold,,0.3256332576274872,MSCI World ex-US,,0.1960030943155288,2y yield,,0.0988905504345893,
2005-07-13,XGBRegressor,BUY,0.010102510771059,True,SHAP,Gold,-0.5494861006736755,0.5494861006736755,Gold,,-0.5494861006736755,MSCI World ex-US,,-0.2590959966182709,2y yield,,-0.1431326270103454,
2005-12-02,XGBRegressor,SELL,-0.0310044893378227,True,SHAP,MSCI World ex-US,0.240536019206047,0.240536019206047,MSCI World ex-US,,0.240536019206047,Gold,,-0.0821756571531295,Real 2y yield,,0.0750867873430252,
2006-04-03,XGBRegressor,BUY,0.0239697914956493,True,SHAP,MSCI World ex-US,0.3337019681930542,0.3337019681930542,MSCI World ex-US,,0.3337019681930542,Gold,,0.059519812464714,Asia EMFX,,0.0259938277304172,
2006-09-14,XGBRegressor,SELL,-0.0064993954050786,True,SHAP,MSCI World - Dow Jones,-0.2472803741693496,0.2472803741693496,5y yield,,0.0761838406324386,Gold,,-0.1768908202648162,MSCI World - Dow Jones,,-0.2472803741693496,
2008-11-11,XGBRegressor,SELL,-0.042467668647326,True,SHAP,Copper LME,-0.9615955352783204,0.9615955352783204,Copper LME,,-0.9615955352783204,MSCI EM,,-0.4252294898033142,Asia EMFX,,-0.1673147678375244,
2008-11-13,XGBRegressor,SELL,-0.0358642407277816,True,SHAP,Copper LME,0.6703310608863831,0.6703310608863831,Copper LME,,0.6703310608863831,MSCI EM,,-0.2365951836109161,Asia EMFX,,-0.0742733404040336,
2008-12-16,XGBRegressor,SELL,-0.0013819312489203,True,SHAP,Copper LME,-0.6656351089477539,0.6656351089477539,MSCI EM,,0.3231825530529022,Copper LME,,-0.6656351089477539,Asia EMFX,,0.2102208733558654,
2009-04-13,XGBRegressor,SELL,-0.0452320675105486,True,SHAP,MSCI World ex-US,0.180136039853096,0.180136039853096,MSCI World ex-US,,0.180136039853096,BCOM Index,,0.0140106063336133,Asia EMFX,,-0.06671604514122,
2009-07-21,XGBRegressor,BUY,0.0240158078735368,True,SHAP,MSCI World ex-US,0.4587728977203369,0.4587728977203369,BCOM Index,,-0.1557618528604507,MSCI World ex-US,,0.4587728977203369,Asia EMFX,,0.0774375200271606,
2009-10-28,XGBRegressor,BUY,0.02468450977673,True,SHAP,MSCI World ex-US,-1.1895556449890137,1.1895556449890137,MSCI World ex-US,,-1.1895556449890137,BCOM Index,,-0.475654661655426,Asia EMFX,,-0.0153282890096306,
2009-11-27,XGBRegressor,BUY,0.0196878076219941,True,SHAP,BCOM Index,-0.1896563619375229,0.1896563619375229,MSCI World ex-US,,0.0882749482989311,BCOM Index,,-0.1896563619375229,Asia EMFX,,0.0473922900855541,
2010-06-23,XGBRegressor,SELL,-0.0147141255605381,True,SHAP,MSCI World ex-US,-0.4703444838523865,0.4703444838523865,BCOM Index,,-0.2810855507850647,MSCI World ex-US,,-0.4703444838523865,2y yield,,-0.0518954582512378,
2010-06-25,XGBRegressor,SELL,-0.0044817927170868,True,SHAP,MSCI World ex-US,-0.2951802313327789,0.2951802313327789,BCOM Index,,0.1790455430746078,MSCI World ex-US,,-0.2951802313327789,2y yield,,0.0246561206877231,
2010-09-14,XGBRegressor,BUY,0.0069453901675065,True,SHAP,BCOM Index,0.2283151298761367,0.2283151298761367,BCOM Index,,0.2283151298761367,MSCI World ex-US,,0.1905586719512939,2y yield,,-0.0499465875327587,
2010-11-03,XGBRegressor,SELL,-0.0123092704192846,True,SHAP,MSCI World ex-US,-0.1259583532810211,0.1259583532810211,BCOM Index,,0.0098907072097063,MSCI World ex-US,,-0.1259583532810211,Asia EMFX,,0.0014183428138494,
2011-04-20,XGBRegressor,SELL,-0.0100275758335423,True,SHAP,MSCI World ex-US,0.9530971050262452,0.9530971050262452,MSCI World ex-US,,0.9530971050262452,BCOM Index,,0.0755131989717483,Asia EMFX,,0.0596601292490959,
2011-07-21,XGBRegressor,SELL,-0.0310508631676513,True,SHAP,MSCI EM,0.1337186843156814,0.1337186843156814,MSCI EM,,0.1337186843156814,Gold,,-0.0858623012900352,Asia EMFX,,0.0385784022510051,
2011-07-29,XGBRegressor,SELL,-0.0535653360627771,True,SHAP,MSCI EM,-0.199188232421875,0.199188232421875,MSCI EM,,-0.199188232421875,Gold,,-0.0002521381247788,Asia EMFX,,0.0596533194184303,
2011-08-19,XGBRegressor,BUY,0.0365436323637251,True,SHAP,MSCI World ex-US,-0.1679252684116363,0.1679252684116363,MSCI World ex-US,,-0.1679252684116363,Copper LME,,0.0575117282569408,Asia EMFX,,0.1415638625621795,
2011-09-06,XGBRegressor,BUY,0.0018232648596085,True,SHAP,MSCI World ex-US,-0.2388415336608886,0.2388415336608886,MSCI World ex-US,,-0.2388415336608886,Copper LME,,-0.006931216455996,Asia EMFX,,0.102874681353569,
2011-09-28,XGBRegressor,BUY,0.0247199691000388,True,SHAP,MSCI World ex-US,-0.3841443657875061,0.3841443657875061,MSCI World ex-US,,-0.3841443657875061,Copper LME,,-0.0889674574136734,Asia EMFX,,0.1346437633037567,
2012-03-14,XGBRegressor,BUY,0.0092672680093908,True,SHAP,BCOM Index,-0.2451345026493072,0.2451345026493072,MSCI World ex-US,,-0.0293578617274761,BCOM Index,,-0.2451345026493072,Asia EMFX,,0.0685925707221031,
2012-04-24,XGBRegressor,SELL,-0.031234628627644,True,SHAP,MSCI World ex-US,0.2968455553054809,0.2968455553054809,BCOM Index,,0.0209447387605905,MSCI World ex-US,,0.2968455553054809,Asia EMFX,,0.025784932076931,
2012-04-27,XGBRegressor,SELL,-0.0483890577507599,True,SHAP,MSCI World ex-US,0.304141491651535,0.304141491651535,BCOM Index,,0.0543498881161212,MSCI World ex-US,,0.304141491651535,Asia EMFX,,0.0399859920144081,
2012-08-29,XGBRegressor,BUY,0.025359150530918,True,SHAP,MSCI World ex-US,-0.1691222488880157,0.1691222488880157,MSCI World ex-US,,-0.1691222488880157,BCOM Index,,0.1579183340072631,Asia EMFX,,0.0249958671629428,
2012-09-10,XGBRegressor,BUY,0.017433234421365,True,SHAP,MSCI World ex-US,-0.1465396583080291,0.1465396583080291,MSCI World ex-US,,-0.1465396583080291,BCOM Index,,0.1360135525465011,Asia EMFX,,0.013892475515604,
2012-09-14,XGBRegressor,BUY,0.0013268998793727,True,SHAP,MSCI World ex-US,1.1800005435943604,1.1800005435943604,MSCI World ex-US,,1.1800005435943604,BCOM Index,,0.3645268976688385,Asia EMFX,,0.3876201212406158,
2013-03-08,XGBRegressor,BUY,0.0165409875942592,True,SHAP,Asia EMFX,-0.1545776426792144,0.1545776426792144,MSCI World ex-US,,0.0346456877887249,Copper LME,,-0.0231933053582906,Asia EMFX,,-0.1545776426792144,
2013-03-13,XGBRegressor,BUY,0.022238514173998,True,SHAP,MSCI World ex-US,-0.2783150970935821,0.2783150970935821,MSCI World ex-US,,-0.2783150970935821,Copper LME,,-0.0135247623547911,Asia EMFX,,0.023620706051588,
2013-04-09,XGBRegressor,SELL,-0.0147800586510264,True,SHAP,Copper LME,0.0908239185810089,0.0908239185810089,MSCI World ex-US,,0.0479707643389701,Copper LME,,0.0908239185810089,VIX Index,,-0.0063729500398039,
2013-05-31,XGBRegressor,BUY,0.0130883463377802,True,SHAP,MSCI World ex-US,-0.2345234453678131,0.2345234453678131,MSCI World ex-US,,-0.2345234453678131,BCOM Index,,-0.0209078807383775,VIX Index,,0.0210404507815837,
2013-11-28,XGBRegressor,BUY,0.0162601626016261,True,SHAP,Gold,0.0698040872812271,0.0698040872812271,Gold,,0.0698040872812271,MSCI World ex-US,,0.0632750168442726,5y yield,,0.0370375216007232,
2013-12-04,XGBRegressor,BUY,0.004879238838741,True,SHAP,MSCI World ex-US,-0.3568948805332184,0.3568948805332184,BCOM Index,,0.1595098078250885,MSCI World ex-US,,-0.3568948805332184,5y yield,,-0.1684151589870453,
2014-01-14,XGBRegressor,SELL,-0.0147936053447863,True,SHAP,5y yield,-0.100496158003807,0.100496158003807,Gold,,-0.0790275707840919,5y yield,,-0.100496158003807,MSCI World ex-US,,-0.0772312432527542,
2014-01-31,XGBRegressor,BUY,0.0341330695028445,True,SHAP,MSCI World ex-US,-0.0664837881922721,0.0664837881922721,Gold,,0.031658798456192,5y yield,,0.0067633762955665,MSCI World ex-US,,-0.0664837881922721,
2014-04-09,XGBRegressor,SELL,-0.014687320711417,True,SHAP,5y yield,0.1364086270332336,0.1364086270332336,Gold,,-0.0205934979021549,5y yield,,0.1364086270332336,MSCI World ex-US,,-0.0519784167408943,
2014-10-10,XGBRegressor,BUY,0.0049904030710172,True,SHAP,Asia EMFX,-0.1626439988613128,0.1626439988613128,Gold,,-0.0343441367149353,Asia EMFX,,-0.1626439988613128,2y yield,,0.0267921518534421,
2015-03-23,XGBRegressor,SELL,-0.0145041160329282,True,SHAP,Asia EMFX,0.1778208613395691,0.1778208613395691,Real 2y yield,,0.0219576098024845,Gold,,0.1094842702150344,Asia EMFX,,0.1778208613395691,
2015-10-15,XGBRegressor,SELL,-0.0232049036777584,True,SHAP,Real 2y yield,-0.7010140419006348,0.7010140419006348,Real 2y yield,,-0.7010140419006348,Gold,,0.0050168577581644,MSCI World ex-US,,0.2793966829776764,
2015-10-22,XGBRegressor,SELL,-0.0264978654497276,True,SHAP,Real 2y yield,0.0574962347745895,0.0574962347745895,Real 2y yield,,0.0574962347745895,Gold,,0.0252419337630271,MSCI World ex-US,,-0.0099154487252235,
2015-10-26,XGBRegressor,SELL,-0.0375662934590452,True,SHAP,Real 2y yield,0.0418928228318691,0.0418928228318691,Real 2y yield,,0.0418928228318691,Gold,,0.0356420539319515,MSCI World ex-US,,-0.0361916199326515,
2015-10-30,XGBRegressor,SELL,-0.0351136028326939,True,SHAP,Real 2y yield,0.1850360333919525,0.1850360333919525,Real 2y yield,,0.1850360333919525,Gold,,-0.0881979539990425,MSCI World ex-US,,0.0173379629850387,
2015-12-22,XGBRegressor,SELL,-0.0148398471936526,True,SHAP,Gold,-0.1852694302797317,0.1852694302797317,Gold,,-0.1852694302797317,Real 2y yield,,-0.0129508646205067,MSCI World ex-US,,0.0180096700787544,
2015-12-28,XGBRegressor,SELL,-0.0419161676646705,True,SHAP,Gold,-0.2076626121997833,0.2076626121997833,Gold,,-0.2076626121997833,Real 2y yield,,-0.0581190474331378,MSCI World ex-US,,-0.0718663558363914,
2016-03-30,XGBRegressor,SELL,-0.0002889755815634,True,SHAP,Asia EMFX,0.2132124751806259,0.2132124751806259,Copper LME,,-0.0552914775907993,2y yield,,-0.0039605684578418,Asia EMFX,,0.2132124751806259,
2016-04-19,XGBRegressor,SELL,-0.0185947480482612,True,SHAP,Copper LME,0.3886063396930694,0.3886063396930694,Copper LME,,0.3886063396930694,2y yield,,0.0929020345211029,Asia EMFX,,0.2016004920005798,
2016-07-20,XGBRegressor,BUY,0.0189296897238826,True,SHAP,MSCI World ex-US,0.0691660270094871,0.0691660270094871,Copper LME,,-0.0410304404795169,Asia EMFX,,0.0159540902823209,MSCI World ex-US,,0.0691660270094871,
2016-09-13,XGBRegressor,BUY,0.0067567567567567,True,SHAP,BCOM Index,-0.3243374824523926,0.3243374824523926,Asia EMFX,,0.090990625321865,BCOM Index,,-0.3243374824523926,MSCI World ex-US,,-0.1715084910392761,
2016-10-14,XGBRegressor,BUY,0.0107238605898123,True,SHAP,MSCI World ex-US,0.1135417968034744,0.1135417968034744,Asia EMFX,,0.0249468982219696,BCOM Index,,0.0057292133569717,MSCI World ex-US,,0.1135417968034744,
2016-12-02,XGBRegressor,SELL,-0.02492648088503,True,SHAP,MSCI World ex-US,-0.1754924952983856,0.1754924952983856,Asia EMFX,,-0.0134224919602274,MSCI World ex-US,,-0.1754924952983856,BCOM Index,,0.0203453563153743,
2016-12-07,XGBRegressor,SELL,-0.0371249127704118,True,SHAP,BCOM Index,-0.2640472650527954,0.2640472650527954,Asia EMFX,,0.0026394305750727,MSCI World ex-US,,0.2133290320634842,BCOM Index,,-0.2640472650527954,
2016-12-12,XGBRegressor,SELL,-0.0404616240266961,True,SHAP,BCOM Index,0.0764105021953582,0.0764105021953582,Asia EMFX,,0.0433647744357585,MSCI World ex-US,,-0.0370188429951667,BCOM Index,,0.0764105021953582,
2017-03-30,XGBRegressor,BUY,0.0002858776443681,True,SHAP,Gold,-0.2314745038747787,0.2314745038747787,MSCI World ex-US,,-0.0265857707709074,Gold,,-0.2314745038747787,Asia EMFX,,0.034371942281723,
2017-04-26,XGBRegressor,BUY,0.0072568940493469,True,SHAP,Gold,0.1978882700204849,0.1978882700204849,MSCI World ex-US,,0.0327286608517169,Gold,,0.1978882700204849,Asia EMFX,,0.0304998811334371,
2017-08-31,XGBRegressor,BUY,0.0061298411813874,True,SHAP,Gold,0.3244464993476867,0.3244464993476867,Gold,,0.3244464993476867,5y yield,,-0.012906820513308,MSCI World ex-US,,0.225093275308609,
2018-01-22,XGBRegressor,SELL,-0.0085971615720523,True,SHAP,Gold,0.1207868382334709,0.1207868382334709,Gold,,0.1207868382334709,2y yield,,0.1124984994530677,MSCI World ex-US,,-0.0212325043976306,
2018-07-10,XGBRegressor,SELL,-0.0052646972799063,True,SHAP,Gold,-0.1449297666549682,0.1449297666549682,Gold,,-0.1449297666549682,MSCI World ex-US,,-0.0012260675430297,Asia EMFX,,-0.0263244900852441,
2019-06-26,XGBRegressor,SELL,-0.0050890585241731,True,SHAP,Gold,-0.2845108211040497,0.2845108211040497,Gold,,-0.2845108211040497,Asia EMFX,,0.0041420720517635,MSCI World ex-US,,-0.1414047628641128,
2019-07-15,XGBRegressor,SELL,-0.0129483554100313,True,SHAP,Gold,-0.0800864920020103,0.0800864920020103,Gold,,-0.0800864920020103,Asia EMFX,,0.0558696873486042,MSCI World ex-US,,0.0367996543645858,
2019-12-26,XGBRegressor,SELL,-0.0079472184735344,True,SHAP,Gold,0.1260879039764404,0.1260879039764404,Real 2y yield,,0.01183507964015,Gold,,0.1260879039764404,MSCI World ex-US,,-0.0027973954565823,
2020-08-19,XGBRegressor,BUY,0.0324744625705137,True,SHAP,Asia EMFX,0.0241711493581533,0.0241711493581533,MSCI World ex-US,,-0.0038952545728534,Asia EMFX,,0.0241711493581533,Copper LME,,0.0081979082897305,
2020-12-30,XGBRegressor,SELL,-0.0034707760655283,True,SHAP,MSCI World ex-US,-0.1265414506196975,0.1265414506196975,MSCI World ex-US,,-0.1265414506196975,Asia EMFX,,0.0685312151908874,BCOM Index,,0.0526756197214126,
2021-01-05,XGBRegressor,SELL,-0.0179260893546606,True,SHAP,MSCI World ex-US,-0.1043153032660484,0.1043153032660484,MSCI World ex-US,,-0.1043153032660484,Asia EMFX,,-0.059899978339672,BCOM Index,,-0.0082283541560173,
2021-02-17,XGBRegressor,BUY,0.0077875121679877,True,SHAP,Asia EMFX,-0.1605069190263748,0.1605069190263748,MSCI World ex-US,,-0.1409892290830612,BCOM Index,,0.1332228481769561,Asia EMFX,,-0.1605069190263748,
2021-03-08,XGBRegressor,BUY,0.0046289802216299,True,SHAP,BCOM Index,-0.1634863764047622,0.1634863764047622,MSCI World ex-US,,0.158575177192688,BCOM Index,,-0.1634863764047622,Asia EMFX,,-0.0951255857944488,
2021-03-23,XGBRegressor,BUY,0.0085726532361765,True,SHAP,BCOM Index,-0.6940872073173523,0.6940872073173523,MSCI World ex-US,,-0.1704442948102951,BCOM Index,,-0.6940872073173523,Asia EMFX,,-0.0822489112615585,
2021-10-19,XGBRegressor,SELL,-0.0060106234274532,True,SHAP,Asia EMFX,0.0756202638149261,0.0756202638149261,MSCI World ex-US,,0.0031998695340007,Copper LME,,-0.0606830455362796,Asia EMFX,,0.0756202638149261,
2021-10-28,XGBRegressor,SELL,-0.0249965282599639,True,SHAP,MSCI World ex-US,0.1113117188215255,0.1113117188215255,MSCI World ex-US,,0.1113117188215255,Gold,,0.0460047908127307,Asia EMFX,,0.0001567513390909,
2022-05-10,XGBRegressor,BUY,0.0282988871224165,True,SHAP,Asia EMFX,0.1122220903635025,0.1122220903635025,MSCI World ex-US,,0.0421216078102588,Copper LME,,-0.0043700980022549,Asia EMFX,,0.1122220903635025,
2022-08-10,XGBRegressor,SELL,-0.0335832552327397,True,SHAP,MSCI World ex-US,0.4746383130550384,0.4746383130550384,MSCI World ex-US,,0.4746383130550384,Copper LME,,0.0789905413985252,Asia EMFX,,-0.0112814614549279,
2023-02-27,XGBRegressor,BUY,0.0085941300470244,True,SHAP,MSCI World ex-US,0.4248258173465729,0.4248258173465729,Gold,,0.1161825656890869,MSCI World ex-US,,0.4248258173465729,5y yield,,0.134290874004364,
2023-03-07,XGBRegressor,BUY,0.0142459472736202,True,SHAP,Gold,-0.423614889383316,0.423614889383316,Gold,,-0.423614889383316,MSCI World ex-US,,-0.315178781747818,2y yield,,-0.0721813216805458,
2023-03-09,XGBRegressor,BUY,0.0245901639344261,True,SHAP,Gold,0.5335361957550049,0.5335361957550049,Gold,,0.5335361957550049,MSCI World ex-US,,0.0011427706340327,5y yield,,0.1270439624786377,
2023-05-22,XGBRegressor,SELL,-0.0345156672498807,True,SHAP,Gold,-0.0910993292927742,0.0910993292927742,Gold,,-0.0910993292927742,MSCI World ex-US,,0.0117669599130749,Asia EMFX,,-0.0474395938217639,
2023-06-14,XGBRegressor,SELL,-0.0212663122281294,True,SHAP,MSCI World ex-US,0.1621329188346862,0.1621329188346862,Gold,,-0.0430844649672508,MSCI World ex-US,,0.1621329188346862,5y yield,,0.0634217262268066,
2023-06-21,XGBRegressor,SELL,-0.0037084811351176,True,SHAP,MSCI World ex-US,-0.0979414954781532,0.0979414954781532,Gold,,-0.0468203611671924,MSCI World ex-US,,-0.0979414954781532,5y yield,,-0.0242592170834541,
2023-07-13,XGBRegressor,SELL,-0.0328484279680901,True,SHAP,MSCI World ex-US,0.2880322933197021,0.2880322933197021,Gold,,0.1035988628864288,MSCI World ex-US,,0.2880322933197021,5y yield,,-0.0926346108317375,
2023-10-05,XGBRegressor,SELL,-0.0196111297351659,True,SHAP,MSCI World ex-US,0.1720455288887024,0.1720455288887024,MSCI World ex-US,,0.1720455288887024,Gold,,-0.0217078886926174,Asia EMFX,,-0.0131813250482082,
2023-12-19,XGBRegressor,SELL,-0.0031887755102041,True,SHAP,MSCI World ex-US,0.2104673385620117,0.2104673385620117,MSCI World ex-US,,0.2104673385620117,Copper LME,,0.1795602887868881,Asia EMFX,,0.0032549679744988,
2023-12-21,XGBRegressor,SELL,-0.0095313741064335,True,SHAP,Asia EMFX,0.0881417542695999,0.0881417542695999,MSCI World ex-US,,0.0272353123873472,Copper LME,,-0.0275913793593645,Asia EMFX,,0.0881417542695999,
2024-05-15,XGBRegressor,SELL,-0.0011434171839267,True,SHAP,Copper LME,0.1970106959342956,0.1970106959342956,MSCI World ex-US,,0.0549716539680957,2y yield,,0.0284560322761535,Copper LME,,0.1970106959342956,
2024-12-17,XGBRegressor,SELL,-0.0278067431352103,True,SHAP,MSCI World ex-US,-0.1914624124765396,0.1914624124765396,5y yield,,0.0440679676830768,MSCI World ex-US,,-0.1914624124765396,Gold,,-0.1454010605812072,
2024-12-27,XGBRegressor,SELL,-0.0138420585625554,True,SHAP,5y yield,-0.5082212686538696,0.5082212686538696,5y yield,,-0.5082212686538696,MSCI World ex-US,,-0.0172143056988716,Gold,,-0.0537723265588283,
2025-03-14,XGBRegressor,SELL,-0.0055671537926235,True,SHAP,MSCI World ex-US,0.2006876021623611,0.2006876021623611,2y yield,,-0.078054092824459,MSCI World ex-US,,0.2006876021623611,Copper LME,,-0.0242115650326013,
2025-04-24,XGBRegressor,SELL,-0.0155051683894631,True,SHAP,5y yield,0.3314257860183716,0.3314257860183716,MSCI World ex-US,,0.2451938092708587,5y yield,,0.3314257860183716,Copper LME,,-0.0242551323026418,
2025-08-20,XGBRegressor,BUY,0.0094453031083632,True,SHAP,Asia EMFX,-0.1244974136352539,0.1244974136352539,Copper LME,,0.0112674161791801,MSCI World ex-US,,-0.0092285824939608,Asia EMFX,,-0.1244974136352539,
2025-08-25,XGBRegressor,BUY,0.0157318741450067,True,SHAP,MSCI World ex-US,-0.2536529004573822,0.2536529004573822,Copper LME,,-0.0049465270712971,MSCI World ex-US,,-0.2536529004573822,Asia EMFX,,0.1427964568138122,
2025-10-09,XGBRegressor,BUY,0.0010443864229763,True,SHAP,MSCI World ex-US,-0.2789718806743622,0.2789718806743622,MSCI World ex-US,,-0.2789718806743622,Copper LME,,0.1674249917268753,Asia EMFX,,0.1041553691029548,
2025-10-16,XGBRegressor,BUY,0.0031446540880504,True,SHAP,MSCI World ex-US,0.2765072882175445,0.2765072882175445,MSCI World ex-US,,0.2765072882175445,Copper LME,,0.0273978989571332,Asia EMFX,,0.1223190650343895,
2025-11-04,XGBRegressor,BUY,0.0024805102763996,True,SHAP,MSCI World ex-US,-0.1765661090612411,0.1765661090612411,MSCI World ex-US,,-0.1765661090612411,Copper LME,,-0.0623246505856514,Asia EMFX,,-0.0991606339812278,
2026-01-27,XGBRegressor,SELL,-0.0003307972213033,True,SHAP,Gold,0.7204715013504028,0.7204715013504028,MSCI World ex-US,,0.2498437017202377,Gold,,0.7204715013504028,Asia EMFX,,0.1304056495428085,
2001-12-20,LGBMRegressor,BUY,0.0338117246412064,True,SHAP,Gold,-0.0219457429393012,0.0219457429393012,Gold,,-0.0219457429393012,MSCI World ex-US,,-0.0133780853873143,2y yield,,-0.0018193099298158,
2002-11-04,LGBMRegressor,SELL,-0.0014056224899597,True,SHAP,MSCI EM,0.0845350149315409,0.0845350149315409,MSCI EM,,0.0845350149315409,Gold,,-0.0379974088790094,VIX Index,,-0.0077633425369622,
2003-01-17,LGBMRegressor,SELL,-0.0126788625249049,True,SHAP,MSCI EM,-0.4003858478230719,0.4003858478230719,MSCI EM,,-0.4003858478230719,Gold,,-0.2850538162820141,VIX Index,,0.0125411827965465,
2003-03-12,LGBMRegressor,BUY,0.001279941488389,True,SHAP,Gold,-0.1490465766314556,0.1490465766314556,Gold,,-0.1490465766314556,MSCI EM,,0.0401898767782051,VIX Index,,0.0131533536345421,
2003-03-26,LGBMRegressor,BUY,0.0012783053323595,True,SHAP,Gold,0.2357364501175849,0.2357364501175849,Gold,,0.2357364501175849,MSCI EM,,0.102299502357077,VIX Index,,0.0632922530165342,
2003-04-04,LGBMRegressor,BUY,0.0297762160162751,True,SHAP,MSCI EM,0.2167766525808755,0.2167766525808755,Gold,,0.0590158924662414,VIX Index,,0.01240361044836,MSCI EM,,0.2167766525808755,
2003-07-18,LGBMRegressor,BUY,0.0193683475833188,True,SHAP,Gold,0.0557755105875901,0.0557755105875901,Gold,,0.0557755105875901,Real 2y yield,,-0.032325761109771,MSCI World - Wilshire,,-0.0112673209463539,
2003-07-29,LGBMRegressor,SELL,-0.0011914893617022,True,SHAP,Gold,-0.2208165532866161,0.2208165532866161,Gold,,-0.2208165532866161,MSCI World - Wilshire,,-0.0728915082495409,Real 2y yield,,-0.0894473339988942,
2004-01-12,LGBMRegressor,SELL,-0.0192082111436949,True,SHAP,Gold,-0.2149872719563304,0.2149872719563304,MSCI World - Dow Jones,,-0.0121740936209569,Gold,,-0.2149872719563304,5y yield,,-0.0607329814289949,
2004-01-23,LGBMRegressor,BUY,0.0339285714285713,True,SHAP,Gold,0.102596330451455,0.102596330451455,MSCI World - S&P500,,-0.0315446098247969,Gold,,0.102596330451455,5y yield,,-0.0803726187667269,
2004-03-25,LGBMRegressor,BUY,0.0213589227673736,True,SHAP,5y yield,-0.181677235970348,0.181677235970348,MSCI World ex-US,,0.1350064757873998,Gold,,0.0704450905862966,5y yield,,-0.181677235970348,
2004-09-21,LGBMRegressor,BUY,0.0153637596023497,True,SHAP,Gold,0.2513988956045727,0.2513988956045727,Gold,,0.2513988956045727,MSCI World ex-US,,0.1873468473465694,2y yield,,-0.0308708813460934,
2004-10-01,LGBMRegressor,BUY,0.0179312388855956,True,SHAP,MSCI World ex-US,0.1999449289275713,0.1999449289275713,Gold,,0.0678012488808461,MSCI World ex-US,,0.1999449289275713,2y yield,,-0.0534078117715166,
2005-01-05,LGBMRegressor,BUY,0.003862660944206,True,SHAP,MSCI World ex-US,-0.1092051450296734,0.1092051450296734,Gold,,0.0290240435772608,MSCI World ex-US,,-0.1092051450296734,2y yield,,-0.0038284497744424,
2005-01-07,LGBMRegressor,BUY,0.0313312157089229,True,SHAP,Gold,-0.0887975389080184,0.0887975389080184,Gold,,-0.0887975389080184,MSCI World ex-US,,-0.0436350035780712,2y yield,,-0.042781969067539,
2005-07-13,LGBMRegressor,BUY,0.010102510771059,True,SHAP,Gold,-0.4746189315884643,0.4746189315884643,Gold,,-0.4746189315884643,MSCI World ex-US,,-0.2842289938847182,2y yield,,-0.13913953920302,
2005-12-02,LGBMRegressor,SELL,-0.0310044893378227,True,SHAP,Gold,-0.0910995971636432,0.0910995971636432,MSCI World ex-US,,0.0779624747729819,Gold,,-0.0910995971636432,Real 2y yield,,0.0143138106521392,
2005-12-22,LGBMRegressor,BUY,0.0204960641615921,True,SHAP,Gold,0.186199039265669,0.186199039265669,MSCI World ex-US,,0.0913848415069466,Gold,,0.186199039265669,Real 2y yield,,0.0301543742480618,
2006-04-03,LGBMRegressor,BUY,0.0239697914956493,True,SHAP,MSCI World ex-US,0.1329990185260391,0.1329990185260391,MSCI World ex-US,,0.1329990185260391,Gold,,0.0532289541603184,Asia EMFX,,0.0,
2006-09-14,LGBMRegressor,SELL,-0.0064993954050786,True,SHAP,Gold,-0.0928911905703242,0.0928911905703242,5y yield,,0.0059596528174489,Gold,,-0.0928911905703242,MSCI World - Dow Jones,,-0.0232237029532546,
2007-12-10,LGBMRegressor,SELL,-0.0188123880214997,True,SHAP,Gold,0.2287059348450657,0.2287059348450657,Gold,,0.2287059348450657,MSCI World ex-US,,0.074328100034331,Real 2y yield,,-0.0193792076656318,
2008-11-11,LGBMRegressor,SELL,-0.042467668647326,True,SHAP,Copper LME,-0.8086015103677031,0.8086015103677031,Copper LME,,-0.8086015103677031,MSCI EM,,0.1414678918431018,Asia EMFX,,-0.3540443709617336,
2008-11-13,LGBMRegressor,SELL,-0.0358642407277816,True,SHAP,Copper LME,0.3568138808786048,0.3568138808786048,Copper LME,,0.3568138808786048,MSCI EM,,-0.2124276464065728,Asia EMFX,,-0.30291469444008,
2008-12-16,LGBMRegressor,SELL,-0.0013819312489203,True,SHAP,Copper LME,-0.6002263222071242,0.6002263222071242,MSCI EM,,0.1314234580261643,Copper LME,,-0.6002263222071242,Asia EMFX,,0.3470479625429774,
2009-04-02,LGBMRegressor,SELL,-0.0086550112515146,True,SHAP,MSCI World ex-US,1.3052398504098424,1.3052398504098424,MSCI World ex-US,,1.3052398504098424,BCOM Index,,0.1208674798949408,Asia EMFX,,0.038826572115517,
2009-07-21,LGBMRegressor,BUY,0.0240158078735368,True,SHAP,MSCI World ex-US,0.372986969618253,0.372986969618253,BCOM Index,,-0.1157194889530969,MSCI World ex-US,,0.372986969618253,Asia EMFX,,0.0890946611954677,
2009-10-28,LGBMRegressor,BUY,0.02468450977673,True,SHAP,MSCI World ex-US,-1.355850192693549,1.355850192693549,MSCI World ex-US,,-1.355850192693549,BCOM Index,,-0.2129011270528544,Asia EMFX,,-0.0468561511524694,
2009-10-30,LGBMRegressor,BUY,0.0353711182286591,True,SHAP,BCOM Index,-0.6629826269074511,0.6629826269074511,MSCI World ex-US,,0.0467481238228914,BCOM Index,,-0.6629826269074511,Asia EMFX,,-0.1610515353178281,
2009-11-27,LGBMRegressor,BUY,0.0196878076219941,True,SHAP,BCOM Index,-0.2026161405469078,0.2026161405469078,MSCI World ex-US,,0.1360213347365105,BCOM Index,,-0.2026161405469078,Asia EMFX,,0.1024185759914657,
2009-12-22,LGBMRegressor,BUY,0.0500285877644368,True,SHAP,MSCI World ex-US,0.2527087787891948,0.2527087787891948,MSCI World ex-US,,0.2527087787891948,BCOM Index,,-0.1412079591191769,Asia EMFX,,-0.0492108560043507,
2009-12-28,LGBMRegressor,BUY,0.0468794125953118,True,SHAP,BCOM Index,0.4646097467813306,0.4646097467813306,MSCI World ex-US,,0.3271026945764292,BCOM Index,,0.4646097467813306,Asia EMFX,,0.0423863224415649,
2010-03-04,LGBMRegressor,BUY,0.0407806583163414,True,SHAP,Oil,-0.2643840663038744,0.2643840663038744,MSCI World ex-US,,0.043307723168098,Oil,,-0.2643840663038744,Asia EMFX,,-0.0393737945515954,
2010-06-23,LGBMRegressor,SELL,-0.0147141255605381,True,SHAP,MSCI World ex-US,-0.719098455069535,0.719098455069535,BCOM Index,,-0.2828346630154442,MSCI World ex-US,,-0.719098455069535,2y yield,,-0.1837000007294894,
2010-09-14,LGBMRegressor,BUY,0.0069453901675065,True,SHAP,BCOM Index,0.2082842796595709,0.2082842796595709,BCOM Index,,0.2082842796595709,MSCI World ex-US,,0.1762957974337483,2y yield,,-0.051870362261575,
2010-09-23,LGBMRegressor,BUY,0.0287986834887548,True,SHAP,BCOM Index,0.250032146394853,0.250032146394853,BCOM Index,,0.250032146394853,MSCI World ex-US,,-0.2202083042768292,Asia EMFX,,0.0426784789197115,
2010-10-21,LGBMRegressor,BUY,0.0654418667024272,True,SHAP,BCOM Index,-0.3503959544486319,0.3503959544486319,BCOM Index,,-0.3503959544486319,MSCI World ex-US,,0.204392039875271,Asia EMFX,,0.0098443779724916,
2010-12-31,LGBMRegressor,SELL,-0.0180722891566265,True,SHAP,Oil,0.2556287772366076,0.2556287772366076,Oil,,0.2556287772366076,MSCI World ex-US,,0.0901920563009589,Asia EMFX,,-0.0723614471449096,
2011-07-29,LGBMRegressor,SELL,-0.0535653360627771,True,SHAP,MSCI EM,-0.1683001659178103,0.1683001659178103,MSCI EM,,-0.1683001659178103,Gold,,-0.000734855350647,Asia EMFX,,0.0481649036777445,
2012-03-14,LGBMRegressor,BUY,0.0092672680093908,True,SHAP,BCOM Index,-0.22585464889518,0.22585464889518,MSCI World ex-US,,0.0047402036420109,BCOM Index,,-0.22585464889518,Asia EMFX,,0.0721073652746703,
2012-04-24,LGBMRegressor,SELL,-0.031234628627644,True,SHAP,MSCI World ex-US,0.2646599557441928,0.2646599557441928,BCOM Index,,0.0494853953429702,MSCI World ex-US,,0.2646599557441928,Asia EMFX,,0.0108865059231916,
2012-04-27,LGBMRegressor,SELL,-0.0483890577507599,True,SHAP,MSCI World ex-US,0.2957586314609701,0.2957586314609701,BCOM Index,,0.0232866581431084,MSCI World ex-US,,0.2957586314609701,Asia EMFX,,0.0103558384021958,
2012-08-28,LGBMRegressor,BUY,0.0159085259756401,True,SHAP,BCOM Index,0.1591244046242955,0.1591244046242955,MSCI World ex-US,,-0.0949469393064625,BCOM Index,,0.1591244046242955,Asia EMFX,,0.013610275017047,
2012-09-10,LGBMRegressor,BUY,0.017433234421365,True,SHAP,MSCI World ex-US,-0.1670467178356974,0.1670467178356974,MSCI World ex-US,,-0.1670467178356974,BCOM Index,,0.1096671367397817,Asia EMFX,,0.006403603184641,
2012-11-01,LGBMRegressor,SELL,-0.0215235792019345,True,SHAP,MSCI World ex-US,0.0881171289960933,0.0881171289960933,MSCI World ex-US,,0.0881171289960933,Copper LME,,0.0180499089165225,Asia EMFX,,0.0007196840928348,
2012-12-28,LGBMRegressor,BUY,0.0201268602098072,True,SHAP,MSCI World ex-US,-0.2373824588023729,0.2373824588023729,MSCI World ex-US,,-0.2373824588023729,Copper LME,,0.0632443183588361,Asia EMFX,,0.0032665539989716,
2013-03-13,LGBMRegressor,BUY,0.022238514173998,True,SHAP,MSCI World ex-US,-0.259832336243923,0.259832336243923,MSCI World ex-US,,-0.259832336243923,Copper LME,,-0.0067515889037884,Asia EMFX,,0.0638242678377368,
2013-04-08,LGBMRegressor,SELL,-0.004255319148936,True,SHAP,Copper LME,0.0884280736350178,0.0884280736350178,MSCI World ex-US,,0.0439401047475059,Copper LME,,0.0884280736350178,MOVE Index,,-0.0021218602982349,
2013-04-29,LGBMRegressor,SELL,-0.0371191782420917,True,SHAP,Copper LME,0.0991375134157237,0.0991375134157237,MSCI World ex-US,,0.0419492543450443,Copper LME,,0.0991375134157237,VIX Index,,0.0032021675477305,
2013-05-31,LGBMRegressor,BUY,0.0130883463377802,True,SHAP,MSCI World ex-US,-0.2804536011051209,0.2804536011051209,MSCI World ex-US,,-0.2804536011051209,BCOM Index,,-0.0059209120712147,VIX Index,,0.02836647729898,
2013-12-03,LGBMRegressor,BUY,0.0035185634554717,True,SHAP,MSCI World ex-US,-0.1251518762198711,0.1251518762198711,BCOM Index,,0.0389362651198543,MSCI World ex-US,,-0.1251518762198711,5y yield,,-0.0587070345757944,
2014-01-31,LGBMRegressor,BUY,0.0341330695028445,True,SHAP,Gold,0.019682395067648,0.019682395067648,Gold,,0.019682395067648,5y yield,,-0.0054025503460939,MSCI World ex-US,,-0.0175615975663382,
2014-04-08,LGBMRegressor,SELL,-0.0088740348046559,True,SHAP,Gold,0.0352918546777667,0.0352918546777667,Gold,,0.0352918546777667,5y yield,,0.0275479827662946,MSCI World ex-US,,0.0,
2015-03-23,LGBMRegressor,SELL,-0.0145041160329282,True,SHAP,Gold,0.1139173450328729,0.1139173450328729,Real 2y yield,,0.0457390084365652,Gold,,0.1139173450328729,Asia EMFX,,0.060291126799705,
2015-10-15,LGBMRegressor,SELL,-0.0232049036777584,True,SHAP,Real 2y yield,-0.6624699695879399,0.6624699695879399,Real 2y yield,,-0.6624699695879399,Gold,,0.0132274039388382,MSCI World ex-US,,0.2460824273928407,
2015-10-22,LGBMRegressor,SELL,-0.0264978654497276,True,SHAP,Gold,0.0490626807967233,0.0490626807967233,Real 2y yield,,0.0431466791344582,Gold,,0.0490626807967233,MSCI World ex-US,,0.0034330955950556,
2015-10-26,LGBMRegressor,SELL,-0.0375662934590452,True,SHAP,Real 2y yield,0.0572877549306169,0.0572877549306169,Real 2y yield,,0.0572877549306169,Gold,,0.0535029426234362,MSCI World ex-US,,-0.040688611493905,
2015-10-30,LGBMRegressor,SELL,-0.0351136028326939,True,SHAP,Real 2y yield,0.1747392684495204,0.1747392684495204,Real 2y yield,,0.1747392684495204,Gold,,0.051193692228973,MSCI World ex-US,,-0.0371542694150376,
2015-12-22,LGBMRegressor,SELL,-0.0148398471936526,True,SHAP,Gold,-0.1595932988890365,0.1595932988890365,Gold,,-0.1595932988890365,Real 2y yield,,-0.0219960892948578,MSCI World ex-US,,-0.0098140403115472,
2016-01-19,LGBMRegressor,BUY,0.0162221182342847,True,SHAP,MSCI World ex-US,0.202065562313537,0.202065562313537,Gold,,0.0484182757358206,2y yield,,0.0576020618122279,MSCI World ex-US,,0.202065562313537,
2016-04-19,LGBMRegressor,SELL,-0.0185947480482612,True,SHAP,Copper LME,0.4030619589402672,0.4030619589402672,Copper LME,,0.4030619589402672,2y yield,,0.083936837519347,Asia EMFX,,0.1809438329015528,
2016-06-27,LGBMRegressor,BUY,0.0320182961692394,True,SHAP,Asia EMFX,-0.2160297738977704,0.2160297738977704,Copper LME,,0.0588031349462954,Asia EMFX,,-0.2160297738977704,MSCI World ex-US,,-0.1535198456572483,
2016-07-19,LGBMRegressor,BUY,0.0269388912519494,True,SHAP,MSCI World ex-US,0.1662594136005213,0.1662594136005213,Copper LME,,-0.0004659569740387,Asia EMFX,,-0.0023853262245971,MSCI World ex-US,,0.1662594136005213,
2016-10-05,LGBMRegressor,BUY,0.0082252892792413,True,SHAP,BCOM Index,0.2361893609096708,0.2361893609096708,Asia EMFX,,-0.1121860678794882,BCOM Index,,0.2361893609096708,MSCI World ex-US,,-0.128855016683536,
2016-12-07,LGBMRegressor,SELL,-0.0371249127704118,True,SHAP,BCOM Index,-0.2409692651588156,0.2409692651588156,Asia EMFX,,0.0357316721884786,MSCI World ex-US,,0.1652964698401779,BCOM Index,,-0.2409692651588156,
2016-12-12,LGBMRegressor,SELL,-0.0404616240266961,True,SHAP,MSCI World ex-US,-0.0810489115387292,0.0810489115387292,Asia EMFX,,0.003115584940989,MSCI World ex-US,,-0.0810489115387292,BCOM Index,,0.0503154110581992,
2017-04-04,LGBMRegressor,BUY,0.010038720780152,True,SHAP,Gold,0.0345991574370253,0.0345991574370253,MSCI World ex-US,,-0.0106886264082944,Gold,,0.0345991574370253,Asia EMFX,,-0.0253941415109019,
2017-04-07,LGBMRegressor,BUY,0.0116697882149545,True,SHAP,Asia EMFX,0.0357025099318331,0.0357025099318331,MSCI World ex-US,,-0.0230094840229752,Gold,,0.0088615285626446,Asia EMFX,,0.0357025099318331,
2017-10-25,LGBMRegressor,BUY,0.0113240418118467,True,SHAP,Gold,0.0602107682045617,0.0602107682045617,Gold,,0.0602107682045617,5y yield,,0.0334628489430897,MSCI World ex-US,,-0.0037854877028765,
2018-01-22,LGBMRegressor,SELL,-0.0085971615720523,True,SHAP,MSCI World ex-US,0.0556413160458023,0.0556413160458023,Gold,,0.0459815638809913,2y yield,,0.0519753579450063,MSCI World ex-US,,0.0556413160458023,
2018-05-14,LGBMRegressor,BUY,0.0041949949370752,True,SHAP,Gold,-0.1263827570376065,0.1263827570376065,Gold,,-0.1263827570376065,5y yield,,-0.0310571052682566,Local - S&P500,,-0.0506831493548438,
2018-07-10,LGBMRegressor,SELL,-0.0052646972799063,True,SHAP,Gold,-0.1513217947425823,0.1513217947425823,Gold,,-0.1513217947425823,MSCI World ex-US,,0.0057246902697057,Asia EMFX,,-0.0342231705689526,
2019-06-26,LGBMRegressor,SELL,-0.0050890585241731,True,SHAP,Gold,-0.2021921553604456,0.2021921553604456,Gold,,-0.2021921553604456,Asia EMFX,,0.0138142316346958,MSCI World ex-US,,-0.1123503995228946,
2019-07-15,LGBMRegressor,SELL,-0.0129483554100313,True,SHAP,Gold,-0.0719401721149431,0.0719401721149431,Gold,,-0.0719401721149431,Asia EMFX,,0.0489200087231216,MSCI World ex-US,,0.0236677295920189,
2019-12-26,LGBMRegressor,SELL,-0.0079472184735344,True,SHAP,Gold,0.113008358556007,0.113008358556007,Real 2y yield,,-0.0109259440658998,Gold,,0.113008358556007,MSCI World ex-US,,0.0268240738363076,
2020-12-30,LGBMRegressor,SELL,-0.0034707760655283,True,SHAP,MSCI World ex-US,-0.1989844139613127,0.1989844139613127,MSCI World ex-US,,-0.1989844139613127,Asia EMFX,,0.0539529525828793,BCOM Index,,0.0919660954394936,
2021-01-05,LGBMRegressor,SELL,-0.0179260893546606,True,SHAP,MSCI World ex-US,-0.148000336635018,0.148000336635018,MSCI World ex-US,,-0.148000336635018,Asia EMFX,,-0.009603779760216,BCOM Index,,0.0362294360780459,
2021-02-17,LGBMRegressor,BUY,0.0077875121679877,True,SHAP,MSCI World ex-US,-0.1691289110250783,0.1691289110250783,MSCI World ex-US,,-0.1691289110250783,BCOM Index,,0.1619753596224773,Asia EMFX,,-0.1139079656117296,
2021-02-24,LGBMRegressor,SELL,-0.0322754168908014,True,SHAP,BCOM Index,0.2365615069339916,0.2365615069339916,MSCI World ex-US,,-0.139362748567954,BCOM Index,,0.2365615069339916,Asia EMFX,,0.05290303901098,
2021-03-08,LGBMRegressor,BUY,0.0046289802216299,True,SHAP,BCOM Index,-0.1836159721281121,0.1836159721281121,MSCI World ex-US,,0.12128916650634,BCOM Index,,-0.1836159721281121,Asia EMFX,,-0.1363638854825046,
2021-07-01,LGBMRegressor,BUY,0.001433897332951,True,SHAP,Asia EMFX,-0.0725727861038791,0.0725727861038791,MSCI World ex-US,,0.0156737311078163,Oil,,0.0300067470712781,Asia EMFX,,-0.0725727861038791,
2021-10-19,LGBMRegressor,SELL,-0.0060106234274532,True,SHAP,Asia EMFX,0.0801257214581848,0.0801257214581848,MSCI World ex-US,,0.0180230224537176,Copper LME,,-0.0332922215095672,Asia EMFX,,0.0801257214581848,
2021-10-29,LGBMRegressor,SELL,-0.0177102217263979,True,SHAP,MSCI World ex-US,-0.6371536857742622,0.6371536857742622,MSCI World ex-US,,-0.6371536857742622,Gold,,-0.2483976695610341,Asia EMFX,,0.0341533897918354,
2022-05-09,LGBMRegressor,BUY,0.0230866540164453,True,SHAP,MSCI World ex-US,-0.4496117951812607,0.4496117951812607,MSCI World ex-US,,-0.4496117951812607,Copper LME,,-0.1107416249567218,Asia EMFX,,-0.0655896739649484,
2022-08-10,LGBMRegressor,SELL,-0.0335832552327397,True,SHAP,MSCI World ex-US,0.393689823398004,0.393689823398004,MSCI World ex-US,,0.393689823398004,Copper LME,,0.0951215471256171,Asia EMFX,,-0.00274949908967,
2022-10-07,LGBMRegressor,BUY,0.0245945464266617,True,SHAP,MSCI World ex-US,-0.378002624663852,0.378002624663852,MSCI World ex-US,,-0.378002624663852,Gold,,-0.0518037881502543,Asia EMFX,,0.00342639086875,
2023-02-27,LGBMRegressor,BUY,0.0085941300470244,True,SHAP,MSCI World ex-US,0.367508034195489,0.367508034195489,Gold,,0.2117449621859339,MSCI World ex-US,,0.367508034195489,5y yield,,0.1454828949455425,
2023-03-07,LGBMRegressor,BUY,0.0142459472736202,True,SHAP,Gold,-0.5537728292040265,0.5537728292040265,Gold,,-0.5537728292040265,MSCI World ex-US,,-0.2808014841178451,2y yield,,-0.1513149734498211,
2023-03-09,LGBMRegressor,BUY,0.0245901639344261,True,SHAP,Gold,0.6359728875786388,0.6359728875786388,Gold,,0.6359728875786388,MSCI World ex-US,,-0.0731584464372764,5y yield,,0.0997750935721281,
2023-05-22,LGBMRegressor,SELL,-0.0345156672498807,True,SHAP,Gold,-0.0792942500653482,0.0792942500653482,Gold,,-0.0792942500653482,MSCI World ex-US,,-0.0156157628272791,Asia EMFX,,-0.0116409428208948,
2023-06-14,LGBMRegressor,SELL,-0.0212663122281294,True,SHAP,MSCI World ex-US,0.168847738953323,0.168847738953323,Gold,,-0.0926584125692849,MSCI World ex-US,,0.168847738953323,5y yield,,0.0503714417989231,
2023-06-21,LGBMRegressor,SELL,-0.0037084811351176,True,SHAP,Gold,-0.0965437845452256,0.0965437845452256,Gold,,-0.0965437845452256,MSCI World ex-US,,-0.0697321374205847,5y yield,,-0.0408890158791495,
2023-07-13,LGBMRegressor,SELL,-0.0328484279680901,True,SHAP,MSCI World ex-US,0.2171098728415005,0.2171098728415005,Gold,,0.1615717193219587,MSCI World ex-US,,0.2171098728415005,5y yield,,-0.0104196341107354,
2023-08-28,LGBMRegressor,BUY,0.0015228426395939,True,SHAP,MSCI World ex-US,0.4913707218577185,0.4913707218577185,MSCI World ex-US,,0.4913707218577185,Gold,,0.2212408230474004,5y yield,,0.147486144623079,
2023-11-03,LGBMRegressor,SELL,-0.0011670556852284,True,SHAP,MSCI World ex-US,0.32960795238219,0.32960795238219,MSCI World ex-US,,0.32960795238219,Copper LME,,0.1390934828184634,Asia EMFX,,0.0684613480146432,
2023-11-28,LGBMRegressor,SELL,-0.0003259452411996,True,SHAP,Copper LME,0.2421850436963592,0.2421850436963592,MSCI World ex-US,,0.0584630425202669,Copper LME,,0.2421850436963592,Asia EMFX,,0.0452966221776149,
2023-12-19,LGBMRegressor,SELL,-0.0031887755102041,True,SHAP,MSCI World ex-US,0.2194996238428413,0.2194996238428413,MSCI World ex-US,,0.2194996238428413,Copper LME,,0.1922433230627652,Asia EMFX,,0.0413931618232683,
2023-12-21,LGBMRegressor,SELL,-0.0095313741064335,True,SHAP,Asia EMFX,0.0714168634433535,0.0714168634433535,MSCI World ex-US,,-0.0443465627895321,Copper LME,,0.0220576417806903,Asia EMFX,,0.0714168634433535,
2024-05-15,LGBMRegressor,SELL,-0.0011434171839267,True,SHAP,Copper LME,0.1323910249363857,0.1323910249363857,MSCI World ex-US,,0.0612971159687656,2y yield,,0.0306518485163978,Copper LME,,0.1323910249363857,
2024-06-03,LGBMRegressor,SELL,-0.0098498304537381,True,SHAP,Asia EMFX,0.2143000234323895,0.2143000234323895,MSCI World ex-US,,0.0333159718347174,2y yield,,0.1020109952781243,Asia EMFX,,0.2143000234323895,
2024-12-17,LGBMRegressor,SELL,-0.0278067431352103,True,SHAP,Gold,-0.2130562347435914,0.2130562347435914,5y yield,,0.0708755494812016,MSCI World ex-US,,-0.1845887753327368,Gold,,-0.2130562347435914,
2024-12-27,LGBMRegressor,SELL,-0.0138420585625554,True,SHAP,5y yield,-0.6069394812855498,0.6069394812855498,5y yield,,-0.6069394812855498,MSCI World ex-US,,0.0954365269547306,Gold,,-0.1985356594924173,
2025-03-12,LGBMRegressor,SELL,-0.000174520069808,True,SHAP,MSCI World ex-US,0.1245586207677207,0.1245586207677207,2y yield,,0.0083190079296046,MSCI World ex-US,,0.1245586207677207,Copper LME,,-0.0040146749352553,
2025-03-14,LGBMRegressor,SELL,-0.0055671537926235,True,SHAP,MSCI World ex-US,0.1572776595610581,0.1572776595610581,2y yield,,-0.1186846765248857,MSCI World ex-US,,0.1572776595610581,Copper LME,,-0.0243608315769491,
2025-08-20,LGBMRegressor,BUY,0.0094453031083632,True,SHAP,Asia EMFX,-0.1320012382868377,0.1320012382868377,Copper LME,,-0.0050213099602921,MSCI World ex-US,,0.0015034609984494,Asia EMFX,,-0.1320012382868377,
2025-09-11,LGBMRegressor,SELL,-0.0349732262382865,True,SHAP,Asia EMFX,-0.0846582482661764,0.0846582482661764,MSCI World ex-US,,0.063134088900693,Copper LME,,0.0115536407807121,Asia EMFX,,-0.0846582482661764,
2025-09-16,LGBMRegressor,SELL,-0.0322365124436277,True,SHAP,Copper LME,-0.1477867365601401,0.1477867365601401,Copper LME,,-0.1477867365601401,MSCI World ex-US,,-0.0091583100194152,Asia EMFX,,0.1112005045823354,
2026-01-27,LGBMRegressor,SELL,-0.0003307972213033,True,SHAP,Gold,0.3115907138583126,0.3115907138583126,MSCI World ex-US,,0.2057262138958124,Gold,,0.3115907138583126,Asia EMFX,,0.0915905731967913,
2001-12-25,SGDRegressor,BUY,0.03812741312741319,True,BETA,Gold,0.17385205576467097,0.17385205576467097,Gold,0.17385205576467097,,MSCI World ex-US,0.13190974643599065,,2y yield,0.060683291282157555,,BETA
2003-04-03,SGDRegressor,BUY,0.017912630232132853,True,BETA,Gold,0.16453648040225904,0.16453648040225904,Gold,0.16453648040225904,,VIX Index,-0.06071745638283024,,MSCI EM,0.1230297027631161,,BETA
2003-04-10,SGDRegressor,BUY,0.011508951406649537,True,BETA,Gold,0.17107429573643676,0.17107429573643676,Gold,0.17107429573643676,,VIX Index,-0.057906077489223995,,MSCI EM,0.11294976695182377,,BETA
2003-07-18,SGDRegressor,BUY,0.019368347583318846,True,BETA,Gold,0.11936128293921351,0.11936128293921351,Gold,0.11936128293921351,,Real 2y yield,0.07718059530261157,,MSCI World - Wilshire,-0.012700171956171982,,BETA
2003-07-29,SGDRegressor,SELL,-0.0011914893617022138,True,BETA,Gold,0.13473264767859122,0.13473264767859122,Gold,0.13473264767859122,,MSCI World - Wilshire,0.035464238766104245,,Real 2y yield,0.08288271033188778,,BETA
2004-01-08,SGDRegressor,SELL,-0.0010329054153753736,True,BETA,Gold,0.20159671258772363,0.20159671258772363,MSCI World - Dow Jones,0.1525225747721691,,Gold,0.20159671258772363,,5y yield,0.07270576542404768,,BETA
2004-03-17,SGDRegressor,BUY,0.026247122026093583,True,BETA,MSCI World ex-US,0.2962069529908824,0.2962069529908824,MSCI World ex-US,0.2962069529908824,,Gold,0.2919332798906176,,5y yield,0.11676600263318937,,BETA
2004-07-16,SGDRegressor,SELL,-0.03382888349514557,True,BETA,Gold,0.43478344935987834,0.43478344935987834,Gold,0.43478344935987834,,MSCI World ex-US,0.2582135827377432,,Asia EMFX,-0.07107652199676122,,BETA
2004-08-12,SGDRegressor,SELL,-0.010628606134224117,True,BETA,Gold,0.47803657946785927,0.47803657946785927,Gold,0.47803657946785927,,MSCI World ex-US,0.2719585167571457,,5y yield,0.11082088225572463,,BETA
2004-09-21,SGDRegressor,BUY,0.015363759602349703,True,BETA,Gold,0.4730377542397645,0.4730377542397645,Gold,0.4730377542397645,,MSCI World ex-US,0.26894066987501974,,2y yield,0.09326865946097342,,BETA
2004-09-27,SGDRegressor,BUY,0.023584197085774417,True,BETA,Gold,0.47758660606621,0.47758660606621,Gold,0.47758660606621,,MSCI World ex-US,0.26106156859891205,,2y yield,0.0904843950131836,,BETA
2004-10-01,SGDRegressor,BUY,0.01793123888559567,True,BETA,Gold,0.47995784154545135,0.47995784154545135,Gold,0.47995784154545135,,MSCI World ex-US,0.26368272371123286,,2y yield,0.09100561113483989,,BETA
2004-11-10,SGDRegressor,BUY,0.0372371495327104,True,BETA,Gold,0.4574064503921084,0.4574064503921084,Gold,0.4574064503921084,,MSCI World ex-US,0.27804203190639576,,2y yield,0.12359768160532691,,BETA
2005-03-28,SGDRegressor,BUY,0.018651971174226345,True,BETA,Gold,0.3731016672286395,0.3731016672286395,Gold,0.3731016672286395,,MSCI World ex-US,0.2810267699302247,,2y yield,0.1659350952117277,,BETA
2005-07-13,SGDRegressor,BUY,0.010102510771059059,True,BETA,Gold,0.367114181154815,0.367114181154815,Gold,0.367114181154815,,MSCI World ex-US,0.20305485546033153,,2y yield,0.13123262800853872,,BETA
2005-12-05,SGDRegressor,SELL,-0.04259465478841884,True,BETA,MSCI World ex-US,0.20416634763644345,0.20416634763644345,MSCI World ex-US,0.20416634763644345,,Gold,0.19411445934106927,,Real 2y yield,0.07659606131882245,,BETA
2005-12-22,SGDRegressor,BUY,0.02049606416159211,True,BETA,MSCI World ex-US,0.2121413965020973,0.2121413965020973,MSCI World ex-US,0.2121413965020973,,Gold,0.1858954307532056,,Real 2y yield,0.07939165825184258,,BETA
2005-12-27,SGDRegressor,BUY,0.033199344945660236,True,BETA,MSCI World ex-US,0.21328530278400865,0.21328530278400865,MSCI World ex-US,0.21328530278400865,,Gold,0.17357289326393419,,Real 2y yield,0.07805376485564042,,BETA
2006-05-24,SGDRegressor,SELL,-0.009641220167535991,True,BETA,Gold,0.14446613704127112,0.14446613704127112,MSCI World ex-US,0.1010195286548907,,Gold,0.14446613704127112,,Real 2y yield,0.06160680301186416,,BETA
2006-05-30,SGDRegressor,SELL,-0.031069476971116172,True,BETA,Gold,0.13012190150558492,0.13012190150558492,Gold,0.13012190150558492,,MSCI World ex-US,0.09178772280378178,,Real 2y yield,0.06443718466104714,,BETA
2006-08-30,SGDRegressor,SELL,-0.002007102053419918,True,BETA,Gold,0.11726454042118845,0.11726454042118845,Gold,0.11726454042118845,,5y yield,0.08636355500844917,,MSCI World - Dow Jones,0.059751114229351664,,BETA
2006-09-14,SGDRegressor,SELL,-0.006499395405078601,True,BETA,Gold,0.11545751026626684,0.11545751026626684,5y yield,0.104921751074362,,Gold,0.11545751026626684,,MSCI World - Dow Jones,0.050136816715806276,,BETA
2006-09-25,SGDRegressor,SELL,-0.0198418618529016,True,BETA,Gold,0.10487042413365567,0.10487042413365567,5y yield,0.09547258700393359,,Gold,0.10487042413365567,,MSCI World - Dow Jones,0.0572515252951341,,BETA
2007-02-01,SGDRegressor,BUY,0.016854755972446123,True,BETA,5y yield,0.15342292033831786,0.15342292033831786,5y yield,0.15342292033831786,,Gold,0.12154841745800404,,MSCI World - Dow Jones,0.0605312343760442,,BETA
2007-02-06,SGDRegressor,BUY,0.030405405405405483,True,BETA,5y yield,0.16179547321069535,0.16179547321069535,5y yield,0.16179547321069535,,Gold,0.1269353472656179,,MSCI World - Dow Jones,0.05169050640682319,,BETA
2007-04-17,SGDRegressor,SELL,-0.006038647342995085,True,BETA,10y yield,0.1297414272160859,0.1297414272160859,Gold,0.1275608925030782,,MSCI World ex-US,0.07599696065009932,,10y yield,0.1297414272160859,,BETA
2007-09-05,SGDRegressor,BUY,0.07121013543031895,True,BETA,MSCI World ex-US,0.24289425525325972,0.24289425525325972,Gold,0.23809352765036165,,MSCI World ex-US,0.24289425525325972,,VIX Index,-0.10819765362151017,,BETA
2008-01-14,SGDRegressor,SELL,-0.01694486595852296,True,BETA,MSCI World ex-US,0.32802176731770316,0.32802176731770316,Gold,0.25475345528204163,,MSCI World ex-US,0.32802176731770316,,Real 2y yield,-0.1756309749725928,,BETA
2008-04-02,SGDRegressor,BUY,0.002785162678820008,True,BETA,MSCI World ex-US,0.3047860242254333,0.3047860242254333,MSCI World ex-US,0.3047860242254333,,Gold,0.251723407717301,,Real 2y yield,-0.19630647085709135,,BETA
2008-05-13,SGDRegressor,BUY,0.032971346329975226,True,BETA,MSCI World ex-US,0.3352335758834982,0.3352335758834982,Copper LME,0.09309006470090983,,MSCI World ex-US,0.3352335758834982,,Real 2y yield,-0.17520015833522193,,BETA
2008-08-08,SGDRegressor,BUY,0.006389322731790381,True,BETA,MSCI World ex-US,0.24956895298817475,0.24956895298817475,Copper LME,0.15177951600068523,,MSCI World ex-US,0.24956895298817475,,Real 2y yield,-0.12314231661748673,,BETA
2008-10-24,SGDRegressor,BUY,0.06433063791554372,True,BETA,Copper LME,0.2896791853828471,0.2896791853828471,Copper LME,0.2896791853828471,,MSCI EM,0.1564543122242166,,Asia EMFX,-0.026623217756549244,,BETA
2008-11-11,SGDRegressor,SELL,-0.042467668647326096,True,BETA,Copper LME,0.2914691504977694,0.2914691504977694,Copper LME,0.2914691504977694,,MSCI EM,0.2598975617777629,,Asia EMFX,-0.028488351302108018,,BETA
2008-11-13,SGDRegressor,SELL,-0.035864240727781604,True,BETA,Copper LME,0.2889281720156951,0.2889281720156951,Copper LME,0.2889281720156951,,MSCI EM,0.25584195728288534,,Asia EMFX,-0.04087267911228511,,BETA
2008-12-16,SGDRegressor,SELL,-0.0013819312489203872,True,BETA,Copper LME,0.3196096302953774,0.3196096302953774,MSCI EM,0.2729998370610673,,Copper LME,0.3196096302953774,,Asia EMFX,-0.0481153083924817,,BETA
2009-02-02,SGDRegressor,BUY,0.0259920634920634,True,BETA,MSCI EM,0.41855509533097845,0.41855509533097845,MSCI EM,0.41855509533097845,,BCOM Index,0.2810452891616068,,Asia EMFX,-0.011864136952952842,,BETA
2009-07-21,SGDRegressor,BUY,0.024015807873536854,True,BETA,MSCI World ex-US,0.6239368588181917,0.6239368588181917,BCOM Index,0.4274896307014021,,MSCI World ex-US,0.6239368588181917,,Asia EMFX,0.05101094562803993,,BETA
2009-07-30,SGDRegressor,BUY,0.04109168966574672,True,BETA,MSCI World ex-US,0.6489894690450929,0.6489894690450929,MSCI World ex-US,0.6489894690450929,,BCOM Index,0.4046465688947436,,Asia EMFX,0.05680925192959151,,BETA
2010-02-01,SGDRegressor,SELL,-0.01679841897233203,True,BETA,MSCI World ex-US,0.7604912058715493,0.7604912058715493,MSCI World ex-US,0.7604912058715493,,Copper LME,0.29626994934289375,,Asia EMFX,0.030634705574588795,,BETA
2010-02-09,SGDRegressor,SELL,-0.005889112324044765,True,BETA,MSCI World ex-US,0.7367595840175603,0.7367595840175603,MSCI World ex-US,0.7367595840175603,,Copper LME,0.3132257822227951,,Asia EMFX,-0.010993506647959186,,BETA
2010-04-01,SGDRegressor,BUY,0.005224512849477447,True,BETA,MSCI World ex-US,0.7509264058036799,0.7509264058036799,MSCI World ex-US,0.7509264058036799,,Oil,0.37069340086410124,,Asia EMFX,0.04449350435963169,,BETA
2010-04-15,SGDRegressor,BUY,0.01657536170810503,True,BETA,MSCI World ex-US,0.733115014883858,0.733115014883858,MSCI World ex-US,0.733115014883858,,Oil,0.320912279252193,,Asia EMFX,0.06766594652551669,,BETA
2010-04-28,SGDRegressor,SELL,-0.010681093078096837,True,BETA,MSCI World ex-US,0.7018472348186467,0.7018472348186467,MSCI World ex-US,0.7018472348186467,,Oil,0.2885010299633068,,Asia EMFX,0.039972675779116985,,BETA
2010-11-03,SGDRegressor,SELL,-0.012309270419284646,True,BETA,MSCI World ex-US,0.3951219202828546,0.3951219202828546,BCOM Index,0.33422711731361004,,MSCI World ex-US,0.3951219202828546,,Asia EMFX,-0.011170647036779413,,BETA
2010-11-29,SGDRegressor,BUY,0.006971443893283302,True,BETA,MSCI World ex-US,0.36064036568970737,0.36064036568970737,Oil,0.2924666967890652,,MSCI World ex-US,0.36064036568970737,,Asia EMFX,-0.027098798535410053,,BETA
2010-12-31,SGDRegressor,SELL,-0.01807228915662651,True,BETA,MSCI World ex-US,0.3813887954952534,0.3813887954952534,Oil,0.26145905532204455,,MSCI World ex-US,0.3813887954952534,,Asia EMFX,-0.02401069441878941,,BETA
2012-03-14,SGDRegressor,BUY,0.009267268009390817,True,BETA,MSCI World ex-US,0.4271272863746307,0.4271272863746307,MSCI World ex-US,0.4271272863746307,,BCOM Index,0.18186511126764493,,Asia EMFX,-0.0015684194746752207,,BETA
2012-03-20,SGDRegressor,BUY,0.0020802741067056374,True,BETA,MSCI World ex-US,0.421695711481691,0.421695711481691,BCOM Index,0.19418839594550855,,MSCI World ex-US,0.421695711481691,,Asia EMFX,-0.004381568088012523,,BETA
2012-12-12,SGDRegressor,SELL,-0.02821242294926507,True,BETA,MSCI World ex-US,0.39508043726926023,0.39508043726926023,MSCI World ex-US,0.39508043726926023,,Copper LME,0.0911522254800229,,Asia EMFX,-0.003729673168334855,,BETA
2012-12-14,SGDRegressor,SELL,-0.03131277324825721,True,BETA,MSCI World ex-US,0.3938950386627445,0.3938950386627445,MSCI World ex-US,0.3938950386627445,,Copper LME,0.09130214897578902,,Asia EMFX,-0.004732729136570067,,BETA
2013-03-13,SGDRegressor,BUY,0.022238514173998025,True,BETA,MSCI World ex-US,0.2610952702050852,0.2610952702050852,MSCI World ex-US,0.2610952702050852,,Copper LME,0.15474020000563218,,Asia EMFX,0.0035506283435341036,,BETA
2013-04-09,SGDRegressor,SELL,-0.014780058651026495,True,BETA,MSCI World ex-US,0.27108770257519044,0.27108770257519044,MSCI World ex-US,0.27108770257519044,,Copper LME,0.10115520477286043,,VIX Index,-0.017057735578692744,,BETA
2013-05-31,SGDRegressor,BUY,0.013088346337780221,True,BETA,MSCI World ex-US,0.20328915225868924,0.20328915225868924,MSCI World ex-US,0.20328915225868924,,BCOM Index,0.16960665358217555,,VIX Index,-0.027640157744191665,,BETA
2013-07-25,SGDRegressor,SELL,-0.009156149467953512,True,BETA,BCOM Index,0.2500656278667754,0.2500656278667754,BCOM Index,0.2500656278667754,,MSCI World ex-US,0.14889776002614177,,5y yield,0.21162965881251625,,BETA
2013-11-28,SGDRegressor,BUY,0.016260162601626105,True,BETA,MSCI World ex-US,0.1813232124821284,0.1813232124821284,Gold,0.1733566343028828,,MSCI World ex-US,0.1813232124821284,,5y yield,0.16700687912403708,,BETA
2013-12-04,SGDRegressor,BUY,0.0048792388387410845,True,BETA,5y yield,0.1849199493701512,0.1849199493701512,BCOM Index,0.15865721501882454,,MSCI World ex-US,0.1466342658108995,,5y yield,0.1849199493701512,,BETA
2014-02-26,SGDRegressor,BUY,0.025258599951888394,True,BETA,5y yield,0.14506976186495157,0.14506976186495157,Gold,0.14038021786689395,,5y yield,0.14506976186495157,,Local - S&P500,-0.14307971468862316,,BETA
2014-04-09,SGDRegressor,SELL,-0.014687320711417096,True,BETA,5y yield,0.14240438648907622,0.14240438648907622,Gold,0.12033291198755192,,5y yield,0.14240438648907622,,MSCI World ex-US,0.09286689402391934,,BETA
2014-10-03,SGDRegressor,BUY,0.020350334878928455,True,BETA,Asia EMFX,-0.12596684840602626,0.12596684840602626,Gold,0.08069180847202113,,Asia EMFX,-0.12596684840602626,,2y yield,0.06364733618227722,,BETA
2015-07-28,SGDRegressor,SELL,-0.022581127560939107,True,BETA,Real 2y yield,0.28232145333837616,0.28232145333837616,Real 2y yield,0.28232145333837616,,Gold,0.21014145178590293,,Asia EMFX,-0.1457768112412627,,BETA
2015-10-15,SGDRegressor,SELL,-0.023204903677758404,True,BETA,Real 2y yield,0.21742896726788208,0.21742896726788208,Real 2y yield,0.21742896726788208,,Gold,0.2020689143641064,,MSCI World ex-US,0.19092567952530226,,BETA
2015-10-30,SGDRegressor,SELL,-0.035113602832693935,True,BETA,Real 2y yield,0.23097120365880372,0.23097120365880372,Real 2y yield,0.23097120365880372,,Gold,0.20394910356430035,,MSCI World ex-US,0.19567043163784012,,BETA
2015-12-25,SGDRegressor,SELL,-0.04326852799298353,True,BETA,Gold,0.24632865759994033,0.24632865759994033,Gold,0.24632865759994033,,Real 2y yield,0.2048080273023546,,MSCI World ex-US,0.21822407143439876,,BETA
2016-04-11,SGDRegressor,SELL,-0.00043744531933498365,True,BETA,Copper LME,0.177657649275863,0.177657649275863,Copper LME,0.177657649275863,,MSCI World ex-US,0.08818086085830108,,Asia EMFX,-0.11741570411362981,,BETA
2016-07-19,SGDRegressor,BUY,0.02693889125194948,True,BETA,Asia EMFX,-0.17110889965119094,0.17110889965119094,Copper LME,0.16599398335759902,,Asia EMFX,-0.17110889965119094,,MSCI World ex-US,0.12743129482710358,,BETA
2017-01-30,SGDRegressor,SELL,-0.015099519560741292,True,BETA,Asia EMFX,-0.227489019441282,0.227489019441282,MSCI World ex-US,0.19107719903146578,,Asia EMFX,-0.227489019441282,,BCOM Index,0.1299988998635972,,BETA
2017-04-26,SGDRegressor,BUY,0.007256894049346929,True,BETA,MSCI World ex-US,0.28003812918947657,0.28003812918947657,MSCI World ex-US,0.28003812918947657,,Gold,0.25290060123832764,,Asia EMFX,-0.08256410641998205,,BETA
2017-08-30,SGDRegressor,BUY,0.005415162454873723,True,BETA,Gold,0.2482005309520083,0.2482005309520083,Gold,0.2482005309520083,,5y yield,0.14085937384314273,,MSCI World ex-US,0.10128504232502711,,BETA
2017-10-30,SGDRegressor,BUY,0.003926701570680757,True,BETA,Gold,0.18714110882027246,0.18714110882027246,Gold,0.18714110882027246,,5y yield,0.13089946816466555,,MSCI World ex-US,0.13110458142850526,,BETA
2017-11-01,SGDRegressor,SELL,-0.0013069997095556118,True,BETA,Gold,0.18830012098661392,0.18830012098661392,Gold,0.18830012098661392,,5y yield,0.132620565681669,,MSCI World ex-US,0.13222820153525489,,BETA
2018-07-10,SGDRegressor,SELL,-0.005264697279906305,True,BETA,Gold,0.19713754794536248,0.19713754794536248,Gold,0.19713754794536248,,MSCI World ex-US,0.05683139404776824,,Asia EMFX,-0.023529416903692184,,BETA
2019-03-20,SGDRegressor,SELL,-0.01525497602789494,True,BETA,Gold,0.23805600360484586,0.23805600360484586,Gold,0.23805600360484586,,Asia EMFX,-0.049482538050907535,,MSCI World ex-US,0.10114422719397785,,BETA
2019-07-15,SGDRegressor,SELL,-0.012948355410031365,True,BETA,Gold,0.21689712052448526,0.21689712052448526,Gold,0.21689712052448526,,Asia EMFX,-0.06760232549226665,,MSCI World ex-US,0.10081821092188291,,BETA
2019-08-27,SGDRegressor,BUY,0.010059729644765758,True,BETA,Gold,0.21103489564441705,0.21103489564441705,Gold,0.21103489564441705,,Asia EMFX,-0.11563796062167285,,Local - Dow Jones,-0.13401332985237557,,BETA
2019-09-02,SGDRegressor,BUY,0.005707038681039833,True,BETA,Gold,0.20833147225897308,0.20833147225897308,Gold,0.20833147225897308,,Asia EMFX,-0.06132530990672598,,MSCI EM,0.10188557742536683,,BETA
2019-09-10,SGDRegressor,SELL,-0.015717398070339228,True,BETA,Gold,0.17285000010528387,0.17285000010528387,Gold,0.17285000010528387,,Asia EMFX,-0.06609500262681152,,MSCI EM,0.07024891213867326,,BETA
2020-08-19,SGDRegressor,BUY,0.032474462570513785,True,BETA,MSCI World ex-US,0.2444394605323023,0.2444394605323023,MSCI World ex-US,0.2444394605323023,,Asia EMFX,-0.07370671279773082,,Copper LME,0.060197479984278705,,BETA
2021-02-16,SGDRegressor,BUY,0.01039501039501034,True,BETA,MSCI World ex-US,0.2855163377438847,0.2855163377438847,MSCI World ex-US,0.2855163377438847,,BCOM Index,0.1791959640217246,,Asia EMFX,-0.13627937881762603,,BETA
2021-08-18,SGDRegressor,BUY,0.026571801945694862,True,BETA,MSCI World ex-US,0.37239757517757355,0.37239757517757355,MSCI World ex-US,0.37239757517757355,,Gold,0.21131667431800893,,Asia EMFX,-0.05982749893616313,,BETA
2021-09-20,SGDRegressor,SELL,-0.00825387789953047,True,BETA,MSCI World ex-US,0.3589977435113609,0.3589977435113609,MSCI World ex-US,0.3589977435113609,,Gold,0.20189406669781146,,Asia EMFX,-0.069438028100918,,BETA
2021-10-20,SGDRegressor,SELL,-0.005831713412940864,True,BETA,MSCI World ex-US,0.30927066652822993,0.30927066652822993,MSCI World ex-US,0.30927066652822993,,Copper LME,0.13922926256529855,,Asia EMFX,-0.04477811739799106,,BETA
2022-01-31,SGDRegressor,BUY,0.006082725060827299,True,BETA,MSCI World ex-US,0.2515133068931034,0.2515133068931034,MSCI World ex-US,0.2515133068931034,,Gold,0.17975484639679473,,Asia EMFX,-0.07656555245015742,,BETA
2022-02-02,SGDRegressor,BUY,0.007086851628468116,True,BETA,MSCI World ex-US,0.2567662698322891,0.2567662698322891,MSCI World ex-US,0.2567662698322891,,Gold,0.17912474938947898,,Asia EMFX,-0.07753008288852098,,BETA
2022-02-11,SGDRegressor,BUY,0.014442605686776133,True,BETA,MSCI World ex-US,0.2622977524756935,0.2622977524756935,MSCI World ex-US,0.2622977524756935,,Gold,0.16943814750338695,,Asia EMFX,-0.06430971045982387,,BETA
2022-05-09,SGDRegressor,BUY,0.023086654016445385,True,BETA,MSCI World ex-US,0.19127107461373988,0.19127107461373988,MSCI World ex-US,0.19127107461373988,,Copper LME,0.09253141617823513,,Asia EMFX,-0.04760649770472214,,BETA
2022-12-02,SGDRegressor,SELL,-0.004374316513044874,True,BETA,Gold,0.29524199488611624,0.29524199488611624,Gold,0.29524199488611624,,MSCI World ex-US,0.2803082977581863,,Asia EMFX,-0.008872398409590454,,BETA
2023-03-09,SGDRegressor,BUY,0.024590163934426146,True,BETA,Gold,0.3127231576533334,0.3127231576533334,Gold,0.3127231576533334,,MSCI World ex-US,0.3062235625700803,,5y yield,0.12908899995083162,,BETA
2023-05-10,SGDRegressor,SELL,-0.040050259148735834,True,BETA,Gold,0.35171983500409215,0.35171983500409215,Gold,0.35171983500409215,,MSCI World ex-US,0.28803519239146635,,5y yield,0.08996556248560311,,BETA
2023-05-17,SGDRegressor,SELL,-0.036325812129940904,True,BETA,Gold,0.35024624141019367,0.35024624141019367,Gold,0.35024624141019367,,MSCI World ex-US,0.289487847651189,,5y yield,0.09718198595615962,,BETA
2023-07-13,SGDRegressor,SELL,-0.03284842796809018,True,BETA,Gold,0.3696060485045996,0.3696060485045996,Gold,0.3696060485045996,,MSCI World ex-US,0.3215936002953388,,5y yield,0.10133644215140676,,BETA
2023-09-28,SGDRegressor,SELL,-0.005870513250586962,True,BETA,Gold,0.3650744108103793,0.3650744108103793,MSCI World ex-US,0.2659142304352332,,Gold,0.3650744108103793,,Asia EMFX,-0.09428362014873835,,BETA
2024-02-02,SGDRegressor,BUY,0.009727947238252321,True,BETA,Copper LME,0.20185196639841468,0.20185196639841468,Copper LME,0.20185196639841468,,MSCI World ex-US,0.19408523385642432,,Asia EMFX,-0.07506561932057726,,BETA
2024-03-22,SGDRegressor,BUY,0.003504672897196137,True,BETA,MSCI World ex-US,0.25764086212133225,0.25764086212133225,MSCI World ex-US,0.25764086212133225,,Copper LME,0.1570524826841666,,2y yield,0.2529989671730153,,BETA
2024-03-26,SGDRegressor,BUY,0.009327115256495544,True,BETA,MSCI World ex-US,0.2556906971509267,0.2556906971509267,MSCI World ex-US,0.2556906971509267,,Copper LME,0.16299060101997712,,2y yield,0.24885591709276286,,BETA
2024-12-17,SGDRegressor,SELL,-0.027806743135210366,True,BETA,5y yield,0.25203846735697066,0.25203846735697066,5y yield,0.25203846735697066,,MSCI World ex-US,0.16125765991712013,,Gold,0.08938500684690164,,BETA
2024-12-19,SGDRegressor,SELL,-0.006393180607352278,True,BETA,5y yield,0.26569184227184134,0.26569184227184134,5y yield,0.26569184227184134,,MSCI World ex-US,0.15851313190656333,,Gold,0.09959025719155315,,BETA
2025-03-14,SGDRegressor,SELL,-0.005567153792623514,True,BETA,2y yield,0.23203121769125568,0.23203121769125568,2y yield,0.23203121769125568,,MSCI World ex-US,0.13591064121728927,,Copper LME,0.11714879745170491,,BETA
2025-04-24,SGDRegressor,SELL,-0.015505168389463142,True,BETA,5y yield,0.1728001649742713,0.1728001649742713,MSCI World ex-US,0.1519389991939379,,5y yield,0.1728001649742713,,Copper LME,0.12957450059611844,,BETA
2025-08-20,SGDRegressor,BUY,0.009445303108363223,True,BETA,MSCI World ex-US,0.20066301999550876,0.20066301999550876,Copper LME,0.18659443758103234,,MSCI World ex-US,0.20066301999550876,,Asia EMFX,-0.10666734718519257,,BETA
2001-09-24,StackedEnsemble,BUY,0.03603379721669975,True,STACK,LGBMRegressor,0.6150000529884638,0.6150000529884638,ElasticNetCV,0.3204482492578675,,XGBRegressor,0.17458567555435536,,LGBMRegressor,0.6150000529884638,,STACK
2001-12-19,StackedEnsemble,BUY,0.018330921369995146,True,STACK,LGBMRegressor,0.37912637476620537,0.37912637476620537,ElasticNetCV,0.20586902796170953,,XGBRegressor,0.2536985905171852,,LGBMRegressor,0.37912637476620537,,STACK
2001-12-25,StackedEnsemble,BUY,0.03812741312741319,True,STACK,LGBMRegressor,0.4156360267143454,0.4156360267143454,ElasticNetCV,0.24309014180427221,,XGBRegressor,0.3689236371777265,,LGBMRegressor,0.4156360267143454,,STACK
2002-09-13,StackedEnsemble,SELL,-0.0063331222292590805,True,STACK,ElasticNetCV,0.8298823506798996,0.8298823506798996,ElasticNetCV,0.8298823506798996,,XGBRegressor,0.8181211397537679,,LGBMRegressor,0.5532080374152353,,STACK
2002-11-26,StackedEnsemble,BUY,0.011090945755192427,True,STACK,XGBRegressor,0.8837254670648077,0.8837254670648077,ElasticNetCV,0.5373055518360071,,XGBRegressor,0.8837254670648077,,LGBMRegressor,-0.16227278247591215,,STACK
2002-12-02,StackedEnsemble,BUY,0.031312725812926656,True,STACK,ElasticNetCV,0.7556876024660156,0.7556876024660156,ElasticNetCV,0.7556876024660156,,XGBRegressor,0.45186586928806927,,LGBMRegressor,-0.090483334629447,,STACK
2003-02-24,StackedEnsemble,SELL,-0.01026548672566352,True,STACK,XGBRegressor,0.589190277016973,0.589190277016973,ElasticNetCV,0.43933220750358865,,XGBRegressor,0.589190277016973,,LGBMRegressor,0.07120306021925817,,STACK
2003-03-12,StackedEnsemble,BUY,0.001279941488389058,True,STACK,ElasticNetCV,0.4503939048316033,0.4503939048316033,ElasticNetCV,0.4503939048316033,,XGBRegressor,0.2549717778839068,,LGBMRegressor,0.19605572034412866,,STACK
2003-03-18,StackedEnsemble,BUY,0.01185266229029902,True,STACK,ElasticNetCV,0.6018896086664225,0.6018896086664225,ElasticNetCV,0.6018896086664225,,XGBRegressor,0.20371570805978426,,LGBMRegressor,0.07355555220944347,,STACK
2003-03-26,StackedEnsemble,BUY,0.0012783053323595084,True,STACK,ElasticNetCV,0.5481496046677654,0.5481496046677654,ElasticNetCV,0.5481496046677654,,XGBRegressor,0.24116211973659654,,LGBMRegressor,0.2736525052564873,,STACK
2003-04-03,StackedEnsemble,BUY,0.017912630232132853,True,STACK,ElasticNetCV,0.41714321676532395,0.41714321676532395,ElasticNetCV,0.41714321676532395,,XGBRegressor,0.3950441454579228,,LGBMRegressor,0.007442608772138541,,STACK
2003-04-11,StackedEnsemble,BUY,0.017045454545454586,True,STACK,ElasticNetCV,0.5263304928962514,0.5263304928962514,ElasticNetCV,0.5263304928962514,,XGBRegressor,0.1661614373867447,,LGBMRegressor,0.07699173847145524,,STACK
2003-07-28,StackedEnsemble,BUY,0.0003403675970046205,True,STACK,XGBRegressor,0.7836375615438012,0.7836375615438012,ElasticNetCV,0.20757871090928814,,XGBRegressor,0.7836375615438012,,LGBMRegressor,0.6475903192453627,,STACK
2004-01-29,StackedEnsemble,BUY,0.044225310025399533,True,STACK,ElasticNetCV,0.44438937841067727,0.44438937841067727,ElasticNetCV,0.44438937841067727,,XGBRegressor,0.3443369096839136,,LGBMRegressor,0.35243521996031146,,STACK
2004-08-11,StackedEnsemble,SELL,-0.008549618320610741,True,STACK,ElasticNetCV,1.2605736939328929,1.2605736939328929,ElasticNetCV,1.2605736939328929,,XGBRegressor,-0.2798514226964513,,LGBMRegressor,0.2753282327990602,,STACK
2004-09-21,StackedEnsemble,BUY,0.015363759602349703,True,STACK,ElasticNetCV,0.9687327034727289,0.9687327034727289,ElasticNetCV,0.9687327034727289,,XGBRegressor,-0.17163449857784924,,LGBMRegressor,0.4162529028009124,,STACK
2004-10-01,StackedEnsemble,BUY,0.01793123888559567,True,STACK,ElasticNetCV,0.9118136134641834,0.9118136134641834,ElasticNetCV,0.9118136134641834,,XGBRegressor,-0.052010051950812854,,LGBMRegressor,0.3700437614465184,,STACK
2005-02-23,StackedEnsemble,BUY,0.023694055701815264,True,STACK,ElasticNetCV,0.5449786111077165,0.5449786111077165,ElasticNetCV,0.5449786111077165,,XGBRegressor,0.1640420571171181,,LGBMRegressor,0.23176124424572925,,STACK
2005-04-01,StackedEnsemble,BUY,0.010156580617858735,True,STACK,ElasticNetCV,0.47761140137786273,0.47761140137786273,ElasticNetCV,0.47761140137786273,,XGBRegressor,0.2469583067670158,,LGBMRegressor,0.2018328559266373,,STACK
2005-06-09,StackedEnsemble,SELL,-0.008422234699607012,True,STACK,ElasticNetCV,0.6771581396855174,0.6771581396855174,ElasticNetCV,0.6771581396855174,,XGBRegressor,-0.14048364728797988,,LGBMRegressor,0.48416013657773604,,STACK
2005-07-13,StackedEnsemble,BUY,0.010102510771059059,True,STACK,ElasticNetCV,0.5237865249638441,0.5237865249638441,ElasticNetCV,0.5237865249638441,,XGBRegressor,0.15746199649466114,,LGBMRegressor,0.4433629862560409,,STACK
2006-05-24,StackedEnsemble,SELL,-0.009641220167535991,True,STACK,ElasticNetCV,0.7307967253873293,0.7307967253873293,ElasticNetCV,0.7307967253873293,,XGBRegressor,0.20380605937346083,,LGBMRegressor,0.1418959999250255,,STACK
2006-05-30,StackedEnsemble,SELL,-0.031069476971116172,True,STACK,ElasticNetCV,0.6678420904146929,0.6678420904146929,ElasticNetCV,0.6678420904146929,,XGBRegressor,0.2261015974833649,,LGBMRegressor,0.07160886396780422,,STACK
2006-08-29,StackedEnsemble,SELL,-0.0037296037296036255,True,STACK,ElasticNetCV,0.6203324977197089,0.6203324977197089,ElasticNetCV,0.6203324977197089,,XGBRegressor,0.3907170180814877,,LGBMRegressor,0.1823042478473309,,STACK
2006-09-14,StackedEnsemble,SELL,-0.006499395405078601,True,STACK,ElasticNetCV,0.5813477312451271,0.5813477312451271,ElasticNetCV,0.5813477312451271,,XGBRegressor,0.28494660965640034,,LGBMRegressor,0.23643134077104003,,STACK
2006-09-25,StackedEnsemble,SELL,-0.0198418618529016,True,STACK,ElasticNetCV,0.5694062406199044,0.5694062406199044,ElasticNetCV,0.5694062406199044,,XGBRegressor,0.37600032876301037,,LGBMRegressor,0.23342109673921335,,STACK
2007-01-08,StackedEnsemble,BUY,0.014507471347743994,True,STACK,ElasticNetCV,0.5491321450542133,0.5491321450542133,ElasticNetCV,0.5491321450542133,,XGBRegressor,0.3954297644340106,,LGBMRegressor,0.2013054018216189,,STACK
2007-01-30,StackedEnsemble,BUY,0.0030514385353095363,True,STACK,ElasticNetCV,0.34032077007565703,0.34032077007565703,ElasticNetCV,0.34032077007565703,,XGBRegressor,0.29099106120543133,,LGBMRegressor,0.19108503651696984,,STACK
2007-03-05,StackedEnsemble,BUY,0.04076489771716574,True,STACK,ElasticNetCV,0.32481878905469785,0.32481878905469785,ElasticNetCV,0.32481878905469785,,XGBRegressor,0.31618539814304,,LGBMRegressor,0.2053695387693173,,STACK
2007-03-07,StackedEnsemble,BUY,0.04718372161604245,True,STACK,XGBRegressor,0.3389835341001494,0.3389835341001494,ElasticNetCV,0.30702850824572725,,XGBRegressor,0.3389835341001494,,LGBMRegressor,0.22854394557261223,,STACK
2007-09-04,StackedEnsemble,BUY,0.042910447761194126,True,STACK,XGBRegressor,1.3440326006121341,1.3440326006121341,ElasticNetCV,0.8898963407534306,,XGBRegressor,1.3440326006121341,,LGBMRegressor,-0.14280378256420312,,STACK
2008-08-08,StackedEnsemble,BUY,0.006389322731790381,True,STACK,ElasticNetCV,0.6403955737480279,0.6403955737480279,ElasticNetCV,0.6403955737480279,,XGBRegressor,0.5278722649493278,,LGBMRegressor,-0.32731347329437627,,STACK
2008-08-19,StackedEnsemble,SELL,-0.03687605159842955,True,STACK,ElasticNetCV,0.4276643707914448,0.4276643707914448,ElasticNetCV,0.4276643707914448,,XGBRegressor,0.39975989576804866,,LGBMRegressor,0.1304527252386894,,STACK
2008-12-16,StackedEnsemble,SELL,-0.0013819312489203872,True,STACK,ElasticNetCV,0.9218721281709771,0.9218721281709771,ElasticNetCV,0.9218721281709771,,XGBRegressor,-0.20539120291293061,,LGBMRegressor,0.5552303947818135,,STACK
2009-07-23,StackedEnsemble,BUY,0.025852837693131514,True,STACK,ElasticNetCV,0.8770071809437938,0.8770071809437938,ElasticNetCV,0.8770071809437938,,XGBRegressor,0.36120605585591153,,LGBMRegressor,0.060231160301630574,,STACK
2009-07-30,StackedEnsemble,BUY,0.04109168966574672,True,STACK,ElasticNetCV,0.9684339976128284,0.9684339976128284,ElasticNetCV,0.9684339976128284,,XGBRegressor,0.2058821524716423,,LGBMRegressor,0.3008647893668755,,STACK
2009-10-19,StackedEnsemble,SELL,-0.050878815911193476,True,STACK,ElasticNetCV,0.4480259280524011,0.4480259280524011,ElasticNetCV,0.4480259280524011,,XGBRegressor,0.31028877748470385,,LGBMRegressor,0.3260905141742646,,STACK
2009-11-26,StackedEnsemble,BUY,0.018590998043052753,True,STACK,ElasticNetCV,0.39030004020038706,0.39030004020038706,ElasticNetCV,0.39030004020038706,,XGBRegressor,0.27302132928472633,,LGBMRegressor,0.26590462748862836,,STACK
2009-12-21,StackedEnsemble,BUY,0.04111142614119645,True,STACK,LGBMRegressor,0.3601614744388423,0.3601614744388423,ElasticNetCV,0.3448231491010644,,XGBRegressor,0.3063373929767145,,LGBMRegressor,0.3601614744388423,,STACK
2010-04-28,StackedEnsemble,SELL,-0.010681093078096837,True,STACK,LGBMRegressor,0.3923137568940285,0.3923137568940285,ElasticNetCV,0.3121824074221576,,XGBRegressor,0.3912348233982726,,LGBMRegressor,0.3923137568940285,,STACK
2010-09-16,StackedEnsemble,BUY,0.014226519337016574,True,STACK,XGBRegressor,0.8069848989358959,0.8069848989358959,ElasticNetCV,0.42712182883751043,,XGBRegressor,0.8069848989358959,,LGBMRegressor,-0.18375118892865738,,STACK
2010-10-19,StackedEnsemble,BUY,0.0368230076602607,True,STACK,ElasticNetCV,0.7422474258844256,0.7422474258844256,ElasticNetCV,0.7422474258844256,,XGBRegressor,0.042002764336779796,,LGBMRegressor,0.30401176844426137,,STACK
2010-10-21,StackedEnsemble,BUY,0.06544186670242724,True,STACK,ElasticNetCV,0.7320467075292697,0.7320467075292697,ElasticNetCV,0.7320467075292697,,XGBRegressor,0.2188072286455511,,LGBMRegressor,0.1503214204044054,,STACK
2010-10-26,StackedEnsemble,BUY,0.038040576615056,True,STACK,ElasticNetCV,0.8958431539809946,0.8958431539809946,ElasticNetCV,0.8958431539809946,,XGBRegressor,-0.045665146811386614,,LGBMRegressor,0.29763599693621473,,STACK
2010-11-29,StackedEnsemble,BUY,0.006971443893283302,True,STACK,ElasticNetCV,0.9990079879477284,0.9990079879477284,ElasticNetCV,0.9990079879477284,,XGBRegressor,0.09324726439174373,,LGBMRegressor,0.35258573183328457,,STACK
2010-12-31,StackedEnsemble,SELL,-0.01807228915662651,True,STACK,ElasticNetCV,0.5957053173226468,0.5957053173226468,ElasticNetCV,0.5957053173226468,,XGBRegressor,0.45329710371918297,,LGBMRegressor,0.1865133588619667,,STACK
2012-04-09,StackedEnsemble,SELL,-0.009858812074001966,True,STACK,ElasticNetCV,1.129601709141885,1.129601709141885,ElasticNetCV,1.129601709141885,,XGBRegressor,0.20894903727527397,,LGBMRegressor,-0.07861918580050924,,STACK
2012-04-11,StackedEnsemble,SELL,-0.005745018946339164,True,STACK,ElasticNetCV,1.1495711681000522,1.1495711681000522,ElasticNetCV,1.1495711681000522,,XGBRegressor,0.3339064643087337,,LGBMRegressor,-0.17251173485779964,,STACK
2012-08-29,StackedEnsemble,BUY,0.025359150530918084,True,STACK,LGBMRegressor,0.42142533306184343,0.42142533306184343,ElasticNetCV,0.39007901034381065,,XGBRegressor,0.18958721113296842,,LGBMRegressor,0.42142533306184343,,STACK
2012-09-03,StackedEnsemble,BUY,0.035857572718154485,True,STACK,LGBMRegressor,0.4268190188218225,0.4268190188218225,ElasticNetCV,0.40518560652979807,,XGBRegressor,0.16324644773173363,,LGBMRegressor,0.4268190188218225,,STACK
2013-02-26,StackedEnsemble,BUY,0.00218155375106055,True,STACK,ElasticNetCV,0.6737303505130784,0.6737303505130784,ElasticNetCV,0.6737303505130784,,XGBRegressor,-0.17375672952333254,,LGBMRegressor,0.2986073449031971,,STACK
2013-03-08,StackedEnsemble,BUY,0.01654098759425926,True,STACK,ElasticNetCV,0.5026190636868215,0.5026190636868215,ElasticNetCV,0.5026190636868215,,XGBRegressor,0.06579214064632193,,LGBMRegressor,0.29937598697417067,,STACK
2013-03-20,StackedEnsemble,BUY,0.02309749574519815,True,STACK,ElasticNetCV,0.5156435682869109,0.5156435682869109,ElasticNetCV,0.5156435682869109,,XGBRegressor,0.22688380390148785,,LGBMRegressor,0.2924255720512688,,STACK
2013-04-11,StackedEnsemble,SELL,-0.01575167940699551,True,STACK,XGBRegressor,0.5156655438627896,0.5156655438627896,ElasticNetCV,0.5136198394783793,,XGBRegressor,0.5156655438627896,,LGBMRegressor,-0.028641578454668467,,STACK
2013-07-25,StackedEnsemble,SELL,-0.009156149467953512,True,STACK,ElasticNetCV,0.9105643807252125,0.9105643807252125,ElasticNetCV,0.9105643807252125,,XGBRegressor,0.3516570524613762,,LGBMRegressor,-0.019735320343886153,,STACK
2013-11-19,StackedEnsemble,SELL,-0.015410345239517231,True,STACK,ElasticNetCV,0.8403364257239176,0.8403364257239176,ElasticNetCV,0.8403364257239176,,XGBRegressor,0.3621679599843842,,LGBMRegressor,-0.46875331215335353,,STACK
2014-02-25,StackedEnsemble,BUY,0.01607485604606529,True,STACK,XGBRegressor,0.42001495934818384,0.42001495934818384,ElasticNetCV,0.3485291391504925,,XGBRegressor,0.42001495934818384,,LGBMRegressor,0.04599076423242346,,STACK
2014-05-28,StackedEnsemble,BUY,0.006475158935719261,True,STACK,ElasticNetCV,0.4744141848214197,0.4744141848214197,ElasticNetCV,0.4744141848214197,,XGBRegressor,0.06623208348905962,,LGBMRegressor,0.32358479425376113,,STACK
2014-10-03,StackedEnsemble,BUY,0.020350334878928455,True,STACK,ElasticNetCV,0.33768352434589866,0.33768352434589866,ElasticNetCV,0.33768352434589866,,XGBRegressor,0.25017211244743603,,LGBMRegressor,0.27089379322141555,,STACK
2014-10-10,StackedEnsemble,BUY,0.00499040307101728,True,STACK,ElasticNetCV,0.4688574707736656,0.4688574707736656,ElasticNetCV,0.4688574707736656,,XGBRegressor,0.29372442500926366,,LGBMRegressor,0.269005059571896,,STACK
2015-01-28,StackedEnsemble,BUY,0.006696733634003138,True,STACK,ElasticNetCV,0.6350888964028174,0.6350888964028174,ElasticNetCV,0.6350888964028174,,XGBRegressor,0.2616629717710741,,LGBMRegressor,0.2658242489534061,,STACK
2015-07-21,StackedEnsemble,SELL,-0.013132075471698035,True,STACK,LGBMRegressor,0.6079791467216326,0.6079791467216326,ElasticNetCV,0.3642738034218965,,XGBRegressor,0.18644351936363615,,LGBMRegressor,0.6079791467216326,,STACK
2015-07-23,StackedEnsemble,SELL,-0.008173149689722936,True,STACK,LGBMRegressor,0.42162058452434403,0.42162058452434403,ElasticNetCV,0.34847372030157736,,XGBRegressor,0.38462619349352356,,LGBMRegressor,0.42162058452434403,,STACK
2016-05-27,StackedEnsemble,BUY,0.05282793612893588,True,STACK,ElasticNetCV,0.4522826812187514,0.4522826812187514,ElasticNetCV,0.4522826812187514,,XGBRegressor,0.29235642519582183,,LGBMRegressor,0.2974678854127695,,STACK
2016-07-19,StackedEnsemble,BUY,0.02693889125194948,True,STACK,ElasticNetCV,1.0047885205557157,1.0047885205557157,ElasticNetCV,1.0047885205557157,,XGBRegressor,-0.06168834870507604,,LGBMRegressor,0.2269911614237724,,STACK
2016-11-02,StackedEnsemble,SELL,-0.029912184412733356,True,STACK,ElasticNetCV,0.7776758014149078,0.7776758014149078,ElasticNetCV,0.7776758014149078,,XGBRegressor,0.1067437403205866,,LGBMRegressor,0.29815859472437944,,STACK
2016-12-21,StackedEnsemble,BUY,0.010291346571966953,True,STACK,ElasticNetCV,0.5626503820546417,0.5626503820546417,ElasticNetCV,0.5626503820546417,,XGBRegressor,0.18616494519633037,,LGBMRegressor,0.3098511813396342,,STACK
2016-12-23,StackedEnsemble,BUY,0.012510910677916653,True,STACK,ElasticNetCV,0.4874885213397244,0.4874885213397244,ElasticNetCV,0.4874885213397244,,XGBRegressor,0.2633997671310411,,LGBMRegressor,0.25165542908980487,,STACK
2017-01-06,StackedEnsemble,BUY,0.030172413793103425,True,STACK,ElasticNetCV,0.49292113259588954,0.49292113259588954,ElasticNetCV,0.49292113259588954,,XGBRegressor,0.22977590249306185,,LGBMRegressor,0.30202623412680923,,STACK
2017-04-26,StackedEnsemble,BUY,0.007256894049346929,True,STACK,ElasticNetCV,0.4455479289173211,0.4455479289173211,ElasticNetCV,0.4455479289173211,,XGBRegressor,0.36190342980163726,,LGBMRegressor,0.16423186097785605,,STACK
2017-08-31,StackedEnsemble,BUY,0.006129841181387485,True,STACK,ElasticNetCV,0.5878448078356586,0.5878448078356586,ElasticNetCV,0.5878448078356586,,XGBRegressor,0.19247064758957969,,LGBMRegressor,0.20047155261041694,,STACK
2017-11-01,StackedEnsemble,SELL,-0.0013069997095556118,True,STACK,ElasticNetCV,0.33903248683991777,0.33903248683991777,ElasticNetCV,0.33903248683991777,,XGBRegressor,0.2589386647034695,,LGBMRegressor,0.1869313330453453,,STACK
2018-05-14,StackedEnsemble,BUY,0.004194994937075203,True,STACK,ElasticNetCV,0.7694630815381132,0.7694630815381132,ElasticNetCV,0.7694630815381132,,XGBRegressor,0.22187706589302755,,LGBMRegressor,0.14414568307270506,,STACK
2018-07-10,StackedEnsemble,SELL,-0.005264697279906305,True,STACK,XGBRegressor,0.7405865760675759,0.7405865760675759,ElasticNetCV,0.6090934849238056,,XGBRegressor,0.7405865760675759,,LGBMRegressor,-0.04584898886650496,,STACK
2019-01-02,StackedEnsemble,BUY,0.018181818181818077,True,STACK,ElasticNetCV,0.7322769877920177,0.7322769877920177,ElasticNetCV,0.7322769877920177,,XGBRegressor,0.2774958371856666,,LGBMRegressor,0.10615842097928417,,STACK
2019-03-20,StackedEnsemble,SELL,-0.01525497602789494,True,STACK,ElasticNetCV,0.99150035233021,0.99150035233021,ElasticNetCV,0.99150035233021,,XGBRegressor,-0.09122721878670037,,LGBMRegressor,0.29897246897753676,,STACK
2019-03-22,StackedEnsemble,SELL,-0.02166012501817116,True,STACK,ElasticNetCV,0.6955692814802139,0.6955692814802139,ElasticNetCV,0.6955692814802139,,XGBRegressor,0.024764447771939258,,LGBMRegressor,0.43319360590158057,,STACK
2019-06-26,StackedEnsemble,SELL,-0.0050890585241731845,True,STACK,ElasticNetCV,0.4049528273984795,0.4049528273984795,ElasticNetCV,0.4049528273984795,,XGBRegressor,0.27997034616425326,,LGBMRegressor,0.18194006083918535,,STACK
2019-07-15,StackedEnsemble,SELL,-0.012948355410031365,True,STACK,ElasticNetCV,0.3743386796069456,0.3743386796069456,ElasticNetCV,0.3743386796069456,,XGBRegressor,0.17797390271025404,,LGBMRegressor,0.22694073056399341,,STACK
2019-08-22,StackedEnsemble,BUY,0.0010994188785926617,True,STACK,ElasticNetCV,0.36257245853577436,0.36257245853577436,ElasticNetCV,0.36257245853577436,,XGBRegressor,0.15644200775265554,,LGBMRegressor,0.30168167778771354,,STACK
2019-08-29,StackedEnsemble,BUY,0.01505308192045618,True,STACK,ElasticNetCV,0.34240036908980603,0.34240036908980603,ElasticNetCV,0.34240036908980603,,XGBRegressor,0.21431701190856647,,LGBMRegressor,0.2653037841939428,,STACK
2019-09-06,StackedEnsemble,SELL,-0.025385453979130945,True,STACK,ElasticNetCV,0.4159075848325967,0.4159075848325967,ElasticNetCV,0.4159075848325967,,XGBRegressor,0.2635180628448843,,LGBMRegressor,0.2833925235455046,,STACK
2020-12-22,StackedEnsemble,BUY,0.030113636363636287,True,STACK,ElasticNetCV,0.5065717510637338,0.5065717510637338,ElasticNetCV,0.5065717510637338,,XGBRegressor,0.24332058851201044,,LGBMRegressor,0.3519058426392719,,STACK
2020-12-28,StackedEnsemble,BUY,0.008873239436619773,True,STACK,ElasticNetCV,0.4896828820019772,0.4896828820019772,ElasticNetCV,0.4896828820019772,,XGBRegressor,0.21992740674977643,,LGBMRegressor,0.3226501008754917,,STACK
2021-01-11,StackedEnsemble,BUY,0.005444646098003547,True,STACK,LGBMRegressor,0.47022470450173254,0.47022470450173254,ElasticNetCV,0.3779045161225583,,XGBRegressor,0.28582514950962506,,LGBMRegressor,0.47022470450173254,,STACK
2021-01-15,StackedEnsemble,BUY,0.008411608019066374,True,STACK,ElasticNetCV,0.5110673481248174,0.5110673481248174,ElasticNetCV,0.5110673481248174,,XGBRegressor,0.24465387526536855,,LGBMRegressor,0.35302501314577484,,STACK
2021-03-24,StackedEnsemble,BUY,0.007325481183567906,True,STACK,ElasticNetCV,0.39697851457971006,0.39697851457971006,ElasticNetCV,0.39697851457971006,,XGBRegressor,0.3392844786212504,,LGBMRegressor,0.25717727415918934,,STACK
2021-04-28,StackedEnsemble,SELL,-0.013370089593383927,True,STACK,ElasticNetCV,0.9896619521739727,0.9896619521739727,ElasticNetCV,0.9896619521739727,,XGBRegressor,-0.08487714805796788,,LGBMRegressor,0.06378521204058922,,STACK
2021-08-10,StackedEnsemble,SELL,-0.008273894436519158,True,STACK,ElasticNetCV,0.5150343138438404,0.5150343138438404,ElasticNetCV,0.5150343138438404,,XGBRegressor,0.3855241323073548,,LGBMRegressor,0.23912381880115305,,STACK
2021-09-03,StackedEnsemble,SELL,-0.016485051690416364,True,STACK,ElasticNetCV,0.6495405043431514,0.6495405043431514,ElasticNetCV,0.6495405043431514,,XGBRegressor,0.08309865231294669,,LGBMRegressor,0.42251867647114283,,STACK
2021-09-08,StackedEnsemble,SELL,-0.012677841949570334,True,STACK,ElasticNetCV,0.6848530322666794,0.6848530322666794,ElasticNetCV,0.6848530322666794,,XGBRegressor,0.07126538707591873,,LGBMRegressor,0.4207416181995764,,STACK
2021-09-16,StackedEnsemble,SELL,-0.024876325088339257,True,STACK,ElasticNetCV,0.7449620042550291,0.7449620042550291,ElasticNetCV,0.7449620042550291,,XGBRegressor,-0.08530216444103554,,LGBMRegressor,0.4848182238534381,,STACK
2021-09-20,StackedEnsemble,SELL,-0.00825387789953047,True,STACK,ElasticNetCV,0.7402697927257954,0.7402697927257954,ElasticNetCV,0.7402697927257954,,XGBRegressor,-0.054691214445964,,LGBMRegressor,0.4206980997328482,,STACK
2021-09-23,StackedEnsemble,SELL,-0.02037063233837877,True,STACK,ElasticNetCV,0.6879448456867318,0.6879448456867318,ElasticNetCV,0.6879448456867318,,XGBRegressor,-0.032744229915339755,,LGBMRegressor,0.4203955058946551,,STACK
2022-01-28,StackedEnsemble,BUY,0.015119120342089065,True,STACK,ElasticNetCV,0.6473333433592086,0.6473333433592086,ElasticNetCV,0.6473333433592086,,XGBRegressor,0.07903693634097209,,LGBMRegressor,0.2713791313162371,,STACK
2022-02-02,StackedEnsemble,BUY,0.007086851628468116,True,STACK,ElasticNetCV,0.6897203121660087,0.6897203121660087,ElasticNetCV,0.6897203121660087,,XGBRegressor,0.010061728693467796,,LGBMRegressor,0.25929264354107884,,STACK
2022-05-10,StackedEnsemble,BUY,0.02829888712241657,True,STACK,ElasticNetCV,0.5206945200240972,0.5206945200240972,ElasticNetCV,0.5206945200240972,,XGBRegressor,0.20285333305373615,,LGBMRegressor,0.38236442711235336,,STACK
2022-12-02,StackedEnsemble,SELL,-0.004374316513044874,True,STACK,ElasticNetCV,0.9795728709964966,0.9795728709964966,ElasticNetCV,0.9795728709964966,,XGBRegressor,0.08099132282252232,,LGBMRegressor,0.26771043224569935,,STACK
2023-03-10,StackedEnsemble,BUY,0.01190864600326269,True,STACK,ElasticNetCV,0.8857136253330732,0.8857136253330732,ElasticNetCV,0.8857136253330732,,XGBRegressor,0.028504154560288424,,LGBMRegressor,0.19558466134898933,,STACK
2023-03-20,StackedEnsemble,BUY,0.008003841844085091,True,STACK,ElasticNetCV,1.0972477309922615,1.0972477309922615,ElasticNetCV,1.0972477309922615,,XGBRegressor,0.11086346793994482,,LGBMRegressor,-0.07817032954662975,,STACK
2023-05-10,StackedEnsemble,SELL,-0.040050259148735834,True,STACK,ElasticNetCV,0.9631085713946649,0.9631085713946649,ElasticNetCV,0.9631085713946649,,XGBRegressor,-0.14431383670340037,,LGBMRegressor,0.32353077069652186,,STACK
2023-05-17,StackedEnsemble,SELL,-0.036325812129940904,True,STACK,ElasticNetCV,1.0912947965724298,1.0912947965724298,ElasticNetCV,1.0912947965724298,,XGBRegressor,-0.02161622680963105,,LGBMRegressor,0.01815358233594154,,STACK
2023-09-28,StackedEnsemble,SELL,-0.005870513250586962,True,STACK,ElasticNetCV,0.961019575924795,0.961019575924795,ElasticNetCV,0.961019575924795,,XGBRegressor,0.30638834731848663,,LGBMRegressor,-0.33332125946116115,,STACK
2024-02-02,StackedEnsemble,BUY,0.009727947238252321,True,STACK,ElasticNetCV,0.6265623282965078,0.6265623282965078,ElasticNetCV,0.6265623282965078,,XGBRegressor,0.11874395411177263,,LGBMRegressor,0.18777674936390548,,STACK
2024-05-15,StackedEnsemble,SELL,-0.0011434171839267426,True,STACK,XGBRegressor,0.445873878728572,0.445873878728572,ElasticNetCV,0.2803791864924305,,XGBRegressor,0.445873878728572,,LGBMRegressor,0.2003637735002573,,STACK
2024-12-17,StackedEnsemble,SELL,-0.027806743135210366,True,STACK,ElasticNetCV,0.4653519064291894,0.4653519064291894,ElasticNetCV,0.4653519064291894,,XGBRegressor,0.2721312221894695,,LGBMRegressor,0.3748415765309417,,STACK
2025-03-14,StackedEnsemble,SELL,-0.005567153792623514,True,STACK,XGBRegressor,0.7711147265850392,0.7711147265850392,ElasticNetCV,0.21954483246232717,,XGBRegressor,0.7711147265850392,,LGBMRegressor,0.14911664560858676,,STACK
2025-04-24,StackedEnsemble,SELL,-0.015505168389463142,True,STACK,ElasticNetCV,1.3181950107234108,1.3181950107234108,ElasticNetCV,1.3181950107234108,,XGBRegressor,-0.43417170633056174,,LGBMRegressor,0.2642896165512507,,STACK
2025-08-20,StackedEnsemble,BUY,0.009445303108363223,True,STACK,ElasticNetCV,1.1909379048094457,1.1909379048094457,ElasticNetCV,1.1909379048094457,,XGBRegressor,0.1880403204887812,,LGBMRegressor,-0.15804822309974334,,STACK
2025-10-09,StackedEnsemble,BUY,0.0010443864229763289,True,STACK,ElasticNetCV,0.9743176676080737,0.9743176676080737,ElasticNetCV,0.9743176676080737,,XGBRegressor,0.7252873681619774,,LGBMRegressor,-0.4714536030492461,,STACK
