Currency,Model,Observations,Signal_Triggers,Hit_Rate_Pct,Information_Coefficient,Sharpe_Ratio,Maximum_Drawdown_Pct,Strategy_Total_Return_Pct,Average_Adj_R2,Average_Train_RMSE,Average_Validation_RMSE,Test_RMSE,Generalization_Gap,Best_Params,Best_Validation_RMSE,Best_Alpha,Best_L1_Ratio,Best_N_Estimators,Best_Max_Depth,Best_Learning_Rate,Best_Subsample
EUR,ElasticNetCV,6427,237,47.257383966244724,0.02800821205791965,0.00959731751325269,-13.922698233333207,-0.4255234424260457,0.3487093479516387,0.4380744465581134,0.44181472439912073,0.4634831132303514,0.02540866667223801,"{""alpha"": 0.01519911082952933, ""l1_ratio"": 0.5}",0.25763424523145523,0.01519911082952933,0.5,,,,
EUR,LassoCV,6427,234,50.0,0.028093745508449154,-0.05929858861054674,-15.315505626092929,-5.5551634981268805,0.3506749725943282,0.4374736977875786,0.44355094847571525,0.4635059913227436,0.026032293535165008,"{""alpha"": 0.004328761281083057}",0.257834330765417,0.004328761281083057,,,,,
EUR,OLS,6427,255,54.11764705882353,0.03825783305321071,0.1505304104286771,-16.293971102012062,11.297296396525859,0.3609584734367722,0.4341608829264095,0.44655643880722984,0.46120998463148777,0.027049101705078293,{},0.25294500334321063,,,,,,
EUR,RidgeCV,6427,245,50.204081632653065,0.028123000386015076,0.047490757518268985,-14.352273544000415,2.561258567609892,0.3574745252712597,0.4355530779498388,0.4417566487313821,0.4627981830853572,0.02724510513551842,"{""alpha"": 0.0001}",0.2583184191463369,0.0001,,,,,
EUR,LGBMRegressor,6427,205,51.707317073170735,0.004768841768915439,0.0463466023775738,-14.450003257002674,2.4504936002043953,0.4196631456617476,0.41169951504562635,0.4509746252847623,0.48210753987424104,0.07040802482861469,"{""learning_rate"": 0.1, ""max_depth"": 3, ""n_estimators"": 200, ""subsample"": 0.8}",0.2607959968421426,,,200.0,3.0,0.1,0.8
EUR,XGBRegressor,6427,213,43.66197183098591,0.012758874893233036,0.0227960901774579,-16.345526057938642,0.577724493228482,0.45517091761557193,0.3981630871722621,0.4482777697541197,0.4830316221451405,0.08486853497287838,"{""learning_rate"": 0.1, ""max_depth"": 2, ""n_estimators"": 200, ""subsample"": 0.8}",0.2593642310663909,,,200.0,2.0,0.1,0.8
