Currency,Model,Observations,Signal_Triggers,Hit_Rate_Pct,Information_Coefficient,Sharpe_Ratio,Maximum_Drawdown_Pct,Strategy_Total_Return_Pct,Average_Adj_R2,Average_Train_RMSE,Average_Validation_RMSE,Test_RMSE,Generalization_Gap,Best_Params,Best_Validation_RMSE,Best_Alpha,Best_L1_Ratio,Best_N_Estimators,Best_Max_Depth,Best_Learning_Rate,Best_Subsample
CHF,ElasticNetCV,6171,204,51.9607843137255,-0.02504940484608724,0.06331814667803354,-12.739525502243831,4.096849338332631,0.25965760308586894,0.5091328529874155,0.506223650155396,0.5632051290593838,0.054072276071968295,"{""alpha"": 0.6579332246575675, ""l1_ratio"": 0.1}",0.2885904459293081,0.6579332246575675,0.1,,,,
CHF,RidgeCV,6171,199,50.25125628140703,-0.02421238131940216,0.05484711046990514,-14.766404648711639,3.280826540122206,0.27164010146962175,0.505338654784844,0.5064998850280155,0.5617601547114055,0.056421499926561536,"{""alpha"": 100.0}",0.28774307587127207,100.0,,,,,
CHF,LassoCV,6171,193,50.259067357512954,-0.02698070267382718,-0.014573282576007051,-14.35994385305298,-2.9659502635355772,0.25908832498173967,0.5093123279094753,0.5091066966829066,0.5658906646130587,0.056578336703583365,"{""alpha"": 0.05336699231206307}",0.29276301017846373,0.05336699231206307,,,,,
CHF,OLS,6171,185,52.43243243243243,-0.022394583553283685,-0.050723663161535856,-19.5502344735754,-5.822602303947777,0.28264109721911584,0.497742099954103,0.5146537699899346,0.5613326368164097,0.06359053686230665,{},0.2723928929780677,,,,,,
CHF,LGBMRegressor,6171,170,51.76470588235295,-0.02208303513138955,-0.07442483100215636,-17.51457633669039,-8.341938546184213,0.329655515337828,0.4842548768499039,0.512606519304102,0.580514214055162,0.09625933720525809,"{""learning_rate"": 0.03, ""max_depth"": 2, ""n_estimators"": 400, ""subsample"": 0.8}",0.2815982943349187,,,400.0,2.0,0.03,0.8
CHF,XGBRegressor,6171,159,49.056603773584904,-0.03811912540181165,0.023880679452807432,-14.492851201321288,0.33000041560167226,0.38080984335761536,0.4605999775774478,0.5103690505758289,0.5823846562692717,0.12178467869182391,"{""learning_rate"": 0.1, ""max_depth"": 3, ""n_estimators"": 200, ""subsample"": 0.8}",0.2788906367732984,,,200.0,3.0,0.1,0.8
