Date,Model,Signal,Forward_10d_Return,Hit,Attribution_Method,Largest_Attribution_Driver,Largest_Attribution_Value,Largest_Attribution_Abs,Driver_1_Name,Driver_1_Beta,Driver_1_SHAP,Driver_2_Name,Driver_2_Beta,Driver_2_SHAP,Driver_3_Name,Driver_3_Beta,Driver_3_SHAP,Dominant_Attribution_Method
2001-12-20,OLS,BUY,0.0092303930558104,True,BETA,Real 2y yield,0.3133421765703462,0.3133421765703462,MSCI World - Wilshire,-0.2486545020373621,,Gold,-0.197555106372341,,Real 2y yield,0.3133421765703462,,
2002-01-25,OLS,SELL,-0.0073421439060205,True,BETA,Real 2y yield,0.3150651921327417,0.3150651921327417,MSCI World - Wilshire,-0.2899454469535927,,Gold,-0.1657043184586513,,Real 2y yield,0.3150651921327417,,
2002-03-14,OLS,BUY,0.0153660741187104,True,BETA,Real 2y yield,0.6182342365555957,0.6182342365555957,MSCI World - Wilshire,-0.2904324494704109,,Gold,-0.1342543631220611,,Real 2y yield,0.6182342365555957,,
2002-08-06,OLS,SELL,-0.0068076668869795,True,BETA,Gold,-0.1288541375827812,0.1288541375827812,Local Index,0.1106994497384132,,Gold,-0.1288541375827812,,,,,
2002-11-05,OLS,BUY,0.0009566108643663,True,BETA,Gold,-0.1997693670559961,0.1997693670559961,Gold,-0.1997693670559961,,Local Index,0.1202032669932007,,,,,
2002-11-07,OLS,BUY,0.018061491796498,True,BETA,Gold,-0.1983915474280414,0.1983915474280414,Gold,-0.1983915474280414,,Local Index,0.1184557860959427,,,,,
2003-03-17,OLS,SELL,-0.0221740700613941,True,BETA,Real 2y yield,0.2841511500081825,0.2841511500081825,Gold,-0.2403414126314939,,Local Index,0.1062178900744608,,Real 2y yield,0.2841511500081825,,
2004-03-10,OLS,SELL,-0.0170542635658914,True,BETA,Gold,-0.3690221332672636,0.3690221332672636,Local Index,0.207671988524154,,Gold,-0.3690221332672636,,Real 2y yield,0.3386644159600548,,
2004-03-17,OLS,SELL,-0.0123870364599564,True,BETA,Real 2y yield,0.3914440644525457,0.3914440644525457,Local Index,0.2101835834277741,,Gold,-0.3706603850086419,,Real 2y yield,0.3914440644525457,,
2004-03-26,OLS,SELL,-0.0045814567479421,True,BETA,Gold,-0.3725862873196467,0.3725862873196467,Local Index,0.220765907888533,,Gold,-0.3725862873196467,,Real 2y yield,0.2913625768109836,,
2004-07-27,OLS,SELL,-0.0174117647058823,True,BETA,Gold,-0.4734734847749568,0.4734734847749568,Gold,-0.4734734847749568,,Local Index,0.2459649581321068,,Real 2y yield,0.2985291255057554,,
2004-07-30,OLS,SELL,-0.0305564238824633,True,BETA,Gold,-0.4804610002350463,0.4804610002350463,Gold,-0.4804610002350463,,Local Index,0.2459783124046144,,Real 2y yield,0.2634695886438465,,
2005-02-07,OLS,SELL,-0.0495009000163639,True,BETA,Gold,-0.5363912753793282,0.5363912753793282,Gold,-0.5363912753793282,,MSCI World ex-US,-0.0973121322867718,,Real 2y yield,-0.0889375791567609,,
2005-05-31,OLS,BUY,0.0264320719852173,True,BETA,Gold,-0.5070021234270667,0.5070021234270667,Gold,-0.5070021234270667,,MSCI World ex-US,-0.184000150726979,,,,,
2005-12-14,OLS,BUY,0.0277604003753519,True,BETA,MSCI World ex-US,-0.3484617057108681,0.3484617057108681,MSCI World ex-US,-0.3484617057108681,,Gold,-0.2753640249423379,,,,,
2006-01-23,OLS,BUY,0.0322094406981356,True,BETA,MSCI World ex-US,-0.3486064324595628,0.3486064324595628,MSCI World ex-US,-0.3486064324595628,,Gold,-0.183748740652209,,,,,
2006-02-07,OLS,BUY,0.0101679248189801,True,BETA,MSCI World ex-US,-0.3395337340026389,0.3395337340026389,MSCI World ex-US,-0.3395337340026389,,Gold,-0.1837214325025861,,,,,
2006-02-10,OLS,BUY,0.011648402176412,True,BETA,MSCI World ex-US,-0.3498483034156432,0.3498483034156432,MSCI World ex-US,-0.3498483034156432,,Gold,-0.1419639781915787,,,,,
2006-05-22,OLS,BUY,0.0087974105734915,True,BETA,Real 2y yield,0.7313005514764164,0.7313005514764164,MSCI World ex-US,-0.3129001468326955,,Real 2y yield,0.7313005514764164,,Gold,-0.0734427918188089,,
2006-07-25,OLS,SELL,-0.0217807563427477,True,BETA,Real 2y yield,0.6133231515682411,0.6133231515682411,MSCI World - Dow Jones,-0.4415160981598163,,Real 2y yield,0.6133231515682411,,Gold,-0.07258166148092,,
2006-10-13,OLS,SELL,-0.0200752823086572,True,BETA,MSCI World - S&P500,-0.5103497855372784,0.5103497855372784,MSCI World - S&P500,-0.5103497855372784,,Gold,-0.0719432735476347,,Real 2y yield,0.2629030980552015,,
2006-10-18,OLS,SELL,-0.0226397295810076,True,BETA,MSCI World - Dow Jones,-0.4834548107337831,0.4834548107337831,MSCI World - Dow Jones,-0.4834548107337831,,Real 2y yield,0.1527199662315892,,Gold,-0.0563637545291079,,
2007-06-11,OLS,SELL,-0.0065396415307605,True,BETA,MSCI World - S&P500,-0.5167996738937619,0.5167996738937619,MSCI World - S&P500,-0.5167996738937619,,Gold,-0.0876565499634693,,Real 2y yield,0.2312884806737472,,
2007-08-06,OLS,BUY,0.0162553693253599,True,BETA,MSCI World - Wilshire,-0.3585951591974279,0.3585951591974279,Gold,-0.0964250784886249,,MSCI World - Wilshire,-0.3585951591974279,,,,,
2007-09-18,OLS,SELL,-0.0118577075098814,True,BETA,Real 2y yield,0.4368581894817248,0.4368581894817248,Gold,-0.1137692675582938,,MSCI World - Dow Jones,-0.1834140518714559,,Real 2y yield,0.4368581894817248,,
2007-10-09,OLS,SELL,-0.0093765838824124,True,BETA,MSCI World - Dow Jones,-0.1937691480208301,0.1937691480208301,Gold,-0.1283676505847522,,MSCI World - Dow Jones,-0.1937691480208301,,,,,
2008-03-17,OLS,BUY,0.006186612576065,True,BETA,MSCI World - Wilshire,-0.1532029406845154,0.1532029406845154,Gold,-0.1377754412172529,,MSCI World - Wilshire,-0.1532029406845154,,,,,
2008-05-02,OLS,SELL,-0.0107934103389509,True,BETA,Gold,-0.1784063449620315,0.1784063449620315,Gold,-0.1784063449620315,,MSCI World - Wilshire,-0.1731309956927643,,,,,
2008-05-07,OLS,SELL,-0.0270244732117546,True,BETA,Gold,-0.219073520805087,0.219073520805087,Gold,-0.219073520805087,,Local Index,0.1473634902011236,,,,,
2008-09-08,OLS,SELL,-0.0417477445604105,True,BETA,5y yield,1.6384586744587846,1.6384586744587846,Gold,-0.2294035104042036,,Local Index,0.1627071469929121,,5y yield,1.6384586744587846,,
2008-09-11,OLS,SELL,-0.0449319877139094,True,BETA,5y yield,1.6970768100647753,1.6970768100647753,Gold,-0.2244044114019966,,Local Index,0.1693872168982358,,5y yield,1.6970768100647753,,
2008-09-15,OLS,SELL,-0.0205467214579238,True,BETA,5y yield,1.7282303226295244,1.7282303226295244,Gold,-0.2252309311810955,,Local Index,0.1679879424595959,,5y yield,1.7282303226295244,,
2009-07-29,OLS,SELL,-0.0107517000551369,True,BETA,MSCI World - Dow Jones,-0.2566159168193773,0.2566159168193773,MSCI World - Dow Jones,-0.2566159168193773,,BCOM Index,-0.0927754085756953,,,,,
2009-08-07,OLS,SELL,-0.0196748568261593,True,BETA,MSCI World - Dow Jones,-0.2581285727418749,0.2581285727418749,MSCI World - Dow Jones,-0.2581285727418749,,BCOM Index,-0.094669788482582,,,,,
2010-05-07,OLS,BUY,0.0360847992783039,True,BETA,2y yield,3.05331538659756,3.05331538659756,MSCI World ex-US,-0.3023387827809383,,Oil,-0.0523661784444433,,2y yield,3.05331538659756,,
2010-05-26,OLS,SELL,-0.0158593345974831,True,BETA,MSCI World ex-US,-0.251870813452981,0.251870813452981,MSCI World ex-US,-0.251870813452981,,BCOM Index,-0.1112324688760086,,VIX Index,-0.0132261806762477,,
2010-05-28,OLS,SELL,-0.0135252297555055,True,BETA,MSCI World ex-US,-0.2282407846930911,0.2282407846930911,MSCI World ex-US,-0.2282407846930911,,BCOM Index,-0.1151254329959829,,,,,
2010-09-15,OLS,SELL,-0.0279106858054227,True,BETA,Real 2y yield,0.5383801257263919,0.5383801257263919,BCOM Index,-0.1387080302086148,,MSCI World ex-US,-0.1718714210611648,,Real 2y yield,0.5383801257263919,,
2010-12-30,OLS,BUY,0.0307396733909701,True,BETA,Real 2y yield,1.573963193525982,1.573963193525982,MSCI World - Dow Jones,-0.4271220986291353,,BCOM Index,-0.2217406286148714,,Real 2y yield,1.573963193525982,,
2011-05-03,OLS,BUY,0.0277616447903357,True,BETA,MSCI World - Dow Jones,-0.4889320877073814,0.4889320877073814,MSCI World - Dow Jones,-0.4889320877073814,,Gold,-0.2040507196862919,,2y yield,0.4045936287293378,,
2011-08-09,OLS,BUY,0.0790373307808014,True,BETA,Gold,-0.2551635395733403,0.2551635395733403,Gold,-0.2551635395733403,,VIX Index,-0.0174945605434016,,Local - Dow Jones,0.1740370989152795,,
2012-02-03,OLS,SELL,-0.0030408340573413,True,BETA,Local - Dow Jones,0.3441899502857911,0.3441899502857911,Local - Dow Jones,0.3441899502857911,,BCOM Index,-0.1769698916279725,,MOVE Index,0.0132478557111719,,
2012-02-10,OLS,SELL,-0.020597210113339,True,BETA,Local - Dow Jones,0.3497082049900414,0.3497082049900414,Local - Dow Jones,0.3497082049900414,,BCOM Index,-0.1751040037671465,,MOVE Index,0.0133327491321485,,
2012-03-09,OLS,SELL,-0.0125,True,BETA,Local - Dow Jones,0.3601675445385003,0.3601675445385003,Local - Dow Jones,0.3601675445385003,,BCOM Index,-0.1928129539036884,,MOVE Index,0.0125054918462517,,
2012-08-03,OLS,BUY,0.0056718572754459,True,BETA,10y yield,-0.8640982394914087,0.8640982394914087,MSCI World ex-US,-0.2826035031184118,,BCOM Index,-0.0706001932215524,,10y yield,-0.8640982394914087,,
2013-01-15,OLS,SELL,-0.0162803234501347,True,BETA,Real 2y yield,1.0328571635716652,1.0328571635716652,MSCI World ex-US,-0.3014901695157118,,Copper LME,-0.0744970899456554,,Real 2y yield,1.0328571635716652,,
2013-04-12,OLS,BUY,0.0133476856835306,True,BETA,Real 2y yield,0.658684605753896,0.658684605753896,MSCI World ex-US,-0.2662799237816262,,Copper LME,-0.1173136194526658,,Real 2y yield,0.658684605753896,,
2013-07-09,OLS,SELL,-0.037797863599014,True,BETA,Real 2y yield,1.0631280134987593,1.0631280134987593,MSCI World ex-US,-0.2100000458593496,,BCOM Index,-0.1269054561273302,,Real 2y yield,1.0631280134987593,,
2013-09-27,OLS,BUY,0.0058563535911602,True,BETA,Real 2y yield,1.256303129552785,1.256303129552785,MSCI World ex-US,-0.1662162921477111,,Gold,-0.097552580074177,,Real 2y yield,1.256303129552785,,
2013-10-02,OLS,BUY,0.0012199179327936,True,BETA,Real 2y yield,1.24053276735483,1.24053276735483,MSCI World ex-US,-0.1614950234277036,,Gold,-0.0995008602765086,,Real 2y yield,1.24053276735483,,
2014-01-15,OLS,SELL,-0.0046235138705416,True,BETA,5y yield,2.234469581454803,2.234469581454803,Gold,-0.101592234106057,,MSCI World - S&P500,-0.4217520197696653,,5y yield,2.234469581454803,,
2014-08-05,OLS,SELL,-0.0014282575258184,True,BETA,10y yield,1.4464169400777895,1.4464169400777895,MSCI World - Dow Jones,-0.4721565742408992,,Gold,-0.0773281282764523,,10y yield,1.4464169400777895,,
2014-09-30,OLS,SELL,-0.0115135021980322,True,BETA,5y yield,1.7131871273729826,1.7131871273729826,Gold,-0.0959176673236801,,MSCI World - Dow Jones,-0.3860526289866235,,5y yield,1.7131871273729826,,
2014-10-03,OLS,SELL,-0.0239917269906928,True,BETA,5y yield,1.6966101497283752,1.6966101497283752,Gold,-0.0903480090448944,,MSCI World - Dow Jones,-0.3516632687860084,,5y yield,1.6966101497283752,,
2014-11-18,OLS,BUY,0.0204528853177501,True,BETA,5y yield,1.7439502385873742,1.7439502385873742,Gold,-0.0907511832821654,,5y yield,1.7439502385873742,,Local Index,0.1565916627194543,,
2015-01-06,OLS,SELL,-0.1456966805804014,True,BETA,5y yield,2.2007443522053096,2.2007443522053096,Local Index,0.1790594580123832,,5y yield,2.2007443522053096,,Gold,-0.0919799565995695,,
2015-01-15,OLS,BUY,0.0313549832026875,True,BETA,5y yield,2.1365297609910394,2.1365297609910394,Local Index,0.1662717929346387,,Gold,-0.0865318262055046,,5y yield,2.1365297609910394,,
2015-06-15,OLS,SELL,-0.0075927708266495,True,BETA,Local Index,0.6710137938139926,0.6710137938139926,Local Index,0.6710137938139926,,Gold,-0.1812285156422745,,5y yield,0.4739902717322053,,
2015-08-07,OLS,SELL,-0.0342019543973942,True,BETA,Local Index,0.6230655492495571,0.6230655492495571,Local Index,0.6230655492495571,,Gold,-0.222664436409513,,JPMVG71M Index,-0.0363495696030725,,
2015-08-11,OLS,SELL,-0.0386057351302057,True,BETA,Local Index,0.6222262497184413,0.6222262497184413,Local Index,0.6222262497184413,,Gold,-0.2240194136000914,,JPMVG71M Index,-0.0383257689591952,,
2015-09-22,OLS,SELL,-0.0056508784547416,True,BETA,Local Index,0.5746034728164976,0.5746034728164976,Local Index,0.5746034728164976,,Gold,-0.2173102125487316,,5y yield,0.1624500384379766,,
2016-01-05,OLS,SELL,-0.0063391442155308,True,BETA,Local Index,0.317437461425208,0.317437461425208,Local Index,0.317437461425208,,Gold,-0.2426110826546358,,VIX Index,0.0071616869950695,,
2016-10-21,OLS,SELL,-0.0270324590493418,True,BETA,2y yield,1.842480207263423,1.842480207263423,Local Index,0.1367948857625408,,Gold,-0.0877594699639034,,2y yield,1.842480207263423,,
2017-04-11,OLS,SELL,-0.0145949166004766,True,BETA,MSCI World - S&P500,-0.7941372014269555,0.7941372014269555,MSCI World - S&P500,-0.7941372014269555,,Gold,-0.155923284688514,,Real 2y yield,0.2211545041336202,,
2017-05-17,OLS,SELL,-0.0097879282218598,True,BETA,5y yield,0.8756089459987731,0.8756089459987731,MSCI World - S&P500,-0.8194094490669218,,Gold,-0.1402372782477745,,5y yield,0.8756089459987731,,
2017-06-28,OLS,BUY,0.0080141548709409,True,BETA,MSCI World - S&P500,-0.8805757238415896,0.8805757238415896,MSCI World - S&P500,-0.8805757238415896,,Gold,-0.1812204409904296,,Real 2y yield,0.3829059306341867,,
2017-07-18,OLS,BUY,0.0135418853663658,True,BETA,5y yield,0.931905708477799,0.931905708477799,MSCI World - S&P500,-0.8638639600911728,,Gold,-0.1781095135845971,,5y yield,0.931905708477799,,
2017-07-21,OLS,BUY,0.0267215885086606,True,BETA,5y yield,1.116671757199319,1.116671757199319,MSCI World - S&P500,-0.8588039918910376,,Gold,-0.177844818360794,,5y yield,1.116671757199319,,
2017-08-14,OLS,SELL,-0.0164710726786082,True,BETA,5y yield,0.9183020316947984,0.9183020316947984,MSCI World - S&P500,-0.8249429428779519,,Gold,-0.1839385745395924,,5y yield,0.9183020316947984,,
2017-08-16,OLS,SELL,-0.0165229885057471,True,BETA,5y yield,1.0516810277492716,1.0516810277492716,MSCI World - S&P500,-0.8225291167302908,,Gold,-0.1795691260648118,,5y yield,1.0516810277492716,,
2017-11-22,OLS,BUY,0.0084366741207562,True,BETA,MSCI World - S&P500,-1.1528498783512704,1.1528498783512704,MSCI World - S&P500,-1.1528498783512704,,Gold,-0.1715846313821638,,Real 2y yield,0.1556830973654428,,
2018-02-05,OLS,SELL,-0.0012812299807815,True,BETA,5y yield,0.559763842040575,0.559763842040575,Gold,-0.2061436604388177,,Local Index,0.2589170476332027,,5y yield,0.559763842040575,,
2019-01-04,OLS,BUY,0.0114616086824221,True,BETA,Gold,-0.1969066865177691,0.1969066865177691,Gold,-0.1969066865177691,,Local Index,0.0881069115239943,,,,,
2019-05-07,OLS,SELL,-0.0108663729809105,True,BETA,MSCI World - S&P500,-0.1488880854560233,0.1488880854560233,Gold,-0.1223645155800976,,MSCI World - S&P500,-0.1488880854560233,,,,,
2019-08-01,OLS,SELL,-0.0177098007647414,True,BETA,Gold,-0.1882303954954002,0.1882303954954002,Gold,-0.1882303954954002,,Local Index,0.0566086993743137,,MOVE Index,-0.0024896820494964,,
2020-01-15,OLS,BUY,0.0060203446128295,True,BETA,2y yield,-0.590350865354754,0.590350865354754,MSCI World - Wilshire,-0.3286096560445629,,Gold,-0.1903217051461196,,2y yield,-0.590350865354754,,
2020-02-19,OLS,SELL,-0.028966358369753,True,BETA,2y yield,-0.5884674459900043,0.5884674459900043,Local Index,0.1429201644731078,,Gold,-0.1892913485105479,,2y yield,-0.5884674459900043,,
2020-03-17,OLS,SELL,-0.0020731833730693,True,BETA,2y yield,0.5803556672306518,0.5803556672306518,Gold,-0.1695731484738317,,Local Index,0.0585935757374975,,2y yield,0.5803556672306518,,
2020-11-06,OLS,BUY,0.0161362118851546,True,BETA,2y yield,1.8202739879523524,1.8202739879523524,2y yield,1.8202739879523524,,Gold,-0.1084971896451637,,MSCI World - S&P500,-0.1307780596603047,,
2021-02-04,OLS,SELL,-0.0091905658288118,True,BETA,2y yield,1.578252559384538,1.578252559384538,Gold,-0.1222156385402307,,2y yield,1.578252559384538,,MSCI World - S&P500,-0.14559015644292,,
2021-10-28,OLS,BUY,0.0096459497972158,True,BETA,5y yield,0.6428329957742311,0.6428329957742311,Gold,-0.1560890137108498,,MSCI World ex-US,-0.1713570437418002,,5y yield,0.6428329957742311,,
2021-11-01,OLS,BUY,0.0211971444261394,True,BETA,5y yield,0.5830734697301083,0.5830734697301083,Gold,-0.1577663830283093,,MSCI World ex-US,-0.1744909487549312,,5y yield,0.5830734697301083,,
2021-11-03,OLS,BUY,0.0152395570661112,True,BETA,MSCI World ex-US,-0.1740640108416859,0.1740640108416859,Gold,-0.1648630908286543,,MSCI World ex-US,-0.1740640108416859,,VIX Index,0.0037203591721412,,
2021-11-16,OLS,SELL,-0.011077651107765,True,BETA,MSCI World ex-US,-0.1810688188069399,0.1810688188069399,MSCI World ex-US,-0.1810688188069399,,Gold,-0.1609813740685048,,VIX Index,0.0029356803642816,,
2021-11-30,OLS,BUY,0.002061408267332,True,BETA,5y yield,1.404952773133211,1.404952773133211,Gold,-0.1523164162788105,,MSCI World ex-US,-0.1569039927287605,,5y yield,1.404952773133211,,
2021-12-02,OLS,BUY,0.0010863661053774,True,BETA,5y yield,1.3783838695827029,1.3783838695827029,Gold,-0.1531800619234186,,MSCI World ex-US,-0.150827465770409,,5y yield,1.3783838695827029,,
2022-03-11,OLS,SELL,-0.0019300879262277,True,BETA,5y yield,1.6140527024812883,1.6140527024812883,Gold,-0.1534077435911452,,MSCI World ex-US,-0.1508070719453377,,5y yield,1.6140527024812883,,
2022-06-21,OLS,BUY,0.0055900621118012,True,BETA,Real 2y yield,1.3476856876524057,1.3476856876524057,Real 2y yield,1.3476856876524057,,Gold,-0.1672555870338066,,MSCI World - Dow Jones,-0.2830602130601066,,
2022-09-06,OLS,SELL,-0.0214452688281329,True,BETA,Real 2y yield,1.1174935650745383,1.1174935650745383,Gold,-0.1657279341449012,,Real 2y yield,1.1174935650745383,,MSCI World - Dow Jones,-0.318618434455468,,
2023-04-03,OLS,SELL,-0.0148959474260679,True,BETA,Real 2y yield,1.2570576136692175,1.2570576136692175,MSCI World ex-US,-0.231019610036445,,Gold,-0.1618829632068024,,Real 2y yield,1.2570576136692175,,
2023-12-27,OLS,BUY,0.0165141974575264,True,BETA,2y yield,2.1151160506808564,2.1151160506808564,MSCI World ex-US,-0.2154178706552365,,Copper LME,-0.0946562703392505,,2y yield,2.1151160506808564,,
2024-02-14,OLS,SELL,-0.0021464075915047,True,BETA,2y yield,2.0793801147879507,2.0793801147879507,MSCI World ex-US,-0.253219771234738,,Copper LME,-0.0971228521791939,,2y yield,2.0793801147879507,,
2024-08-02,OLS,BUY,0.0092969203951192,True,BETA,5y yield,2.4180637746343647,2.4180637746343647,5y yield,2.4180637746343647,,FN1 Comdty,-0.0020494604714242,,MSCI World ex-US,-0.216122671115146,,
2025-03-03,OLS,SELL,-0.0178332590280874,True,BETA,5y yield,4.095337622136921,4.095337622136921,5y yield,4.095337622136921,,MSCI World - S&P500,-0.3050950486264829,,Copper LME,-0.0380149260429681,,
2025-09-02,OLS,SELL,-0.0194198929416159,True,BETA,2y yield,1.4027342305764228,1.4027342305764228,MSCI World - S&P500,-0.332738454598429,,Gold,-0.1605811597742999,,2y yield,1.4027342305764228,,
2025-09-10,OLS,SELL,-0.0035092116806617,True,BETA,2y yield,1.5222861179946516,1.5222861179946516,MSCI World - S&P500,-0.3347686821831448,,Gold,-0.1630662158437084,,2y yield,1.5222861179946516,,
2025-10-08,OLS,SELL,-0.0079800498753117,True,BETA,2y yield,1.4596551957763584,1.4596551957763584,MSCI World - S&P500,-0.3378982406928498,,Gold,-0.1653423820188704,,2y yield,1.4596551957763584,,
2002-01-25,RidgeCV,SELL,-0.0073421439060205,True,BETA,MSCI World - Wilshire,-0.1864610033191485,0.1864610033191485,MSCI World - Wilshire,-0.1864610033191485,,Gold,-0.1539877084092884,,Real 2y yield,0.0659956865541888,,
2002-03-14,RidgeCV,BUY,0.0153660741187104,True,BETA,MSCI World - Wilshire,-0.1572479712808575,0.1572479712808575,MSCI World - Wilshire,-0.1572479712808575,,Gold,-0.1222278795537097,,Real 2y yield,0.0696517991957784,,
2002-03-20,RidgeCV,BUY,0.0023539352969579,True,BETA,Local Index,0.1642042372138751,0.1642042372138751,Local Index,0.1642042372138751,,Gold,-0.0865302701340583,,Real 2y yield,0.0718616972815437,,
2002-08-06,RidgeCV,SELL,-0.0068076668869795,True,BETA,Local Index,0.1339508286222308,0.1339508286222308,Local Index,0.1339508286222308,,Gold,-0.0983308817353284,,,,,
2002-09-17,RidgeCV,SELL,-0.0269043546901722,True,BETA,Local Index,0.2354644784128992,0.2354644784128992,Local Index,0.2354644784128992,,Gold,-0.1707817888049391,,,,,
2002-11-08,RidgeCV,BUY,0.0280587501732021,True,BETA,Local Index,0.1918839839899824,0.1918839839899824,Gold,-0.1783743569879204,,Local Index,0.1918839839899824,,,,,
2003-03-17,RidgeCV,SELL,-0.0221740700613941,True,BETA,Gold,-0.204037506594455,0.204037506594455,Gold,-0.204037506594455,,Local Index,0.1805175934906808,,Real 2y yield,0.0348644108857107,,
2004-03-08,RidgeCV,SELL,-0.0178292148889583,True,BETA,Gold,-0.3829721164675532,0.3829721164675532,Local Index,0.3577411028862426,,Gold,-0.3829721164675532,,Real 2y yield,0.0289131958323428,,
2004-03-10,RidgeCV,SELL,-0.0170542635658914,True,BETA,Gold,-0.384618387995463,0.384618387995463,Local Index,0.3666870717619731,,Gold,-0.384618387995463,,Real 2y yield,0.027179027559829,,
2004-03-26,RidgeCV,SELL,-0.0045814567479421,True,BETA,Gold,-0.3881559104878564,0.3881559104878564,Local Index,0.3563454481440978,,Gold,-0.3881559104878564,,Real 2y yield,0.024232018514417,,
2004-07-23,RidgeCV,SELL,-0.0092621912602913,True,BETA,Gold,-0.4857610381841718,0.4857610381841718,Gold,-0.4857610381841718,,Local Index,0.2701453673832795,,Real 2y yield,0.0347195404156478,,
2004-07-30,RidgeCV,SELL,-0.0305564238824633,True,BETA,Gold,-0.5090023611252422,0.5090023611252422,Gold,-0.5090023611252422,,Local Index,0.2652869165309122,,Real 2y yield,0.0231891770800674,,
2004-08-25,RidgeCV,SELL,-0.0073818124705513,True,BETA,Gold,-0.5184214970641611,0.5184214970641611,Gold,-0.5184214970641611,,Local Index,0.2755378350670931,,Real 2y yield,0.0191559173372944,,
2005-02-07,RidgeCV,SELL,-0.0495009000163639,True,BETA,Gold,-0.5110216310628132,0.5110216310628132,Gold,-0.5110216310628132,,MSCI World ex-US,-0.0888906326149429,,Real 2y yield,0.002824308529344,,
2005-05-31,RidgeCV,BUY,0.0264320719852173,True,BETA,Gold,-0.4584387268526618,0.4584387268526618,Gold,-0.4584387268526618,,MSCI World ex-US,-0.1371142738478093,,,,,
2005-06-13,RidgeCV,SELL,-0.006573798716544,True,BETA,Gold,-0.421331421893215,0.421331421893215,Gold,-0.421331421893215,,MSCI World ex-US,-0.1631782925927007,,,,,
2005-12-14,RidgeCV,BUY,0.0277604003753519,True,BETA,MSCI World ex-US,-0.2077586244173911,0.2077586244173911,MSCI World ex-US,-0.2077586244173911,,Gold,-0.1900499574084641,,,,,
2006-01-18,RidgeCV,BUY,0.0014037276768306,True,BETA,MSCI World ex-US,-0.2102589651127865,0.2102589651127865,MSCI World ex-US,-0.2102589651127865,,Gold,-0.1501648836563036,,,,,
2006-01-23,RidgeCV,BUY,0.0322094406981356,True,BETA,MSCI World ex-US,-0.2045636780153819,0.2045636780153819,MSCI World ex-US,-0.2045636780153819,,Gold,-0.1359279711603181,,,,,
2006-03-16,RidgeCV,BUY,0.0044853452942541,True,BETA,MSCI World ex-US,-0.1794492539761337,0.1794492539761337,MSCI World ex-US,-0.1794492539761337,,Gold,-0.0967891972830914,,,,,
2006-07-25,RidgeCV,SELL,-0.0217807563427477,True,BETA,MSCI World - Dow Jones,-0.1664956958525241,0.1664956958525241,MSCI World - Dow Jones,-0.1664956958525241,,Real 2y yield,0.0696790606951483,,Gold,-0.081066042035742,,
2006-10-10,RidgeCV,SELL,-0.0026002679063902,True,BETA,MSCI World - Dow Jones,-0.1761096271767148,0.1761096271767148,MSCI World - Dow Jones,-0.1761096271767148,,Gold,-0.0811557948180803,,Real 2y yield,0.040658353418282,,
2007-04-19,RidgeCV,BUY,0.0088840916638992,True,BETA,MSCI World - Wilshire,-0.1775201168065291,0.1775201168065291,MSCI World - Wilshire,-0.1775201168065291,,Gold,-0.1173013715046172,,Real 2y yield,0.0577302375299743,,
2007-06-12,RidgeCV,SELL,-0.0112685125563425,True,BETA,MSCI World - S&P500,-0.2077007815258876,0.2077007815258876,MSCI World - S&P500,-0.2077007815258876,,Gold,-0.1278580429266743,,Real 2y yield,0.0687886105533495,,
2007-06-14,RidgeCV,SELL,-0.0133311917764216,True,BETA,MSCI World - S&P500,-0.2028244960782511,0.2028244960782511,MSCI World - S&P500,-0.2028244960782511,,Gold,-0.1317807229966635,,Real 2y yield,0.0706202279483125,,
2007-08-06,RidgeCV,BUY,0.0162553693253599,True,BETA,MSCI World - Wilshire,-0.1259777089142789,0.1259777089142789,Gold,-0.1170160587125942,,MSCI World - Wilshire,-0.1259777089142789,,,,,
2007-09-18,RidgeCV,SELL,-0.0118577075098814,True,BETA,Gold,-0.0898901434909624,0.0898901434909624,Gold,-0.0898901434909624,,MSCI World - Dow Jones,-0.0608263247974125,,Real 2y yield,0.0354030146822923,,
2007-10-05,RidgeCV,SELL,-0.0035714285714285,True,BETA,Gold,-0.101675719351213,0.101675719351213,Gold,-0.101675719351213,,MSCI World - Dow Jones,-0.0651745675115432,,,,,
2007-10-09,RidgeCV,SELL,-0.0093765838824124,True,BETA,Gold,-0.0989027472962383,0.0989027472962383,Gold,-0.0989027472962383,,MSCI World - Dow Jones,-0.0619541974283755,,,,,
2007-11-21,RidgeCV,BUY,0.0192081181480476,True,BETA,Gold,-0.0900906981678008,0.0900906981678008,Gold,-0.0900906981678008,,MSCI World - Dow Jones,-0.0583136109287586,,JPMVG71M Index,-0.0278658230194562,,
2008-03-17,RidgeCV,BUY,0.006186612576065,True,BETA,Gold,-0.1473320199918887,0.1473320199918887,Gold,-0.1473320199918887,,MSCI World - Wilshire,-0.0759098943063306,,,,,
2008-05-02,RidgeCV,SELL,-0.0107934103389509,True,BETA,Gold,-0.19324429678287,0.19324429678287,Gold,-0.19324429678287,,MSCI World - Wilshire,-0.0846686308676839,,,,,
2008-05-07,RidgeCV,SELL,-0.0270244732117546,True,BETA,Gold,-0.2328961548357271,0.2328961548357271,Gold,-0.2328961548357271,,Local Index,0.1353251662853447,,,,,
2008-09-08,RidgeCV,SELL,-0.0417477445604105,True,BETA,Gold,-0.2770077514288894,0.2770077514288894,Gold,-0.2770077514288894,,Local Index,0.1857528693681209,,5y yield,0.113589282787396,,
2008-09-10,RidgeCV,SELL,-0.0414612676056337,True,BETA,Gold,-0.2714620173236394,0.2714620173236394,Gold,-0.2714620173236394,,Local Index,0.1933096441751216,,5y yield,0.1157061405282315,,
2008-09-15,RidgeCV,SELL,-0.0205467214579238,True,BETA,Gold,-0.2747581695624604,0.2747581695624604,Gold,-0.2747581695624604,,Local Index,0.1905684909411725,,5y yield,0.1192465347815122,,
2009-05-29,RidgeCV,BUY,0.0059857837635615,True,BETA,MSCI World - Dow Jones,-0.1946805453621218,0.1946805453621218,MSCI World - Dow Jones,-0.1946805453621218,,BCOM Index,-0.1166492844456109,,,,,
2009-08-07,RidgeCV,SELL,-0.0196748568261593,True,BETA,MSCI World - Dow Jones,-0.2506460653831373,0.2506460653831373,MSCI World - Dow Jones,-0.2506460653831373,,BCOM Index,-0.1494883321524462,,,,,
2009-12-11,RidgeCV,SELL,-0.0014484356894554,True,BETA,MSCI World ex-US,-0.5698673371217616,0.5698673371217616,MSCI World ex-US,-0.5698673371217616,,BCOM Index,-0.0427119631169009,,,,,
2010-04-02,RidgeCV,SELL,-0.0007524454477049,True,BETA,MSCI World ex-US,-0.4830300090478751,0.4830300090478751,MSCI World ex-US,-0.4830300090478751,,Oil,-0.196498792273769,,2y yield,0.169529642137894,,
2010-04-06,RidgeCV,SELL,-0.0028961136023917,True,BETA,MSCI World ex-US,-0.4937746452540098,0.4937746452540098,MSCI World ex-US,-0.4937746452540098,,Oil,-0.1804096377051866,,,,,
2010-05-06,RidgeCV,BUY,0.0367832672196177,True,BETA,MSCI World ex-US,-0.4617871472749325,0.4617871472749325,MSCI World ex-US,-0.4617871472749325,,Oil,-0.1798314204059805,,2y yield,0.1438598228884967,,
2010-09-15,RidgeCV,SELL,-0.0279106858054227,True,BETA,MSCI World ex-US,-0.1964714954814416,0.1964714954814416,BCOM Index,-0.179799078710948,,MSCI World ex-US,-0.1964714954814416,,Real 2y yield,0.1121528660155299,,
2010-12-30,RidgeCV,BUY,0.0307396733909701,True,BETA,MSCI World - Dow Jones,-0.2229774842875669,0.2229774842875669,MSCI World - Dow Jones,-0.2229774842875669,,BCOM Index,-0.221459477319021,,Real 2y yield,0.1075095524736679,,
2011-05-03,RidgeCV,BUY,0.0277616447903357,True,BETA,MSCI World - Dow Jones,-0.2084378491533626,0.2084378491533626,MSCI World - Dow Jones,-0.2084378491533626,,Gold,-0.1779481310532406,,2y yield,0.0290774523781969,,
2011-08-09,RidgeCV,BUY,0.0790373307808014,True,BETA,Gold,-0.2182679194165742,0.2182679194165742,Gold,-0.2182679194165742,,VIX Index,-0.0932327512914324,,Local - Dow Jones,0.1074133363078942,,
2012-01-11,RidgeCV,SELL,-0.0397739166841114,True,BETA,Local - Dow Jones,0.2468354302531391,0.2468354302531391,Local - Dow Jones,0.2468354302531391,,BCOM Index,-0.1732657259053495,,MOVE Index,0.1482730957820983,,
2012-01-13,RidgeCV,SELL,-0.0373400461506189,True,BETA,Local - Dow Jones,0.2458582318515355,0.2458582318515355,Local - Dow Jones,0.2458582318515355,,BCOM Index,-0.171454942918386,,MOVE Index,0.149210710968418,,
2012-03-09,RidgeCV,SELL,-0.0125,True,BETA,Local - Dow Jones,0.2645551998297938,0.2645551998297938,Local - Dow Jones,0.2645551998297938,,BCOM Index,-0.2142789234457929,,MOVE Index,0.1494699912430137,,
2012-08-03,RidgeCV,BUY,0.0056718572754459,True,BETA,MSCI World ex-US,-0.3572269294138323,0.3572269294138323,MSCI World ex-US,-0.3572269294138323,,BCOM Index,-0.1031215134759641,,10y yield,-0.0558556981409962,,
2013-04-12,RidgeCV,BUY,0.0133476856835306,True,BETA,MSCI World ex-US,-0.319701952335478,0.319701952335478,MSCI World ex-US,-0.319701952335478,,Copper LME,-0.1679901699542989,,Real 2y yield,0.0700073474097619,,
2013-06-12,RidgeCV,BUY,0.0273390698181026,True,BETA,MSCI World ex-US,-0.2350733357824928,0.2350733357824928,MSCI World ex-US,-0.2350733357824928,,Gold,-0.1711190987499251,,Real 2y yield,0.1042655784001825,,
2013-07-08,RidgeCV,SELL,-0.029759435918706,True,BETA,MSCI World ex-US,-0.1198755737565499,0.1198755737565499,MSCI World ex-US,-0.1198755737565499,,BCOM Index,-0.0980942884762741,,Real 2y yield,0.0587163270933185,,
2013-09-27,RidgeCV,BUY,0.0058563535911602,True,BETA,MSCI World ex-US,-0.1265897687590853,0.1265897687590853,MSCI World ex-US,-0.1265897687590853,,Gold,-0.1239515367305762,,Real 2y yield,0.0907063957460136,,
2013-10-02,RidgeCV,BUY,0.0012199179327936,True,BETA,Gold,-0.1262140769356447,0.1262140769356447,MSCI World ex-US,-0.1225138393742861,,Gold,-0.1262140769356447,,Real 2y yield,0.0893484480840757,,
2014-01-15,RidgeCV,SELL,-0.0046235138705416,True,BETA,Gold,-0.1063630088789215,0.1063630088789215,Gold,-0.1063630088789215,,MSCI World - S&P500,-0.0994270486587558,,5y yield,0.0846507905263816,,
2014-07-30,RidgeCV,SELL,-0.0018689533861037,True,BETA,MSCI World - Dow Jones,-0.1463830691315601,0.1463830691315601,MSCI World - Dow Jones,-0.1463830691315601,,Gold,-0.0732609530207679,,5y yield,0.0730074931516571,,
2014-08-05,RidgeCV,SELL,-0.0014282575258184,True,BETA,MSCI World - Dow Jones,-0.1450529341959663,0.1450529341959663,MSCI World - Dow Jones,-0.1450529341959663,,Gold,-0.0861986715340493,,10y yield,0.0649293213740419,,
2014-09-30,RidgeCV,SELL,-0.0115135021980322,True,BETA,MSCI World - Dow Jones,-0.114021447817169,0.114021447817169,Gold,-0.0981090071292068,,MSCI World - Dow Jones,-0.114021447817169,,5y yield,0.0828184668467604,,
2014-10-03,RidgeCV,SELL,-0.0239917269906928,True,BETA,MSCI World - Dow Jones,-0.1000891607093987,0.1000891607093987,Gold,-0.0923051509555467,,MSCI World - Dow Jones,-0.1000891607093987,,5y yield,0.0810981910333864,,
2014-11-18,RidgeCV,BUY,0.0204528853177501,True,BETA,Local Index,0.1064920129336063,0.1064920129336063,Gold,-0.0970224019203353,,5y yield,0.0813293492681885,,Local Index,0.1064920129336063,,
2015-01-07,RidgeCV,SELL,-0.1458661417322835,True,BETA,Local Index,0.1218095823356952,0.1218095823356952,Local Index,0.1218095823356952,,5y yield,0.093492011769679,,Gold,-0.0881463358477623,,
2015-01-15,RidgeCV,BUY,0.0313549832026875,True,BETA,Local Index,0.1133446886978686,0.1133446886978686,Local Index,0.1133446886978686,,Gold,-0.0837735895752492,,5y yield,0.0901007137303658,,
2015-05-06,RidgeCV,BUY,0.0267759562841529,True,BETA,Local Index,0.4004473829519174,0.4004473829519174,Local Index,0.4004473829519174,,Gold,-0.2281138990277879,,,,,
2015-08-07,RidgeCV,SELL,-0.0342019543973942,True,BETA,Local Index,0.4093484205327972,0.4093484205327972,Local Index,0.4093484205327972,,Gold,-0.2606567104090597,,JPMVG71M Index,-0.1144705804763425,,
2015-08-11,RidgeCV,SELL,-0.0386057351302057,True,BETA,Local Index,0.4109980476751538,0.4109980476751538,Local Index,0.4109980476751538,,Gold,-0.2606052022722516,,JPMVG71M Index,-0.121509525924979,,
2015-09-22,RidgeCV,SELL,-0.0056508784547416,True,BETA,Local Index,0.4317451741959958,0.4317451741959958,Local Index,0.4317451741959958,,Gold,-0.2614736150344176,,5y yield,-0.0007242045673452,,
2016-01-04,RidgeCV,SELL,-0.0009958175662218,True,BETA,Local Index,0.2494931772618136,0.2494931772618136,Local Index,0.2494931772618136,,Gold,-0.1589881904382843,,5y yield,0.0647005560864625,,
2016-01-29,RidgeCV,SELL,-0.0447877958145902,True,BETA,Local Index,0.2145837891853984,0.2145837891853984,Local Index,0.2145837891853984,,Gold,-0.1602882076391097,,5y yield,0.0991957831696233,,
2016-11-28,RidgeCV,SELL,-9.84445757038488e-05,True,BETA,Local Index,0.0992305318437019,0.0992305318437019,Local Index,0.0992305318437019,,Gold,-0.0778658124254559,,2y yield,0.0340264531382596,,
2017-04-11,RidgeCV,SELL,-0.0145949166004766,True,BETA,MSCI World - S&P500,-0.3162397856198481,0.3162397856198481,MSCI World - S&P500,-0.3162397856198481,,Gold,-0.1539760342926456,,Real 2y yield,0.0160613852234583,,
2017-05-17,RidgeCV,SELL,-0.0097879282218598,True,BETA,MSCI World - S&P500,-0.3190246881907885,0.3190246881907885,MSCI World - S&P500,-0.3190246881907885,,Gold,-0.1394020900873822,,5y yield,0.0290098210065416,,
2017-06-28,RidgeCV,BUY,0.0080141548709409,True,BETA,MSCI World - S&P500,-0.3083922533494687,0.3083922533494687,MSCI World - S&P500,-0.3083922533494687,,Gold,-0.1608160229549427,,Real 2y yield,0.0459662363912241,,
2017-08-16,RidgeCV,SELL,-0.0165229885057471,True,BETA,MSCI World - S&P500,-0.2372639106640951,0.2372639106640951,MSCI World - S&P500,-0.2372639106640951,,Gold,-0.1486401961814101,,5y yield,0.0470300800680911,,
2018-02-05,RidgeCV,SELL,-0.0012812299807815,True,BETA,Local Index,0.150562689875039,0.150562689875039,Gold,-0.1333477515476562,,Local Index,0.150562689875039,,5y yield,0.0278385822401049,,
2019-01-04,RidgeCV,BUY,0.0114616086824221,True,BETA,Gold,-0.0869200561448309,0.0869200561448309,Gold,-0.0869200561448309,,Local Index,0.0568140752713686,,,,,
2019-05-07,RidgeCV,SELL,-0.0108663729809105,True,BETA,Gold,-0.0657156237466429,0.0657156237466429,Gold,-0.0657156237466429,,MSCI World - S&P500,-0.051882626519314,,,,,
2019-06-24,RidgeCV,BUY,0.0213991769547325,True,BETA,Gold,-0.0715407743808946,0.0715407743808946,Gold,-0.0715407743808946,,MSCI World - S&P500,-0.0286190301170263,,MOVE Index,-0.0212459786871389,,
2019-10-31,RidgeCV,BUY,0.0035468179975679,True,BETA,Gold,-0.1329334438248459,0.1329334438248459,Gold,-0.1329334438248459,,MSCI World - Wilshire,-0.064525585512804,,2y yield,-0.0332722396609943,,
2019-11-12,RidgeCV,BUY,0.0049350387753046,True,BETA,Gold,-0.1380641845882992,0.1380641845882992,Gold,-0.1380641845882992,,MSCI World - S&P500,-0.0583695551062262,,2y yield,-0.0341395221055754,,
2020-01-14,RidgeCV,BUY,0.0072336467913609,True,BETA,Gold,-0.1293135709717999,0.1293135709717999,MSCI World - Wilshire,-0.1055469762611165,,Gold,-0.1293135709717999,,2y yield,-0.028390052547689,,
2020-02-19,RidgeCV,SELL,-0.028966358369753,True,BETA,Gold,-0.1325358788926597,0.1325358788926597,Local Index,0.1147173626767105,,Gold,-0.1325358788926597,,2y yield,-0.028822557684667,,
2020-03-18,RidgeCV,SELL,-0.0053459442788115,True,BETA,Local Index,0.1117016042843809,0.1117016042843809,Gold,-0.1108411471775997,,Local Index,0.1117016042843809,,2y yield,0.0191436646717882,,
2020-11-06,RidgeCV,BUY,0.0161362118851546,True,BETA,Gold,-0.0952380803167235,0.0952380803167235,2y yield,0.0679509974271883,,Gold,-0.0952380803167235,,MSCI World - S&P500,-0.040551203503139,,
2021-02-04,RidgeCV,SELL,-0.0091905658288118,True,BETA,Gold,-0.0982856738722529,0.0982856738722529,Gold,-0.0982856738722529,,2y yield,0.04422619759351,,MSCI World - S&P500,-0.0443898207550062,,
2021-11-01,RidgeCV,BUY,0.0211971444261394,True,BETA,Gold,-0.1662626893182516,0.1662626893182516,Gold,-0.1662626893182516,,MSCI World ex-US,-0.159126090453275,,5y yield,0.0199887140222953,,
2021-11-03,RidgeCV,BUY,0.0152395570661112,True,BETA,Gold,-0.1759295101754429,0.1759295101754429,Gold,-0.1759295101754429,,MSCI World ex-US,-0.1596434751237399,,VIX Index,0.0085115450315944,,
2021-11-16,RidgeCV,SELL,-0.011077651107765,True,BETA,Gold,-0.1684944861643069,0.1684944861643069,MSCI World ex-US,-0.1591905701565818,,Gold,-0.1684944861643069,,VIX Index,0.0181112250231084,,
2021-11-30,RidgeCV,BUY,0.002061408267332,True,BETA,Gold,-0.1569892307976077,0.1569892307976077,Gold,-0.1569892307976077,,MSCI World ex-US,-0.1290309682787229,,5y yield,0.0455242330560669,,
2022-05-12,RidgeCV,SELL,-0.0408836465413834,True,BETA,Gold,-0.1332886404526198,0.1332886404526198,Gold,-0.1332886404526198,,MSCI World - Dow Jones,-0.0994934421684881,,Real 2y yield,0.0561298734714353,,
2022-06-21,RidgeCV,BUY,0.0055900621118012,True,BETA,Real 2y yield,0.1358607522247857,0.1358607522247857,Real 2y yield,0.1358607522247857,,Gold,-0.1279364746520154,,MSCI World - Dow Jones,-0.1035807486854619,,
2023-03-22,RidgeCV,SELL,-0.0202446681823101,True,BETA,MSCI World ex-US,-0.2429445512763627,0.2429445512763627,MSCI World ex-US,-0.2429445512763627,,Gold,-0.1401974903252261,,Real 2y yield,0.1743148679309517,,
2023-04-03,RidgeCV,SELL,-0.0148959474260679,True,BETA,MSCI World ex-US,-0.2446201218585186,0.2446201218585186,MSCI World ex-US,-0.2446201218585186,,Gold,-0.1398665613104012,,Real 2y yield,0.1575430970299337,,
2023-12-27,RidgeCV,BUY,0.0165141974575264,True,BETA,MSCI World ex-US,-0.1993021209274185,0.1993021209274185,MSCI World ex-US,-0.1993021209274185,,Copper LME,-0.1263852107312159,,2y yield,0.1672843549747499,,
2024-08-02,RidgeCV,BUY,0.0092969203951192,True,BETA,MSCI World ex-US,-0.1606805706894725,0.1606805706894725,5y yield,0.1581622086989133,,FN1 Comdty,-0.1255682635811837,,MSCI World ex-US,-0.1606805706894725,,
2025-01-13,RidgeCV,SELL,-0.0153394255874673,True,BETA,5y yield,0.2099661175448539,0.2099661175448539,5y yield,0.2099661175448539,,MSCI World - S&P500,-0.0588469564442299,,Copper LME,-0.0376535357423819,,
2025-04-21,RidgeCV,BUY,0.0210682860329656,True,BETA,5y yield,0.1126768826212276,0.1126768826212276,5y yield,0.1126768826212276,,MSCI World - S&P500,-0.0993092679966806,,Oil,0.0477910067031717,,
2025-09-02,RidgeCV,SELL,-0.0194198929416159,True,BETA,MSCI World - S&P500,-0.1428559964075551,0.1428559964075551,MSCI World - S&P500,-0.1428559964075551,,Gold,-0.1375114115915628,,2y yield,0.0697323039292626,,
2025-09-10,RidgeCV,SELL,-0.0035092116806617,True,BETA,MSCI World - S&P500,-0.1433804956039603,0.1433804956039603,MSCI World - S&P500,-0.1433804956039603,,Gold,-0.140563079298969,,2y yield,0.0759870549425054,,
2025-10-08,RidgeCV,SELL,-0.0079800498753117,True,BETA,MSCI World - S&P500,-0.1477082049916052,0.1477082049916052,MSCI World - S&P500,-0.1477082049916052,,Gold,-0.1458166318919767,,2y yield,0.071472702757577,,
2002-01-25,LassoCV,SELL,-0.0073421439060205,True,BETA,MSCI World - Wilshire,-0.1863341873493255,0.1863341873493255,MSCI World - Wilshire,-0.1863341873493255,,Gold,-0.153915023433219,,Real 2y yield,0.0658977400620992,,
2002-03-14,LassoCV,BUY,0.0153660741187104,True,BETA,MSCI World - Wilshire,-0.1629327270297518,0.1629327270297518,MSCI World - Wilshire,-0.1629327270297518,,Gold,-0.1213047088727954,,Real 2y yield,0.0602748190235533,,
2002-09-16,LassoCV,SELL,-0.0226490066225165,True,BETA,Local Index,0.2342064271772356,0.2342064271772356,Local Index,0.2342064271772356,,Gold,-0.1722512154388016,,,,,
2003-03-17,LassoCV,SELL,-0.0221740700613941,True,BETA,Gold,-0.2039898471575484,0.2039898471575484,Gold,-0.2039898471575484,,Local Index,0.1804532351368832,,Real 2y yield,0.034749708455576,,
2004-03-08,LassoCV,SELL,-0.0178292148889583,True,BETA,Gold,-0.3829204981722808,0.3829204981722808,Local Index,0.3574951050324121,,Gold,-0.3829204981722808,,Real 2y yield,0.0288066435837139,,
2004-03-10,LassoCV,SELL,-0.0170542635658914,True,BETA,Gold,-0.3845660879567617,0.3845660879567617,Local Index,0.3664219462427249,,Gold,-0.3845660879567617,,Real 2y yield,0.0270709562519166,,
2004-03-26,LassoCV,SELL,-0.0045814567479421,True,BETA,Gold,-0.3880953947507214,0.3880953947507214,Local Index,0.3561297152903825,,Gold,-0.3880953947507214,,Real 2y yield,0.0241198976178734,,
2004-07-23,LassoCV,SELL,-0.0092621912602913,True,BETA,Gold,-0.4799012744920856,0.4799012744920856,Gold,-0.4799012744920856,,Local Index,0.2489791732178877,,Real 2y yield,0.0182452063877534,,
2004-07-30,LassoCV,SELL,-0.0305564238824633,True,BETA,Gold,-0.5034952649786316,0.5034952649786316,Gold,-0.5034952649786316,,Local Index,0.244491125895412,,Real 2y yield,0.0067884815553163,,
2005-02-07,LassoCV,SELL,-0.0495009000163639,True,BETA,Gold,-0.4895371945555056,0.4895371945555056,Gold,-0.4895371945555056,,MSCI World ex-US,-0.0420372897760911,,Real 2y yield,0.0,,
2005-05-31,LassoCV,BUY,0.0264320719852173,True,BETA,Gold,-0.4784440185969911,0.4784440185969911,Gold,-0.4784440185969911,,MSCI World ex-US,-0.1279045328919867,,,,,
2005-06-13,LassoCV,SELL,-0.006573798716544,True,BETA,Gold,-0.4380955233477966,0.4380955233477966,Gold,-0.4380955233477966,,MSCI World ex-US,-0.1572569946541328,,,,,
2005-12-14,LassoCV,BUY,0.0277604003753519,True,BETA,MSCI World ex-US,-0.184136454822008,0.184136454822008,MSCI World ex-US,-0.184136454822008,,Gold,-0.164980885011074,,,,,
2006-01-18,LassoCV,BUY,0.0014037276768306,True,BETA,MSCI World ex-US,-0.1901360980848868,0.1901360980848868,MSCI World ex-US,-0.1901360980848868,,Gold,-0.126357131986059,,,,,
2006-01-23,LassoCV,BUY,0.0322094406981356,True,BETA,MSCI World ex-US,-0.1850833425855189,0.1850833425855189,MSCI World ex-US,-0.1850833425855189,,Gold,-0.1123308704569005,,,,,
2006-03-16,LassoCV,BUY,0.0044853452942541,True,BETA,MSCI World ex-US,-0.1571269308846073,0.1571269308846073,MSCI World ex-US,-0.1571269308846073,,Gold,-0.0738242492503049,,,,,
2006-07-25,LassoCV,SELL,-0.0217807563427477,True,BETA,MSCI World - Dow Jones,-0.1731203417256904,0.1731203417256904,MSCI World - Dow Jones,-0.1731203417256904,,Real 2y yield,0.0533098786371051,,Gold,-0.0775777906122469,,
2007-04-19,LassoCV,BUY,0.0088840916638992,True,BETA,MSCI World - Wilshire,-0.1778309657867876,0.1778309657867876,MSCI World - Wilshire,-0.1778309657867876,,Gold,-0.1174459227387181,,Real 2y yield,0.0577396912025145,,
2007-06-12,LassoCV,SELL,-0.0112685125563425,True,BETA,MSCI World - S&P500,-0.2082029504984405,0.2082029504984405,MSCI World - S&P500,-0.2082029504984405,,Gold,-0.128141518080867,,Real 2y yield,0.0688319872924755,,
2007-06-14,LassoCV,SELL,-0.0133311917764216,True,BETA,MSCI World - S&P500,-0.2033034338224212,0.2033034338224212,MSCI World - S&P500,-0.2033034338224212,,Gold,-0.1320870500324278,,Real 2y yield,0.0706790636030843,,
2007-08-06,LassoCV,BUY,0.0162553693253599,True,BETA,MSCI World - Wilshire,-0.1362134182801266,0.1362134182801266,Gold,-0.1324739160789683,,MSCI World - Wilshire,-0.1362134182801266,,,,,
2007-09-18,LassoCV,SELL,-0.0118577075098814,True,BETA,Gold,-0.0559609901385302,0.0559609901385302,Gold,-0.0559609901385302,,MSCI World - Dow Jones,-0.0424591168724091,,Real 2y yield,0.0,,
2007-10-09,LassoCV,SELL,-0.0093765838824124,True,BETA,Gold,-0.0772451398052148,0.0772451398052148,Gold,-0.0772451398052148,,MSCI World - Dow Jones,-0.0363872337568884,,,,,
2007-10-16,LassoCV,SELL,-0.0182571211224749,True,BETA,Gold,-0.0730977913419183,0.0730977913419183,Gold,-0.0730977913419183,,MSCI World - Dow Jones,-0.0377689578828561,,,,,
2007-11-16,LassoCV,BUY,0.01047448522829,True,BETA,Gold,-0.069976050972936,0.069976050972936,Gold,-0.069976050972936,,MSCI World - Dow Jones,-0.0368286410569001,,,,,
2008-03-17,LassoCV,BUY,0.006186612576065,True,BETA,Gold,-0.1381847279801503,0.1381847279801503,Gold,-0.1381847279801503,,MSCI World - Wilshire,-0.069378419999091,,,,,
2008-05-02,LassoCV,SELL,-0.0107934103389509,True,BETA,Gold,-0.1875627899970775,0.1875627899970775,Gold,-0.1875627899970775,,MSCI World - Wilshire,-0.0788370432725771,,,,,
2008-05-07,LassoCV,SELL,-0.0270244732117546,True,BETA,Gold,-0.2257921860679957,0.2257921860679957,Gold,-0.2257921860679957,,Local Index,0.1282871938515744,,,,,
2008-09-08,LassoCV,SELL,-0.0417477445604105,True,BETA,Gold,-0.2769471617400821,0.2769471617400821,Gold,-0.2769471617400821,,Local Index,0.1856827666253555,,5y yield,0.1135379341321319,,
2008-09-10,LassoCV,SELL,-0.0414612676056337,True,BETA,Gold,-0.2714018868601299,0.2714018868601299,Gold,-0.2714018868601299,,Local Index,0.1932403337977894,,5y yield,0.115654327437321,,
2008-09-15,LassoCV,SELL,-0.0205467214579238,True,BETA,Gold,-0.2746987268302906,0.2746987268302906,Gold,-0.2746987268302906,,Local Index,0.1904989078844957,,5y yield,0.1191945876793971,,
2009-05-29,LassoCV,BUY,0.0059857837635615,True,BETA,MSCI World - Dow Jones,-0.1461301669740869,0.1461301669740869,MSCI World - Dow Jones,-0.1461301669740869,,BCOM Index,-0.0392862258917917,,,,,
2009-08-07,LassoCV,SELL,-0.0196748568261593,True,BETA,MSCI World - Dow Jones,-0.2522319306741217,0.2522319306741217,MSCI World - Dow Jones,-0.2522319306741217,,BCOM Index,-0.1499518260756211,,,,,
2009-12-11,LassoCV,SELL,-0.0014484356894554,True,BETA,MSCI World ex-US,-0.5697204115788953,0.5697204115788953,MSCI World ex-US,-0.5697204115788953,,BCOM Index,-0.0426412679639259,,,,,
2010-04-02,LassoCV,SELL,-0.0007524454477049,True,BETA,MSCI World ex-US,-0.4508854535453623,0.4508854535453623,MSCI World ex-US,-0.4508854535453623,,Oil,-0.0732909769418541,,2y yield,0.0504044061107797,,
2010-04-06,LassoCV,SELL,-0.0028961136023917,True,BETA,MSCI World ex-US,-0.4605580284155738,0.4605580284155738,MSCI World ex-US,-0.4605580284155738,,Oil,-0.070773386501522,,,,,
2010-05-19,LassoCV,SELL,-0.0020754064337601,True,BETA,MSCI World ex-US,-0.3294105402789581,0.3294105402789581,MSCI World ex-US,-0.3294105402789581,,Oil,-0.083194726881378,,JPMVG71M Index,0.0,,
2010-05-24,LassoCV,SELL,-0.0044113830983477,True,BETA,MSCI World ex-US,-0.2733282442821569,0.2733282442821569,MSCI World ex-US,-0.2733282442821569,,BCOM Index,-0.1853994640628844,,VIX Index,-0.0,,
2010-05-26,LassoCV,SELL,-0.0158593345974831,True,BETA,MSCI World ex-US,-0.2674567294517319,0.2674567294517319,MSCI World ex-US,-0.2674567294517319,,BCOM Index,-0.1759557449928212,,VIX Index,-0.0,,
2010-09-15,LassoCV,SELL,-0.0279106858054227,True,BETA,MSCI World ex-US,-0.1887553010317055,0.1887553010317055,BCOM Index,-0.1277935127151666,,MSCI World ex-US,-0.1887553010317055,,Real 2y yield,0.0145904668769451,,
2010-12-30,LassoCV,BUY,0.0307396733909701,True,BETA,MSCI World - Dow Jones,-0.2362678210648139,0.2362678210648139,MSCI World - Dow Jones,-0.2362678210648139,,BCOM Index,-0.2301789837823092,,Real 2y yield,0.0900946458746878,,
2011-05-03,LassoCV,BUY,0.0277616447903357,True,BETA,MSCI World - Dow Jones,-0.227425551829328,0.227425551829328,MSCI World - Dow Jones,-0.227425551829328,,Gold,-0.1851442469041868,,2y yield,0.0089289226909398,,
2012-01-05,LassoCV,SELL,-0.021095717884131,True,BETA,Local - Dow Jones,0.2320073374087402,0.2320073374087402,Local - Dow Jones,0.2320073374087402,,BCOM Index,-0.1353157470004758,,MOVE Index,0.1117574540073997,,
2012-01-11,LassoCV,SELL,-0.0397739166841114,True,BETA,Local - Dow Jones,0.2312609134208261,0.2312609134208261,Local - Dow Jones,0.2312609134208261,,BCOM Index,-0.1435035608755901,,MOVE Index,0.1079036188968472,,
2012-01-13,LassoCV,SELL,-0.0373400461506189,True,BETA,Local - Dow Jones,0.2303477463833567,0.2303477463833567,Local - Dow Jones,0.2303477463833567,,BCOM Index,-0.1410666701404632,,MOVE Index,0.1095153645934226,,
2012-02-16,LassoCV,SELL,-0.0081442067542621,True,BETA,Local - Dow Jones,0.2587826562505355,0.2587826562505355,Local - Dow Jones,0.2587826562505355,,BCOM Index,-0.1977081107626157,,MOVE Index,0.152512015821546,,
2012-03-09,LassoCV,SELL,-0.0125,True,BETA,Local - Dow Jones,0.2644885531484036,0.2644885531484036,Local - Dow Jones,0.2644885531484036,,BCOM Index,-0.2141860004682144,,MOVE Index,0.1493820743242038,,
2012-08-03,LassoCV,BUY,0.0056718572754459,True,BETA,MSCI World ex-US,-0.3604491609893346,0.3604491609893346,MSCI World ex-US,-0.3604491609893346,,BCOM Index,-0.098446888999312,,10y yield,-0.0495750861563096,,
2013-01-15,LassoCV,SELL,-0.0162803234501347,True,BETA,MSCI World ex-US,-0.3888771330075138,0.3888771330075138,MSCI World ex-US,-0.3888771330075138,,Copper LME,-0.1023102360496359,,Real 2y yield,0.0823091473157709,,
2013-04-12,LassoCV,BUY,0.0133476856835306,True,BETA,MSCI World ex-US,-0.3101168171376362,0.3101168171376362,MSCI World ex-US,-0.3101168171376362,,Copper LME,-0.1485198283151564,,Real 2y yield,0.0463482211641904,,
2013-06-12,LassoCV,BUY,0.0273390698181026,True,BETA,MSCI World ex-US,-0.2175838197681886,0.2175838197681886,MSCI World ex-US,-0.2175838197681886,,Gold,-0.1579623381261465,,Real 2y yield,0.0779324108803864,,
2013-07-05,LassoCV,SELL,-0.023171238570241,True,BETA,MSCI World ex-US,0.0,0.0,MSCI World ex-US,0.0,,BCOM Index,0.0,,Real 2y yield,0.0,,
2013-09-27,LassoCV,BUY,0.0058563535911602,True,BETA,MSCI World ex-US,-0.1254914377871391,0.1254914377871391,MSCI World ex-US,-0.1254914377871391,,Gold,-0.1237927973989917,,Real 2y yield,0.0810349128521568,,
2013-10-02,LassoCV,BUY,0.0012199179327936,True,BETA,Gold,-0.1263524980602526,0.1263524980602526,MSCI World ex-US,-0.1206582231767992,,Gold,-0.1263524980602526,,Real 2y yield,0.0793148102834984,,
2014-01-15,LassoCV,SELL,-0.0046235138705416,True,BETA,Gold,-0.1011820847000256,0.1011820847000256,Gold,-0.1011820847000256,,MSCI World - S&P500,-0.0876507846217496,,5y yield,0.0743846562809744,,
2014-07-30,LassoCV,SELL,-0.0018689533861037,True,BETA,MSCI World - Dow Jones,-0.1505669444425613,0.1505669444425613,MSCI World - Dow Jones,-0.1505669444425613,,Gold,-0.0638290448162084,,5y yield,0.0679823698028834,,
2014-08-05,LassoCV,SELL,-0.0014282575258184,True,BETA,MSCI World - Dow Jones,-0.1490965181060559,0.1490965181060559,MSCI World - Dow Jones,-0.1490965181060559,,Gold,-0.0806741962752619,,10y yield,0.0547411356816721,,
2014-10-03,LassoCV,SELL,-0.0239917269906928,True,BETA,MSCI World - Dow Jones,-0.0529537253034495,0.0529537253034495,Gold,-0.0273006646277748,,MSCI World - Dow Jones,-0.0529537253034495,,5y yield,0.0426831486501595,,
2014-11-18,LassoCV,BUY,0.0204528853177501,True,BETA,Local Index,0.1084215684594794,0.1084215684594794,Gold,-0.0991022467785709,,5y yield,0.0820646742365533,,Local Index,0.1084215684594794,,
2015-01-15,LassoCV,BUY,0.0313549832026875,True,BETA,Local Index,0.1153024793657606,0.1153024793657606,Local Index,0.1153024793657606,,Gold,-0.084763785565217,,5y yield,0.0913332768215239,,
2015-05-06,LassoCV,BUY,0.0267759562841529,True,BETA,Local Index,0.4003798526003005,0.4003798526003005,Local Index,0.4003798526003005,,Gold,-0.2280343717796835,,,,,
2015-08-07,LassoCV,SELL,-0.0342019543973942,True,BETA,Local Index,0.4121073194706469,0.4121073194706469,Local Index,0.4121073194706469,,Gold,-0.2621503946335132,,JPMVG71M Index,-0.115484460045464,,
2015-08-11,LassoCV,SELL,-0.0386057351302057,True,BETA,Local Index,0.4137703340535347,0.4137703340535347,Local Index,0.4137703340535347,,Gold,-0.2620976596709825,,JPMVG71M Index,-0.1226758425770617,,
2015-09-22,LassoCV,SELL,-0.0056508784547416,True,BETA,Local Index,0.4343932997569566,0.4343932997569566,Local Index,0.4343932997569566,,Gold,-0.2632287324951463,,5y yield,-0.0015409267142035,,
2016-02-08,LassoCV,BUY,0.0035407182599898,True,BETA,Local Index,0.0,0.0,Local Index,0.0,,Gold,0.0,,5y yield,0.0,,
2017-04-11,LassoCV,SELL,-0.0145949166004766,True,BETA,MSCI World - S&P500,-0.3160985148340864,0.3160985148340864,MSCI World - S&P500,-0.3160985148340864,,Gold,-0.1538723318199212,,Real 2y yield,0.0159010284792138,,
2017-05-17,LassoCV,SELL,-0.0097879282218598,True,BETA,MSCI World - S&P500,-0.3188574954161938,0.3188574954161938,MSCI World - S&P500,-0.3188574954161938,,Gold,-0.1392929957140297,,5y yield,0.0289744210663053,,
2017-06-28,LassoCV,BUY,0.0080141548709409,True,BETA,MSCI World - S&P500,-0.3082310890151166,0.3082310890151166,MSCI World - S&P500,-0.3082310890151166,,Gold,-0.1607171515897566,,Real 2y yield,0.0457994123541386,,
2017-08-16,LassoCV,SELL,-0.0165229885057471,True,BETA,MSCI World - S&P500,-0.2274284219967402,0.2274284219967402,MSCI World - S&P500,-0.2274284219967402,,Gold,-0.1404656322735524,,5y yield,0.03713195036654,,
2017-11-22,LassoCV,BUY,0.0084366741207562,True,BETA,MSCI World - S&P500,-0.215736191847041,0.215736191847041,MSCI World - S&P500,-0.215736191847041,,Gold,-0.0762892269606797,,Real 2y yield,0.0,,
2018-02-05,LassoCV,SELL,-0.0012812299807815,True,BETA,Local Index,0.1544214178965591,0.1544214178965591,Gold,-0.1434700962139259,,Local Index,0.1544214178965591,,5y yield,0.0053941897484716,,
2019-01-04,LassoCV,BUY,0.0114616086824221,True,BETA,Gold,-0.0690985387958482,0.0690985387958482,Gold,-0.0690985387958482,,Local Index,0.0369147544186077,,,,,
2019-06-21,LassoCV,BUY,0.015221166615589,True,BETA,Gold,-0.0560887238313498,0.0560887238313498,Gold,-0.0560887238313498,,Local Index,0.0,,MOVE Index,-0.0,,
2019-08-05,LassoCV,BUY,0.0089496965332784,True,BETA,Gold,-0.0644319496286877,0.0644319496286877,Gold,-0.0644319496286877,,Local Index,0.0035369652516998,,10y yield,0.0,,
2019-11-13,LassoCV,BUY,0.0105135463000405,True,BETA,Gold,-0.1373051618285012,0.1373051618285012,Gold,-0.1373051618285012,,MSCI World - Wilshire,-0.0587685573436543,,2y yield,-0.0345571289540007,,
2020-01-14,LassoCV,BUY,0.0072336467913609,True,BETA,Gold,-0.1291338170332874,0.1291338170332874,MSCI World - Wilshire,-0.1053012372936779,,Gold,-0.1291338170332874,,2y yield,-0.0281659936308779,,
2020-02-19,LassoCV,SELL,-0.028966358369753,True,BETA,Gold,-0.1323427200639117,0.1323427200639117,Local Index,0.1145606867221903,,Gold,-0.1323427200639117,,2y yield,-0.0286003189108626,,
2020-03-18,LassoCV,SELL,-0.0053459442788115,True,BETA,Local Index,0.1116327055851384,0.1116327055851384,Gold,-0.1107892699761969,,Local Index,0.1116327055851384,,2y yield,0.0191195726979306,,
2020-11-06,LassoCV,BUY,0.0161362118851546,True,BETA,Gold,-0.0690551874523052,0.0690551874523052,2y yield,0.0143229516357025,,Gold,-0.0690551874523052,,MSCI World - S&P500,-0.0262203139325576,,
2021-02-04,LassoCV,SELL,-0.0091905658288118,True,BETA,Gold,-0.1159607067282519,0.1159607067282519,Gold,-0.1159607067282519,,2y yield,0.0487210580586978,,MSCI World - S&P500,-0.0434330420394248,,
2021-10-28,LassoCV,BUY,0.0096459497972158,True,BETA,Gold,-0.1593037522592622,0.1593037522592622,Gold,-0.1593037522592622,,MSCI World ex-US,-0.1366022988058067,,5y yield,0.0065893050270044,,
2021-11-01,LassoCV,BUY,0.0211971444261394,True,BETA,Gold,-0.1605912375505864,0.1605912375505864,Gold,-0.1605912375505864,,MSCI World ex-US,-0.1407010033898397,,5y yield,0.0056011400520491,,
2021-11-03,LassoCV,BUY,0.0152395570661112,True,BETA,Gold,-0.1654600452348865,0.1654600452348865,Gold,-0.1654600452348865,,MSCI World ex-US,-0.1459271039943227,,VIX Index,0.0,,
2021-11-16,LassoCV,SELL,-0.011077651107765,True,BETA,Gold,-0.1575897692735521,0.1575897692735521,MSCI World ex-US,-0.147406714845395,,Gold,-0.1575897692735521,,VIX Index,0.0,,
2021-11-30,LassoCV,BUY,0.002061408267332,True,BETA,Gold,-0.1515491173131616,0.1515491173131616,Gold,-0.1515491173131616,,MSCI World ex-US,-0.1102571953489994,,5y yield,0.0336983829199203,,
2022-05-12,LassoCV,SELL,-0.0408836465413834,True,BETA,Gold,-0.1463826507357496,0.1463826507357496,Gold,-0.1463826507357496,,MSCI World - Dow Jones,-0.1087954385166309,,Real 2y yield,0.0611658657128284,,
2022-06-21,LassoCV,BUY,0.0055900621118012,True,BETA,Real 2y yield,0.1505335642337524,0.1505335642337524,Real 2y yield,0.1505335642337524,,Gold,-0.1341512441612248,,MSCI World - Dow Jones,-0.1107293295811602,,
2022-09-06,LassoCV,SELL,-0.0214452688281329,True,BETA,Gold,-0.1356851459197545,0.1356851459197545,Gold,-0.1356851459197545,,Real 2y yield,0.1285420591874086,,MSCI World - Dow Jones,-0.1272706510633464,,
2023-03-22,LassoCV,SELL,-0.0202446681823101,True,BETA,MSCI World ex-US,-0.2428723260478513,0.2428723260478513,MSCI World ex-US,-0.2428723260478513,,Gold,-0.1401593422016998,,Real 2y yield,0.1742362578811968,,
2023-04-03,LassoCV,SELL,-0.0148959474260679,True,BETA,MSCI World ex-US,-0.2445489096174535,0.2445489096174535,MSCI World ex-US,-0.2445489096174535,,Gold,-0.1398298064109465,,Real 2y yield,0.1574684634725989,,
2023-12-28,LassoCV,BUY,0.0151262505955216,True,BETA,MSCI World ex-US,-0.2054499662903901,0.2054499662903901,MSCI World ex-US,-0.2054499662903901,,Copper LME,-0.1414206878336043,,2y yield,0.1725802467591013,,
2024-02-22,LassoCV,SELL,-0.003970054446461,True,BETA,MSCI World ex-US,-0.2234619979452681,0.2234619979452681,MSCI World ex-US,-0.2234619979452681,,Copper LME,-0.0984650619507096,,2y yield,0.1485756309877524,,
2024-08-02,LassoCV,BUY,0.0092969203951192,True,BETA,MSCI World ex-US,-0.1648991600100753,0.1648991600100753,5y yield,0.1614480342299919,,FN1 Comdty,-0.1399899945048112,,MSCI World ex-US,-0.1648991600100753,,
2025-01-13,LassoCV,SELL,-0.0153394255874673,True,BETA,5y yield,0.2234371741662354,0.2234371741662354,5y yield,0.2234371741662354,,MSCI World - S&P500,-0.0506823049110728,,Copper LME,-0.028903827867876,,
2025-09-02,LassoCV,SELL,-0.0194198929416159,True,BETA,MSCI World - S&P500,-0.1463777045230306,0.1463777045230306,MSCI World - S&P500,-0.1463777045230306,,Gold,-0.1382503831117236,,2y yield,0.0610056814482878,,
2025-09-10,LassoCV,SELL,-0.0035092116806617,True,BETA,MSCI World - S&P500,-0.1466970974805346,0.1466970974805346,MSCI World - S&P500,-0.1466970974805346,,Gold,-0.1415535349951154,,2y yield,0.0680389278876945,,
2025-10-08,LassoCV,SELL,-0.0079800498753117,True,BETA,MSCI World - S&P500,-0.1520823313869446,0.1520823313869446,MSCI World - S&P500,-0.1520823313869446,,Gold,-0.1473078134506509,,2y yield,0.0619245496884312,,
2001-12-20,ElasticNetCV,BUY,0.0092303930558104,True,BETA,Gold,-0.1809122194880627,0.1809122194880627,MSCI World - Wilshire,-0.1590191177940348,,Gold,-0.1809122194880627,,Real 2y yield,0.0666890893033252,,
2002-01-25,ElasticNetCV,SELL,-0.0073421439060205,True,BETA,MSCI World - Wilshire,-0.1864249617003591,0.1864249617003591,MSCI World - Wilshire,-0.1864249617003591,,Gold,-0.1539701468791618,,Real 2y yield,0.065982490920141,,
2002-03-14,ElasticNetCV,BUY,0.0153660741187104,True,BETA,MSCI World - Wilshire,-0.1263596764996336,0.1263596764996336,MSCI World - Wilshire,-0.1263596764996336,,Gold,-0.1025972403020738,,Real 2y yield,0.0510136325132536,,
2002-09-17,ElasticNetCV,SELL,-0.0269043546901722,True,BETA,Local Index,0.2354410239233204,0.2354410239233204,Local Index,0.2354410239233204,,Gold,-0.1707566775292114,,,,,
2002-11-08,ElasticNetCV,BUY,0.0280587501732021,True,BETA,Local Index,0.1918666957047098,0.1918666957047098,Gold,-0.1783482344577406,,Local Index,0.1918666957047098,,,,,
2003-03-17,ElasticNetCV,SELL,-0.0221740700613941,True,BETA,Gold,-0.2040205169860496,0.2040205169860496,Gold,-0.2040205169860496,,Local Index,0.1805019131528286,,Real 2y yield,0.0348517632433325,,
2004-03-08,ElasticNetCV,SELL,-0.0178292148889583,True,BETA,Gold,-0.3829414234188188,0.3829414234188188,Local Index,0.3576360337556883,,Gold,-0.3829414234188188,,Real 2y yield,0.0289098855415425,,
2004-03-10,ElasticNetCV,SELL,-0.0170542635658914,True,BETA,Gold,-0.3845876176156204,0.3845876176156204,Local Index,0.3665715794560428,,Gold,-0.3845876176156204,,Real 2y yield,0.0271753893223429,,
2004-03-26,ElasticNetCV,SELL,-0.0045814567479421,True,BETA,Gold,-0.3881211571890267,0.3881211571890267,Local Index,0.3562534607505393,,Gold,-0.3881211571890267,,Real 2y yield,0.0242277007501362,,
2004-07-23,ElasticNetCV,SELL,-0.0092621912602913,True,BETA,Gold,-0.4611013758957275,0.4611013758957275,Gold,-0.4611013758957275,,Local Index,0.2343564694201551,,Real 2y yield,0.0217528267529424,,
2004-07-30,ElasticNetCV,SELL,-0.0305564238824633,True,BETA,Gold,-0.4830945797309159,0.4830945797309159,Gold,-0.4830945797309159,,Local Index,0.2305289791282113,,Real 2y yield,0.011585636176094,,
2005-02-07,ElasticNetCV,SELL,-0.0495009000163639,True,BETA,Gold,-0.4901923762138792,0.4901923762138792,Gold,-0.4901923762138792,,MSCI World ex-US,-0.0474717272558333,,Real 2y yield,0.0,,
2005-05-31,ElasticNetCV,BUY,0.0264320719852173,True,BETA,Gold,-0.4426162824755845,0.4426162824755845,Gold,-0.4426162824755845,,MSCI World ex-US,-0.1332008488511447,,,,,
2005-06-13,ElasticNetCV,SELL,-0.006573798716544,True,BETA,Gold,-0.4066194306550068,0.4066194306550068,Gold,-0.4066194306550068,,MSCI World ex-US,-0.1579389759798684,,,,,
2005-12-14,ElasticNetCV,BUY,0.0277604003753519,True,BETA,MSCI World ex-US,-0.1633292735219724,0.1633292735219724,MSCI World ex-US,-0.1633292735219724,,Gold,-0.1487169280055853,,,,,
2006-01-05,ElasticNetCV,BUY,0.0043852779953015,True,BETA,MSCI World ex-US,-0.1730848235860252,0.1730848235860252,MSCI World ex-US,-0.1730848235860252,,Gold,-0.1337937064181246,,,,,
2006-01-18,ElasticNetCV,BUY,0.0014037276768306,True,BETA,MSCI World ex-US,-0.1684061927493196,0.1684061927493196,MSCI World ex-US,-0.1684061927493196,,Gold,-0.1181029442532172,,,,,
2006-01-23,ElasticNetCV,BUY,0.0322094406981356,True,BETA,MSCI World ex-US,-0.1637996210942534,0.1637996210942534,MSCI World ex-US,-0.1637996210942534,,Gold,-0.106253433103114,,,,,
2006-03-17,ElasticNetCV,BUY,0.0102381137051112,True,BETA,MSCI World ex-US,-0.1389383972942779,0.1389383972942779,MSCI World ex-US,-0.1389383972942779,,Gold,-0.0710926877939809,,Real 2y yield,0.0,,
2006-07-25,ElasticNetCV,SELL,-0.0217807563427477,True,BETA,MSCI World - Dow Jones,-0.1643322401576052,0.1643322401576052,MSCI World - Dow Jones,-0.1643322401576052,,Real 2y yield,0.0310841437777471,,Gold,-0.0750280978377088,,
2007-04-19,ElasticNetCV,BUY,0.0088840916638992,True,BETA,MSCI World - Wilshire,-0.177125374707399,0.177125374707399,MSCI World - Wilshire,-0.177125374707399,,Gold,-0.1168012978632409,,Real 2y yield,0.0569147648002329,,
2007-06-12,ElasticNetCV,SELL,-0.0112685125563425,True,BETA,MSCI World - S&P500,-0.2070903566745856,0.2070903566745856,MSCI World - S&P500,-0.2070903566745856,,Gold,-0.1270220084547876,,Real 2y yield,0.0679570892523197,,
2007-06-14,ElasticNetCV,SELL,-0.0133311917764216,True,BETA,MSCI World - S&P500,-0.2022191805438898,0.2022191805438898,MSCI World - S&P500,-0.2022191805438898,,Gold,-0.1309391397386423,,Real 2y yield,0.0697855050311533,,
2007-08-06,ElasticNetCV,BUY,0.0162553693253599,True,BETA,MSCI World - Wilshire,-0.1036301982254593,0.1036301982254593,Gold,-0.0835555407808449,,MSCI World - Wilshire,-0.1036301982254593,,,,,
2007-09-18,ElasticNetCV,SELL,-0.0118577075098814,True,BETA,Gold,-0.0916441156951558,0.0916441156951558,Gold,-0.0916441156951558,,MSCI World - Dow Jones,-0.0587768248668609,,Real 2y yield,0.0230936444229113,,
2007-10-05,ElasticNetCV,SELL,-0.0035714285714285,True,BETA,Gold,-0.1086616861660509,0.1086616861660509,Gold,-0.1086616861660509,,MSCI World - Dow Jones,-0.0617978678625447,,,,,
2007-10-09,ElasticNetCV,SELL,-0.0093765838824124,True,BETA,Gold,-0.1050611927473349,0.1050611927473349,Gold,-0.1050611927473349,,MSCI World - Dow Jones,-0.0579906352125879,,,,,
2007-11-21,ElasticNetCV,BUY,0.0192081181480476,True,BETA,Gold,-0.0932205556885267,0.0932205556885267,Gold,-0.0932205556885267,,MSCI World - Dow Jones,-0.0541357417182085,,JPMVG71M Index,-0.0232198313470043,,
2008-03-17,ElasticNetCV,BUY,0.006186612576065,True,BETA,Gold,-0.1393471408884712,0.1393471408884712,Gold,-0.1393471408884712,,MSCI World - Wilshire,-0.070091829070878,,,,,
2008-05-02,ElasticNetCV,SELL,-0.0107934103389509,True,BETA,Gold,-0.1883835917126562,0.1883835917126562,Gold,-0.1883835917126562,,MSCI World - Wilshire,-0.079466580949317,,,,,
2008-05-07,ElasticNetCV,SELL,-0.0270244732117546,True,BETA,Gold,-0.2268494846518015,0.2268494846518015,Gold,-0.2268494846518015,,Local Index,0.1291737461260847,,,,,
2008-09-08,ElasticNetCV,SELL,-0.0417477445604105,True,BETA,Gold,-0.2769855980075207,0.2769855980075207,Gold,-0.2769855980075207,,Local Index,0.1857338696008399,,5y yield,0.1135802581696467,,
2008-09-10,ElasticNetCV,SELL,-0.0414612676056337,True,BETA,Gold,-0.2714404469989763,0.2714404469989763,Gold,-0.2714404469989763,,Local Index,0.1932903754590627,,5y yield,0.1156968002281055,,
2008-09-15,ElasticNetCV,SELL,-0.0205467214579238,True,BETA,Gold,-0.2747366670810625,0.2747366670810625,Gold,-0.2747366670810625,,Local Index,0.1905493279498919,,5y yield,0.1192370233859457,,
2009-05-29,ElasticNetCV,BUY,0.0059857837635615,True,BETA,MSCI World - Dow Jones,-0.1523352800224647,0.1523352800224647,MSCI World - Dow Jones,-0.1523352800224647,,BCOM Index,-0.0845920879998244,,,,,
2009-06-02,ElasticNetCV,BUY,0.0215549698795181,True,BETA,MSCI World - Dow Jones,-0.1607139216144175,0.1607139216144175,MSCI World - Dow Jones,-0.1607139216144175,,Gold,-0.0750505176181089,,,,,
2009-08-07,ElasticNetCV,SELL,-0.0196748568261593,True,BETA,MSCI World - Dow Jones,-0.2522703305057118,0.2522703305057118,MSCI World - Dow Jones,-0.2522703305057118,,BCOM Index,-0.1499963603169295,,,,,
2009-12-11,ElasticNetCV,SELL,-0.0014484356894554,True,BETA,MSCI World ex-US,-0.5697127898817075,0.5697127898817075,MSCI World ex-US,-0.5697127898817075,,BCOM Index,-0.0427663610220482,,,,,
2010-04-06,ElasticNetCV,SELL,-0.0028961136023917,True,BETA,MSCI World ex-US,-0.45985634027488,0.45985634027488,MSCI World ex-US,-0.45985634027488,,Oil,-0.0846123188556265,,,,,
2010-05-07,ElasticNetCV,BUY,0.0360847992783039,True,BETA,MSCI World ex-US,-0.4266652963968294,0.4266652963968294,MSCI World ex-US,-0.4266652963968294,,Oil,-0.0579087694778935,,2y yield,0.0447379147562043,,
2010-05-19,ElasticNetCV,SELL,-0.0020754064337601,True,BETA,MSCI World ex-US,-0.3293297077463589,0.3293297077463589,MSCI World ex-US,-0.3293297077463589,,Oil,-0.0945323212799256,,JPMVG71M Index,0.0,,
2010-05-24,ElasticNetCV,SELL,-0.0044113830983477,True,BETA,MSCI World ex-US,-0.2761788619063489,0.2761788619063489,MSCI World ex-US,-0.2761788619063489,,BCOM Index,-0.1909545179259937,,VIX Index,-0.0,,
2010-05-26,ElasticNetCV,SELL,-0.0158593345974831,True,BETA,MSCI World ex-US,-0.2700738568614632,0.2700738568614632,MSCI World ex-US,-0.2700738568614632,,BCOM Index,-0.1817165203698847,,VIX Index,-0.0,,
2010-05-28,ElasticNetCV,SELL,-0.0135252297555055,True,BETA,MSCI World ex-US,-0.2583787342299082,0.2583787342299082,MSCI World ex-US,-0.2583787342299082,,BCOM Index,-0.17720412412418,,,,,
2010-09-15,ElasticNetCV,SELL,-0.0279106858054227,True,BETA,MSCI World ex-US,-0.1810873514806781,0.1810873514806781,BCOM Index,-0.1504293255737356,,MSCI World ex-US,-0.1810873514806781,,Real 2y yield,0.0697183455102226,,
2010-12-30,ElasticNetCV,BUY,0.0307396733909701,True,BETA,MSCI World - Dow Jones,-0.2014847306196915,0.2014847306196915,MSCI World - Dow Jones,-0.2014847306196915,,BCOM Index,-0.1921651818944705,,Real 2y yield,0.0475806583249101,,
2011-05-03,ElasticNetCV,BUY,0.0277616447903357,True,BETA,MSCI World - Dow Jones,-0.2217153944295516,0.2217153944295516,MSCI World - Dow Jones,-0.2217153944295516,,Gold,-0.1853487165958022,,2y yield,0.020624375270249,,
2011-08-09,ElasticNetCV,BUY,0.0790373307808014,True,BETA,Gold,-0.1928986096358133,0.1928986096358133,Gold,-0.1928986096358133,,VIX Index,-0.0676779014250707,,Local - Dow Jones,0.0864961464768791,,
2012-01-06,ElasticNetCV,SELL,-0.0300366300366301,True,BETA,Local - Dow Jones,0.2268548829936078,0.2268548829936078,Local - Dow Jones,0.2268548829936078,,Gold,-0.1516347967644748,,MOVE Index,0.1170294952495129,,
2012-01-11,ElasticNetCV,SELL,-0.0397739166841114,True,BETA,Local - Dow Jones,0.2278004041890854,0.2278004041890854,Local - Dow Jones,0.2278004041890854,,BCOM Index,-0.1520086336949253,,MOVE Index,0.1234605055206444,,
2012-01-13,ElasticNetCV,SELL,-0.0373400461506189,True,BETA,Local - Dow Jones,0.2269289327731685,0.2269289327731685,Local - Dow Jones,0.2269289327731685,,BCOM Index,-0.1500381008869055,,MOVE Index,0.1246451944437008,,
2012-03-09,ElasticNetCV,SELL,-0.0125,True,BETA,Local - Dow Jones,0.2645321754429321,0.2645321754429321,Local - Dow Jones,0.2645321754429321,,BCOM Index,-0.2142519561390488,,MOVE Index,0.1494497571669581,,
2012-08-03,ElasticNetCV,BUY,0.0056718572754459,True,BETA,MSCI World ex-US,-0.3565070510478157,0.3565070510478157,MSCI World ex-US,-0.3565070510478157,,BCOM Index,-0.0972718626692791,,10y yield,-0.0458419726107785,,
2013-01-15,ElasticNetCV,SELL,-0.0162803234501347,True,BETA,MSCI World ex-US,-0.3532261122944409,0.3532261122944409,MSCI World ex-US,-0.3532261122944409,,Copper LME,-0.1334926281194061,,Real 2y yield,0.0952105143753779,,
2013-04-12,ElasticNetCV,BUY,0.0133476856835306,True,BETA,MSCI World ex-US,-0.2932398374805604,0.2932398374805604,MSCI World ex-US,-0.2932398374805604,,Copper LME,-0.1610868218751205,,Real 2y yield,0.0601599057027474,,
2013-06-12,ElasticNetCV,BUY,0.0273390698181026,True,BETA,MSCI World ex-US,-0.2151943914408544,0.2151943914408544,MSCI World ex-US,-0.2151943914408544,,Gold,-0.1604237086306761,,Real 2y yield,0.0894710455659089,,
2013-07-05,ElasticNetCV,SELL,-0.023171238570241,True,BETA,MSCI World ex-US,-0.0293697207715291,0.0293697207715291,MSCI World ex-US,-0.0293697207715291,,BCOM Index,-0.0,,Real 2y yield,0.0,,
2013-09-27,ElasticNetCV,BUY,0.0058563535911602,True,BETA,Gold,-0.1092946604160815,0.1092946604160815,MSCI World ex-US,-0.0989087029287431,,Gold,-0.1092946604160815,,Real 2y yield,0.0570563426472894,,
2013-10-02,ElasticNetCV,BUY,0.0012199179327936,True,BETA,Gold,-0.1114615079673419,0.1114615079673419,MSCI World ex-US,-0.0949580108081785,,Gold,-0.1114615079673419,,Real 2y yield,0.0556635329697689,,
2014-01-15,ElasticNetCV,SELL,-0.0046235138705416,True,BETA,Gold,-0.1042639938275519,0.1042639938275519,Gold,-0.1042639938275519,,MSCI World - S&P500,-0.0919709468350641,,5y yield,0.0764527919685028,,
2014-07-30,ElasticNetCV,SELL,-0.0018689533861037,True,BETA,MSCI World - Dow Jones,-0.1428121896702189,0.1428121896702189,MSCI World - Dow Jones,-0.1428121896702189,,Gold,-0.0619388727890395,,5y yield,0.0652813087127899,,
2014-08-05,ElasticNetCV,SELL,-0.0014282575258184,True,BETA,MSCI World - Dow Jones,-0.1416065972341422,0.1416065972341422,MSCI World - Dow Jones,-0.1416065972341422,,Gold,-0.076947325792995,,10y yield,0.0529488762368375,,
2014-09-30,ElasticNetCV,SELL,-0.0115135021980322,True,BETA,MSCI World - Dow Jones,-0.091424990749989,0.091424990749989,Gold,-0.0714802251041398,,MSCI World - Dow Jones,-0.091424990749989,,5y yield,0.0646148579659313,,
2014-10-03,ElasticNetCV,SELL,-0.0239917269906928,True,BETA,MSCI World - Dow Jones,-0.076782936345447,0.076782936345447,Gold,-0.0641796530192378,,MSCI World - Dow Jones,-0.076782936345447,,5y yield,0.063288802075619,,
2014-11-18,ElasticNetCV,BUY,0.0204528853177501,True,BETA,Local Index,0.1069777666792925,0.1069777666792925,Gold,-0.0974416967465531,,5y yield,0.0810793019938302,,Local Index,0.1069777666792925,,
2015-01-07,ElasticNetCV,SELL,-0.1458661417322835,True,BETA,Local Index,0.1225581607474007,0.1225581607474007,Local Index,0.1225581607474007,,5y yield,0.0935816199194145,,Gold,-0.0881192527923879,,
2015-01-15,ElasticNetCV,BUY,0.0313549832026875,True,BETA,Local Index,0.1139291499072996,0.1139291499072996,Local Index,0.1139291499072996,,Gold,-0.0836898212317363,,5y yield,0.0901774173314321,,
2015-05-06,ElasticNetCV,BUY,0.0267759562841529,True,BETA,Local Index,0.4004132049579738,0.4004132049579738,Local Index,0.4004132049579738,,Gold,-0.2280929402391708,,,,,
2015-08-07,ElasticNetCV,SELL,-0.0342019543973942,True,BETA,Local Index,0.4106956816906013,0.4106956816906013,Local Index,0.4106956816906013,,Gold,-0.2612624645643622,,JPMVG71M Index,-0.11454221311434,,
2015-08-11,ElasticNetCV,SELL,-0.0386057351302057,True,BETA,Local Index,0.4123533463881076,0.4123533463881076,Local Index,0.4123533463881076,,Gold,-0.2612067834952344,,JPMVG71M Index,-0.1216540024591757,,
2015-09-22,ElasticNetCV,SELL,-0.0056508784547416,True,BETA,Local Index,0.4330049579535103,0.4330049579535103,Local Index,0.4330049579535103,,Gold,-0.2620677846963004,,5y yield,-0.000762043898561,,
2016-01-26,ElasticNetCV,SELL,-0.0460300323878691,True,BETA,Local Index,0.0910583588397862,0.0910583588397862,Local Index,0.0910583588397862,,Gold,-0.0328775217702876,,5y yield,0.0,,
2016-01-29,ElasticNetCV,SELL,-0.0447877958145902,True,BETA,Local Index,0.0942013293052495,0.0942013293052495,Local Index,0.0942013293052495,,Gold,-0.0291222105169703,,5y yield,0.0,,
2016-02-09,ElasticNetCV,BUY,0.0144032921810699,True,BETA,Local Index,0.1005302007200915,0.1005302007200915,Local Index,0.1005302007200915,,Gold,-0.0390807039983282,,5y yield,0.0,,
2016-02-11,ElasticNetCV,BUY,0.0268905831444468,True,BETA,Local Index,0.1106514886653793,0.1106514886653793,Local Index,0.1106514886653793,,Gold,-0.035957139619661,,5y yield,0.0,,
2016-04-06,ElasticNetCV,BUY,0.0140505400020971,True,BETA,Local Index,0.2185886859250757,0.2185886859250757,Local Index,0.2185886859250757,,Gold,-0.0824827546275477,,2y yield,0.0212389254386777,,
2016-10-21,ElasticNetCV,SELL,-0.0270324590493418,True,BETA,Local Index,0.0599245512528237,0.0599245512528237,Local Index,0.0599245512528237,,Gold,-0.0510698094239484,,2y yield,0.0047419192862303,,
2017-04-11,ElasticNetCV,SELL,-0.0145949166004766,True,BETA,MSCI World - S&P500,-0.31617474504163,0.31617474504163,MSCI World - S&P500,-0.31617474504163,,Gold,-0.1539495578973588,,Real 2y yield,0.0160555343356871,,
2017-05-17,ElasticNetCV,SELL,-0.0097879282218598,True,BETA,MSCI World - S&P500,-0.3189558618036693,0.3189558618036693,MSCI World - S&P500,-0.3189558618036693,,Gold,-0.1393723604817388,,5y yield,0.02901661446307,,
2017-06-28,ElasticNetCV,BUY,0.0080141548709409,True,BETA,MSCI World - S&P500,-0.3083178715467171,0.3083178715467171,MSCI World - S&P500,-0.3083178715467171,,Gold,-0.1607930805124761,,Real 2y yield,0.0459549409798707,,
2017-08-16,ElasticNetCV,SELL,-0.0165229885057471,True,BETA,MSCI World - S&P500,-0.2107084829236076,0.2107084829236076,MSCI World - S&P500,-0.2107084829236076,,Gold,-0.1318973515904722,,5y yield,0.0414229464097951,,
2017-11-22,ElasticNetCV,BUY,0.0084366741207562,True,BETA,MSCI World - S&P500,-0.171829247953289,0.171829247953289,MSCI World - S&P500,-0.171829247953289,,Gold,-0.0705138993425256,,Real 2y yield,0.0,,
2018-02-05,ElasticNetCV,SELL,-0.0012812299807815,True,BETA,Local Index,0.1250124979089759,0.1250124979089759,Gold,-0.1128656088210643,,Local Index,0.1250124979089759,,5y yield,0.0159176881559403,,
2018-12-31,ElasticNetCV,BUY,0.0068144833197723,True,BETA,Gold,-0.0353748752319463,0.0353748752319463,Gold,-0.0353748752319463,,Local Index,0.0237723488189903,,,,,
2019-01-04,ElasticNetCV,BUY,0.0114616086824221,True,BETA,Gold,-0.0357223134069031,0.0357223134069031,Gold,-0.0357223134069031,,Local Index,0.0213597599863114,,,,,
2019-06-24,ElasticNetCV,BUY,0.0213991769547325,True,BETA,Gold,-0.07397226845176,0.07397226845176,Gold,-0.07397226845176,,MSCI World - S&P500,-0.0165440308493701,,MOVE Index,-0.0137726267814847,,
2019-11-01,ElasticNetCV,BUY,0.0024353120243529,True,BETA,Gold,-0.1333624425471313,0.1333624425471313,Gold,-0.1333624425471313,,MSCI World - Wilshire,-0.0661506807096429,,2y yield,-0.0329746395651647,,
2019-11-12,ElasticNetCV,BUY,0.0049350387753046,True,BETA,Gold,-0.1380331122681627,0.1380331122681627,Gold,-0.1380331122681627,,MSCI World - S&P500,-0.0583458356715547,,2y yield,-0.0341101976314521,,
2020-01-14,ElasticNetCV,BUY,0.0072336467913609,True,BETA,Gold,-0.129280761665447,0.129280761665447,MSCI World - Wilshire,-0.1055017325315518,,Gold,-0.129280761665447,,2y yield,-0.0283534383303509,,
2020-02-19,ElasticNetCV,SELL,-0.028966358369753,True,BETA,Gold,-0.13250040167249,0.13250040167249,Local Index,0.114687474798588,,Gold,-0.13250040167249,,2y yield,-0.0287860781590297,,
2020-03-18,ElasticNetCV,SELL,-0.0053459442788115,True,BETA,Local Index,0.111687340645519,0.111687340645519,Gold,-0.1108300127386782,,Local Index,0.111687340645519,,2y yield,0.01914521637643,,
2020-11-06,ElasticNetCV,BUY,0.0161362118851546,True,BETA,Gold,-0.061348606022583,0.061348606022583,2y yield,0.0104293974166844,,Gold,-0.061348606022583,,MSCI World - S&P500,-0.0243221314206106,,
2021-02-04,ElasticNetCV,SELL,-0.0091905658288118,True,BETA,Gold,-0.1013379668274052,0.1013379668274052,Gold,-0.1013379668274052,,2y yield,0.0340308326477429,,MSCI World - S&P500,-0.0406378343700499,,
2021-10-28,ElasticNetCV,BUY,0.0096459497972158,True,BETA,Gold,-0.1621184800415225,0.1621184800415225,Gold,-0.1621184800415225,,MSCI World ex-US,-0.1435955186700521,,5y yield,0.0108125078079132,,
2021-11-01,ElasticNetCV,BUY,0.0211971444261394,True,BETA,Gold,-0.163420802441197,0.163420802441197,Gold,-0.163420802441197,,MSCI World ex-US,-0.1476108612889409,,5y yield,0.0098014319355114,,
2021-11-03,ElasticNetCV,BUY,0.0152395570661112,True,BETA,Gold,-0.16988697623919,0.16988697623919,Gold,-0.16988697623919,,MSCI World ex-US,-0.1518638717024389,,VIX Index,0.0,,
2021-11-16,ElasticNetCV,SELL,-0.011077651107765,True,BETA,Gold,-0.1620303487818069,0.1620303487818069,MSCI World ex-US,-0.1533625024803885,,Gold,-0.1620303487818069,,VIX Index,0.0,,
2021-11-30,ElasticNetCV,BUY,0.002061408267332,True,BETA,Gold,-0.1541990566140732,0.1541990566140732,Gold,-0.1541990566140732,,MSCI World ex-US,-0.1168850998792142,,5y yield,0.037249115391419,,
2022-06-21,ElasticNetCV,BUY,0.0055900621118012,True,BETA,Real 2y yield,0.1402832992212718,0.1402832992212718,Real 2y yield,0.1402832992212718,,Gold,-0.1298490027087401,,MSCI World - Dow Jones,-0.1049013856689487,,
2023-03-22,ElasticNetCV,SELL,-0.0202446681823101,True,BETA,MSCI World ex-US,-0.242917477734507,0.242917477734507,MSCI World ex-US,-0.242917477734507,,Gold,-0.1401943202879761,,Real 2y yield,0.1742934784983956,,
2023-04-03,ElasticNetCV,SELL,-0.0148959474260679,True,BETA,MSCI World ex-US,-0.2445931457356403,0.2445931457356403,MSCI World ex-US,-0.2445931457356403,,Gold,-0.1398634228376438,,Real 2y yield,0.1575242567538223,,
2023-12-27,ElasticNetCV,BUY,0.0165141974575264,True,BETA,MSCI World ex-US,-0.1908496693972126,0.1908496693972126,MSCI World ex-US,-0.1908496693972126,,Copper LME,-0.1198580630301855,,2y yield,0.1600214409152906,,
2024-08-02,ElasticNetCV,BUY,0.0092969203951192,True,BETA,MSCI World ex-US,-0.1532286726159768,0.1532286726159768,5y yield,0.1523201006407163,,FN1 Comdty,-0.0973506133115111,,MSCI World ex-US,-0.1532286726159768,,
2025-01-13,ElasticNetCV,SELL,-0.0153394255874673,True,BETA,5y yield,0.2052147691669331,0.2052147691669331,5y yield,0.2052147691669331,,MSCI World - S&P500,-0.042105637200084,,Copper LME,-0.0228243674535519,,
2025-09-02,ElasticNetCV,SELL,-0.0194198929416159,True,BETA,MSCI World - S&P500,-0.1294073087901999,0.1294073087901999,MSCI World - S&P500,-0.1294073087901999,,Gold,-0.1209595500324759,,2y yield,0.0564250023519235,,
2025-10-08,ElasticNetCV,SELL,-0.0079800498753117,True,BETA,MSCI World - S&P500,-0.1329831761862284,0.1329831761862284,MSCI World - S&P500,-0.1329831761862284,,Gold,-0.1289335504224502,,2y yield,0.0573915411145348,,
2001-12-20,XGBRegressor,BUY,0.0092303930558104,True,SHAP,MSCI World - Wilshire,0.0422615706920623,0.0422615706920623,MSCI World - Wilshire,,0.0422615706920623,Gold,,0.0242869965732097,Real 2y yield,,-0.0275129619985818,
2002-01-25,XGBRegressor,SELL,-0.0073421439060205,True,SHAP,Gold,-0.0357191376388073,0.0357191376388073,MSCI World - Wilshire,,0.0292398631572723,Gold,,-0.0357191376388073,Real 2y yield,,0.0345948413014411,
2002-03-14,XGBRegressor,BUY,0.0153660741187104,True,SHAP,Gold,0.3303238153457641,0.3303238153457641,MSCI World - Wilshire,,0.1150270998477935,Gold,,0.3303238153457641,Real 2y yield,,0.1650434136390686,
2002-08-06,XGBRegressor,SELL,-0.0068076668869795,True,SHAP,Local Index,0.1637951582670211,0.1637951582670211,Local Index,,0.1637951582670211,Gold,,0.1101322844624519,,,,
2003-04-07,XGBRegressor,SELL,-0.0067166845301893,True,SHAP,Local Index,0.23024283349514,0.23024283349514,Gold,,0.1807963401079177,Local Index,,0.23024283349514,Real 2y yield,,-0.057487353682518,
2004-03-08,XGBRegressor,SELL,-0.0178292148889583,True,SHAP,Gold,0.0995253250002861,0.0995253250002861,Local Index,,-0.0536581724882125,Gold,,0.0995253250002861,Real 2y yield,,-0.0635823383927345,
2004-03-10,XGBRegressor,SELL,-0.0170542635658914,True,SHAP,Gold,0.1577562093734741,0.1577562093734741,Local Index,,-0.085295520722866,Gold,,0.1577562093734741,Real 2y yield,,0.0374153479933738,
2004-03-26,XGBRegressor,SELL,-0.0045814567479421,True,SHAP,Gold,-0.5174296498298645,0.5174296498298645,Local Index,,-0.0881632193922996,Gold,,-0.5174296498298645,Real 2y yield,,0.1300354152917862,
2004-08-25,XGBRegressor,SELL,-0.0073818124705513,True,SHAP,Gold,-0.5235192775726318,0.5235192775726318,Gold,,-0.5235192775726318,Local Index,,0.0069179702550172,Real 2y yield,,-0.0283730030059814,
2004-08-27,XGBRegressor,SELL,-0.018472330475448,True,SHAP,Gold,0.2754032909870147,0.2754032909870147,Gold,,0.2754032909870147,Local Index,,0.0829493701457977,Real 2y yield,,-0.0377170369029045,
2005-01-07,XGBRegressor,SELL,-0.0002529724260055,True,SHAP,Gold,0.2405360639095306,0.2405360639095306,Gold,,0.2405360639095306,MSCI World ex-US,,0.0383806824684143,Real 2y yield,,-0.0173819120973348,
2005-04-18,XGBRegressor,BUY,0.0103736189592644,True,SHAP,Gold,-0.4556023776531219,0.4556023776531219,Gold,,-0.4556023776531219,MSCI World ex-US,,0.1193833351135253,,,,
2005-05-31,XGBRegressor,BUY,0.0264320719852173,True,SHAP,Gold,0.1486771255731582,0.1486771255731582,Gold,,0.1486771255731582,MSCI World ex-US,,0.0914963111281395,,,,
2005-07-01,XGBRegressor,SELL,-0.0037794060933281,True,SHAP,Gold,0.5290293097496033,0.5290293097496033,Gold,,0.5290293097496033,MSCI World ex-US,,0.0796925127506256,,,,
2005-12-12,XGBRegressor,BUY,0.0203416149068322,True,SHAP,MSCI World ex-US,-0.3780687153339386,0.3780687153339386,MSCI World ex-US,,-0.3780687153339386,Gold,,-0.2119688838720321,,,,
2005-12-14,XGBRegressor,BUY,0.0277604003753519,True,SHAP,MSCI World ex-US,-0.2736223638057709,0.2736223638057709,MSCI World ex-US,,-0.2736223638057709,Gold,,0.2575849890708923,,,,
2006-01-04,XGBRegressor,BUY,0.0016404968361847,True,SHAP,MSCI World ex-US,-0.4677677452564239,0.4677677452564239,MSCI World ex-US,,-0.4677677452564239,Gold,,0.0865818411111831,,,,
2006-01-23,XGBRegressor,BUY,0.0322094406981356,True,SHAP,MSCI World ex-US,-0.3015526533126831,0.3015526533126831,MSCI World ex-US,,-0.3015526533126831,Gold,,-0.2624993622303009,,,,
2006-10-11,XGBRegressor,SELL,-0.0042512990080303,True,SHAP,Real 2y yield,0.1138531863689422,0.1138531863689422,MSCI World - Wilshire,,-0.0637173950672149,Gold,,0.0116338916122913,Real 2y yield,,0.1138531863689422,
2007-04-17,XGBRegressor,BUY,0.0048792590142243,True,SHAP,Gold,0.1575281471014022,0.1575281471014022,MSCI World - Wilshire,,-0.0751687660813331,Gold,,0.1575281471014022,Real 2y yield,,-0.0662616044282913,
2007-04-24,XGBRegressor,BUY,0.0125509101487821,True,SHAP,Gold,0.1475279182195663,0.1475279182195663,MSCI World - Wilshire,,0.1100893691182136,Gold,,0.1475279182195663,Real 2y yield,,-0.0523110590875148,
2007-08-06,XGBRegressor,BUY,0.0162553693253599,True,SHAP,MSCI World - Wilshire,0.1530762910842895,0.1530762910842895,Gold,,0.0104499701410532,MSCI World - Wilshire,,0.1530762910842895,,,,
2007-09-18,XGBRegressor,SELL,-0.0118577075098814,True,SHAP,MSCI World - Dow Jones,0.2224207371473312,0.2224207371473312,Gold,,-0.1252058148384094,MSCI World - Dow Jones,,0.2224207371473312,Real 2y yield,,-0.0453346371650695,
2007-10-09,XGBRegressor,SELL,-0.0093765838824124,True,SHAP,Gold,-0.0972353219985961,0.0972353219985961,Gold,,-0.0972353219985961,MSCI World - Dow Jones,,0.0586605556309223,,,,
2007-10-16,XGBRegressor,SELL,-0.0182571211224749,True,SHAP,MSCI World - Dow Jones,0.1201526820659637,0.1201526820659637,Gold,,-0.0686115622520446,MSCI World - Dow Jones,,0.1201526820659637,,,,
2007-11-16,XGBRegressor,BUY,0.01047448522829,True,SHAP,MSCI World - Dow Jones,0.1752181649208068,0.1752181649208068,Gold,,0.1337708830833435,MSCI World - Dow Jones,,0.1752181649208068,,,,
2008-03-17,XGBRegressor,BUY,0.006186612576065,True,SHAP,MSCI World - Wilshire,0.1696955114603042,0.1696955114603042,Gold,,0.02670712582767,MSCI World - Wilshire,,0.1696955114603042,,,,
2009-07-29,XGBRegressor,SELL,-0.0107517000551369,True,SHAP,MSCI World - Dow Jones,0.2780479490756988,0.2780479490756988,MSCI World - Dow Jones,,0.2780479490756988,BCOM Index,,0.1393530368804931,,,,
2010-05-19,XGBRegressor,SELL,-0.0020754064337601,True,SHAP,MSCI World ex-US,0.5108389854431152,0.5108389854431152,MSCI World ex-US,,0.5108389854431152,Oil,,0.0961166769266128,JPMVG71M Index,,0.1172629967331886,
2010-05-24,XGBRegressor,SELL,-0.0044113830983477,True,SHAP,VIX Index,-0.4034914672374725,0.4034914672374725,MSCI World ex-US,,0.2468989342451095,BCOM Index,,0.0410928986966609,VIX Index,,-0.4034914672374725,
2010-05-26,XGBRegressor,SELL,-0.0158593345974831,True,SHAP,BCOM Index,-0.4146233797073364,0.4146233797073364,MSCI World ex-US,,-0.3821900188922882,BCOM Index,,-0.4146233797073364,VIX Index,,-0.2853438854217529,
2010-09-16,XGBRegressor,SELL,-0.0330277038351571,True,SHAP,MSCI World ex-US,0.1112605556845665,0.1112605556845665,BCOM Index,,-0.030075803399086,MSCI World ex-US,,0.1112605556845665,Real 2y yield,,-0.0117912553250789,
2011-03-03,XGBRegressor,SELL,-0.0330969267139479,True,SHAP,MSCI World - Dow Jones,0.3354323804378509,0.3354323804378509,MSCI World - Dow Jones,,0.3354323804378509,Gold,,0.2513405680656433,Real 2y yield,,-0.0046715731732547,
2011-03-08,XGBRegressor,SELL,-0.0326342820457949,True,SHAP,MSCI World - Dow Jones,0.3658912181854248,0.3658912181854248,MSCI World - Dow Jones,,0.3658912181854248,Gold,,-0.0184276662766933,Real 2y yield,,-0.1305717974901199,
2011-05-03,XGBRegressor,BUY,0.0277616447903357,True,SHAP,MSCI World - Dow Jones,0.3026046454906463,0.3026046454906463,MSCI World - Dow Jones,,0.3026046454906463,Gold,,0.1665937900543213,2y yield,,0.0075036669149994,
2011-11-09,XGBRegressor,BUY,0.0252759381898453,True,SHAP,Gold,0.3725962042808532,0.3725962042808532,Local - Dow Jones,,0.2510281801223755,Gold,,0.3725962042808532,JPMVG71M Index,,0.2663081288337707,
2012-04-25,XGBRegressor,BUY,0.0192371111355391,True,SHAP,MOVE Index,-0.0645717903971672,0.0645717903971672,Local - Dow Jones,,-0.0335886403918266,BCOM Index,,-0.0319865494966506,MOVE Index,,-0.0645717903971672,
2012-05-31,XGBRegressor,SELL,-0.0193555029342119,True,SHAP,Local - Dow Jones,-0.1518912315368652,0.1518912315368652,Local - Dow Jones,,-0.1518912315368652,BCOM Index,,-0.0043035359121859,JPMVG71M Index,,-0.0278313271701335,
2012-07-26,XGBRegressor,BUY,0.0001022494887525,True,SHAP,MSCI World ex-US,-0.4298445582389831,0.4298445582389831,MSCI World ex-US,,-0.4298445582389831,BCOM Index,,-0.0099293831735849,10y yield,,-0.0626756027340889,
2012-08-03,XGBRegressor,BUY,0.0056718572754459,True,SHAP,MSCI World ex-US,-0.3957760632038116,0.3957760632038116,MSCI World ex-US,,-0.3957760632038116,BCOM Index,,-0.098941683769226,10y yield,,-0.0105298357084393,
2013-01-15,XGBRegressor,SELL,-0.0162803234501347,True,SHAP,MSCI World ex-US,-0.0663137957453727,0.0663137957453727,MSCI World ex-US,,-0.0663137957453727,Copper LME,,0.0420448146760463,Real 2y yield,,-0.0033023506402969,
2013-07-05,XGBRegressor,SELL,-0.023171238570241,True,SHAP,MSCI World ex-US,0.4489814341068268,0.4489814341068268,MSCI World ex-US,,0.4489814341068268,BCOM Index,,0.069494791328907,Real 2y yield,,0.0492629259824752,
2015-01-07,XGBRegressor,SELL,-0.1458661417322835,True,SHAP,5y yield,0.1251239776611328,0.1251239776611328,Local Index,,0.0351271145045757,5y yield,,0.1251239776611328,Gold,,0.0827849954366684,
2015-01-15,XGBRegressor,BUY,0.0313549832026875,True,SHAP,5y yield,-0.1160665154457092,0.1160665154457092,Local Index,,-0.1114531606435775,Gold,,-0.1056171283125877,5y yield,,-0.1160665154457092,
2015-05-13,XGBRegressor,BUY,0.0323073564723859,True,SHAP,Gold,0.4383715093135834,0.4383715093135834,Local Index,,0.1452488005161285,Gold,,0.4383715093135834,,,,
2016-01-25,XGBRegressor,SELL,-0.0259164367363026,True,SHAP,Gold,-0.3829916417598724,0.3829916417598724,Local Index,,-0.0354874022305011,Gold,,-0.3829916417598724,5y yield,,-0.3706202805042267,
2016-10-21,XGBRegressor,SELL,-0.0270324590493418,True,SHAP,Local Index,0.0854612663388252,0.0854612663388252,Local Index,,0.0854612663388252,Gold,,0.0416297242045402,2y yield,,0.0309437960386276,
2016-12-14,XGBRegressor,BUY,0.0129715813446875,True,SHAP,Gold,0.156373918056488,0.156373918056488,Local Index,,0.1150495707988739,Gold,,0.156373918056488,2y yield,,0.1382220685482025,
2017-05-17,XGBRegressor,SELL,-0.0097879282218598,True,SHAP,MSCI World - S&P500,-0.6845441460609436,0.6845441460609436,MSCI World - S&P500,,-0.6845441460609436,Gold,,-0.261603832244873,5y yield,,-0.0177923236042261,
2017-06-28,XGBRegressor,BUY,0.0080141548709409,True,SHAP,MSCI World - S&P500,0.07265505194664,0.07265505194664,MSCI World - S&P500,,0.07265505194664,Gold,,0.018723314628005,Real 2y yield,,-0.028754299506545,
2017-07-18,XGBRegressor,BUY,0.0135418853663658,True,SHAP,Gold,-0.1270902901887893,0.1270902901887893,MSCI World - S&P500,,-0.0030769994482398,Gold,,-0.1270902901887893,5y yield,,-0.0673258677124977,
2017-07-20,XGBRegressor,BUY,0.0192489744398864,True,SHAP,MSCI World - S&P500,-0.166697159409523,0.166697159409523,MSCI World - S&P500,,-0.166697159409523,Gold,,-0.1154463365674018,5y yield,,0.0310425125062465,
2017-08-14,XGBRegressor,SELL,-0.0164710726786082,True,SHAP,MSCI World - S&P500,0.139942780137062,0.139942780137062,MSCI World - S&P500,,0.139942780137062,Gold,,0.0468189790844917,5y yield,,0.0211848448961973,
2017-11-24,XGBRegressor,BUY,0.0143032284429913,True,SHAP,Gold,0.0942453145980835,0.0942453145980835,MSCI World - S&P500,,-0.0560867339372634,Gold,,0.0942453145980835,Real 2y yield,,-0.0240470003336668,
2017-11-28,XGBRegressor,BUY,0.0096633099379515,True,SHAP,MSCI World - S&P500,0.7123534083366394,0.7123534083366394,MSCI World - S&P500,,0.7123534083366394,Gold,,0.1096328422427177,Real 2y yield,,-0.0047581358812749,
2018-02-05,XGBRegressor,SELL,-0.0012812299807815,True,SHAP,Local Index,-0.3056807518005371,0.3056807518005371,Gold,,-0.1159630939364433,Local Index,,-0.3056807518005371,5y yield,,-0.1093564927577972,
2018-07-11,XGBRegressor,BUY,0.0010068465565846,True,SHAP,Local Index,-0.1520834267139434,0.1520834267139434,Gold,,0.1488810628652572,Local Index,,-0.1520834267139434,Real 2y yield,,-0.0010215688962489,
2019-01-07,XGBRegressor,BUY,0.0138634046890928,True,SHAP,Local Index,-0.0716729313135147,0.0716729313135147,Gold,,-0.0328638926148414,Local Index,,-0.0716729313135147,,,,
2019-06-21,XGBRegressor,BUY,0.015221166615589,True,SHAP,Gold,-0.1249719634652137,0.1249719634652137,Gold,,-0.1249719634652137,Local Index,,-0.0095996744930744,MOVE Index,,-0.0337838865816593,
2019-08-05,XGBRegressor,BUY,0.0089496965332784,True,SHAP,Gold,-0.1629436612129211,0.1629436612129211,Gold,,-0.1629436612129211,Local Index,,-0.0569641403853893,10y yield,,0.0859853103756904,
2019-11-13,XGBRegressor,BUY,0.0105135463000405,True,SHAP,Gold,-0.0445917174220085,0.0445917174220085,Gold,,-0.0445917174220085,MSCI World - Wilshire,,0.0154868029057979,2y yield,,0.0164118036627769,
2020-01-15,XGBRegressor,BUY,0.0060203446128295,True,SHAP,Gold,-0.0846719294786453,0.0846719294786453,MSCI World - Wilshire,,0.012845798395574,Gold,,-0.0846719294786453,2y yield,,0.0016107220435515,
2020-02-19,XGBRegressor,SELL,-0.028966358369753,True,SHAP,Local Index,0.1469475030899047,0.1469475030899047,Local Index,,0.1469475030899047,Gold,,-0.037548866122961,2y yield,,0.0583288259804248,
2020-03-17,XGBRegressor,SELL,-0.0020731833730693,True,SHAP,2y yield,-0.148644208908081,0.148644208908081,Gold,,-0.1472722142934799,Local Index,,0.1369650214910507,2y yield,,-0.148644208908081,
2021-02-04,XGBRegressor,SELL,-0.0091905658288118,True,SHAP,Gold,0.4449684619903564,0.4449684619903564,Gold,,0.4449684619903564,2y yield,,-0.0324563160538673,MSCI World - S&P500,,0.0484667606651783,
2021-09-17,XGBRegressor,SELL,-0.00118177911474,True,SHAP,MSCI World ex-US,0.2975520193576813,0.2975520193576813,Gold,,-0.0816303193569183,MSCI World ex-US,,0.2975520193576813,VIX Index,,-0.0207591168582439,
2021-10-28,XGBRegressor,BUY,0.0096459497972158,True,SHAP,MSCI World ex-US,-0.0813725367188453,0.0813725367188453,Gold,,-0.0211211405694484,MSCI World ex-US,,-0.0813725367188453,5y yield,,-0.0062721720896661,
2022-03-15,XGBRegressor,SELL,-0.011895910780669,True,SHAP,Gold,0.3773083388805389,0.3773083388805389,Gold,,0.3773083388805389,MSCI World ex-US,,-0.012664777226746,5y yield,,0.0440849214792251,
2022-03-30,XGBRegressor,BUY,0.0110473302285281,True,SHAP,5y yield,-0.3104777038097381,0.3104777038097381,Gold,,-0.2151514887809753,MSCI World ex-US,,0.0434753112494945,5y yield,,-0.3104777038097381,
2022-06-29,XGBRegressor,BUY,0.0301855151451631,True,SHAP,MSCI World - Dow Jones,0.2685835659503937,0.2685835659503937,Gold,,0.0428241752088069,Real 2y yield,,0.0886264890432357,MSCI World - Dow Jones,,0.2685835659503937,
2022-11-14,XGBRegressor,BUY,0.0083801845762172,True,SHAP,MSCI World ex-US,0.0872261822223663,0.0872261822223663,Gold,,-0.0141227422282099,MSCI World ex-US,,0.0872261822223663,Real 2y yield,,0.0376455709338188,
2023-03-02,XGBRegressor,SELL,-0.0128450106157113,True,SHAP,MSCI World ex-US,0.0682085826992988,0.0682085826992988,MSCI World ex-US,,0.0682085826992988,Gold,,-0.0262158140540123,Real 2y yield,,-0.0480902343988418,
2023-03-17,XGBRegressor,SELL,-0.0166953899181386,True,SHAP,Gold,-0.6727813482284546,0.6727813482284546,MSCI World ex-US,,0.089918203651905,Gold,,-0.6727813482284546,Real 2y yield,,-0.6242836713790894,
2024-03-01,XGBRegressor,SELL,-0.0007914970601536,True,SHAP,Gold,-0.230893924832344,0.230893924832344,MSCI World ex-US,,-0.1779833137989044,Gold,,-0.230893924832344,5y yield,,0.0016157554928213,
2024-08-02,XGBRegressor,BUY,0.0092969203951192,True,SHAP,5y yield,-0.3590394258499145,0.3590394258499145,5y yield,,-0.3590394258499145,FN1 Comdty,,-0.0299308523535728,MSCI World ex-US,,0.223696693778038,
2024-08-28,XGBRegressor,BUY,0.01270783847981,True,SHAP,MSCI World ex-US,0.1079699769616127,0.1079699769616127,5y yield,,-0.0068557951599359,FN1 Comdty,,-0.0457894243299961,MSCI World ex-US,,0.1079699769616127,
2025-08-29,XGBRegressor,SELL,-0.0072536268134066,True,SHAP,Gold,-0.2525548934936523,0.2525548934936523,MSCI World - S&P500,,-0.0636278241872787,Gold,,-0.2525548934936523,2y yield,,-0.1692788898944854,
2025-09-10,XGBRegressor,SELL,-0.0035092116806617,True,SHAP,2y yield,-0.0975408628582954,0.0975408628582954,MSCI World - S&P500,,0.0720132514834404,Gold,,-0.0151538364589214,2y yield,,-0.0975408628582954,
2001-12-20,LGBMRegressor,BUY,0.0092303930558104,True,SHAP,Gold,0.0283018840231481,0.0283018840231481,MSCI World - Wilshire,,-0.0169315914687225,Gold,,0.0283018840231481,Real 2y yield,,-0.0100721296382628,
2002-01-25,LGBMRegressor,SELL,-0.0073421439060205,True,SHAP,Gold,-0.1973087862907653,0.1973087862907653,MSCI World - Wilshire,,0.0166263375604406,Gold,,-0.1973087862907653,Real 2y yield,,0.0410918001688785,
2002-03-14,LGBMRegressor,BUY,0.0153660741187104,True,SHAP,Real 2y yield,0.0480570081146021,0.0480570081146021,MSCI World - Wilshire,,-0.0083032250994517,Gold,,0.0457350700535002,Real 2y yield,,0.0480570081146021,
2002-09-16,LGBMRegressor,SELL,-0.0226490066225165,True,SHAP,Gold,-0.1037705215000869,0.1037705215000869,Local Index,,0.0233460848632538,Gold,,-0.1037705215000869,,,,
2003-03-17,LGBMRegressor,SELL,-0.0221740700613941,True,SHAP,Local Index,0.4273471182286902,0.4273471182286902,Gold,,0.0103618999759113,Local Index,,0.4273471182286902,Real 2y yield,,0.005559186144096,
2003-04-07,LGBMRegressor,SELL,-0.0067166845301893,True,SHAP,Local Index,0.1955318621756402,0.1955318621756402,Gold,,0.1558601055592884,Local Index,,0.1955318621756402,Real 2y yield,,-0.0130484021226278,
2003-04-11,LGBMRegressor,SELL,-0.0230388286801119,True,SHAP,Local Index,0.2680036231848032,0.2680036231848032,Gold,,-0.1845231553301804,Local Index,,0.2680036231848032,Real 2y yield,,-0.0402429725443319,
2004-03-10,LGBMRegressor,SELL,-0.0170542635658914,True,SHAP,Gold,0.2458652714811159,0.2458652714811159,Local Index,,-0.2048351943535993,Gold,,0.2458652714811159,Real 2y yield,,0.017502725252049,
2005-01-07,LGBMRegressor,SELL,-0.0002529724260055,True,SHAP,Gold,0.1529039766572125,0.1529039766572125,Gold,,0.1529039766572125,MSCI World ex-US,,0.0062078430956454,Real 2y yield,,0.0061120133880758,
2005-05-31,LGBMRegressor,BUY,0.0264320719852173,True,SHAP,Gold,0.1254230407132112,0.1254230407132112,Gold,,0.1254230407132112,MSCI World ex-US,,0.0980081244195191,,,,
2005-06-13,LGBMRegressor,SELL,-0.006573798716544,True,SHAP,Gold,-0.2377934188647988,0.2377934188647988,Gold,,-0.2377934188647988,MSCI World ex-US,,0.0879936576426683,,,,
2005-12-12,LGBMRegressor,BUY,0.0203416149068322,True,SHAP,Gold,-0.1315788355364069,0.1315788355364069,MSCI World ex-US,,-0.1119693047969738,Gold,,-0.1315788355364069,,,,
2005-12-14,LGBMRegressor,BUY,0.0277604003753519,True,SHAP,Gold,0.1811066889632542,0.1811066889632542,MSCI World ex-US,,-0.1573056770615047,Gold,,0.1811066889632542,,,,
2006-01-04,LGBMRegressor,BUY,0.0016404968361847,True,SHAP,MSCI World ex-US,-0.2322768633763098,0.2322768633763098,MSCI World ex-US,,-0.2322768633763098,Gold,,0.129129886218253,,,,
2006-01-23,LGBMRegressor,BUY,0.0322094406981356,True,SHAP,Gold,-0.2438047486772081,0.2438047486772081,MSCI World ex-US,,-0.2029050159094895,Gold,,-0.2438047486772081,,,,
2007-04-17,LGBMRegressor,BUY,0.0048792590142243,True,SHAP,Gold,0.1356273569559182,0.1356273569559182,MSCI World - Wilshire,,-0.0644280524893709,Gold,,0.1356273569559182,Real 2y yield,,-0.0499787908300197,
2007-04-24,LGBMRegressor,BUY,0.0125509101487821,True,SHAP,MSCI World - Wilshire,0.1346238412317593,0.1346238412317593,MSCI World - Wilshire,,0.1346238412317593,Gold,,0.1222050425691247,Real 2y yield,,-0.0467117876530335,
2007-08-06,LGBMRegressor,BUY,0.0162553693253599,True,SHAP,MSCI World - Wilshire,0.1054202088678159,0.1054202088678159,Gold,,-0.0031882492739329,MSCI World - Wilshire,,0.1054202088678159,,,,
2007-09-18,LGBMRegressor,SELL,-0.0118577075098814,True,SHAP,Gold,-0.0600579556817027,0.0600579556817027,Gold,,-0.0600579556817027,MSCI World - Dow Jones,,0.0586960018178918,Real 2y yield,,-0.0201796200907015,
2007-10-05,LGBMRegressor,SELL,-0.0035714285714285,True,SHAP,Gold,-0.0648526089114857,0.0648526089114857,Gold,,-0.0648526089114857,MSCI World - Dow Jones,,-0.0521688562172987,,,,
2007-10-09,LGBMRegressor,SELL,-0.0093765838824124,True,SHAP,Gold,-0.091748501074854,0.091748501074854,Gold,,-0.091748501074854,MSCI World - Dow Jones,,0.065891287239457,,,,
2007-11-16,LGBMRegressor,BUY,0.01047448522829,True,SHAP,Gold,0.09743109130363,0.09743109130363,Gold,,0.09743109130363,MSCI World - Dow Jones,,0.0690740019047883,,,,
2008-03-17,LGBMRegressor,BUY,0.006186612576065,True,SHAP,MSCI World - Wilshire,0.0543320460627919,0.0543320460627919,Gold,,0.0242940869943556,MSCI World - Wilshire,,0.0543320460627919,,,,
2008-05-02,LGBMRegressor,SELL,-0.0107934103389509,True,SHAP,MSCI World - Wilshire,-0.2239292738883107,0.2239292738883107,Gold,,-0.1491362955742561,MSCI World - Wilshire,,-0.2239292738883107,,,,
2008-05-19,LGBMRegressor,SELL,-0.0102418207681365,True,SHAP,Gold,-0.1305804850088142,0.1305804850088142,Gold,,-0.1305804850088142,Local Index,,0.0781954669505105,,,,
2009-07-30,LGBMRegressor,SELL,-0.0164310629704425,True,SHAP,BCOM Index,-0.4613604236111187,0.4613604236111187,MSCI World - Dow Jones,,-0.2162840091662485,BCOM Index,,-0.4613604236111187,,,,
2009-08-10,LGBMRegressor,SELL,-0.0229387379087977,True,SHAP,BCOM Index,-0.069553296805374,0.069553296805374,MSCI World - Dow Jones,,-0.0165676695355418,BCOM Index,,-0.069553296805374,,,,
2010-05-19,LGBMRegressor,SELL,-0.0020754064337601,True,SHAP,MSCI World ex-US,0.4367766418201044,0.4367766418201044,MSCI World ex-US,,0.4367766418201044,Oil,,0.0524898233468639,JPMVG71M Index,,0.033002268096466,
2010-05-24,LGBMRegressor,SELL,-0.0044113830983477,True,SHAP,VIX Index,-0.288464807426718,0.288464807426718,MSCI World ex-US,,0.252456465868829,BCOM Index,,0.0533808157167693,VIX Index,,-0.288464807426718,
2010-05-26,LGBMRegressor,SELL,-0.0158593345974831,True,SHAP,MSCI World ex-US,-0.4458595539267799,0.4458595539267799,MSCI World ex-US,,-0.4458595539267799,BCOM Index,,-0.3534955442114966,VIX Index,,-0.256523381512471,
2010-05-28,LGBMRegressor,SELL,-0.0135252297555055,True,SHAP,MSCI World ex-US,-0.2443966745364172,0.2443966745364172,MSCI World ex-US,,-0.2443966745364172,BCOM Index,,0.1253131311391888,,,,
2010-09-15,LGBMRegressor,SELL,-0.0279106858054227,True,SHAP,MSCI World ex-US,0.0967201493035658,0.0967201493035658,BCOM Index,,-0.0352726963849756,MSCI World ex-US,,0.0967201493035658,Real 2y yield,,-0.0269682269009868,
2010-12-30,LGBMRegressor,BUY,0.0307396733909701,True,SHAP,MSCI World - Dow Jones,-0.0574951304446768,0.0574951304446768,MSCI World - Dow Jones,,-0.0574951304446768,BCOM Index,,0.006045464788607,Real 2y yield,,-0.0460158901829218,
2011-03-08,LGBMRegressor,SELL,-0.0326342820457949,True,SHAP,MSCI World - Dow Jones,0.2241282276362252,0.2241282276362252,MSCI World - Dow Jones,,0.2241282276362252,Gold,,0.0231984547333375,Real 2y yield,,0.0094308286034273,
2011-05-02,LGBMRegressor,BUY,0.0206018518518518,True,SHAP,Gold,0.154892396938043,0.154892396938043,MSCI World - Dow Jones,,-0.0765290047398156,Gold,,0.154892396938043,2y yield,,0.0035308516824484,
2011-11-09,LGBMRegressor,BUY,0.0252759381898453,True,SHAP,Local - Dow Jones,0.4062745079409677,0.4062745079409677,Local - Dow Jones,,0.4062745079409677,Gold,,0.3009049267925566,JPMVG71M Index,,0.1696496092674205,
2011-11-17,LGBMRegressor,BUY,0.0056725209992365,True,SHAP,Gold,0.7265335782406819,0.7265335782406819,Local - Dow Jones,,-0.0720343213177192,Gold,,0.7265335782406819,JPMVG71M Index,,0.0756884080469745,
2011-11-21,LGBMRegressor,BUY,0.0119021620441144,True,SHAP,Gold,0.4996033214451716,0.4996033214451716,Local - Dow Jones,,-0.0307706946481119,Gold,,0.4996033214451716,MOVE Index,,0.0,
2012-02-15,LGBMRegressor,SELL,-0.0186490295999132,True,SHAP,MOVE Index,-0.2296647611496534,0.2296647611496534,Local - Dow Jones,,0.1213317154487258,BCOM Index,,-0.0190559711980699,MOVE Index,,-0.2296647611496534,
2012-03-09,LGBMRegressor,SELL,-0.0125,True,SHAP,Local - Dow Jones,-0.0550341270993427,0.0550341270993427,Local - Dow Jones,,-0.0550341270993427,BCOM Index,,-0.0106463257897338,MOVE Index,,-0.0072674341448164,
2012-04-25,LGBMRegressor,BUY,0.0192371111355391,True,SHAP,Local - Dow Jones,-0.0746505523124664,0.0746505523124664,Local - Dow Jones,,-0.0746505523124664,BCOM Index,,-0.0389598725755305,MOVE Index,,-0.0566144531144567,
2012-07-26,LGBMRegressor,BUY,0.0001022494887525,True,SHAP,MSCI World ex-US,-0.5089516040678588,0.5089516040678588,MSCI World ex-US,,-0.5089516040678588,BCOM Index,,0.0,10y yield,,-0.0152139152689115,
2013-01-15,LGBMRegressor,SELL,-0.0162803234501347,True,SHAP,MSCI World ex-US,-0.0700847424283728,0.0700847424283728,MSCI World ex-US,,-0.0700847424283728,Copper LME,,-0.0436147655205473,Real 2y yield,,0.0,
2013-07-05,LGBMRegressor,SELL,-0.023171238570241,True,SHAP,MSCI World ex-US,0.0934441934350023,0.0934441934350023,MSCI World ex-US,,0.0934441934350023,BCOM Index,,0.0017936478582996,Real 2y yield,,0.0,
2013-10-02,LGBMRegressor,BUY,0.0012199179327936,True,SHAP,Gold,-0.187370002605488,0.187370002605488,MSCI World ex-US,,-0.0084322649145851,Gold,,-0.187370002605488,Real 2y yield,,-0.0021312443121166,
2014-11-13,LGBMRegressor,BUY,0.0024911770811708,True,SHAP,Local Index,0.1102069857927989,0.1102069857927989,Gold,,0.0611773730458162,Local Index,,0.1102069857927989,5y yield,,-0.0443052758654929,
2014-11-18,LGBMRegressor,BUY,0.0204528853177501,True,SHAP,5y yield,-0.1766656051927182,0.1766656051927182,Gold,,-0.0929418600436494,5y yield,,-0.1766656051927182,Local Index,,0.085435793228556,
2015-01-15,LGBMRegressor,BUY,0.0313549832026875,True,SHAP,5y yield,-0.1327870625031369,0.1327870625031369,Local Index,,-0.0947547636247926,Gold,,-0.1107530604953145,5y yield,,-0.1327870625031369,
2015-07-10,LGBMRegressor,BUY,0.0222080544044203,True,SHAP,Local Index,0.6380643257650335,0.6380643257650335,Local Index,,0.6380643257650335,Gold,,-0.0865886086394585,VIX Index,,0.089759790547518,
2015-07-14,LGBMRegressor,BUY,0.0189237762977059,True,SHAP,Local Index,0.1298666953386165,0.1298666953386165,Local Index,,0.1298666953386165,Gold,,-0.024353911395377,VIX Index,,0.0022374581721538,
2015-08-05,LGBMRegressor,SELL,-0.0110091743119266,True,SHAP,Local Index,0.066525078486,0.066525078486,Local Index,,0.066525078486,Gold,,-0.0274381182499339,JPMVG71M Index,,0.0,
2016-01-29,LGBMRegressor,SELL,-0.0447877958145902,True,SHAP,Local Index,0.2415167955606645,0.2415167955606645,Local Index,,0.2415167955606645,Gold,,-0.1221477601530455,5y yield,,-0.0821530451949877,
2016-02-18,LGBMRegressor,SELL,-0.0020120724346076,True,SHAP,Gold,-0.2361910211216058,0.2361910211216058,Local Index,,0.0126142019602775,Gold,,-0.2361910211216058,5y yield,,-0.1346965822003039,
2016-12-14,LGBMRegressor,BUY,0.0129715813446875,True,SHAP,2y yield,0.2308913133802515,0.2308913133802515,Local Index,,0.0996288451075176,Gold,,0.1522840450104727,2y yield,,0.2308913133802515,
2017-05-17,LGBMRegressor,SELL,-0.0097879282218598,True,SHAP,MSCI World - S&P500,-0.4645969188135833,0.4645969188135833,MSCI World - S&P500,,-0.4645969188135833,Gold,,-0.2127070090616433,5y yield,,-0.0521414629933868,
2017-06-28,LGBMRegressor,BUY,0.0080141548709409,True,SHAP,MSCI World - S&P500,0.1238943618746085,0.1238943618746085,MSCI World - S&P500,,0.1238943618746085,Gold,,0.0261839082146359,Real 2y yield,,-0.0401961763663772,
2017-07-18,LGBMRegressor,BUY,0.0135418853663658,True,SHAP,Gold,-0.1146029830046006,0.1146029830046006,MSCI World - S&P500,,0.0127926032860128,Gold,,-0.1146029830046006,5y yield,,-0.0430906914148159,
2017-08-14,LGBMRegressor,SELL,-0.0164710726786082,True,SHAP,MSCI World - S&P500,0.0949600027002159,0.0949600027002159,MSCI World - S&P500,,0.0949600027002159,Gold,,0.0246931880500517,5y yield,,0.0094509522694155,
2017-11-24,LGBMRegressor,BUY,0.0143032284429913,True,SHAP,Gold,0.0822315417865355,0.0822315417865355,MSCI World - S&P500,,-0.0522328945755442,Gold,,0.0822315417865355,Real 2y yield,,-0.0105462018469848,
2017-11-30,LGBMRegressor,BUY,0.0063020939215288,True,SHAP,MSCI World - S&P500,0.3729756186262027,0.3729756186262027,MSCI World - S&P500,,0.3729756186262027,Gold,,0.0932216055836724,Real 2y yield,,0.0703627114379596,
2018-02-05,LGBMRegressor,SELL,-0.0012812299807815,True,SHAP,Local Index,-0.3027765906988743,0.3027765906988743,Gold,,-0.1379207951678916,Local Index,,-0.3027765906988743,5y yield,,-0.0663832725008049,
2018-07-11,LGBMRegressor,BUY,0.0010068465565846,True,SHAP,Gold,0.1539909410311843,0.1539909410311843,Gold,,0.1539909410311843,Local Index,,-0.1396526435950081,Real 2y yield,,-0.0071635343038281,
2019-01-04,LGBMRegressor,BUY,0.0114616086824221,True,SHAP,Gold,0.1417708382356759,0.1417708382356759,Gold,,0.1417708382356759,Local Index,,0.1144287700473099,,,,
2019-06-24,LGBMRegressor,BUY,0.0213991769547325,True,SHAP,Gold,-0.1534247402330351,0.1534247402330351,Gold,,-0.1534247402330351,MSCI World - S&P500,,0.047068253854481,MOVE Index,,-0.0114108003596522,
2019-08-05,LGBMRegressor,BUY,0.0089496965332784,True,SHAP,Gold,-0.1846053451911551,0.1846053451911551,Gold,,-0.1846053451911551,Local Index,,-0.0461040836119224,10y yield,,0.0108939857576286,
2019-10-02,LGBMRegressor,SELL,-0.0105263157894737,True,SHAP,Gold,-0.3341573828207548,0.3341573828207548,Gold,,-0.3341573828207548,Local Index,,-0.0777224967681349,2y yield,,0.083156833120453,
2020-01-15,LGBMRegressor,BUY,0.0060203446128295,True,SHAP,Gold,-0.0467371295447674,0.0467371295447674,MSCI World - Wilshire,,0.0121752605217505,Gold,,-0.0467371295447674,2y yield,,0.0007500972336893,
2020-02-19,LGBMRegressor,SELL,-0.028966358369753,True,SHAP,Local Index,0.0728404118710943,0.0728404118710943,Local Index,,0.0728404118710943,Gold,,-0.024128045495198,2y yield,,0.0051753418254455,
2020-02-24,LGBMRegressor,SELL,-0.0490998363338789,True,SHAP,Local Index,-0.1754746799650109,0.1754746799650109,Local Index,,-0.1754746799650109,Gold,,-0.1043541612905751,2y yield,,0.0036811204978162,
2020-03-19,LGBMRegressor,SELL,-0.0121864527267188,True,SHAP,Gold,0.156819442643898,0.156819442643898,Gold,,0.156819442643898,Local Index,,0.1123974651473299,2y yield,,-0.019280541427288,
2020-04-03,LGBMRegressor,SELL,-0.0117622992738058,True,SHAP,2y yield,0.0364222076519317,0.0364222076519317,Gold,,-0.0230635735199934,Local Index,,-0.0360156913876448,2y yield,,0.0364222076519317,
2020-11-06,LGBMRegressor,BUY,0.0161362118851546,True,SHAP,MSCI World - S&P500,-0.0416906232714339,0.0416906232714339,2y yield,,-0.0259287828409205,Gold,,0.0122332148527108,MSCI World - S&P500,,-0.0416906232714339,
2021-10-28,LGBMRegressor,BUY,0.0096459497972158,True,SHAP,MSCI World ex-US,-0.074977951088042,0.074977951088042,Gold,,-0.0160963013726197,MSCI World ex-US,,-0.074977951088042,5y yield,,0.001286020431219,
2021-11-30,LGBMRegressor,BUY,0.002061408267332,True,SHAP,MSCI World ex-US,0.22358382321666,0.22358382321666,Gold,,0.0434834498908658,MSCI World ex-US,,0.22358382321666,5y yield,,0.038621745380893,
2022-03-31,LGBMRegressor,BUY,0.0233416567147974,True,SHAP,MSCI World ex-US,0.1328219070333804,0.1328219070333804,Gold,,-0.0292992117893796,MSCI World ex-US,,0.1328219070333804,5y yield,,0.069645435210141,
2022-06-22,LGBMRegressor,BUY,0.0123764950598024,True,SHAP,Real 2y yield,-0.1140831234952136,0.1140831234952136,Real 2y yield,,-0.1140831234952136,Gold,,-0.0562865711489701,MSCI World - Dow Jones,,0.0153877807416853,
2022-06-29,LGBMRegressor,BUY,0.0301855151451631,True,SHAP,MSCI World - Dow Jones,0.3903135644470575,0.3903135644470575,Gold,,0.1108272039823537,Real 2y yield,,0.1116460889466105,MSCI World - Dow Jones,,0.3903135644470575,
2022-11-14,LGBMRegressor,BUY,0.0083801845762172,True,SHAP,MSCI World ex-US,0.0600455479946164,0.0600455479946164,Gold,,-0.0087024626181304,MSCI World ex-US,,0.0600455479946164,Real 2y yield,,0.0357120549483706,
2023-04-26,LGBMRegressor,BUY,0.0011234692731154,True,SHAP,MSCI World ex-US,0.069032244878793,0.069032244878793,MSCI World ex-US,,0.069032244878793,Gold,,0.0240285461755916,2y yield,,0.0570605074523547,
2023-04-28,LGBMRegressor,BUY,0.0067332510380428,True,SHAP,MSCI World ex-US,0.0276402973191249,0.0276402973191249,MSCI World ex-US,,0.0276402973191249,Gold,,-0.0128445034122555,2y yield,,0.0243031774357165,
2023-12-27,LGBMRegressor,BUY,0.0165141974575264,True,SHAP,2y yield,-0.3146997714883264,0.3146997714883264,MSCI World ex-US,,-0.1803511366224093,Copper LME,,-0.1001607155693592,2y yield,,-0.3146997714883264,
2024-02-13,LGBMRegressor,SELL,-0.0086878032268982,True,SHAP,2y yield,0.246594123047161,0.246594123047161,MSCI World ex-US,,0.1364086536550173,Copper LME,,-0.0940925326995492,2y yield,,0.246594123047161,
2024-03-01,LGBMRegressor,SELL,-0.0007914970601536,True,SHAP,Gold,-0.3452423946143488,0.3452423946143488,MSCI World ex-US,,-0.2269760957348896,Gold,,-0.3452423946143488,5y yield,,0.0342199827027069,
2024-08-02,LGBMRegressor,BUY,0.0092969203951192,True,SHAP,MSCI World ex-US,0.1549999841730175,0.1549999841730175,5y yield,,-0.1262023620654569,FN1 Comdty,,-0.0094750571150988,MSCI World ex-US,,0.1549999841730175,
2024-08-27,LGBMRegressor,BUY,0.0078208318521151,True,SHAP,5y yield,-0.0477805536220331,0.0477805536220331,5y yield,,-0.0477805536220331,FN1 Comdty,,-0.0018859449971812,MSCI World ex-US,,0.0197766787803559,
2024-12-26,LGBMRegressor,BUY,0.019111111111111,True,SHAP,5y yield,0.0245062484106603,0.0245062484106603,5y yield,,0.0245062484106603,MSCI World - S&P500,,-0.0095029704093425,Copper LME,,-0.0018301517916917,
2025-08-29,LGBMRegressor,SELL,-0.0072536268134066,True,SHAP,Gold,-0.1386356856116317,0.1386356856116317,MSCI World - S&P500,,-0.0844211815754529,Gold,,-0.1386356856116317,2y yield,,-0.0568486910945186,
2025-10-08,LGBMRegressor,SELL,-0.0079800498753117,True,SHAP,Gold,-0.0831985405762852,0.0831985405762852,MSCI World - S&P500,,0.0591252226997856,Gold,,-0.0831985405762852,2y yield,,0.0687414215856679,
2002-01-25,SGDRegressor,SELL,-0.007342143906020504,True,BETA,MSCI World - Wilshire,-0.19254165741654944,0.19254165741654944,MSCI World - Wilshire,-0.19254165741654944,,Gold,-0.16269921863685527,,Real 2y yield,0.05058254235046705,,BETA
2002-02-07,SGDRegressor,SELL,-0.0034222327118244023,True,BETA,MSCI World - Wilshire,-0.19843525405611265,0.19843525405611265,MSCI World - Wilshire,-0.19843525405611265,,Gold,-0.1553955894189547,,Real 2y yield,0.04375100295456297,,BETA
2002-03-14,SGDRegressor,BUY,0.015366074118710493,True,BETA,MSCI World - Wilshire,-0.16461341989158804,0.16461341989158804,MSCI World - Wilshire,-0.16461341989158804,,Gold,-0.12832703806875223,,Real 2y yield,0.04637001045262359,,BETA
2002-08-06,SGDRegressor,SELL,-0.006807666886979535,True,BETA,Local Index,0.15884050736327393,0.15884050736327393,Local Index,0.15884050736327393,,Gold,-0.11664191666125907,,,,,BETA
2002-09-17,SGDRegressor,SELL,-0.026904354690172272,True,BETA,Local Index,0.23959226797077057,0.23959226797077057,Local Index,0.23959226797077057,,Gold,-0.16933286843245252,,,,,BETA
2002-11-08,SGDRegressor,BUY,0.02805875017320214,True,BETA,Local Index,0.17733600447068967,0.17733600447068967,Gold,-0.17492494655086696,,Local Index,0.17733600447068967,,,,,BETA
2003-03-17,SGDRegressor,SELL,-0.022174070061394158,True,BETA,Gold,-0.21113016155644068,0.21113016155644068,Gold,-0.21113016155644068,,Local Index,0.17140482864063086,,Real 2y yield,0.039582321112126825,,BETA
2004-03-08,SGDRegressor,SELL,-0.01782921488895839,True,BETA,Gold,-0.38155967294803533,0.38155967294803533,Local Index,0.35823050735472245,,Gold,-0.38155967294803533,,Real 2y yield,0.026313120423891632,,BETA
2004-03-10,SGDRegressor,SELL,-0.01705426356589146,True,BETA,Gold,-0.3830685000756908,0.3830685000756908,Local Index,0.36842306681173437,,Gold,-0.3830685000756908,,Real 2y yield,0.0248354922922849,,BETA
2004-03-26,SGDRegressor,SELL,-0.004581456747942192,True,BETA,Gold,-0.38786207960065205,0.38786207960065205,Local Index,0.3548830514272472,,Gold,-0.38786207960065205,,Real 2y yield,0.021227091255397408,,BETA
2004-07-23,SGDRegressor,SELL,-0.009262191260291375,True,BETA,Gold,-0.4716364058302818,0.4716364058302818,Gold,-0.4716364058302818,,Local Index,0.25084527622814895,,Real 2y yield,0.013122254402699747,,BETA
2004-07-30,SGDRegressor,SELL,-0.03055642388246338,True,BETA,Gold,-0.4955010470647574,0.4955010470647574,Gold,-0.4955010470647574,,Local Index,0.24458385624381077,,Real 2y yield,0.0002494967952857378,,BETA
2004-08-05,SGDRegressor,SELL,-0.026950799122532065,True,BETA,Gold,-0.4929991163478087,0.4929991163478087,Gold,-0.4929991163478087,,Local Index,0.25016572794073105,,Real 2y yield,-0.0010219157438321111,,BETA
2005-02-07,SGDRegressor,SELL,-0.04950090001636398,True,BETA,Gold,-0.5147993597377268,0.5147993597377268,Gold,-0.5147993597377268,,MSCI World ex-US,-0.06101144322991742,,Real 2y yield,0.040056674292682136,,BETA
2005-05-31,SGDRegressor,BUY,0.026432071985217354,True,BETA,Gold,-0.4757339301308388,0.4757339301308388,Gold,-0.4757339301308388,,MSCI World ex-US,-0.12313155287604763,,,,,BETA
2005-06-13,SGDRegressor,SELL,-0.006573798716544066,True,BETA,Gold,-0.4377181250813267,0.4377181250813267,Gold,-0.4377181250813267,,MSCI World ex-US,-0.15135598812749182,,,,,BETA
2005-12-14,SGDRegressor,BUY,0.02776040037535199,True,BETA,MSCI World ex-US,-0.20441761428614413,0.20441761428614413,MSCI World ex-US,-0.20441761428614413,,Gold,-0.20059625911064782,,,,,BETA
2006-01-23,SGDRegressor,BUY,0.032209440698135694,True,BETA,MSCI World ex-US,-0.20711208581805124,0.20711208581805124,MSCI World ex-US,-0.20711208581805124,,Gold,-0.13862956154571957,,,,,BETA
2006-03-16,SGDRegressor,BUY,0.0044853452942541505,True,BETA,MSCI World ex-US,-0.17657677868762278,0.17657677868762278,MSCI World ex-US,-0.17657677868762278,,Gold,-0.08361136691304318,,,,,BETA
2006-07-25,SGDRegressor,SELL,-0.021780756342747787,True,BETA,MSCI World - Dow Jones,-0.17349604880895625,0.17349604880895625,MSCI World - Dow Jones,-0.17349604880895625,,Real 2y yield,0.05725994091096768,,Gold,-0.0764047580556992,,BETA
2006-10-10,SGDRegressor,SELL,-0.00260026790639023,True,BETA,MSCI World - Dow Jones,-0.1903433099319035,0.1903433099319035,MSCI World - Dow Jones,-0.1903433099319035,,Gold,-0.07719368214680195,,Real 2y yield,0.02712099485732829,,BETA
2007-04-19,SGDRegressor,BUY,0.008884091663899252,True,BETA,MSCI World - Wilshire,-0.1914765533731933,0.1914765533731933,MSCI World - Wilshire,-0.1914765533731933,,Gold,-0.1285618082091394,,Real 2y yield,0.04923329678083138,,BETA
2007-04-24,SGDRegressor,BUY,0.01255091014878218,True,BETA,MSCI World - Wilshire,-0.19269107618722098,0.19269107618722098,MSCI World - Wilshire,-0.19269107618722098,,Gold,-0.12487093040050944,,Real 2y yield,0.04948550096375725,,BETA
2007-06-12,SGDRegressor,SELL,-0.011268512556342536,True,BETA,MSCI World - S&P500,-0.2094873978424179,0.2094873978424179,MSCI World - S&P500,-0.2094873978424179,,Gold,-0.12716593552023722,,Real 2y yield,0.05995231201765378,,BETA
2007-06-14,SGDRegressor,SELL,-0.013331191776421614,True,BETA,MSCI World - S&P500,-0.20539238271752316,0.20539238271752316,MSCI World - S&P500,-0.20539238271752316,,Gold,-0.13054437816788844,,Real 2y yield,0.06124568109403449,,BETA
2007-08-06,SGDRegressor,BUY,0.01625536932535998,True,BETA,Gold,-0.13653896371582097,0.13653896371582097,Gold,-0.13653896371582097,,MSCI World - Wilshire,-0.1349193406485249,,,,,BETA
2007-09-18,SGDRegressor,SELL,-0.011857707509881465,True,BETA,Gold,-0.13087331932278073,0.13087331932278073,Gold,-0.13087331932278073,,MSCI World - Dow Jones,-0.05510378372936779,,Real 2y yield,0.03932113452550066,,BETA
2007-10-05,SGDRegressor,SELL,-0.0035714285714285587,True,BETA,Gold,-0.14625875946891415,0.14625875946891415,Gold,-0.14625875946891415,,MSCI World - Dow Jones,-0.0648810022921266,,,,,BETA
2007-10-09,SGDRegressor,SELL,-0.00937658388241247,True,BETA,Gold,-0.1417876899539562,0.1417876899539562,Gold,-0.1417876899539562,,MSCI World - Dow Jones,-0.05837241371955055,,,,,BETA
2007-11-21,SGDRegressor,BUY,0.01920811814804768,True,BETA,Gold,-0.10954074008366563,0.10954074008366563,Gold,-0.10954074008366563,,MSCI World - Dow Jones,-0.05466721841683734,,JPMVG71M Index,-0.03178795286330967,,BETA
2008-03-17,SGDRegressor,BUY,0.006186612576065009,True,BETA,Gold,-0.12243133706734234,0.12243133706734234,Gold,-0.12243133706734234,,MSCI World - Wilshire,-0.06236605024541901,,,,,BETA
2008-05-02,SGDRegressor,SELL,-0.010793410338950982,True,BETA,Gold,-0.18807985741031094,0.18807985741031094,Gold,-0.18807985741031094,,MSCI World - Wilshire,-0.07428610128829045,,,,,BETA
2008-09-08,SGDRegressor,SELL,-0.04174774456041053,True,BETA,Gold,-0.2733978741316017,0.2733978741316017,Gold,-0.2733978741316017,,Local Index,0.2076241846707847,,5y yield,0.12520946350359563,,BETA
2009-05-29,SGDRegressor,BUY,0.005985783763561514,True,BETA,MSCI World - Dow Jones,-0.3278764954388528,0.3278764954388528,MSCI World - Dow Jones,-0.3278764954388528,,BCOM Index,-0.12711266207557465,,,,,BETA
2009-06-02,SGDRegressor,BUY,0.021554969879518104,True,BETA,MSCI World - Dow Jones,-0.3409138872420288,0.3409138872420288,MSCI World - Dow Jones,-0.3409138872420288,,Gold,-0.12201087796121257,,,,,BETA
2009-07-29,SGDRegressor,SELL,-0.010751700055136926,True,BETA,MSCI World - Dow Jones,-0.37187998878427114,0.37187998878427114,MSCI World - Dow Jones,-0.37187998878427114,,BCOM Index,-0.16071259407455726,,,,,BETA
2009-08-07,SGDRegressor,SELL,-0.019674856826159326,True,BETA,MSCI World - Dow Jones,-0.3741053883600931,0.3741053883600931,MSCI World - Dow Jones,-0.3741053883600931,,BCOM Index,-0.1627785743262411,,,,,BETA
2009-12-11,SGDRegressor,SELL,-0.0014484356894554073,True,BETA,MSCI World ex-US,-0.5759763542026783,0.5759763542026783,MSCI World ex-US,-0.5759763542026783,,BCOM Index,-0.05329491063686361,,,,,BETA
2010-04-02,SGDRegressor,SELL,-0.0007524454477049192,True,BETA,MSCI World ex-US,-0.5097654035433911,0.5097654035433911,MSCI World ex-US,-0.5097654035433911,,Oil,-0.1551341016084327,,2y yield,0.16379092015440924,,BETA
2010-04-06,SGDRegressor,SELL,-0.0028961136023917255,True,BETA,MSCI World ex-US,-0.5181250942309055,0.5181250942309055,MSCI World ex-US,-0.5181250942309055,,Oil,-0.14332986211773222,,,,,BETA
2010-05-06,SGDRegressor,BUY,0.03678326721961778,True,BETA,MSCI World ex-US,-0.4857217611447849,0.4857217611447849,MSCI World ex-US,-0.4857217611447849,,Oil,-0.14097822439392743,,2y yield,0.13695330116114618,,BETA
2010-09-15,SGDRegressor,SELL,-0.027910685805422775,True,BETA,BCOM Index,-0.1865448863023787,0.1865448863023787,BCOM Index,-0.1865448863023787,,MSCI World ex-US,-0.18077566516956742,,Real 2y yield,0.10323629699290403,,BETA
2010-12-30,SGDRegressor,BUY,0.030739673390970168,True,BETA,MSCI World - Dow Jones,-0.21895314435721222,0.21895314435721222,MSCI World - Dow Jones,-0.21895314435721222,,BCOM Index,-0.21837205225274153,,Real 2y yield,0.10479412323042767,,BETA
2011-05-03,SGDRegressor,BUY,0.027761644790335716,True,BETA,MSCI World - Dow Jones,-0.20919724773705384,0.20919724773705384,MSCI World - Dow Jones,-0.20919724773705384,,Gold,-0.173601836384813,,2y yield,0.003120756631972637,,BETA
2011-08-09,SGDRegressor,BUY,0.07903733078080144,True,BETA,Gold,-0.22860682423323384,0.22860682423323384,Gold,-0.22860682423323384,,VIX Index,-0.07110648699238055,,Local - Dow Jones,0.10425045371415086,,BETA
2012-01-05,SGDRegressor,SELL,-0.021095717884131004,True,BETA,Local - Dow Jones,0.23580104194329476,0.23580104194329476,Local - Dow Jones,0.23580104194329476,,BCOM Index,-0.1662818842667019,,MOVE Index,0.15248656481142597,,BETA
2012-01-13,SGDRegressor,SELL,-0.03734004615061892,True,BETA,Local - Dow Jones,0.23366389622161288,0.23366389622161288,Local - Dow Jones,0.23366389622161288,,BCOM Index,-0.17357012764325108,,MOVE Index,0.15071528480115864,,BETA
2012-03-09,SGDRegressor,SELL,-0.012500000000000067,True,BETA,Local - Dow Jones,0.24431206846387415,0.24431206846387415,Local - Dow Jones,0.24431206846387415,,BCOM Index,-0.22316856469829616,,MOVE Index,0.1632285929349287,,BETA
2012-04-05,SGDRegressor,SELL,-0.004891304347826142,True,BETA,Local - Dow Jones,0.24505981010589928,0.24505981010589928,Local - Dow Jones,0.24505981010589928,,BCOM Index,-0.2359443123431474,,MOVE Index,0.151891220142036,,BETA
2012-08-03,SGDRegressor,BUY,0.005671857275445946,True,BETA,MSCI World ex-US,-0.3866278622042642,0.3866278622042642,MSCI World ex-US,-0.3866278622042642,,BCOM Index,-0.09455581625514256,,10y yield,-0.05278455845829334,,BETA
2013-01-15,SGDRegressor,SELL,-0.016280323450134748,True,BETA,MSCI World ex-US,-0.37930119962648196,0.37930119962648196,MSCI World ex-US,-0.37930119962648196,,Copper LME,-0.10569577276705656,,Real 2y yield,0.08518752954203943,,BETA
2013-04-12,SGDRegressor,BUY,0.013347685683530619,True,BETA,MSCI World ex-US,-0.3035104909989107,0.3035104909989107,MSCI World ex-US,-0.3035104909989107,,Copper LME,-0.1473117612646232,,Real 2y yield,0.05357007671314442,,BETA
2013-06-12,SGDRegressor,BUY,0.027339069818102635,True,BETA,MSCI World ex-US,-0.20889248468159954,0.20889248468159954,MSCI World ex-US,-0.20889248468159954,,Gold,-0.184206223471974,,Real 2y yield,0.0737818084168732,,BETA
2013-07-09,SGDRegressor,SELL,-0.03779786359901405,True,BETA,MSCI World ex-US,-0.16978760419300482,0.16978760419300482,MSCI World ex-US,-0.16978760419300482,,BCOM Index,-0.12124773603921006,,Real 2y yield,0.070172092906431,,BETA
2013-09-27,SGDRegressor,BUY,0.005856353591160213,True,BETA,MSCI World ex-US,-0.13809590135778338,0.13809590135778338,MSCI World ex-US,-0.13809590135778338,,Gold,-0.12701651753148768,,Real 2y yield,0.07611037135847798,,BETA
2013-10-02,SGDRegressor,BUY,0.001219917932793635,True,BETA,MSCI World ex-US,-0.13313754419022752,0.13313754419022752,MSCI World ex-US,-0.13313754419022752,,Gold,-0.1300875748054319,,Real 2y yield,0.07466965779811882,,BETA
2014-01-15,SGDRegressor,SELL,-0.004623513870541607,True,BETA,MSCI World - S&P500,-0.12695274708377433,0.12695274708377433,Gold,-0.11800730885355644,,MSCI World - S&P500,-0.12695274708377433,,5y yield,0.0573611977647229,,BETA
2014-07-30,SGDRegressor,SELL,-0.001868953386103711,True,BETA,MSCI World - Dow Jones,-0.15038833701724938,0.15038833701724938,MSCI World - Dow Jones,-0.15038833701724938,,Gold,-0.06696503964837766,,5y yield,0.058658776332370696,,BETA
2014-08-05,SGDRegressor,SELL,-0.0014282575258184327,True,BETA,MSCI World - Dow Jones,-0.14816251762607485,0.14816251762607485,MSCI World - Dow Jones,-0.14816251762607485,,Gold,-0.08217948314518239,,10y yield,0.04640015349655773,,BETA
2014-09-30,SGDRegressor,SELL,-0.011513502198032266,True,BETA,MSCI World - Dow Jones,-0.11283697169532388,0.11283697169532388,Gold,-0.09200179602688913,,MSCI World - Dow Jones,-0.11283697169532388,,5y yield,0.06943762733213327,,BETA
2014-10-03,SGDRegressor,SELL,-0.023991726990692852,True,BETA,MSCI World - Dow Jones,-0.09446706137403939,0.09446706137403939,Gold,-0.082800978419646,,MSCI World - Dow Jones,-0.09446706137403939,,5y yield,0.06940744368728063,,BETA
2014-11-18,SGDRegressor,BUY,0.020452885317750136,True,BETA,Local Index,0.10276485515845489,0.10276485515845489,Gold,-0.09143538888721738,,5y yield,0.08247528869665273,,Local Index,0.10276485515845489,,BETA
2015-01-07,SGDRegressor,SELL,-0.14586614173228352,True,BETA,Local Index,0.12061859014244948,0.12061859014244948,Local Index,0.12061859014244948,,5y yield,0.08918986518979924,,Gold,-0.08771816599851312,,BETA
2015-01-15,SGDRegressor,BUY,0.03135498320268759,True,BETA,Local Index,0.10759220844968229,0.10759220844968229,Local Index,0.10759220844968229,,Gold,-0.08124017447981696,,5y yield,0.08242480697762546,,BETA
2015-05-05,SGDRegressor,BUY,0.011336644353271419,True,BETA,Local Index,0.4516771937425696,0.4516771937425696,Local Index,0.4516771937425696,,Gold,-0.25485308976647403,,,,,BETA
2015-08-07,SGDRegressor,SELL,-0.03420195439739426,True,BETA,Local Index,0.44482401280100764,0.44482401280100764,Local Index,0.44482401280100764,,Gold,-0.28040450063571465,,JPMVG71M Index,-0.09272178119819646,,BETA
2015-08-11,SGDRegressor,SELL,-0.03860573513020571,True,BETA,Local Index,0.4463171976148817,0.4463171976148817,Local Index,0.4463171976148817,,Gold,-0.2803755480789869,,JPMVG71M Index,-0.10238346006056219,,BETA
2015-09-22,SGDRegressor,SELL,-0.005650878454741659,True,BETA,Local Index,0.466508559057507,0.466508559057507,Local Index,0.466508559057507,,Gold,-0.28512167342003997,,5y yield,0.003539820999098198,,BETA
2016-11-28,SGDRegressor,SELL,-9.844457570384879e-05,True,BETA,Local Index,0.10975755473885496,0.10975755473885496,Local Index,0.10975755473885496,,Gold,-0.060428766190252815,,2y yield,0.029267360381027507,,BETA
2017-04-11,SGDRegressor,SELL,-0.014594916600476626,True,BETA,MSCI World - S&P500,-0.3171114739607509,0.3171114739607509,MSCI World - S&P500,-0.3171114739607509,,Gold,-0.150758993631083,,Real 2y yield,0.013380304811360624,,BETA
2017-05-17,SGDRegressor,SELL,-0.00978792822185981,True,BETA,MSCI World - S&P500,-0.3159734454202069,0.3159734454202069,MSCI World - S&P500,-0.3159734454202069,,Gold,-0.13825745863607872,,5y yield,0.025762639910240116,,BETA
2017-06-28,SGDRegressor,BUY,0.008014154870940926,True,BETA,MSCI World - S&P500,-0.3081566428119516,0.3081566428119516,MSCI World - S&P500,-0.3081566428119516,,Gold,-0.1632944615346859,,Real 2y yield,0.04066345439271614,,BETA
2017-08-16,SGDRegressor,SELL,-0.016522988505747183,True,BETA,MSCI World - S&P500,-0.22967502687990554,0.22967502687990554,MSCI World - S&P500,-0.22967502687990554,,Gold,-0.13668792789929296,,5y yield,0.03513470897820472,,BETA
2018-02-05,SGDRegressor,SELL,-0.0012812299807815064,True,BETA,Local Index,0.15535632667323684,0.15535632667323684,Gold,-0.14219813755767174,,Local Index,0.15535632667323684,,5y yield,-0.004357240386247509,,BETA
2019-01-04,SGDRegressor,BUY,0.011461608682422186,True,BETA,Gold,-0.09719917920467414,0.09719917920467414,Gold,-0.09719917920467414,,Local Index,0.057009040663005675,,,,,BETA
2019-06-24,SGDRegressor,BUY,0.02139917695473259,True,BETA,Gold,-0.083581633107004,0.083581633107004,Gold,-0.083581633107004,,MSCI World - S&P500,-0.015318681384200162,,MOVE Index,-0.008405082389122635,,BETA
2019-08-05,SGDRegressor,BUY,0.008949696533278484,True,BETA,Gold,-0.07732439380660051,0.07732439380660051,Gold,-0.07732439380660051,,Local Index,0.03910041939001637,,10y yield,0.0012642258509286913,,BETA
2019-11-13,SGDRegressor,BUY,0.010513546300040533,True,BETA,Gold,-0.12508135297041115,0.12508135297041115,Gold,-0.12508135297041115,,MSCI World - Wilshire,-0.054821809263534874,,2y yield,-0.030424151012002364,,BETA
2020-01-14,SGDRegressor,BUY,0.007233646791360959,True,BETA,Gold,-0.12077479107710434,0.12077479107710434,MSCI World - Wilshire,-0.10702344753804513,,Gold,-0.12077479107710434,,2y yield,-0.024111404714327545,,BETA
2020-02-19,SGDRegressor,SELL,-0.02896635836975303,True,BETA,Gold,-0.12022840493364682,0.12022840493364682,Local Index,0.11734922619238404,,Gold,-0.12022840493364682,,2y yield,-0.022455303223607174,,BETA
2020-03-18,SGDRegressor,SELL,-0.005345944278811521,True,BETA,Local Index,0.10836334044341131,0.10836334044341131,Gold,-0.10672811268070646,,Local Index,0.10836334044341131,,2y yield,0.02265441087483138,,BETA
2020-11-06,SGDRegressor,BUY,0.016136211885154683,True,BETA,Gold,-0.09682838107429041,0.09682838107429041,2y yield,0.05878743863883362,,Gold,-0.09682838107429041,,MSCI World - S&P500,-0.059453070106573164,,BETA
2021-02-04,SGDRegressor,SELL,-0.009190565828811836,True,BETA,Gold,-0.13240197074973825,0.13240197074973825,Gold,-0.13240197074973825,,2y yield,0.08667585474751069,,MSCI World - S&P500,-0.08179959903604536,,BETA
2021-10-28,SGDRegressor,BUY,0.009645949797215891,True,BETA,Gold,-0.15061849074186218,0.15061849074186218,Gold,-0.15061849074186218,,MSCI World ex-US,-0.13202371423387887,,5y yield,0.0014023342158680546,,BETA
2021-11-01,SGDRegressor,BUY,0.021197144426139403,True,BETA,Gold,-0.15210104719957498,0.15210104719957498,Gold,-0.15210104719957498,,MSCI World ex-US,-0.13674920969756985,,5y yield,-0.00011383822951011442,,BETA
2021-11-03,SGDRegressor,BUY,0.015239557066111242,True,BETA,Gold,-0.1622242463922708,0.1622242463922708,Gold,-0.1622242463922708,,MSCI World ex-US,-0.1418053362267336,,VIX Index,0.00434282863371026,,BETA
2021-11-16,SGDRegressor,SELL,-0.01107765110776504,True,BETA,Gold,-0.15390077682393916,0.15390077682393916,MSCI World ex-US,-0.14331957492114564,,Gold,-0.15390077682393916,,VIX Index,0.009447298911104499,,BETA
2021-11-30,SGDRegressor,BUY,0.002061408267332032,True,BETA,Gold,-0.14400248077068997,0.14400248077068997,Gold,-0.14400248077068997,,MSCI World ex-US,-0.10263091695089496,,5y yield,0.032966881171068566,,BETA
2022-05-12,SGDRegressor,SELL,-0.040883646541383434,True,BETA,Gold,-0.14926113775152006,0.14926113775152006,Gold,-0.14926113775152006,,MSCI World - Dow Jones,-0.10403954460031545,,Real 2y yield,0.06474028461125687,,BETA
2022-06-21,SGDRegressor,BUY,0.005590062111801242,True,BETA,Real 2y yield,0.16535657498072634,0.16535657498072634,Real 2y yield,0.16535657498072634,,Gold,-0.1439609388939241,,MSCI World - Dow Jones,-0.10793525863698658,,BETA
2022-09-06,SGDRegressor,SELL,-0.021445268828132913,True,BETA,Gold,-0.14267905012904733,0.14267905012904733,Gold,-0.14267905012904733,,Real 2y yield,0.1208553972199673,,MSCI World - Dow Jones,-0.11425044149590266,,BETA
2023-03-22,SGDRegressor,SELL,-0.020244668182310188,True,BETA,MSCI World ex-US,-0.2473210308267776,0.2473210308267776,MSCI World ex-US,-0.2473210308267776,,Gold,-0.13797214436531072,,Real 2y yield,0.17041434070761433,,BETA
2023-04-03,SGDRegressor,SELL,-0.014895947426067924,True,BETA,MSCI World ex-US,-0.2501783801406282,0.2501783801406282,MSCI World ex-US,-0.2501783801406282,,Gold,-0.13740622951555756,,Real 2y yield,0.15202278695048557,,BETA
2023-12-28,SGDRegressor,BUY,0.01512625059552164,True,BETA,MSCI World ex-US,-0.21480383068631254,0.21480383068631254,MSCI World ex-US,-0.21480383068631254,,Copper LME,-0.13602151062483847,,2y yield,0.16659493982042647,,BETA
2024-08-02,SGDRegressor,BUY,0.009296920395119201,True,BETA,MSCI World ex-US,-0.17450833130686644,0.17450833130686644,5y yield,0.16078146581565148,,FN1 Comdty,-0.16748539819409727,,MSCI World ex-US,-0.17450833130686644,,BETA
2025-04-21,SGDRegressor,BUY,0.021068286032965622,True,BETA,5y yield,0.1150516655233359,0.1150516655233359,5y yield,0.1150516655233359,,MSCI World - S&P500,-0.10157231462553677,,Oil,0.04306942210426946,,BETA
2025-09-02,SGDRegressor,SELL,-0.019419892941615946,True,BETA,Gold,-0.1669593676122262,0.1669593676122262,MSCI World - S&P500,-0.14738462932457522,,Gold,-0.1669593676122262,,2y yield,0.06259308741200147,,BETA
2025-09-10,SGDRegressor,SELL,-0.0035092116806617613,True,BETA,Gold,-0.17011902434696585,0.17011902434696585,MSCI World - S&P500,-0.14746040075209765,,Gold,-0.17011902434696585,,2y yield,0.06897267294941377,,BETA
2025-10-08,SGDRegressor,SELL,-0.007980049875311757,True,BETA,Gold,-0.17538302858796415,0.17538302858796415,MSCI World - S&P500,-0.15591291824714942,,Gold,-0.17538302858796415,,2y yield,0.06239429703739047,,BETA
2002-01-25,StackedEnsemble,SELL,-0.007342143906020504,True,STACK,LGBMRegressor,0.49674497027655234,0.49674497027655234,ElasticNetCV,0.04631466727383574,,XGBRegressor,0.36089961072901755,,LGBMRegressor,0.49674497027655234,,STACK
2002-03-14,StackedEnsemble,BUY,0.015366074118710493,True,STACK,LGBMRegressor,0.6359370130399987,0.6359370130399987,ElasticNetCV,0.3252972604573151,,XGBRegressor,0.13692771030982281,,LGBMRegressor,0.6359370130399987,,STACK
2003-06-03,StackedEnsemble,SELL,-0.005789593966633699,True,STACK,ElasticNetCV,0.4063309147711315,0.4063309147711315,ElasticNetCV,0.4063309147711315,,XGBRegressor,0.2734292725019127,,LGBMRegressor,0.27595137940032327,,STACK
2004-03-26,StackedEnsemble,SELL,-0.004581456747942192,True,STACK,ElasticNetCV,0.9306583154958349,0.9306583154958349,ElasticNetCV,0.9306583154958349,,XGBRegressor,0.25504163929126994,,LGBMRegressor,0.08474558639223839,,STACK
2004-05-05,StackedEnsemble,BUY,0.002589250686543698,True,STACK,ElasticNetCV,0.7644912169871455,0.7644912169871455,ElasticNetCV,0.7644912169871455,,XGBRegressor,0.5377165743396474,,LGBMRegressor,-0.15633461583538036,,STACK
2004-07-30,StackedEnsemble,SELL,-0.03055642388246338,True,STACK,ElasticNetCV,0.7780048052308833,0.7780048052308833,ElasticNetCV,0.7780048052308833,,XGBRegressor,0.4022533392432634,,LGBMRegressor,0.11419601707558974,,STACK
2004-08-30,StackedEnsemble,SELL,-0.016340891321344753,True,STACK,ElasticNetCV,0.6413557144576582,0.6413557144576582,ElasticNetCV,0.6413557144576582,,XGBRegressor,0.44188247901718414,,LGBMRegressor,0.09811460137894014,,STACK
2005-01-07,StackedEnsemble,SELL,-0.0002529724260055266,True,STACK,ElasticNetCV,0.594211006937446,0.594211006937446,ElasticNetCV,0.594211006937446,,XGBRegressor,0.09361128076976978,,LGBMRegressor,0.40275051704138826,,STACK
2005-04-18,StackedEnsemble,BUY,0.010373618959264475,True,STACK,ElasticNetCV,0.997930942028033,0.997930942028033,ElasticNetCV,0.997930942028033,,XGBRegressor,-0.2144834847187954,,LGBMRegressor,0.2946549696552656,,STACK
2006-07-17,StackedEnsemble,SELL,-0.01322539275408785,True,STACK,ElasticNetCV,0.6104029660848747,0.6104029660848747,ElasticNetCV,0.6104029660848747,,XGBRegressor,0.28884197409551476,,LGBMRegressor,0.1100725378584028,,STACK
2006-10-11,StackedEnsemble,SELL,-0.00425129900803034,True,STACK,ElasticNetCV,0.532858083403835,0.532858083403835,ElasticNetCV,0.532858083403835,,XGBRegressor,0.15972391800544408,,LGBMRegressor,0.34565358312253885,,STACK
2007-04-19,StackedEnsemble,BUY,0.008884091663899252,True,STACK,ElasticNetCV,0.38262364543353616,0.38262364543353616,ElasticNetCV,0.38262364543353616,,XGBRegressor,0.28101422849417995,,LGBMRegressor,0.38010348638309277,,STACK
2007-04-24,StackedEnsemble,BUY,0.01255091014878218,True,STACK,ElasticNetCV,0.4202132211983542,0.4202132211983542,ElasticNetCV,0.4202132211983542,,XGBRegressor,0.24264646931746514,,LGBMRegressor,0.2955483963875483,,STACK
2007-07-11,StackedEnsemble,BUY,0.007970773829292677,True,STACK,LGBMRegressor,0.45660742440998986,0.45660742440998986,ElasticNetCV,0.24989328150332404,,XGBRegressor,0.29123355149933533,,LGBMRegressor,0.45660742440998986,,STACK
2007-07-18,StackedEnsemble,BUY,0.0013336667500207788,True,STACK,XGBRegressor,0.439096611298605,0.439096611298605,ElasticNetCV,0.16392081266375974,,XGBRegressor,0.439096611298605,,LGBMRegressor,0.2847283112660758,,STACK
2007-08-15,StackedEnsemble,SELL,-0.016008537886872842,True,STACK,XGBRegressor,0.44278230142923686,0.44278230142923686,ElasticNetCV,0.1942966695755204,,XGBRegressor,0.44278230142923686,,LGBMRegressor,0.2822677897473991,,STACK
2007-11-16,StackedEnsemble,BUY,0.010474485228290087,True,STACK,XGBRegressor,0.3528675952361811,0.3528675952361811,ElasticNetCV,0.24942727265531497,,XGBRegressor,0.3528675952361811,,LGBMRegressor,0.1607777360958213,,STACK
2007-12-14,StackedEnsemble,SELL,-0.017943828016643515,True,STACK,XGBRegressor,0.7722428398960673,0.7722428398960673,ElasticNetCV,0.17406732316432488,,XGBRegressor,0.7722428398960673,,LGBMRegressor,0.13918369844897185,,STACK
2007-12-18,StackedEnsemble,SELL,-0.03426142770405072,True,STACK,XGBRegressor,0.7846340961701457,0.7846340961701457,ElasticNetCV,0.19484461125311026,,XGBRegressor,0.7846340961701457,,LGBMRegressor,0.04008547081576689,,STACK
2008-02-07,StackedEnsemble,SELL,-0.017467644130690685,True,STACK,XGBRegressor,0.7020574591922998,0.7020574591922998,ElasticNetCV,0.413619782407083,,XGBRegressor,0.7020574591922998,,LGBMRegressor,0.18514820265227852,,STACK
2008-02-20,StackedEnsemble,SELL,-0.058075070435335885,True,STACK,XGBRegressor,0.6899596543098685,0.6899596543098685,ElasticNetCV,0.572613725625097,,XGBRegressor,0.6899596543098685,,LGBMRegressor,-0.19341174384781204,,STACK
2008-03-10,StackedEnsemble,BUY,0.00372841444269989,True,STACK,LGBMRegressor,0.4278628981046144,0.4278628981046144,ElasticNetCV,0.3518188282959568,,XGBRegressor,0.2475477481322662,,LGBMRegressor,0.4278628981046144,,STACK
2008-03-17,StackedEnsemble,BUY,0.006186612576065009,True,STACK,LGBMRegressor,0.46258999383545163,0.46258999383545163,ElasticNetCV,0.28357320909958206,,XGBRegressor,0.3954034767104765,,LGBMRegressor,0.46258999383545163,,STACK
2008-09-08,StackedEnsemble,SELL,-0.04174774456041053,True,STACK,ElasticNetCV,0.7456752379292063,0.7456752379292063,ElasticNetCV,0.7456752379292063,,XGBRegressor,0.13834630209826465,,LGBMRegressor,0.4088861953196505,,STACK
2009-06-15,StackedEnsemble,SELL,-0.00849936026320608,True,STACK,ElasticNetCV,0.7624252923298062,0.7624252923298062,ElasticNetCV,0.7624252923298062,,XGBRegressor,0.5950881875845903,,LGBMRegressor,0.3053615884499698,,STACK
2009-07-03,StackedEnsemble,SELL,-0.008929393353585557,True,STACK,ElasticNetCV,0.8601642563721723,0.8601642563721723,ElasticNetCV,0.8601642563721723,,XGBRegressor,0.6221651461902927,,LGBMRegressor,0.4291751404883615,,STACK
2009-07-08,StackedEnsemble,SELL,-0.024169184290030232,True,STACK,ElasticNetCV,0.7369902284622021,0.7369902284622021,ElasticNetCV,0.7369902284622021,,XGBRegressor,0.4710570851858298,,LGBMRegressor,0.4026625205461071,,STACK
2009-07-14,StackedEnsemble,SELL,-0.013456221198156593,True,STACK,ElasticNetCV,0.5410926761923094,0.5410926761923094,ElasticNetCV,0.5410926761923094,,XGBRegressor,0.38031040410362527,,LGBMRegressor,0.5258700144318946,,STACK
2009-08-07,StackedEnsemble,SELL,-0.019674856826159326,True,STACK,ElasticNetCV,0.48903742763129043,0.48903742763129043,ElasticNetCV,0.48903742763129043,,XGBRegressor,0.4049389296305779,,LGBMRegressor,0.44323640446096546,,STACK
2009-10-14,StackedEnsemble,BUY,0.00589854502556042,True,STACK,ElasticNetCV,0.488428579150022,0.488428579150022,ElasticNetCV,0.488428579150022,,XGBRegressor,0.40349518556097147,,LGBMRegressor,0.21724667372981166,,STACK
2009-10-22,StackedEnsemble,BUY,0.010030787565795896,True,STACK,XGBRegressor,0.6516849930962487,0.6516849930962487,ElasticNetCV,0.3334970591649978,,XGBRegressor,0.6516849930962487,,LGBMRegressor,-0.08277011061690243,,STACK
2010-05-19,StackedEnsemble,SELL,-0.0020754064337601408,True,STACK,ElasticNetCV,0.3793512030322823,0.3793512030322823,ElasticNetCV,0.3793512030322823,,XGBRegressor,0.3033343215288224,,LGBMRegressor,0.2780765210582802,,STACK
2010-09-15,StackedEnsemble,SELL,-0.027910685805422775,True,STACK,ElasticNetCV,0.33972026837232444,0.33972026837232444,ElasticNetCV,0.33972026837232444,,XGBRegressor,0.2228362992295023,,LGBMRegressor,0.28183804224956815,,STACK
2011-03-08,StackedEnsemble,SELL,-0.03263428204579499,True,STACK,ElasticNetCV,0.7084316641090026,0.7084316641090026,ElasticNetCV,0.7084316641090026,,XGBRegressor,0.06234103419610148,,LGBMRegressor,0.08985177438568429,,STACK
2011-04-01,StackedEnsemble,SELL,-0.03332251433517264,True,STACK,ElasticNetCV,0.7429873432976776,0.7429873432976776,ElasticNetCV,0.7429873432976776,,XGBRegressor,-0.1010166305543288,,LGBMRegressor,0.35958431627779885,,STACK
2011-08-09,StackedEnsemble,BUY,0.07903733078080144,True,STACK,ElasticNetCV,0.6667983418765432,0.6667983418765432,ElasticNetCV,0.6667983418765432,,XGBRegressor,0.148674883191034,,LGBMRegressor,0.04967821645817758,,STACK
2012-07-12,StackedEnsemble,SELL,-0.0064004876562023805,True,STACK,ElasticNetCV,0.23310678499280477,0.23310678499280477,ElasticNetCV,0.23310678499280477,,XGBRegressor,0.12214848753724634,,LGBMRegressor,0.16033841834398876,,STACK
2012-08-03,StackedEnsemble,BUY,0.005671857275445946,True,STACK,ElasticNetCV,0.3725870684144968,0.3725870684144968,ElasticNetCV,0.3725870684144968,,XGBRegressor,0.29052221432120423,,LGBMRegressor,0.28678972118734375,,STACK
2012-12-18,StackedEnsemble,BUY,0.010076670317634262,True,STACK,ElasticNetCV,0.721323001279618,0.721323001279618,ElasticNetCV,0.721323001279618,,XGBRegressor,0.19913214053469525,,LGBMRegressor,0.07897120645963952,,STACK
2012-12-20,StackedEnsemble,BUY,0.010624315443592547,True,STACK,ElasticNetCV,0.6573499906737611,0.6573499906737611,ElasticNetCV,0.6573499906737611,,XGBRegressor,0.20518835933251375,,LGBMRegressor,0.1422837223413858,,STACK
2012-12-26,StackedEnsemble,BUY,0.0037248028045575587,True,STACK,ElasticNetCV,0.7421159971462236,0.7421159971462236,ElasticNetCV,0.7421159971462236,,XGBRegressor,0.21852295890501236,,LGBMRegressor,0.01596854952925111,,STACK
2012-12-28,StackedEnsemble,BUY,0.004819277108433662,True,STACK,ElasticNetCV,0.704443802899542,0.704443802899542,ElasticNetCV,0.704443802899542,,XGBRegressor,0.34747286537496375,,LGBMRegressor,0.0013601410313070538,,STACK
2013-01-15,StackedEnsemble,SELL,-0.016280323450134748,True,STACK,XGBRegressor,0.9355811588660152,0.9355811588660152,ElasticNetCV,0.5247881995394659,,XGBRegressor,0.9355811588660152,,LGBMRegressor,-0.36649442876000593,,STACK
2013-07-09,StackedEnsemble,SELL,-0.03779786359901405,True,STACK,LGBMRegressor,0.49321486144677434,0.49321486144677434,ElasticNetCV,0.13869847524318463,,XGBRegressor,0.35976674574863127,,LGBMRegressor,0.49321486144677434,,STACK
2013-10-03,StackedEnsemble,BUY,0.004569772625947488,True,STACK,XGBRegressor,0.465819439800335,0.465819439800335,ElasticNetCV,0.27713534512583793,,XGBRegressor,0.465819439800335,,LGBMRegressor,0.17215933817872486,,STACK
2014-09-30,StackedEnsemble,SELL,-0.011513502198032266,True,STACK,XGBRegressor,0.5060649762097508,0.5060649762097508,ElasticNetCV,0.36974191820449026,,XGBRegressor,0.5060649762097508,,LGBMRegressor,0.22497509056866383,,STACK
2014-10-03,StackedEnsemble,SELL,-0.023991726990692852,True,STACK,XGBRegressor,0.6757372500775909,0.6757372500775909,ElasticNetCV,0.3392701637923813,,XGBRegressor,0.6757372500775909,,LGBMRegressor,0.03784010223899478,,STACK
2014-10-28,StackedEnsemble,BUY,0.01976117510303288,True,STACK,ElasticNetCV,0.8927927544871924,0.8927927544871924,ElasticNetCV,0.8927927544871924,,XGBRegressor,0.35678892047890687,,LGBMRegressor,0.1649858541150441,,STACK
2014-11-19,StackedEnsemble,BUY,0.010656080234015874,True,STACK,ElasticNetCV,0.5521204882597501,0.5521204882597501,ElasticNetCV,0.5521204882597501,,XGBRegressor,0.10932360478184538,,LGBMRegressor,0.3769328817497359,,STACK
2015-01-05,StackedEnsemble,SELL,-0.13175910308562355,True,STACK,ElasticNetCV,0.6978100000386694,0.6978100000386694,ElasticNetCV,0.6978100000386694,,XGBRegressor,-0.1451861736329447,,LGBMRegressor,0.34357770426435,,STACK
2015-01-15,StackedEnsemble,BUY,0.03135498320268759,True,STACK,ElasticNetCV,0.8070243824958395,0.8070243824958395,ElasticNetCV,0.8070243824958395,,XGBRegressor,0.026138904607689004,,LGBMRegressor,0.11045144600760567,,STACK
2015-01-27,StackedEnsemble,BUY,0.024441495244414968,True,STACK,ElasticNetCV,1.704252193196232,1.704252193196232,ElasticNetCV,1.704252193196232,,XGBRegressor,1.3801500897671037,,LGBMRegressor,-1.237811668685507,,STACK
2015-01-30,StackedEnsemble,BUY,0.010640608034744758,True,STACK,LGBMRegressor,-4.144463900208294,4.144463900208294,ElasticNetCV,2.9304100085371934,,XGBRegressor,3.394415054508192,,LGBMRegressor,-4.144463900208294,,STACK
2015-04-22,StackedEnsemble,SELL,-0.05299109915131439,True,STACK,ElasticNetCV,2.7585597224067238,2.7585597224067238,ElasticNetCV,2.7585597224067238,,XGBRegressor,2.121990247266925,,LGBMRegressor,-2.628965991601957,,STACK
2015-08-12,StackedEnsemble,SELL,-0.02259828707047773,True,STACK,XGBRegressor,0.979718573574978,0.979718573574978,ElasticNetCV,0.6223071294059568,,XGBRegressor,0.979718573574978,,LGBMRegressor,0.09172504851972886,,STACK
2016-01-05,StackedEnsemble,SELL,-0.006339144215530834,True,STACK,LGBMRegressor,0.48182911729866995,0.48182911729866995,ElasticNetCV,0.28139328546670533,,XGBRegressor,0.4393587441397187,,LGBMRegressor,0.48182911729866995,,STACK
2016-01-25,StackedEnsemble,SELL,-0.025916436736302617,True,STACK,XGBRegressor,0.5144045311266964,0.5144045311266964,ElasticNetCV,0.0969643024151503,,XGBRegressor,0.5144045311266964,,LGBMRegressor,0.34703331810400095,,STACK
2016-01-29,StackedEnsemble,SELL,-0.04478779581459025,True,STACK,LGBMRegressor,0.4082114338142599,0.4082114338142599,ElasticNetCV,0.19290366695839406,,XGBRegressor,0.38391500231276515,,LGBMRegressor,0.4082114338142599,,STACK
2016-11-21,StackedEnsemble,SELL,-0.0018789556962025555,True,STACK,XGBRegressor,0.7540652637310391,0.7540652637310391,ElasticNetCV,-0.051374999523484115,,XGBRegressor,0.7540652637310391,,LGBMRegressor,0.3530158451856832,,STACK
2016-12-13,StackedEnsemble,BUY,0.01927258351452865,True,STACK,XGBRegressor,0.7996475170485127,0.7996475170485127,ElasticNetCV,-0.16682745443674885,,XGBRegressor,0.7996475170485127,,LGBMRegressor,0.4040356392836923,,STACK
2016-12-16,StackedEnsemble,BUY,0.0007798791187365595,True,STACK,XGBRegressor,0.9904930635904121,0.9904930635904121,ElasticNetCV,-0.33654651177238726,,XGBRegressor,0.9904930635904121,,LGBMRegressor,0.32410879572683016,,STACK
2017-04-11,StackedEnsemble,SELL,-0.014594916600476626,True,STACK,ElasticNetCV,0.9968548936363878,0.9968548936363878,ElasticNetCV,0.9968548936363878,,XGBRegressor,-0.02107092900881048,,LGBMRegressor,0.5199473396453068,,STACK
2017-08-14,StackedEnsemble,SELL,-0.016471072678608256,True,STACK,ElasticNetCV,0.47299141225971886,0.47299141225971886,ElasticNetCV,0.47299141225971886,,XGBRegressor,0.27743242817565017,,LGBMRegressor,0.2272496365445178,,STACK
2017-11-22,StackedEnsemble,BUY,0.008436674120756216,True,STACK,ElasticNetCV,0.40106790138748055,0.40106790138748055,ElasticNetCV,0.40106790138748055,,XGBRegressor,0.20555210065283905,,LGBMRegressor,0.31362523843669826,,STACK
2018-02-05,StackedEnsemble,SELL,-0.0012812299807815064,True,STACK,ElasticNetCV,0.8571059561375737,0.8571059561375737,ElasticNetCV,0.8571059561375737,,XGBRegressor,0.4070276669703535,,LGBMRegressor,0.2638845771369024,,STACK
2018-07-30,StackedEnsemble,BUY,0.004957005563985817,True,STACK,ElasticNetCV,0.5114632623522559,0.5114632623522559,ElasticNetCV,0.5114632623522559,,XGBRegressor,0.12248388874079863,,LGBMRegressor,0.26342758664466553,,STACK
2018-09-17,StackedEnsemble,BUY,0.022869022869022926,True,STACK,ElasticNetCV,0.40286993777110086,0.40286993777110086,ElasticNetCV,0.40286993777110086,,XGBRegressor,0.14305096449290886,,LGBMRegressor,0.37861690822338157,,STACK
2019-02-12,StackedEnsemble,SELL,-0.009336511720301921,True,STACK,XGBRegressor,0.31164145435463403,0.31164145435463403,ElasticNetCV,0.027519665361420854,,XGBRegressor,0.31164145435463403,,LGBMRegressor,0.20344895135020075,,STACK
2019-06-04,StackedEnsemble,BUY,0.005432595573440668,True,STACK,XGBRegressor,0.39303584344319814,0.39303584344319814,ElasticNetCV,0.2396713124794392,,XGBRegressor,0.39303584344319814,,LGBMRegressor,0.2654452593943692,,STACK
2019-08-05,StackedEnsemble,BUY,0.008949696533278484,True,STACK,ElasticNetCV,0.5983161413038078,0.5983161413038078,ElasticNetCV,0.5983161413038078,,XGBRegressor,0.47068280716886457,,LGBMRegressor,0.38397964249828326,,STACK
2019-10-31,StackedEnsemble,BUY,0.0035468179975679526,True,STACK,ElasticNetCV,0.7768179258962304,0.7768179258962304,ElasticNetCV,0.7768179258962304,,XGBRegressor,0.2964770569739387,,LGBMRegressor,0.10504154305165127,,STACK
2019-11-13,StackedEnsemble,BUY,0.010513546300040533,True,STACK,ElasticNetCV,0.7943343227792317,0.7943343227792317,ElasticNetCV,0.7943343227792317,,XGBRegressor,0.31940190666131507,,LGBMRegressor,0.014613478966438768,,STACK
2020-02-18,StackedEnsemble,SELL,-0.025575708171999167,True,STACK,ElasticNetCV,1.0528943458724536,1.0528943458724536,ElasticNetCV,1.0528943458724536,,XGBRegressor,0.05985781329848701,,LGBMRegressor,-0.22026830554396332,,STACK
2020-02-24,StackedEnsemble,SELL,-0.04909983633387893,True,STACK,ElasticNetCV,0.5002163916073005,0.5002163916073005,ElasticNetCV,0.5002163916073005,,XGBRegressor,0.3061552247352538,,LGBMRegressor,0.11054544171207746,,STACK
2020-03-06,StackedEnsemble,BUY,0.05349706353443673,True,STACK,ElasticNetCV,0.4069703454391431,0.4069703454391431,ElasticNetCV,0.4069703454391431,,XGBRegressor,0.39095394378912646,,LGBMRegressor,0.03084752084829313,,STACK
2020-03-19,StackedEnsemble,SELL,-0.01218645272671881,True,STACK,ElasticNetCV,0.4723944444663677,0.4723944444663677,ElasticNetCV,0.4723944444663677,,XGBRegressor,0.291555060330027,,LGBMRegressor,0.23979395181495414,,STACK
2020-11-06,StackedEnsemble,BUY,0.016136211885154683,True,STACK,LGBMRegressor,0.5572934519975626,0.5572934519975626,ElasticNetCV,0.2231304415069389,,XGBRegressor,0.3745781309786629,,LGBMRegressor,0.5572934519975626,,STACK
2021-02-01,StackedEnsemble,SELL,-0.0046848856664807315,True,STACK,XGBRegressor,0.8897047886398333,0.8897047886398333,ElasticNetCV,0.3132206343218879,,XGBRegressor,0.8897047886398333,,LGBMRegressor,0.5307248963422063,,STACK
2021-02-05,StackedEnsemble,SELL,-0.004224099599822062,True,STACK,XGBRegressor,0.8894420335125149,0.8894420335125149,ElasticNetCV,0.5552727089883499,,XGBRegressor,0.8894420335125149,,LGBMRegressor,0.3998896015221433,,STACK
2021-10-28,StackedEnsemble,BUY,0.009645949797215891,True,STACK,ElasticNetCV,0.6459234495571597,0.6459234495571597,ElasticNetCV,0.6459234495571597,,XGBRegressor,0.23231472772192457,,LGBMRegressor,0.17626125003254914,,STACK
2021-11-01,StackedEnsemble,BUY,0.021197144426139403,True,STACK,ElasticNetCV,0.6613633178042095,0.6613633178042095,ElasticNetCV,0.6613633178042095,,XGBRegressor,0.11206887442051383,,LGBMRegressor,0.2690698990732066,,STACK
2021-11-03,StackedEnsemble,BUY,0.015239557066111242,True,STACK,ElasticNetCV,0.7240532418525097,0.7240532418525097,ElasticNetCV,0.7240532418525097,,XGBRegressor,0.2283433791099087,,LGBMRegressor,0.06367826458116013,,STACK
2021-11-16,StackedEnsemble,SELL,-0.01107765110776504,True,STACK,ElasticNetCV,0.743948550806254,0.743948550806254,ElasticNetCV,0.743948550806254,,XGBRegressor,0.19122172997976736,,LGBMRegressor,0.02636346654095583,,STACK
2021-11-30,StackedEnsemble,BUY,0.002061408267332032,True,STACK,ElasticNetCV,0.5687799912563657,0.5687799912563657,ElasticNetCV,0.5687799912563657,,XGBRegressor,0.4613180164708216,,LGBMRegressor,0.06918450759458833,,STACK
2022-01-10,StackedEnsemble,SELL,-0.006268914829226091,True,STACK,LGBMRegressor,0.4587051389482577,0.4587051389482577,ElasticNetCV,0.27261767971445733,,XGBRegressor,0.25481017028259706,,LGBMRegressor,0.4587051389482577,,STACK
2022-01-31,StackedEnsemble,SELL,-0.004084703858970307,True,STACK,LGBMRegressor,0.6082379498113886,0.6082379498113886,ElasticNetCV,0.2680235836012326,,XGBRegressor,0.1700375088086966,,LGBMRegressor,0.6082379498113886,,STACK
2022-05-12,StackedEnsemble,SELL,-0.040883646541383434,True,STACK,XGBRegressor,0.5634963637439806,0.5634963637439806,ElasticNetCV,0.41795515992337523,,XGBRegressor,0.5634963637439806,,LGBMRegressor,0.09539251057824585,,STACK
2022-06-21,StackedEnsemble,BUY,0.005590062111801242,True,STACK,XGBRegressor,0.6409636096345779,0.6409636096345779,ElasticNetCV,0.28758312536168995,,XGBRegressor,0.6409636096345779,,LGBMRegressor,0.32887596027623833,,STACK
2022-09-06,StackedEnsemble,SELL,-0.021445268828132913,True,STACK,XGBRegressor,0.4364864637646319,0.4364864637646319,ElasticNetCV,0.39983736562025085,,XGBRegressor,0.4364864637646319,,LGBMRegressor,0.36601022610016626,,STACK
2023-01-12,StackedEnsemble,SELL,-0.007536606373815702,True,STACK,ElasticNetCV,1.152716810127359,1.152716810127359,ElasticNetCV,1.152716810127359,,XGBRegressor,-0.3619439712103957,,LGBMRegressor,0.4055426562870539,,STACK
2023-03-22,StackedEnsemble,SELL,-0.020244668182310188,True,STACK,ElasticNetCV,0.610526613483941,0.610526613483941,ElasticNetCV,0.610526613483941,,XGBRegressor,0.16628366936017494,,LGBMRegressor,0.3642973358970289,,STACK
2023-12-27,StackedEnsemble,BUY,0.01651419745752647,True,STACK,ElasticNetCV,0.6207919585646359,0.6207919585646359,ElasticNetCV,0.6207919585646359,,XGBRegressor,-0.0717595406662693,,LGBMRegressor,0.34242608086901943,,STACK
2024-02-22,StackedEnsemble,SELL,-0.0039700544464610354,True,STACK,ElasticNetCV,0.637009297671024,0.637009297671024,ElasticNetCV,0.637009297671024,,XGBRegressor,-0.004491440795159507,,LGBMRegressor,0.48702372866209526,,STACK
2024-03-01,StackedEnsemble,SELL,-0.0007914970601536897,True,STACK,ElasticNetCV,0.6489633184502677,0.6489633184502677,ElasticNetCV,0.6489633184502677,,XGBRegressor,0.2891893959343182,,LGBMRegressor,0.19692593022586902,,STACK
2025-02-28,StackedEnsemble,SELL,-0.018183834127952214,True,STACK,LGBMRegressor,0.43873530878083195,0.43873530878083195,ElasticNetCV,0.37820868081673154,,XGBRegressor,0.3696921979381467,,LGBMRegressor,0.43873530878083195,,STACK
2025-09-02,StackedEnsemble,SELL,-0.019419892941615946,True,STACK,XGBRegressor,0.6498452889086284,0.6498452889086284,ElasticNetCV,0.30781327871817776,,XGBRegressor,0.6498452889086284,,LGBMRegressor,0.17532435225084153,,STACK
