Model,Currencies,Average_Information_Coefficient,Average_Hit_Rate_Pct,Average_Sharpe_Ratio,Average_Maximum_Drawdown_Pct,Average_Generalization_Gap,IC_Rank,Hit_Rank,Combined_Rank
LassoCV,9,-0.0005410831909000223,49.6636835463902,0.01602448816783083,-17.817104195506786,0.0367662731446992,1.0,1.0,1.0
OLS,9,-0.0034924891591046,49.6489227764866,0.08750365983444329,-15.680019377383198,0.03638191622364411,3.0,2.0,2.5
ElasticNetCV,9,-0.0029533667785717342,49.3391652330782,0.049311594341609366,-16.93956093329302,0.035319809656201955,2.0,5.0,3.5
LGBMRegressor,9,-0.01110789856063501,49.60784005677822,0.0599822078172542,-17.41157139628571,0.08569851875435644,5.0,3.0,4.0
RidgeCV,9,-0.0036397011728963222,49.31684642332347,0.028235148767228276,-16.832470211669833,0.03672984241943414,4.0,6.0,5.0
XGBRegressor,9,-0.012451886758495633,49.558086356930325,0.09280230445911951,-17.398916442031005,0.10204197738753201,6.0,4.0,5.0
