Date,StackedEnsemble_G10,PolicyAgent_G10
2001-09-24,1.0,1.0002883635352082
2001-09-25,1.0012851894079269,0.9995065356497015
2001-09-26,1.0007034222831328,0.9998720767850934
2001-09-27,0.9999005422507126,0.9986342583221569
2001-09-28,0.9983101258731808,1.0007222316264786
2001-10-01,1.0003356907677379,1.0008907459321397
2001-10-02,1.0001460482647977,1.000545860827301
2001-10-03,1.0003983881452743,1.000943073119216
2001-10-04,1.001406628430345,1.0016465558374508
2001-10-05,1.0020378157423329,1.0019112198481368
2001-10-08,1.002855668203797,1.002175504035291
2001-10-09,1.0022396726871898,1.0014057867226387
2001-10-10,1.0014719268797048,1.0014057867226387
2001-10-11,1.000946128466244,1.0014057867226387
2001-10-12,1.0015862308826309,1.0014057867226387
2001-10-15,1.0015862308826309,1.0025053377943107
2001-10-16,1.0026857819543027,1.0025053377943107
2001-10-17,1.0029496630751435,1.0025053377943107
2001-10-18,1.0029496630751435,1.0025053377943107
2001-10-19,1.0029496630751435,1.0025053377943107
2001-10-22,1.0029496630751435,1.0025053377943107
2001-10-23,1.0029496630751435,1.0025053377943107
2001-10-24,1.0029496630751435,1.0025053377943107
2001-10-25,1.0029496630751435,1.0025053377943107
2001-10-26,1.0029496630751435,1.0025053377943107
2001-10-29,1.0029496630751435,1.0025053377943107
2001-10-30,1.0029496630751435,1.0025053377943107
2001-10-31,1.0029496630751435,1.0025053377943107
2001-11-01,1.0029496630751435,1.0025053377943107
2001-11-02,1.0029496630751435,1.0025053377943107
2001-11-05,1.0029496630751435,1.0025053377943107
2001-11-06,1.0029496630751435,1.0025053377943107
2001-11-07,1.0029496630751435,1.0025053377943107
2001-11-08,1.0029496630751435,1.0025053377943107
2001-11-09,1.0029496630751435,1.0025053377943107
2001-11-12,1.0029496630751435,1.0025053377943107
2001-11-13,1.0029496630751435,1.0025053377943107
2001-11-14,1.0029496630751435,1.0025053377943107
2001-11-15,1.0029496630751435,1.0025053377943107
2001-11-16,1.0029496630751435,1.0025053377943107
2001-11-19,1.0029496630751435,1.0025053377943107
2001-11-20,1.0029496630751435,1.0025053377943107
2001-11-21,1.0029496630751435,1.0025053377943107
2001-11-22,1.0029496630751435,1.0025053377943107
2001-11-23,1.0029496630751435,1.0025053377943107
2001-11-26,1.0029496630751435,1.0025053377943107
2001-11-27,1.0029496630751435,1.0025053377943107
2001-11-28,1.0029496630751435,1.0025053377943107
2001-11-29,1.0029496630751435,1.0025053377943107
2001-11-30,1.0029496630751435,1.0025053377943107
2001-12-03,1.0029496630751435,1.0025053377943107
2001-12-04,1.0029496630751435,1.0025053377943107
2001-12-05,1.0029496630751435,1.0025053377943107
2001-12-06,1.0029496630751435,1.0025053377943107
2001-12-07,1.0029496630751435,1.0025053377943107
2001-12-10,1.0029496630751435,1.0025321219580567
2001-12-11,1.0029496630751435,1.0025321219580567
2001-12-12,1.0029496630751435,1.0025321219580567
2001-12-13,1.00415205099108,1.0025321219580567
2001-12-14,1.0028812334933472,1.003281021092415
2001-12-17,1.0029892381813799,1.0026124730468977
2001-12-18,1.0022149507459628,1.0029074638436337
2001-12-19,1.0025115769489634,1.0033152452391216
2001-12-20,1.0006956392569575,1.0055005474630485
2001-12-21,1.0029137541583186,1.0037650054413878
2001-12-24,1.0014784268969812,1.004094852717703
2001-12-25,1.0016983929886347,1.0039703241887485
2001-12-26,1.0016032032866786,1.005045240414344
2001-12-27,1.0034407618563683,1.005045240414344
2001-12-28,1.005975347527205,1.005045240414344
2001-12-31,1.005975347527205,1.005045240414344
2002-01-01,1.0060195347948624,1.005045240414344
2002-01-02,1.0060195347948624,1.005045240414344
2002-01-03,1.0060195347948624,1.005045240414344
2002-01-04,1.0060195347948624,1.005045240414344
2002-01-07,1.0060195347948624,1.005045240414344
2002-01-08,1.0060195347948624,1.005045240414344
2002-01-09,1.0060195347948624,1.005045240414344
2002-01-10,1.0060195347948624,1.005045240414344
2002-01-11,1.0061597329886947,1.005045240414344
2002-01-14,1.0063806017834998,1.005045240414344
2002-01-15,1.0063806017834998,1.005045240414344
2002-01-16,1.0063806017834998,1.005045240414344
2002-01-17,1.0063194187156006,1.005045240414344
2002-01-18,1.0063194187156006,1.005045240414344
2002-01-21,1.0063194187156006,1.005045240414344
2002-01-22,1.0063194187156006,1.005045240414344
2002-01-23,1.0063194187156006,1.005045240414344
2002-01-24,1.0063194187156006,1.005045240414344
2002-01-25,1.0063194187156006,1.0051473499339774
2002-01-28,1.005175046059815,1.0051473499339774
2002-01-29,1.0070802866852886,1.0051708403398798
2002-01-30,1.0067603315119735,1.0039594053488574
2002-01-31,1.0051635897899374,1.0044527285776086
2002-02-01,1.0058576850890664,1.006022542720874
2002-02-04,1.00871909594848,1.006022542720874
2002-02-05,1.009052715588374,1.006022542720874
2002-02-06,1.009707432259589,1.006022542720874
2002-02-07,1.009707432259589,1.006022542720874
2002-02-08,1.009707432259589,1.006022542720874
2002-02-11,1.009707432259589,1.006022542720874
2002-02-12,1.009707432259589,1.006022542720874
2002-02-13,1.009707432259589,1.006022542720874
2002-02-14,1.009707432259589,1.006022542720874
2002-02-15,1.009707432259589,1.006022542720874
2002-02-18,1.009707432259589,1.006022542720874
2002-02-19,1.009707432259589,1.006022542720874
2002-02-20,1.009707432259589,1.006022542720874
2002-02-21,1.009707432259589,1.006022542720874
2002-02-22,1.009707432259589,1.006022542720874
2002-02-25,1.009707432259589,1.006022542720874
2002-02-26,1.009707432259589,1.006022542720874
2002-02-27,1.009707432259589,1.006022542720874
2002-02-28,1.009707432259589,1.006022542720874
2002-03-01,1.009707432259589,1.006022542720874
2002-03-04,1.009707432259589,1.006022542720874
2002-03-05,1.009707432259589,1.006022542720874
2002-03-06,1.009707432259589,1.006022542720874
2002-03-07,1.0070359109635805,1.006983298547669
2002-03-08,1.007972231932278,1.006983298547669
2002-03-11,1.0077317091146307,1.006983298547669
2002-03-12,1.0077317091146307,1.0073329584155084
2002-03-13,1.0080942132123698,1.0073329584155084
2002-03-14,1.0067681628974068,1.0075109159201325
2002-03-15,1.006595084166444,1.0070756971623527
2002-03-18,1.006204604828063,1.0073223213853975
2002-03-19,1.0066986243290756,1.0073223213853975
2002-03-20,1.0052875569523656,1.007364650855054
2002-03-21,1.005794978810074,1.0072587473290546
2002-03-22,1.0066498048344403,1.0074067328366256
2002-03-25,1.0075053912604255,1.0074067328366256
2002-03-26,1.0075053912604255,1.0074771196463166
2002-03-27,1.0075053912604255,1.0074771196463166
2002-03-28,1.0075053912604255,1.0076455169480356
2002-03-29,1.0076743506979895,1.0073710495741384
2002-04-01,1.007398967110188,1.0072449889897823
2002-04-02,1.0072724857163982,1.007831951463789
2002-04-03,1.0078614075605568,1.007831951463789
2002-04-04,1.0078614075605568,1.007831951463789
2002-04-05,1.0078614075605568,1.007831951463789
2002-04-08,1.0078614075605568,1.007831951463789
2002-04-09,1.0078614075605568,1.007831951463789
2002-04-10,1.0078614075605568,1.007831951463789
2002-04-11,1.0078614075605568,1.007831951463789
2002-04-12,1.0078614075605568,1.007831951463789
2002-04-15,1.0078614075605568,1.007831951463789
2002-04-16,1.0078614075605568,1.007831951463789
2002-04-17,1.0078614075605568,1.007831951463789
2002-04-18,1.0078401580646397,1.007831951463789
2002-04-19,1.0076772452626106,1.007831951463789
2002-04-22,1.0075709977830263,1.007831951463789
2002-04-23,1.0077551600809724,1.007831951463789
2002-04-24,1.0073726691544693,1.007831951463789
2002-04-25,1.0071743405259121,1.007831951463789
2002-04-26,1.0070964257075505,1.007831951463789
2002-04-29,1.007308920666719,1.007831951463789
2002-04-30,1.007308920666719,1.007831951463789
2002-05-01,1.007308920666719,1.007831951463789
2002-05-02,1.0075010736108476,1.007831951463789
2002-05-03,1.0075010736108476,1.0080258334431171
2002-05-06,1.0075010736108476,1.0080258334431171
2002-05-07,1.0075010736108476,1.0080258334431171
2002-05-08,1.0068122557968988,1.0080258334431171
2002-05-09,1.0072629318356012,1.0080258334431171
2002-05-10,1.0072629318356012,1.0080258334431171
2002-05-13,1.0072629318356012,1.0082865868975783
2002-05-14,1.0075203054915873,1.0081706964733734
2002-05-15,1.0071493733220982,1.0081706964733734
2002-05-16,1.007026537572792,1.0081706964733734
2002-05-17,1.0058008539097092,1.0075409101479333
2002-05-20,1.0050112239914986,1.007397193136689
2002-05-21,1.0045224795185197,1.0060592766886975
2002-05-22,1.002872858897941,1.0067587781612688
2002-05-23,1.0037823638979868,1.0070402310373447
2002-05-24,1.0040551887505988,1.0064037331612858
2002-05-27,1.0035883763498044,1.0059143262603873
2002-05-28,1.0023582891264209,1.0051636024204624
2002-05-29,1.0003927042182394,1.004973073697507
2002-05-30,1.0005079674846573,1.0042847831893738
2002-05-31,0.9985112615755973,1.0017007564429226
2002-06-03,0.9959437036473324,1.0009296568729875
2002-06-04,0.9954845476323493,1.0013042657831823
2002-06-05,0.9958537769483227,1.001422177942728
2002-06-06,0.9959790141804399,1.000871678954531
2002-06-07,0.995420650182917,1.0012553277765124
2002-06-10,0.9954444628802204,1.0013714602169403
2002-06-11,0.9960658423420896,1.0011779061495603
2002-06-12,0.9958722538158595,1.0007327317945867
2002-06-13,0.9954270002055304,0.9994552749498795
2002-06-14,0.9941493159324118,0.9990681668151198
2002-06-17,0.9938963677777056,1.000461756100255
2002-06-18,0.9945002222697172,1.000371960595935
2002-06-19,0.9944119865494765,1.001178749267969
2002-06-20,0.9949486519376374,1.0012454222111764
2002-06-21,0.992839863817798,1.0009709928865773
2002-06-24,0.9931320291116411,1.0004543613949277
2002-06-25,0.9912704138232572,0.9988211203908689
2002-06-26,0.9896635772847215,0.9988707274230223
2002-06-27,0.9893519242565263,0.9982894425685755
2002-06-28,0.9882553101239719,0.9981331879731106
2002-07-01,0.9881666586882925,0.9988561654278185
2002-07-02,0.9888863766624938,0.9994696327240392
2002-07-03,0.9901499975385258,0.9989366497449367
2002-07-04,0.9894085494618058,0.9989366497449367
2002-07-05,0.9897080131233468,0.9989366497449367
2002-07-08,0.9910855459664353,0.9989366497449367
2002-07-09,0.9907734012548277,0.9989366497449367
2002-07-10,0.9907734012548277,0.9989366497449367
2002-07-11,0.9904492784076552,0.9992953616288575
2002-07-12,0.9907312196285333,0.9992953616288575
2002-07-15,0.9907312196285333,0.9992953616288575
2002-07-16,0.9893026792398264,0.9992953616288575
2002-07-17,0.9900723202523181,0.9997797993081154
2002-07-18,0.9905641630063557,0.9997797993081154
2002-07-19,0.9905641630063557,0.9997797993081154
2002-07-22,0.9905641630063557,0.9997797993081154
2002-07-23,0.9905641630063557,1.0014572026908863
2002-07-24,0.9936600157707384,1.0014572026908863
2002-07-25,0.9947524779756911,1.0014572026908863
2002-07-26,0.9947524779756911,1.001481936219906
2002-07-29,0.9947775698587031,1.001481936219906
2002-07-30,0.9963147581769891,1.001481936219906
2002-07-31,0.9963147581769891,1.001481936219906
2002-08-01,0.9963147581769891,1.001949798281854
2002-08-02,0.9963147581769891,1.001949798281854
2002-08-05,0.9962742139121136,1.001949798281854
2002-08-06,0.9913576663266223,1.0046363875041695
2002-08-07,0.9940386548223599,1.0046363875041695
2002-08-08,0.9924063858032073,1.0046363875041695
2002-08-09,0.9938432506924119,1.0046363875041695
2002-08-12,0.9948051386001163,1.0046363875041695
2002-08-13,0.9948051386001163,1.0046363875041695
2002-08-14,0.9948051386001163,1.0046363875041695
2002-08-15,0.9948051386001163,1.0046363875041695
2002-08-16,0.9948051386001163,1.0046363875041695
2002-08-19,0.9948051386001163,1.0046363875041695
2002-08-20,0.9948051386001163,1.0046363875041695
2002-08-21,0.9948051386001163,1.0046363875041695
2002-08-22,0.9948051386001163,1.0046363875041695
2002-08-23,0.9948051386001163,1.0046363875041695
2002-08-26,0.9948051386001163,1.0046363875041695
2002-08-27,0.9948051386001163,1.0040429584121247
2002-08-28,0.9942197393376061,1.0050860576300757
2002-08-29,0.9958350508002396,1.0050860576300757
2002-08-30,0.9956468550084815,1.0053312123892166
2002-09-02,0.9958904025036978,1.0067798541477782
2002-09-03,0.9973295467936131,1.0067798541477782
2002-09-04,0.9983034921978251,1.0067798541477782
2002-09-05,0.9983034921978251,1.0056925131374919
2002-09-06,0.9972232799252626,1.0054346900113413
2002-09-09,0.9969671471183664,1.0054346900113413
2002-09-10,0.996432609086583,1.0054346900113413
2002-09-11,0.9965773798035245,1.0054346900113413
2002-09-12,0.9971787350892808,1.0054346900113413
2002-09-13,0.9960985228167184,1.0061410122705208
2002-09-16,0.9964665971088255,1.0061410122705208
2002-09-17,0.997328145987787,1.0056085918211854
2002-09-18,0.9968058180661207,1.004989672928455
2002-09-19,0.9961986313599684,1.004989672928455
2002-09-20,0.9970656934642839,1.004989672928455
2002-09-23,0.997472511653338,1.004989672928455
2002-09-24,0.9971992159514298,1.004509213753958
2002-09-25,0.9967233917296849,1.0049173706078536
2002-09-26,0.9971276111257615,1.0049173706078536
2002-09-27,0.9971276111257615,1.0049173706078536
2002-09-30,0.9971276111257615,1.0049173706078536
2002-10-01,0.9971276111257615,1.005083370753575
2002-10-02,0.997351893375535,1.005083370753575
2002-10-03,0.997351893375535,1.005083370753575
2002-10-04,0.997351893375535,1.005083370753575
2002-10-07,0.9963052538088097,1.005083370753575
2002-10-08,0.9968074793810613,1.005083370753575
2002-10-09,0.9968295240577029,1.005083370753575
2002-10-10,0.9973147085999042,1.005083370753575
2002-10-11,0.9973147085999042,1.005083370753575
2002-10-14,0.9973147085999042,1.005083370753575
2002-10-15,0.9973147085999042,1.005083370753575
2002-10-16,0.9973147085999042,1.0027873569850878
2002-10-17,0.9949745558641536,1.0031952415299674
2002-10-18,0.9959392677338914,1.003518396938529
2002-10-21,0.9962686355381258,1.003518396938529
2002-10-22,0.9964904895492792,1.0040474220266933
2002-10-23,0.9970489401081486,1.0040474220266933
2002-10-24,0.9970489401081486,1.0042479879678485
2002-10-25,0.9972533441875024,1.0042479879678485
2002-10-28,0.9978989793026324,1.0042479879678485
2002-10-29,0.9978221627814806,1.0042479879678485
2002-10-30,0.998144362982071,1.0042479879678485
2002-10-31,0.998144362982071,1.0042479879678485
2002-11-01,0.998144362982071,1.0042479879678485
2002-11-04,0.998144362982071,1.0046429600691917
2002-11-05,0.9985296468233614,1.0046429600691917
2002-11-06,0.9985296468233614,1.0046429600691917
2002-11-07,0.9985296468233614,1.0046429600691917
2002-11-08,0.9985296468233614,1.0046429600691917
2002-11-11,0.9985296468233614,1.0046429600691917
2002-11-12,0.9979033922573122,1.0047864246932958
2002-11-13,0.9980457721645646,1.0047864246932958
2002-11-14,0.9981956503135078,1.0047864246932958
2002-11-15,0.9975086656271073,1.0044142407115764
2002-11-18,0.9971410585733896,1.00482665284022
2002-11-19,0.9975483990688825,1.0049471548908702
2002-11-20,0.9980577561896113,1.0049471548908702
2002-11-21,0.9979167780469163,1.0055830996938353
2002-11-22,0.9987128289021288,1.0060822470216457
2002-11-25,0.9987128289021288,1.0060822470216457
2002-11-26,0.9982307283438467,1.00672685643543
2002-11-27,0.9980205415270169,1.0073731764127343
2002-11-28,0.998564725258874,1.0078844001734817
2002-11-29,0.9999402030328078,1.0076051504070989
2002-12-02,1.001636482774911,1.0076051504070989
2002-12-03,1.0013863939134462,1.0076051504070989
2002-12-04,1.0026914701396548,1.0076051504070989
2002-12-05,1.0028348602357444,1.0076051504070989
2002-12-06,1.0028553445351855,1.0076579329718691
2002-12-09,1.0030686416005394,1.008039400114124
2002-12-10,1.0030686416005394,1.0080813688462384
2002-12-11,1.0032336289946455,1.0069940670950115
2002-12-12,1.004306047056336,1.0064017524861117
2002-12-13,1.0017273979532142,1.007433612785312
2002-12-16,1.002713955145771,1.0068562880929417
2002-12-17,1.002713955145771,1.0068351304024619
2002-12-18,1.002713955145771,1.0068794222240132
2002-12-19,1.0026727592912288,1.0068794222240132
2002-12-20,1.0022196048912653,1.00697469665901
2002-12-23,1.0018282442731148,1.0073400976185891
2002-12-24,1.002199006963994,1.0073400976185891
2002-12-25,1.002178409036723,1.0073400976185891
2002-12-26,1.002178409036723,1.0073400976185891
2002-12-27,1.002178409036723,1.0069438381348252
2002-12-30,1.0030263845653336,1.007073234884105
2002-12-31,1.0022741242776554,1.007073234884105
2003-01-01,1.0022741242776554,1.0084156926504997
2003-01-02,1.0037981671788165,1.0084156926504997
2003-01-03,1.0037981671788165,1.0084156926504997
2003-01-06,1.0037981671788165,1.0089087482097283
2003-01-07,1.0037981671788165,1.0089087482097283
2003-01-08,1.0037981671788165,1.0090556717780117
2003-01-09,1.0037981671788165,1.0080981182656743
2003-01-10,1.0037981671788165,1.00847041174735
2003-01-13,1.0041680855796398,1.008345466193032
2003-01-14,1.0041680855796398,1.008272747059447
2003-01-15,1.0041680855796398,1.0076502666322007
2003-01-16,1.0041680855796398,1.007045077979261
2003-01-17,1.0041680855796398,1.0070581892638486
2003-01-20,1.0041680855796398,1.0066832797789131
2003-01-21,1.0044843320301347,1.0065725895343387
2003-01-22,1.0044843320301347,1.006442041955711
2003-01-23,1.0044843320301347,1.0056205805345468
2003-01-24,1.0044843320301347,1.0053640624784217
2003-01-27,1.0044843320301347,1.0057077207485465
2003-01-28,1.0044843320301347,1.0057077207485465
2003-01-29,1.003931599124928,1.0052110897646003
2003-01-30,1.0034496322220088,1.005803048427878
2003-01-31,1.004024112052746,1.005803048427878
2003-02-03,1.004024112052746,1.005803048427878
2003-02-04,1.004024112052746,1.005803048427878
2003-02-05,1.004024112052746,1.005803048427878
2003-02-06,1.004024112052746,1.005803048427878
2003-02-07,1.004024112052746,1.005803048427878
2003-02-10,1.004024112052746,1.005803048427878
2003-02-11,1.004024112052746,1.005803048427878
2003-02-12,1.0044037861962054,1.004645194298065
2003-02-13,1.003264763765827,1.0057639216241252
2003-02-14,1.004389503380093,1.0072149145962288
2003-02-17,1.0048065455083517,1.0072149145962288
2003-02-18,1.0058324735130189,1.0068207514882073
2003-02-19,1.0054447211962942,1.0068207514882073
2003-02-20,1.0054447211962942,1.0068979914472458
2003-02-21,1.0059969207747002,1.0074938148953292
2003-02-24,1.0065751512742913,1.0064399396800487
2003-02-25,1.0056990923692575,1.0068434495413077
2003-02-26,1.0057868859957604,1.0076967816539169
2003-02-27,1.0046118867335647,1.0078662638666516
2003-02-28,1.00444385999256,1.0072158454787736
2003-03-03,1.0034822251687041,1.0073270000053711
2003-03-04,1.003482532698846,1.0059743017897285
2003-03-05,1.0032470400690068,1.0065607500112304
2003-03-06,1.0038397851650993,1.005472318919684
2003-03-07,1.0025074312805629,1.0061286941911898
2003-03-10,1.0030164456297785,1.0061286941911898
2003-03-11,1.0040357708543253,1.0061286941911898
2003-03-12,1.0040357708543253,1.0070133839053959
2003-03-13,1.0050124218594083,1.0081439654059912
2003-03-14,1.0050124218594083,1.0081439654059912
2003-03-17,1.0050124218594083,1.00652673291997
2003-03-18,1.0033991538927507,1.0063783791970315
2003-03-19,1.002530545126945,1.0075031543883641
2003-03-20,1.0051741801278948,1.0075031543883641
2003-03-21,1.0034865780677498,1.0082602390078783
2003-03-24,1.0055105883688222,1.0082602390078783
2003-03-25,1.0055105883688222,1.0086636613580187
2003-03-26,1.0059220464770666,1.0086636613580187
2003-03-27,1.0064184568369623,1.0086636613580187
2003-03-28,1.0064184568369623,1.0086636613580187
2003-03-31,1.0064184568369623,1.0086636613580187
2003-04-01,1.0064184568369623,1.0086636613580187
2003-04-02,1.0064184568369623,1.0086636613580187
2003-04-03,1.0064184568369623,1.0086636613580187
2003-04-04,1.005140677879212,1.0087034636966286
2003-04-07,1.0051806084716417,1.009439806960908
2003-04-08,1.005919324431591,1.009439806960908
2003-04-09,1.0066580403915404,1.009439806960908
2003-04-10,1.0066580403915404,1.009439806960908
2003-04-11,1.0066580403915404,1.009439806960908
2003-04-14,1.0071195146474712,1.009439806960908
2003-04-15,1.0071195146474712,1.009439806960908
2003-04-16,1.0071195146474712,1.009439806960908
2003-04-17,1.0071195146474712,1.009439806960908
2003-04-18,1.0071195146474712,1.009439806960908
2003-04-21,1.0071195146474712,1.009439806960908
2003-04-22,1.0071195146474712,1.009439806960908
2003-04-23,1.0071195146474712,1.009439806960908
2003-04-24,1.0071195146474712,1.009439806960908
2003-04-25,1.0071195146474712,1.009439806960908
2003-04-28,1.0070562009938473,1.009439806960908
2003-04-29,1.006619499126545,1.009439806960908
2003-04-30,1.006036688827803,1.0089714189295091
2003-05-01,1.005466865945189,1.0089714189295091
2003-05-02,1.0059608333714247,1.0084123618090928
2003-05-05,1.0051845111567717,1.0084123618090928
2003-05-06,1.0038430720358638,1.0090969943495611
2003-05-07,1.0044692673653175,1.008715240861168
2003-05-08,1.0041221452508742,1.0085383831194616
2003-05-09,1.003960884819678,1.009256682555964
2003-05-12,1.004656416976857,1.0097334529721007
2003-05-13,1.005118588041891,1.0112308436542494
2003-05-14,1.0065818122477395,1.0112308436542494
2003-05-15,1.0060663029149703,1.0122720481176444
2003-05-16,1.011008717296992,1.0122720481176444
2003-05-19,1.0114785896475902,1.0121825193368654
2003-05-20,1.0119522843827082,1.0126983060486272
2003-05-21,1.0115354136649393,1.0130962743458507
2003-05-22,1.0125764347698771,1.0129782748754974
2003-05-23,1.0125764347698771,1.0128226907136952
2003-05-26,1.0126351816461345,1.0124590069964665
2003-05-27,1.012273939846586,1.0118172144605078
2003-05-28,1.010845222877184,1.0125551389098948
2003-05-29,1.0131327098349698,1.0126251073736272
2003-05-30,1.0143615012383052,1.0134997131702788
2003-06-02,1.015767852814654,1.0134997131702788
2003-06-03,1.016798930375927,1.0134997131702788
2003-06-04,1.0173203983204173,1.0134997131702788
2003-06-05,1.0173203983204173,1.0134997131702788
2003-06-06,1.0172132601868398,1.0155743119705818
2003-06-09,1.0189277413574396,1.0151362188059112
2003-06-10,1.018673514321502,1.0161507864342225
2003-06-11,1.0188981654082916,1.0162140004082127
2003-06-12,1.0187044128047418,1.017168001150812
2003-06-13,1.0184514125710344,1.017168001150812
2003-06-16,1.0181332856139411,1.0177334561197695
2003-06-17,1.0175995191479366,1.0170049502834075
2003-06-18,1.0171377296090023,1.0172565314554918
2003-06-19,1.0171047914526172,1.0145067779700563
2003-06-20,1.0156946332841925,1.0144276053279522
2003-06-23,1.0155896248829839,1.0125191668153284
2003-06-24,1.0138644733334017,1.014269696166328
2003-06-25,1.014567400873546,1.011380475593132
2003-06-26,1.0093028773530779,1.012035655481986
2003-06-27,1.009109480794995,1.0140460487423164
2003-06-30,1.0111695862008483,1.0149395056938386
2003-07-01,1.0129163957145677,1.0157604269461222
2003-07-02,1.0124172246699723,1.0158360739839172
2003-07-03,1.0124890181372095,1.0157281597409396
2003-07-04,1.0120908394247203,1.0141634032177622
2003-07-07,1.0069145395051242,1.013398942574495
2003-07-08,1.0076783955240132,1.0139039372196663
2003-07-09,1.0079032337616927,1.013949124928021
2003-07-10,1.0090368670983227,1.0145834566767136
2003-07-11,1.0082289458111413,1.0147783428923232
2003-07-14,1.0081506883182871,1.0090452911428456
2003-07-15,1.0020173420099419,1.0114457853464083
2003-07-16,1.0053216695107932,1.0099436717722012
2003-07-17,1.0037829860348806,1.0077933811761248
2003-07-18,1.0023859323678095,1.0090979357611698
2003-07-21,1.003797530503357,1.0080357463592806
2003-07-22,1.0034844794165003,1.0090139835566105
2003-07-23,1.007642488932753,1.0102137084212606
2003-07-24,1.0088593650597726,1.0102690803380905
2003-07-25,1.0089155285733271,1.0102690803380905
2003-07-28,1.0089155285733271,1.0102690803380905
2003-07-29,1.0088968042161024,1.0102690803380905
2003-07-30,1.0088968042161024,1.0102690803380905
2003-07-31,1.0088968042161024,1.0102690803380905
2003-08-01,1.0088968042161024,1.0102690803380905
2003-08-04,1.0088968042161024,1.0102690803380905
2003-08-05,1.0088968042161024,1.0102690803380905
2003-08-06,1.0088968042161024,1.0102690803380905
2003-08-07,1.0088968042161024,1.0102690803380905
2003-08-08,1.0090101748446925,1.0102690803380905
2003-08-11,1.0085566923303317,1.010408739234307
2003-08-12,1.008688958063687,1.010408739234307
2003-08-13,1.00907630771137,1.010408739234307
2003-08-14,1.00907630771137,1.010408739234307
2003-08-15,1.00907630771137,1.010408739234307
2003-08-18,1.00907630771137,1.010408739234307
2003-08-19,1.00907630771137,1.010408739234307
2003-08-20,1.00907630771137,1.010408739234307
2003-08-21,1.00907630771137,1.010408739234307
2003-08-22,1.0088278774208532,1.010408739234307
2003-08-25,1.0086081121638575,1.0104491247424088
2003-08-26,1.0086463322085524,1.0104491247424088
2003-08-27,1.0086941072644209,1.0108722418490717
2003-08-28,1.0090225870337135,1.0108722418490717
2003-08-29,1.0090225870337135,1.0108722418490717
2003-09-01,1.0086774298254304,1.0108722418490717
2003-09-02,1.0086966052258906,1.0108722418490717
2003-09-03,1.0080446416102449,1.0108722418490717
2003-09-04,1.008840420729342,1.0108722418490717
2003-09-05,1.008840420729342,1.0108722418490717
2003-09-08,1.008840420729342,1.0108722418490717
2003-09-09,1.008840420729342,1.0108722418490717
2003-09-10,1.008840420729342,1.0108722418490717
2003-09-11,1.008840420729342,1.0108722418490717
2003-09-12,1.008840420729342,1.0108722418490717
2003-09-15,1.008840420729342,1.0108722418490717
2003-09-16,1.008840420729342,1.0108722418490717
2003-09-17,1.008840420729342,1.0108722418490717
2003-09-18,1.008840420729342,1.0108722418490717
2003-09-19,1.008840420729342,1.0108722418490717
2003-09-22,1.008840420729342,1.010956719938918
2003-09-23,1.008920211995565,1.0103653733099938
2003-09-24,1.008361673132005,1.0108933613715334
2003-09-25,1.0088603685458977,1.0108933613715334
2003-09-26,1.008361673132005,1.0108933613715334
2003-09-29,1.007414151845609,1.011663615787593
2003-09-30,1.0081322732416145,1.011663615787593
2003-10-01,1.0081322732416145,1.011663615787593
2003-10-02,1.0081724680829618,1.0119006507441104
2003-10-03,1.008393539710373,1.0119652966413422
2003-10-06,1.008453831972394,1.010823219123577
2003-10-07,1.008453831972394,1.0104784410050063
2003-10-08,1.008129172611626,1.0099074022461236
2003-10-09,1.007591455545354,1.0090201717745495
2003-10-10,1.006713132645104,1.0093110783120935
2003-10-13,1.0069870639807519,1.0092464324148613
2003-10-14,1.006926190350608,1.0099683116006188
2003-10-15,1.007605945887216,1.0104316071974482
2003-10-16,1.007605945887216,1.0097959225413335
2003-10-17,1.007605945887216,1.0108733541618669
2003-10-20,1.007605945887216,1.0108733541618669
2003-10-21,1.0072210374609913,1.0108733541618669
2003-10-22,1.0072210374609913,1.0108733541618669
2003-10-23,1.0072210374609913,1.0108733541618669
2003-10-24,1.0072210374609913,1.0108733541618669
2003-10-27,1.0072210374609913,1.0108733541618669
2003-10-28,1.0072210374609913,1.0108733541618669
2003-10-29,1.0072210374609913,1.0108733541618669
2003-10-30,1.0072210374609913,1.0108733541618669
2003-10-31,1.0072210374609913,1.0108733541618669
2003-11-03,1.0072210374609913,1.0108733541618669
2003-11-04,1.007978253230349,1.0108733541618669
2003-11-05,1.007978253230349,1.0108733541618669
2003-11-06,1.007978253230349,1.0108733541618669
2003-11-07,1.009518300625841,1.0108733541618669
2003-11-10,1.009518300625841,1.0108733541618669
2003-11-11,1.009518300625841,1.0108733541618669
2003-11-12,1.0095710105437599,1.0108733541618669
2003-11-13,1.0095710105437599,1.0108733541618669
2003-11-14,1.0095710105437599,1.0108733541618669
2003-11-17,1.0095710105437599,1.0108733541618669
2003-11-18,1.0095710105437599,1.0108733541618669
2003-11-19,1.0095710105437599,1.0108733541618669
2003-11-20,1.009104808106893,1.0108733541618669
2003-11-21,1.009104808106893,1.0108733541618669
2003-11-24,1.009104808106893,1.0108733541618669
2003-11-25,1.009104808106893,1.0108733541618669
2003-11-26,1.009104808106893,1.0108733541618669
2003-11-27,1.009104808106893,1.0108733541618669
2003-11-28,1.009104808106893,1.0108733541618669
2003-12-01,1.009104808106893,1.0108733541618669
2003-12-02,1.009104808106893,1.0108733541618669
2003-12-03,1.009104808106893,1.0108733541618669
2003-12-04,1.009104808106893,1.0108733541618669
2003-12-05,1.009104808106893,1.0108733541618669
2003-12-08,1.009104808106893,1.0108733541618669
2003-12-09,1.009104808106893,1.0108733541618669
2003-12-10,1.009104808106893,1.0108733541618669
2003-12-11,1.009104808106893,1.0108733541618669
2003-12-12,1.009104808106893,1.0108733541618669
2003-12-15,1.009104808106893,1.0108733541618669
2003-12-16,1.009104808106893,1.0108733541618669
2003-12-17,1.0084101565703254,1.0108733541618669
2003-12-18,1.0079424297317745,1.0114219870643577
2003-12-19,1.0084742211015145,1.0114219870643577
2003-12-22,1.0086178301896258,1.0114219870643577
2003-12-23,1.0086178301896258,1.0114219870643577
2003-12-24,1.0086178301896258,1.0114219870643577
2003-12-25,1.0086178301896258,1.0114219870643577
2003-12-26,1.0086178301896258,1.0114219870643577
2003-12-29,1.0086178301896258,1.0114219870643577
2003-12-30,1.0086178301896258,1.0114219870643577
2003-12-31,1.0086178301896258,1.0114219870643577
2004-01-01,1.0086178301896258,1.0114219870643577
2004-01-02,1.0086178301896258,1.0114219870643577
2004-01-05,1.0086178301896258,1.0114219870643577
2004-01-06,1.0077015701939684,1.0124342662488834
2004-01-07,1.0079298668227594,1.0124342662488834
2004-01-08,1.0069826979835008,1.0118638983660455
2004-01-09,1.0059763328315812,1.0127086857464311
2004-01-12,1.0062537702599694,1.013177779232606
2004-01-13,1.0066043623329914,1.0143616989897006
2004-01-14,1.0078410663434698,1.0130278121289369
2004-01-15,1.0064934251607855,1.0121385542217611
2004-01-16,1.0058891880867256,1.0096120736196648
2004-01-19,1.0033989703988475,1.0154191586347883
2004-01-20,1.0092004639387282,1.0163719349639053
2004-01-21,1.0101630647835027,1.0163719349639053
2004-01-22,1.0109491888067352,1.0155837013710947
2004-01-23,1.01014702143609,1.0150949965435518
2004-01-26,1.0096496776662898,1.0165295816824675
2004-01-27,1.0111096222808642,1.0165295816824675
2004-01-28,1.0111096222808642,1.0165295816824675
2004-01-29,1.0097572157146397,1.017280152477881
2004-01-30,1.01132947023188,1.017280152477881
2004-02-02,1.01132947023188,1.017280152477881
2004-02-03,1.01132947023188,1.017280152477881
2004-02-04,1.01132947023188,1.017280152477881
2004-02-05,1.01132947023188,1.017280152477881
2004-02-06,1.01132947023188,1.017280152477881
2004-02-09,1.01132947023188,1.017280152477881
2004-02-10,1.01132947023188,1.017280152477881
2004-02-11,1.01132947023188,1.017280152477881
2004-02-12,1.01132947023188,1.017280152477881
2004-02-13,1.01132947023188,1.017280152477881
2004-02-16,1.01132947023188,1.017280152477881
2004-02-17,1.01132947023188,1.017280152477881
2004-02-18,1.01132947023188,1.0169889452608973
2004-02-19,1.0110566260926057,1.014737482249322
2004-02-20,1.0089471368640603,1.015580329554795
2004-02-23,1.0097530793440692,1.0170228294508803
2004-02-24,1.0112526167165834,1.016139622937297
2004-02-25,1.0104251038427736,1.0155166035828112
2004-02-26,1.009841371127332,1.016005491224802
2004-02-27,1.0102994302690753,1.0161341024960322
2004-03-01,1.0104199315120157,1.0149418285745977
2004-03-02,1.0071516111406775,1.0130473454263607
2004-03-03,1.0044535987923424,1.0129556978967231
2004-03-04,1.004354520261722,1.014291955570054
2004-03-05,1.0058507677620168,1.0157884744866568
2004-03-08,1.0072972100969662,1.0154546218246618
2004-03-09,1.0069616763112796,1.0126448655497704
2004-03-10,1.0029851025473513,1.0154855275657537
2004-03-11,1.001732859768079,1.0142329983316243
2004-03-12,0.999967000867112,1.0146756156468513
2004-03-15,1.000788987193289,1.0146756156468513
2004-03-16,1.0016145545137904,1.0146756156468513
2004-03-17,1.0016987960771067,1.0161155975593583
2004-03-18,1.004620325082727,1.0152380561498897
2004-03-19,1.004620325082727,1.0163853479443845
2004-03-22,1.0049737274959147,1.0164851260854608
2004-03-23,1.0050426840643418,1.0131694633690569
2004-03-24,1.0032842915694549,1.0122082682119071
2004-03-25,1.003278307811589,1.0132264101977273
2004-03-26,1.0034684432503034,1.013272821627563
2004-03-29,1.0038680251966676,1.0143723630737307
2004-03-30,1.0040305209783582,1.0162760467715735
2004-03-31,1.0040305209783582,1.0162760467715735
2004-04-01,1.0040305209783582,1.014748446735502
2004-04-02,1.0040305209783582,1.0134836596088619
2004-04-05,1.0040305209783582,1.0144856338260704
2004-04-06,1.0040305209783582,1.014539676164008
2004-04-07,1.0040864044752011,1.0162059815837543
2004-04-08,1.0058094789611922,1.0162059815837543
2004-04-09,1.0058094789611922,1.0162059815837543
2004-04-12,1.0058094789611922,1.0162059815837543
2004-04-13,1.0058094789611922,1.0162059815837543
2004-04-14,1.0058094789611922,1.0158201181300361
2004-04-15,1.00544089131113,1.0154664117852956
2004-04-16,1.005097316305385,1.0152943601154558
2004-04-19,1.004932967699513,1.0202977222497767
2004-04-20,1.0077908467759416,1.0202977222497767
2004-04-21,1.0077908467759416,1.0202977222497767
2004-04-22,1.0067071626451525,1.0212986265600972
2004-04-23,1.0075199257432443,1.0212986265600972
2004-04-26,1.0075199257432443,1.0212986265600972
2004-04-27,1.0075199257432443,1.0212986265600972
2004-04-28,1.0075199257432443,1.0212986265600972
2004-04-29,1.0065812987363616,1.021557379089464
2004-04-30,1.006934819899912,1.021557379089464
2004-05-03,1.007722945394524,1.021557379089464
2004-05-04,1.007722945394524,1.021557379089464
2004-05-05,1.007722945394524,1.021557379089464
2004-05-06,1.0087129594883502,1.021557379089464
2004-05-07,1.010145245958187,1.0221778016976633
2004-05-10,1.0111386059292031,1.0221778016976633
2004-05-11,1.0111386059292031,1.0221778016976633
2004-05-12,1.0111386059292031,1.0221778016976633
2004-05-13,1.0111386059292031,1.0221778016976633
2004-05-14,1.0111386059292031,1.0221778016976633
2004-05-17,1.0111386059292031,1.0221778016976633
2004-05-18,1.0111386059292031,1.0221778016976633
2004-05-19,1.0111386059292031,1.0221778016976633
2004-05-20,1.0111386059292031,1.0221778016976633
2004-05-21,1.0111386059292031,1.0221778016976633
2004-05-24,1.0111386059292031,1.0221778016976633
2004-05-25,1.0111386059292031,1.0221778016976633
2004-05-26,1.0111386059292031,1.0221778016976633
2004-05-27,1.0111386059292031,1.0221778016976633
2004-05-28,1.0111386059292031,1.0221778016976633
2004-05-31,1.0111386059292031,1.0221778016976633
2004-06-01,1.0111386059292031,1.0221778016976633
2004-06-02,1.0111386059292031,1.0221778016976633
2004-06-03,1.0111386059292031,1.0221778016976633
2004-06-04,1.0111386059292031,1.0221778016976633
2004-06-07,1.0111386059292031,1.0221778016976633
2004-06-08,1.0111386059292031,1.0221778016976633
2004-06-09,1.0111386059292031,1.0221778016976633
2004-06-10,1.0111386059292031,1.0221778016976633
2004-06-11,1.0111386059292031,1.0221778016976633
2004-06-14,1.0111386059292031,1.0221778016976633
2004-06-15,1.0111386059292031,1.0221778016976633
2004-06-16,1.0111386059292031,1.0221778016976633
2004-06-17,1.0111386059292031,1.0232638698985375
2004-06-18,1.0111386059292031,1.0235184171331175
2004-06-21,1.0111386059292031,1.0230772019265122
2004-06-22,1.0111386059292031,1.0230772019265122
2004-06-23,1.0112086496123809,1.0230772019265122
2004-06-24,1.0132574273453354,1.0232106130978722
2004-06-25,1.0132574273453354,1.0230271727372522
2004-06-28,1.0132574273453354,1.0214929442666134
2004-06-29,1.0132574273453354,1.0210121136271963
2004-06-30,1.0127014877540956,1.0206094637940442
2004-07-01,1.0123242718595005,1.019739656531157
2004-07-02,1.0114346192221961,1.0207566642032997
2004-07-05,1.0124036214661585,1.0209167174574358
2004-07-06,1.012569127546457,1.0193522523205232
2004-07-07,1.008059411548921,1.0195360934207018
2004-07-08,1.0088927996309796,1.0195627689630578
2004-07-09,1.008920383977696,1.0195005260308936
2004-07-12,1.0088560205020245,1.0195805526579618
2004-07-13,1.0089387735421735,1.0199717944124242
2004-07-14,1.0092789804850089,1.0199717944124242
2004-07-15,1.009398512654113,1.0199717944124242
2004-07-16,1.0083043335676969,1.0203113916178994
2004-07-19,1.0079273474959065,1.0212243883137089
2004-07-20,1.0084974239947115,1.0219625892534425
2004-07-21,1.0091962274448596,1.0219625892534425
2004-07-22,1.0091962274448596,1.0219625892534425
2004-07-23,1.0095466901331922,1.0217191794959826
2004-07-26,1.010653414412137,1.0229526396235924
2004-07-27,1.010653414412137,1.0229526396235924
2004-07-28,1.010653414412137,1.0229526396235924
2004-07-29,1.010653414412137,1.0229526396235924
2004-07-30,1.010653414412137,1.0229526396235924
2004-08-02,1.0107511207715831,1.0229526396235924
2004-08-03,1.0107103333598515,1.0229526396235924
2004-08-04,1.0107103333598515,1.0229526396235924
2004-08-05,1.0109320371413577,1.0229526396235924
2004-08-06,1.0109320371413577,1.0229526396235924
2004-08-09,1.0109320371413577,1.0229526396235924
2004-08-10,1.0109320371413577,1.0229526396235924
2004-08-11,1.0109320371413577,1.0229526396235924
2004-08-12,1.010326055484191,1.0216907331235696
2004-08-13,1.0090440976795958,1.0219308773609452
2004-08-16,1.0092625945101357,1.0219308773609452
2004-08-17,1.0094096310848875,1.0219308773609452
2004-08-18,1.0094096310848875,1.0219308773609452
2004-08-19,1.0094096310848875,1.0219308773609452
2004-08-20,1.0094096310848875,1.0219308773609452
2004-08-23,1.0080657797620005,1.0198767962839368
2004-08-24,1.0054740879449344,1.0201528762394187
2004-08-25,1.005651191358771,1.0201463029071454
2004-08-26,1.0055489258332102,1.019745329638469
2004-08-27,1.0051866288925118,1.0200477029230446
2004-08-30,1.005459836421563,1.0211873363564568
2004-08-31,1.008262720131386,1.0205719799680368
2004-09-01,1.0077044264850639,1.0205719799680368
2004-09-02,1.0075618834264286,1.0205719799680368
2004-09-03,1.0075618834264286,1.0205719799680368
2004-09-06,1.0075618834264286,1.0205719799680368
2004-09-07,1.0075618834264286,1.0205719799680368
2004-09-08,1.0075618834264286,1.0205719799680368
2004-09-09,1.0072661262077875,1.0199462290128753
2004-09-10,1.0066235123557667,1.0199070253385762
2004-09-13,1.0065832522108207,1.0199070253385762
2004-09-14,1.0067334535208112,1.0199070253385762
2004-09-15,1.0081270739227843,1.0199070253385762
2004-09-16,1.0081270739227843,1.0199070253385762
2004-09-17,1.0081270739227843,1.0199070253385762
2004-09-20,1.0081270739227843,1.0199070253385762
2004-09-21,1.0081270739227843,1.0195073153696594
2004-09-22,1.0077309402408399,1.0206102845328464
2004-09-23,1.0100056818755456,1.0214825354742716
2004-09-24,1.0109058257398607,1.0216253226449525
2004-09-27,1.0106881802160927,1.0215312136260661
2004-09-28,1.0113302299242852,1.0216116357248515
2004-09-29,1.0119977250847525,1.0228662204659003
2004-09-30,1.0141774563010948,1.0228662204659003
2004-10-01,1.0141774563010948,1.0220261122486676
2004-10-04,1.0128874958152438,1.022159618148133
2004-10-05,1.0148118115210598,1.0221403988143811
2004-10-06,1.0148105052060383,1.0219705967490096
2004-10-07,1.0146216380374977,1.0228372771319387
2004-10-08,1.0171903699814084,1.0228603208850708
2004-10-11,1.017214352818571,1.0228603208850708
2004-10-12,1.017214352818571,1.0228603208850708
2004-10-13,1.017214352818571,1.0228603208850708
2004-10-14,1.017214352818571,1.0228603208850708
2004-10-15,1.017214352818571,1.0228603208850708
2004-10-18,1.017214352818571,1.0228603208850708
2004-10-19,1.017231156909565,1.0228603208850708
2004-10-20,1.017231156909565,1.0228603208850708
2004-10-21,1.017231156909565,1.0228603208850708
2004-10-22,1.0171886978548637,1.0228603208850708
2004-10-25,1.015651680074684,1.0231727773313612
2004-10-26,1.0159319098357114,1.0231727773313612
2004-10-27,1.0162545986514397,1.0223138714827027
2004-10-28,1.0154818438558797,1.022559273153748
2004-10-29,1.0157026309403256,1.022559273153748
2004-11-01,1.0160423033779342,1.022559273153748
2004-11-02,1.0160423033779342,1.022559273153748
2004-11-03,1.0160423033779342,1.022559273153748
2004-11-04,1.0160423033779342,1.022559273153748
2004-11-05,1.0155943986635283,1.022559273153748
2004-11-08,1.0155943986635283,1.022559273153748
2004-11-09,1.015680592592393,1.022559273153748
2004-11-10,1.015680592592393,1.022559273153748
2004-11-11,1.015680592592393,1.022559273153748
2004-11-12,1.015680592592393,1.022559273153748
2004-11-15,1.015680592592393,1.0226041589300974
2004-11-16,1.0157283595635203,1.0226041589300974
2004-11-17,1.0157283595635203,1.0226041589300974
2004-11-18,1.016389487180267,1.0217267388443418
2004-11-19,1.0154507316155956,1.0219171581397484
2004-11-22,1.0156544620476722,1.0214174836821415
2004-11-23,1.0151198581729515,1.0212717922044345
2004-11-24,1.0149639822275032,1.0205742505141429
2004-11-25,1.0135619716736877,1.020499929252656
2004-11-26,1.0136541489972095,1.0206161592773784
2004-11-29,1.0148061090065785,1.0206161592773784
2004-11-30,1.0139189152044064,1.0185589715050192
2004-12-01,1.01254718744603,1.0191757427520445
2004-12-02,1.013097732101389,1.0165604128261145
2004-12-03,1.0120334756588616,1.0172131861117093
2004-12-06,1.012669663551021,1.0167499314568156
2004-12-07,1.012244181206145,1.017974037895088
2004-12-08,1.0134348573735152,1.0185365829063047
2004-12-09,1.0139369984036264,1.0191884960905564
2004-12-10,1.0151991240348204,1.0191884960905564
2004-12-13,1.0146264154346258,1.0191884960905564
2004-12-14,1.0144861486924182,1.0191884960905564
2004-12-15,1.0144861486924182,1.0191884960905564
2004-12-16,1.0144861486924182,1.0191884960905564
2004-12-17,1.0154446131828445,1.0191884960905564
2004-12-20,1.0154446131828445,1.0191884960905564
2004-12-21,1.0154218446841339,1.0191884960905564
2004-12-22,1.0153266228055118,1.0191884960905564
2004-12-23,1.0174274728657184,1.0191884960905564
2004-12-24,1.0174274728657184,1.0191884960905564
2004-12-27,1.0182937252582527,1.0191884960905564
2004-12-28,1.0182937252582527,1.0191884960905564
2004-12-29,1.0182937252582527,1.0191884960905564
2004-12-30,1.0182937252582527,1.0191884960905564
2004-12-31,1.0182937252582527,1.0191884960905564
2005-01-03,1.0182937252582527,1.0191884960905564
2005-01-04,1.0182937252582527,1.0191884960905564
2005-01-05,1.0183657623428086,1.0191884960905564
2005-01-06,1.0175205790010162,1.0191884960905564
2005-01-07,1.0169792992238866,1.0191884960905564
2005-01-10,1.0179345381879048,1.0191884960905564
2005-01-11,1.0189558494179538,1.0203486200426457
2005-01-12,1.019242140724407,1.0202693588702085
2005-01-13,1.0191675598249086,1.0198956990572914
2005-01-14,1.0188159641558459,1.0195848969132253
2005-01-17,1.0181072717264297,1.019643384133895
2005-01-18,1.0177594184397276,1.0197529040677404
2005-01-19,1.0183225258158,1.0189137560739039
2005-01-20,1.0170562773723457,1.0201206505820168
2005-01-21,1.018313705205206,1.0203677102094773
2005-01-24,1.0185453004583715,1.0195051814236802
2005-01-25,1.0176476217122425,1.020375094956909
2005-01-26,1.0185529861506337,1.019992009394464
2005-01-27,1.018154289002181,1.0195138919146336
2005-01-28,1.0178165474841172,1.019384803169637
2005-01-31,1.0176793273877247,1.0200688294310736
2005-02-01,1.0184023768564971,1.0200688294310736
2005-02-02,1.0184023768564971,1.0200688294310736
2005-02-03,1.0184023768564971,1.0192257355285423
2005-02-04,1.0184023768564971,1.0186778864177428
2005-02-07,1.0178097489347948,1.01958271867328
2005-02-08,1.0185414482547064,1.0199886958253663
2005-02-09,1.019539858493875,1.0205191434547063
2005-02-10,1.019539858493875,1.0212157099323118
2005-02-11,1.0196743356212639,1.023144114189748
2005-02-14,1.0230925680979175,1.0238877109883833
2005-02-15,1.0237956772268946,1.0238877109883833
2005-02-16,1.0237956772268946,1.0238877109883833
2005-02-17,1.0237956772268946,1.0237765055790158
2005-02-18,1.0236905267761913,1.0238653014932064
2005-02-21,1.0237744878932886,1.0238653014932064
2005-02-22,1.0237744878932886,1.0238653014932064
2005-02-23,1.0237744878932886,1.0237751769855346
2005-02-24,1.0243295296089547,1.0241356750162216
2005-02-25,1.0247510652651919,1.0241356750162216
2005-02-28,1.025218609306688,1.0241356750162216
2005-03-01,1.025218609306688,1.0241356750162216
2005-03-02,1.025218609306688,1.0241356750162216
2005-03-03,1.025218609306688,1.0241356750162216
2005-03-04,1.025218609306688,1.0241356750162216
2005-03-07,1.025218609306688,1.0241356750162216
2005-03-08,1.025218609306688,1.0234088419330956
2005-03-09,1.0244258006223501,1.023081054464235
2005-03-10,1.024068259450982,1.023366087045853
2005-03-11,1.0243791648173888,1.0225679958173226
2005-03-14,1.0235086297914493,1.0230525512060733
2005-03-15,1.0240371689143413,1.0234515968203384
2005-03-16,1.024472436427311,1.0235180416910494
2005-03-17,1.024472436427311,1.0237115567450643
2005-03-18,1.024472436427311,1.0252526972442377
2005-03-21,1.024472436427311,1.0252526972442377
2005-03-22,1.024472436427311,1.0263239577095973
2005-03-23,1.024472436427311,1.0263239577095973
2005-03-24,1.024472436427311,1.0263239577095973
2005-03-25,1.024472436427311,1.0263239577095973
2005-03-28,1.024472436427311,1.0263239577095973
2005-03-29,1.024472436427311,1.0263239577095973
2005-03-30,1.024472436427311,1.0255559232836382
2005-03-31,1.024472436427311,1.026069746760447
2005-04-01,1.024472436427311,1.0259011155726194
2005-04-04,1.0242995343787182,1.0255331837375044
2005-04-05,1.0242995343787182,1.0255647064259663
2005-04-06,1.0242995343787182,1.0255647064259663
2005-04-07,1.0242995343787182,1.0255647064259663
2005-04-08,1.0242995343787182,1.0252312393128138
2005-04-11,1.0242995343787182,1.0251499040120917
2005-04-12,1.0242995343787182,1.0250124487888927
2005-04-13,1.0242995343787182,1.0258165642192554
2005-04-14,1.0242995343787182,1.0258165642192554
2005-04-15,1.0242995343787182,1.0258165642192554
2005-04-18,1.0242995343787182,1.024911051876955
2005-04-19,1.0233886905113863,1.0248433963229124
2005-04-20,1.0233886905113863,1.0255130329458602
2005-04-21,1.0233886905113863,1.025140215182755
2005-04-22,1.0233886905113863,1.025140215182755
2005-04-25,1.0233886905113863,1.025140215182755
2005-04-26,1.0233886905113863,1.025140215182755
2005-04-27,1.0233886905113863,1.0254173354720073
2005-04-28,1.023650722039165,1.0238987162869067
2005-04-29,1.022214789266937,1.0242201758224387
2005-05-02,1.0225187458391605,1.0242755998802893
2005-05-03,1.0225711521447165,1.0236881048670752
2005-05-04,1.0220156453058253,1.0235772567513743
2005-05-05,1.021910832694714,1.024242345445579
2005-05-06,1.022539708361383,1.0248741797050733
2005-05-09,1.0231371402447185,1.0248741797050733
2005-05-10,1.0231371402447185,1.0248741797050733
2005-05-11,1.0231371402447185,1.0248741797050733
2005-05-12,1.0231371402447185,1.0248741797050733
2005-05-13,1.0231371402447185,1.0248741797050733
2005-05-16,1.0231371402447185,1.0248741797050733
2005-05-17,1.0231371402447185,1.0248741797050733
2005-05-18,1.0231371402447185,1.0248741797050733
2005-05-19,1.0231371402447185,1.0248741797050733
2005-05-20,1.0231371402447185,1.0248741797050733
2005-05-23,1.0231371402447185,1.0248741797050733
2005-05-24,1.0231371402447185,1.0248741797050733
2005-05-25,1.0231371402447185,1.0248741797050733
2005-05-26,1.0231371402447185,1.0248741797050733
2005-05-27,1.0231371402447185,1.0248741797050733
2005-05-30,1.0231371402447185,1.0248741797050733
2005-05-31,1.0231371402447185,1.0279486991292648
2005-06-01,1.0274008564599224,1.0279964760626272
2005-06-02,1.0258501975706598,1.0279964760626272
2005-06-03,1.0260821603057422,1.0279964760626272
2005-06-06,1.025855768990598,1.0274598728692634
2005-06-07,1.0251845477867763,1.028035749498323
2005-06-08,1.0280188708796816,1.0276180840433122
2005-06-09,1.027563293378371,1.028580592864322
2005-06-10,1.0296276677916074,1.0277779908572038
2005-06-13,1.0289026877141176,1.0278917511530419
2005-06-14,1.0290095107489412,1.0284722165540754
2005-06-15,1.0295338376851921,1.028139599811576
2005-06-16,1.0292249140564331,1.0317197162950378
2005-06-17,1.032770646888504,1.0301648718794543
2005-06-20,1.03133506446246,1.0315074988511777
2005-06-21,1.0325970912245417,1.0314274325835124
2005-06-22,1.0325247683940215,1.0298765994022014
2005-06-23,1.0304020172572337,1.0307177151321592
2005-06-24,1.0317476177313962,1.0312669417955793
2005-06-27,1.0336419575000795,1.0301295054835693
2005-06-28,1.0326941952505853,1.0298576531645098
2005-06-29,1.032412665871445,1.0301296831986835
2005-06-30,1.0318353710702217,1.0285460141072922
2005-07-01,1.03226046699419,1.02803132165259
2005-07-04,1.0311807786169245,1.0279504547174563
2005-07-05,1.0311259611196943,1.0279504547174563
2005-07-06,1.0301123173795927,1.028045065258233
2005-07-07,1.0296803192328683,1.0271451982894688
2005-07-08,1.028705101952862,1.0278718158575446
2005-07-11,1.0305823952958462,1.0276495719230905
2005-07-12,1.0302716689028288,1.029356376980183
2005-07-13,1.032074960832753,1.0302472300832823
2005-07-14,1.0330272298734349,1.0310145188709283
2005-07-15,1.0338681268992882,1.0310145188709283
2005-07-18,1.0338681268992882,1.0310145188709283
2005-07-19,1.0338681268992882,1.0310145188709283
2005-07-20,1.0338681268992882,1.0307324427297937
2005-07-21,1.0335739305409843,1.0307324427297937
2005-07-22,1.0335739305409843,1.0307324427297937
2005-07-25,1.0335739305409843,1.0307324427297937
2005-07-26,1.0335739305409843,1.0307324427297937
2005-07-27,1.0335739305409843,1.0307324427297937
2005-07-28,1.0335739305409843,1.0307324427297937
2005-07-29,1.0335739305409843,1.0307324427297937
2005-08-01,1.0335739305409843,1.0307324427297937
2005-08-02,1.0335739305409843,1.0307324427297937
2005-08-03,1.0335739305409843,1.0307324427297937
2005-08-04,1.0335739305409843,1.0307324427297937
2005-08-05,1.0335739305409843,1.0307324427297937
2005-08-08,1.0335739305409843,1.0307324427297937
2005-08-09,1.0335739305409843,1.0307324427297937
2005-08-10,1.0335739305409843,1.0307324427297937
2005-08-11,1.0350458922071495,1.0307324427297937
2005-08-12,1.0346533690961721,1.0307324427297937
2005-08-15,1.0341790703370746,1.0307324427297937
2005-08-16,1.0341790703370746,1.0307324427297937
2005-08-17,1.0341790703370746,1.0307324427297937
2005-08-18,1.0341790703370746,1.0307324427297937
2005-08-19,1.0341790703370746,1.0307324427297937
2005-08-22,1.0341790703370746,1.0307324427297937
2005-08-23,1.0341790703370746,1.0311359062298218
2005-08-24,1.0336444435669083,1.0291173307619068
2005-08-25,1.0318565940304414,1.0302723722892253
2005-08-26,1.0324542393837686,1.0321670575338169
2005-08-29,1.0342681259292745,1.034645533162988
2005-08-30,1.0357708400966996,1.0284813672134534
2005-08-31,1.0282716955345061,1.0180278305012556
2005-09-01,1.0198015438450068,1.0146048450282095
2005-09-02,1.0164976778007846,1.0153284482736247
2005-09-05,1.0165339196880392,1.0167779594528032
2005-09-06,1.019403050732586,1.018236304117296
2005-09-07,1.0206653519858733,1.0182920006634484
2005-09-08,1.0211186479562686,1.0177697714180525
2005-09-09,1.0207769675056881,1.0189670752215336
2005-09-12,1.0207769675056881,1.0189670752215336
2005-09-13,1.0207769675056881,1.0189670752215336
2005-09-14,1.0207769675056881,1.0189670752215336
2005-09-15,1.0207769675056881,1.0189670752215336
2005-09-16,1.0207769675056881,1.0189670752215336
2005-09-19,1.0207769675056881,1.0189670752215336
2005-09-20,1.0207769675056881,1.0189670752215336
2005-09-21,1.0207769675056881,1.0189670752215336
2005-09-22,1.0207769675056881,1.0189670752215336
2005-09-23,1.0207769675056881,1.0189670752215336
2005-09-26,1.0207769675056881,1.0189670752215336
2005-09-27,1.0207769675056881,1.0189670752215336
2005-09-28,1.0207769675056881,1.0189670752215336
2005-09-29,1.0207769675056881,1.0189670752215336
2005-09-30,1.0207769675056881,1.0189670752215336
2005-10-03,1.0207769675056881,1.0189670752215336
2005-10-04,1.0207769675056881,1.0189670752215336
2005-10-05,1.0207769675056881,1.0189670752215336
2005-10-06,1.0207769675056881,1.0189670752215336
2005-10-07,1.0207769675056881,1.0189670752215336
2005-10-10,1.0207769675056881,1.0189670752215336
2005-10-11,1.0207769675056881,1.0189670752215336
2005-10-12,1.0207769675056881,1.0189670752215336
2005-10-13,1.0207769675056881,1.0189670752215336
2005-10-14,1.0207769675056881,1.0189670752215336
2005-10-17,1.0207769675056881,1.0189670752215336
2005-10-18,1.0207769675056881,1.0189670752215336
2005-10-19,1.0207769675056881,1.0189670752215336
2005-10-20,1.0207769675056881,1.0189670752215336
2005-10-21,1.0207769675056881,1.0189670752215336
2005-10-24,1.0207769675056881,1.0189670752215336
2005-10-25,1.0207769675056881,1.0189670752215336
2005-10-26,1.0207769675056881,1.0189670752215336
2005-10-27,1.0207769675056881,1.0189670752215336
2005-10-28,1.0207769675056881,1.0189670752215336
2005-10-31,1.0207769675056881,1.0189670752215336
2005-11-01,1.0207769675056881,1.0189670752215336
2005-11-02,1.0207769675056881,1.0189670752215336
2005-11-03,1.0207769675056881,1.0189670752215336
2005-11-04,1.0207769675056881,1.0189670752215336
2005-11-07,1.0207769675056881,1.0189670752215336
2005-11-08,1.0207769675056881,1.0189670752215336
2005-11-09,1.0207769675056881,1.0189670752215336
2005-11-10,1.0207769675056881,1.0189670752215336
2005-11-11,1.0207769675056881,1.0189670752215336
2005-11-14,1.0207769675056881,1.0199880398186825
2005-11-15,1.021896425461831,1.0199880398186825
2005-11-16,1.021896425461831,1.0199880398186825
2005-11-17,1.021896425461831,1.0199880398186825
2005-11-18,1.021896425461831,1.0199880398186825
2005-11-21,1.021896425461831,1.0199880398186825
2005-11-22,1.0227362541027958,1.0199880398186825
2005-11-23,1.0227362541027958,1.0199880398186825
2005-11-24,1.0227362541027958,1.0199880398186825
2005-11-25,1.0227362541027958,1.0208628890419729
2005-11-28,1.0236256724099384,1.0208628890419729
2005-11-29,1.0236256724099384,1.0208628890419729
2005-11-30,1.0237436543239637,1.0208628890419729
2005-12-01,1.0237436543239637,1.0208628890419729
2005-12-02,1.0237072661483837,1.022311411832001
2005-12-05,1.0251809380630812,1.022311411832001
2005-12-06,1.0251809380630812,1.022311411832001
2005-12-07,1.0250984403315804,1.022311411832001
2005-12-08,1.0259958897419879,1.022311411832001
2005-12-09,1.0259958897419879,1.022311411832001
2005-12-12,1.0259958897419879,1.022311411832001
2005-12-13,1.0259958897419879,1.022311411832001
2005-12-14,1.025301027046318,1.0216874195617625
2005-12-15,1.024747521429328,1.0209984645820862
2005-12-16,1.024081849484452,1.0208110417464222
2005-12-19,1.0238560057697148,1.0236497164518386
2005-12-20,1.0255197865201056,1.0236497164518386
2005-12-21,1.0253862183890972,1.0233664905619024
2005-12-22,1.0243891283163142,1.023087935545738
2005-12-23,1.0240722267339988,1.0235542529391946
2005-12-26,1.0246165630621014,1.0237078818773684
2005-12-27,1.024000983952535,1.0244788856888616
2005-12-28,1.0273569509063898,1.0248722549804397
2005-12-29,1.0282610701399977,1.0248722549804397
2005-12-30,1.0282610701399977,1.0248722549804397
2006-01-02,1.0282610701399977,1.0248722549804397
2006-01-03,1.0282610701399977,1.0248722549804397
2006-01-04,1.0282610701399977,1.0248722549804397
2006-01-05,1.0284311035420939,1.0242411357667232
2006-01-06,1.027783138415187,1.0240282085841157
2006-01-09,1.028398392013824,1.0242510456287512
2006-01-10,1.0286444983082703,1.0242510456287512
2006-01-11,1.0286444983082703,1.0242510456287512
2006-01-12,1.0286444983082703,1.0242510456287512
2006-01-13,1.0286444983082703,1.0242510456287512
2006-01-16,1.0286444983082703,1.0242510456287512
2006-01-17,1.0286444983082703,1.0242510456287512
2006-01-18,1.0286444983082703,1.0242510456287512
2006-01-19,1.0290814104132433,1.0242510456287512
2006-01-20,1.0290814104132433,1.0242510456287512
2006-01-23,1.0290814104132433,1.0251739397645343
2006-01-24,1.0300119469786864,1.025566174995254
2006-01-25,1.0310234511079661,1.0258625400323038
2006-01-26,1.0310234511079661,1.026633187690308
2006-01-27,1.0310234511079661,1.026633187690308
2006-01-30,1.0310234511079661,1.026633187690308
2006-01-31,1.0310234511079661,1.026633187690308
2006-02-01,1.0310234511079661,1.026633187690308
2006-02-02,1.0310234511079661,1.0277797542756586
2006-02-03,1.0310234511079661,1.0277797542756586
2006-02-06,1.0310234511079661,1.0277797542756586
2006-02-07,1.0310234511079661,1.027922435854351
2006-02-08,1.031169607270508,1.027864312727421
2006-02-09,1.0310893996203325,1.0294285900352804
2006-02-10,1.032691770231615,1.0296569695477304
2006-02-13,1.0330090360478643,1.0299671604935867
2006-02-14,1.0333209546874356,1.030463482086634
2006-02-15,1.0338651648946648,1.0305716534616043
2006-02-16,1.0338651648946648,1.0305716534616043
2006-02-17,1.0334361704680335,1.0305716534616043
2006-02-20,1.0331417977233994,1.0305716534616043
2006-02-21,1.0332692395823568,1.0305716534616043
2006-02-22,1.0336425903804294,1.0305716534616043
2006-02-23,1.0336425903804294,1.0305716534616043
2006-02-24,1.03425154347467,1.0305716534616043
2006-02-27,1.03425154347467,1.0314838478243569
2006-02-28,1.0352035834985125,1.0314838478243569
2006-03-01,1.0352035834985125,1.0314838478243569
2006-03-02,1.0352035834985125,1.0314312194405926
2006-03-03,1.0346197478114203,1.0316409669049489
2006-03-06,1.0348381110331364,1.0337592267122997
2006-03-07,1.0375025530330646,1.0334264283053178
2006-03-08,1.0376507997122326,1.0334264283053178
2006-03-09,1.038055948876212,1.0334264283053178
2006-03-10,1.038055948876212,1.0334264283053178
2006-03-13,1.037359575801418,1.0334264283053178
2006-03-14,1.037404809364605,1.033713224626114
2006-03-15,1.0377216631663886,1.0327063669697776
2006-03-16,1.03797182720521,1.032645699399515
2006-03-17,1.0375022982378996,1.032399534502432
2006-03-20,1.0377467740624793,1.0320420282258647
2006-03-21,1.0371193933932195,1.0318288138771523
2006-03-22,1.0372932331273803,1.0320109110770324
2006-03-23,1.037494798228719,1.0320109110770324
2006-03-24,1.037180283452538,1.0317013239323631
2006-03-27,1.0367346420999266,1.0310403155734005
2006-03-28,1.0358249278975922,1.0312952696925395
2006-03-29,1.0359480639231498,1.0312952696925395
2006-03-30,1.0388077899036172,1.0312952696925395
2006-03-31,1.0388077899036172,1.0312952696925395
2006-04-03,1.0388077899036172,1.0312952696925395
2006-04-04,1.0396830242673785,1.031037026185546
2006-04-05,1.0394103581037466,1.031037026185546
2006-04-06,1.0399439833957105,1.031037026185546
2006-04-07,1.0399439833957105,1.031037026185546
2006-04-10,1.0399439833957105,1.031037026185546
2006-04-11,1.0399439833957105,1.031037026185546
2006-04-12,1.0399439833957105,1.031037026185546
2006-04-13,1.0399439833957105,1.031037026185546
2006-04-14,1.0400360841738232,1.031037026185546
2006-04-17,1.0400360841738232,1.031037026185546
2006-04-18,1.0392313274659837,1.0304041824685681
2006-04-19,1.0386976897034035,1.0313269104913292
2006-04-20,1.0394757688789187,1.0313269104913292
2006-04-21,1.0392838323508944,1.0313269104913292
2006-04-24,1.0389464131876787,1.0313269104913292
2006-04-25,1.0389408272733727,1.0313269104913292
2006-04-26,1.0390531631569426,1.0313269104913292
2006-04-27,1.0378699852152222,1.0304786469826075
2006-04-28,1.0335932736698399,1.0301356349570006
2006-05-01,1.0337914272905466,1.0286696715881882
2006-05-02,1.0321508507086206,1.0288302926736916
2006-05-03,1.0322840213934075,1.0288302926736916
2006-05-04,1.0322840213934075,1.0288302926736916
2006-05-05,1.0322840213934075,1.0288302926736916
2006-05-08,1.0322840213934075,1.0288302926736916
2006-05-09,1.0322840213934075,1.0288302926736916
2006-05-10,1.0322840213934075,1.0288302926736916
2006-05-11,1.0322840213934075,1.0288302926736916
2006-05-12,1.0322840213934075,1.0288302926736916
2006-05-15,1.0322840213934075,1.0288302926736916
2006-05-16,1.0322840213934075,1.0288302926736916
2006-05-17,1.0322840213934075,1.0288302926736916
2006-05-18,1.0322840213934075,1.0288302926736916
2006-05-19,1.0322840213934075,1.0288302926736916
2006-05-22,1.0322840213934075,1.0288302926736916
2006-05-23,1.0322840213934075,1.0288302926736916
2006-05-24,1.0322840213934075,1.0288302926736916
2006-05-25,1.0308988542709518,1.0286488713692807
2006-05-26,1.0317353972187515,1.0286488713692807
2006-05-29,1.0317353972187515,1.0286488713692807
2006-05-30,1.0317353972187515,1.0289711539865394
2006-05-31,1.0331803224948424,1.0291322952951687
2006-06-01,1.0333606468802157,1.0291322952951687
2006-06-02,1.0333606468802157,1.0291322952951687
2006-06-05,1.0333606468802157,1.0291322952951687
2006-06-06,1.0333606468802157,1.0291322952951687
2006-06-07,1.0333606468802157,1.0291322952951687
2006-06-08,1.0333606468802157,1.0291322952951687
2006-06-09,1.0333606468802157,1.0291322952951687
2006-06-12,1.0333606468802157,1.0306413424637357
2006-06-13,1.0350493386594115,1.0306413424637357
2006-06-14,1.0350493386594115,1.0306413424637357
2006-06-15,1.0350493386594115,1.0306413424637357
2006-06-16,1.0350493386594115,1.0306413424637357
2006-06-19,1.0350493386594115,1.0306413424637357
2006-06-20,1.0350493386594115,1.0306413424637357
2006-06-21,1.0350493386594115,1.0306413424637357
2006-06-22,1.0350493386594115,1.0306413424637357
2006-06-23,1.0350493386594115,1.0306413424637357
2006-06-26,1.0350493386594115,1.0306413424637357
2006-06-27,1.0350493386594115,1.0306413424637357
2006-06-28,1.0350493386594115,1.0306413424637357
2006-06-29,1.0350493386594115,1.0306413424637357
2006-06-30,1.0350493386594115,1.0306413424637357
2006-07-03,1.0350493386594115,1.0306413424637357
2006-07-04,1.0350493386594115,1.0306413424637357
2006-07-05,1.0350493386594115,1.0306413424637357
2006-07-06,1.0350493386594115,1.0306413424637357
2006-07-07,1.0350493386594115,1.0306413424637357
2006-07-10,1.0350493386594115,1.0306413424637357
2006-07-11,1.0350493386594115,1.0306413424637357
2006-07-12,1.0350493386594115,1.0306413424637357
2006-07-13,1.0353809124936335,1.0306413424637357
2006-07-14,1.0350573515137433,1.0306413424637357
2006-07-17,1.0338855360730594,1.0311425032165653
2006-07-18,1.0337653016682797,1.0311425032165653
2006-07-19,1.0347263120350867,1.0311425032165653
2006-07-20,1.035093597471719,1.0311425032165653
2006-07-21,1.035093597471719,1.0311425032165653
2006-07-24,1.035093597471719,1.0311425032165653
2006-07-25,1.0353588289098241,1.0311425032165653
2006-07-26,1.0353588289098241,1.0311425032165653
2006-07-27,1.0353588289098241,1.0311425032165653
2006-07-28,1.0353588289098241,1.0311425032165653
2006-07-31,1.0353588289098241,1.0311425032165653
2006-08-01,1.0353588289098241,1.0311425032165653
2006-08-02,1.0353588289098241,1.0311425032165653
2006-08-03,1.0353588289098241,1.0311425032165653
2006-08-04,1.0353588289098241,1.0311425032165653
2006-08-07,1.0353588289098241,1.0311425032165653
2006-08-08,1.0353588289098241,1.0311425032165653
2006-08-09,1.0353588289098241,1.0311425032165653
2006-08-10,1.0353588289098241,1.0311425032165653
2006-08-11,1.0353588289098241,1.0311425032165653
2006-08-14,1.0353588289098241,1.0311425032165653
2006-08-15,1.0353588289098241,1.0311425032165653
2006-08-16,1.0353588289098241,1.0311425032165653
2006-08-17,1.0353588289098241,1.0311597346180497
2006-08-18,1.0353765141381026,1.031021840287246
2006-08-21,1.0352349880573168,1.031021840287246
2006-08-22,1.0352349880573168,1.031021840287246
2006-08-23,1.0352349880573168,1.031021840287246
2006-08-24,1.0352349880573168,1.031021840287246
2006-08-25,1.0352349880573168,1.031021840287246
2006-08-28,1.0352349880573168,1.031021840287246
2006-08-29,1.0352349880573168,1.031021840287246
2006-08-30,1.0344976338774468,1.031021840287246
2006-08-31,1.0330073942258438,1.03105538413901
2006-09-01,1.032635295137453,1.0317937987877381
2006-09-04,1.0339957518930645,1.0317937987877381
2006-09-05,1.035073840408982,1.0317937987877381
2006-09-06,1.0347035363792239,1.0317937987877381
2006-09-07,1.0341416368715184,1.0317937987877381
2006-09-08,1.0336068712625783,1.0317937987877381
2006-09-11,1.0338764262194176,1.0317937987877381
2006-09-12,1.0335423746600867,1.0317937987877381
2006-09-13,1.0327930406176042,1.0330067697216627
2006-09-14,1.0340271638813363,1.032872735733676
2006-09-15,1.0338910086744355,1.0325384601476957
2006-09-18,1.0335514428504622,1.0325384601476957
2006-09-19,1.034496502989574,1.0325384601476957
2006-09-20,1.0340845915315953,1.0325050730338146
2006-09-21,1.0340505147669985,1.0325050730338146
2006-09-22,1.0340505147669985,1.0325050730338146
2006-09-25,1.0340505147669985,1.0325050730338146
2006-09-26,1.0360835549797547,1.0325050730338146
2006-09-27,1.0360835549797547,1.0325050730338146
2006-09-28,1.0360835549797547,1.0321501242953768
2006-09-29,1.035698209210864,1.0325822358030399
2006-10-02,1.0361673257990789,1.0325822358030399
2006-10-03,1.0361673257990789,1.0330020540036513
2006-10-04,1.0366230963084233,1.0330020540036513
2006-10-05,1.0366230963084233,1.0324425214159412
2006-10-06,1.0360156465786972,1.0326486428906425
2006-10-09,1.035787446015949,1.0326020151750004
2006-10-10,1.0352372983570308,1.0325507383799204
2006-10-11,1.0352006680373755,1.033200191161287
2006-10-12,1.0358107208844713,1.0322506434675072
2006-10-13,1.034918720159554,1.0331202781294746
2006-10-16,1.035942217678243,1.0344024885986245
2006-10-17,1.0372373635192855,1.0344024885986245
2006-10-18,1.0372373635192855,1.0344024885986245
2006-10-19,1.0372373635192855,1.0344024885986245
2006-10-20,1.0372373635192855,1.0344024885986245
2006-10-23,1.0372373635192855,1.0344024885986245
2006-10-24,1.0372373635192855,1.0344024885986245
2006-10-25,1.0372373635192855,1.0344024885986245
2006-10-26,1.0372373635192855,1.0344024885986245
2006-10-27,1.0372373635192855,1.0344024885986245
2006-10-30,1.0372373635192855,1.0344024885986245
2006-10-31,1.0372373635192855,1.0342380824147246
2006-11-01,1.037116198634103,1.0342380824147246
2006-11-02,1.0369228694383665,1.0342380824147246
2006-11-03,1.037330174637151,1.0342380824147246
2006-11-06,1.0373168955387255,1.0342380824147246
2006-11-07,1.0373168955387255,1.0342380824147246
2006-11-08,1.0373168955387255,1.0342380824147246
2006-11-09,1.0373168955387255,1.0342380824147246
2006-11-10,1.0374940989227606,1.0342380824147246
2006-11-13,1.0375767938353104,1.0342380824147246
2006-11-14,1.0370975008727776,1.0342380824147246
2006-11-15,1.0369202974887424,1.0342380824147246
2006-11-16,1.0371329415495845,1.0342380824147246
2006-11-17,1.0372004476006456,1.0342380824147246
2006-11-20,1.0372004476006456,1.0342380824147246
2006-11-21,1.0372004476006456,1.0342380824147246
2006-11-22,1.0372004476006456,1.0342380824147246
2006-11-23,1.0372004476006456,1.0342380824147246
2006-11-24,1.0358857545481324,1.0339552636512888
2006-11-27,1.03500591135998,1.033763676747026
2006-11-28,1.0342273090825147,1.0344414485651763
2006-11-29,1.035481953859784,1.0332371880240951
2006-11-30,1.0336870450781488,1.0332371880240951
2006-12-01,1.0319722244784773,1.0332190326146626
2006-12-04,1.0318998830858754,1.0332190326146626
2006-12-05,1.0322451511184325,1.0334480153061856
2006-12-06,1.0326590941352078,1.0334480153061856
2006-12-07,1.0326590941352078,1.0334480153061856
2006-12-08,1.0326590941352078,1.0334480153061856
2006-12-11,1.0326590941352078,1.0334480153061856
2006-12-12,1.0326590941352078,1.0334480153061856
2006-12-13,1.0326590941352078,1.0334480153061856
2006-12-14,1.0326590941352078,1.0334480153061856
2006-12-15,1.0326590941352078,1.0334480153061856
2006-12-18,1.0326590941352078,1.0334480153061856
2006-12-19,1.0326590941352078,1.0334480153061856
2006-12-20,1.0326590941352078,1.0334480153061856
2006-12-21,1.0326590941352078,1.0334480153061856
2006-12-22,1.0326590941352078,1.0334480153061856
2006-12-25,1.0326590941352078,1.0334480153061856
2006-12-26,1.0326590941352078,1.0334480153061856
2006-12-27,1.0326590941352078,1.0334480153061856
2006-12-28,1.0326590941352078,1.0334480153061856
2006-12-29,1.0326590941352078,1.0334480153061856
2007-01-01,1.0326590941352078,1.0334480153061856
2007-01-02,1.0326590941352078,1.0334480153061856
2007-01-03,1.0326590941352078,1.0334480153061856
2007-01-04,1.0321865495188756,1.0334480153061856
2007-01-05,1.0326786938108277,1.0339824448596013
2007-01-08,1.0326786938108277,1.0339824448596013
2007-01-09,1.0331610738585508,1.0318516686620198
2007-01-10,1.0309569038334532,1.031136994571783
2007-01-11,1.0302582281152677,1.0333210786067335
2007-01-12,1.0325228236160067,1.0338254877845694
2007-01-15,1.033041368918806,1.0336043248626121
2007-01-16,1.0326736068307847,1.0335271515591269
2007-01-17,1.0331236116378615,1.0331449811716906
2007-01-18,1.0322292479621231,1.0333550152442994
2007-01-19,1.0327621578188824,1.0326324268918696
2007-01-22,1.0316806182454363,1.0338555010542096
2007-01-23,1.0343141347607867,1.0338555010542096
2007-01-24,1.0343141347607867,1.0326532918307127
2007-01-25,1.0330051415667703,1.0326978180982496
2007-01-26,1.0330536227961782,1.032534555117281
2007-01-29,1.0328758582883486,1.0325493972064599
2007-01-30,1.0328920186981514,1.0336834622575228
2007-01-31,1.0341049909720719,1.0318408781498538
2007-02-01,1.032163487244542,1.0318301530143081
2007-02-02,1.032158356659985,1.0323533090455783
2007-02-05,1.0327076120020946,1.0318081608347653
2007-02-06,1.032138775860478,1.0328343221727665
2007-02-07,1.0332095262446974,1.0328343221727665
2007-02-08,1.0327912643758617,1.0328343221727665
2007-02-09,1.0325904986788206,1.0328343221727665
2007-02-12,1.0323933215100292,1.0328343221727665
2007-02-13,1.0336160933280558,1.0328343221727665
2007-02-14,1.033546533254117,1.0328343221727665
2007-02-15,1.0331639528474532,1.0328343221727665
2007-02-16,1.033210326230079,1.0328343221727665
2007-02-19,1.0333262596866437,1.0328343221727665
2007-02-20,1.0340218604260327,1.0328343221727665
2007-02-21,1.0340218604260327,1.0328343221727665
2007-02-22,1.0342908984162087,1.0328343221727665
2007-02-23,1.0340101631221121,1.0328343221727665
2007-02-26,1.0341154388573983,1.0328343221727665
2007-02-27,1.0341154388573983,1.0334508677587713
2007-02-28,1.0346999328040094,1.0325161050961187
2007-03-01,1.0338137645623735,1.031700673837209
2007-03-02,1.0330407241813715,1.0304377498142632
2007-03-05,1.031843454322991,1.031501788164304
2007-03-06,1.0348515452316824,1.030964796847461
2007-03-07,1.0343424698588275,1.032078556615728
2007-03-08,1.036656739393289,1.033232093518576
2007-03-09,1.0377503087127549,1.033232093518576
2007-03-12,1.0371846694095828,1.033232093518576
2007-03-13,1.0358082804385311,1.033232093518576
2007-03-14,1.0365718934978132,1.033232093518576
2007-03-15,1.0370244049403508,1.033232093518576
2007-03-16,1.0370244049403508,1.033232093518576
2007-03-19,1.0377649006725658,1.033232093518576
2007-03-20,1.0377649006725658,1.033232093518576
2007-03-21,1.0370753538708346,1.033232093518576
2007-03-22,1.037262349613677,1.033232093518576
2007-03-23,1.037659715567217,1.033232093518576
2007-03-26,1.037659715567217,1.033232093518576
2007-03-27,1.037659715567217,1.033539874315245
2007-03-28,1.037659715567217,1.033539874315245
2007-03-29,1.037659715567217,1.0333575456175144
2007-03-30,1.037659715567217,1.0333575456175144
2007-04-02,1.0379300826085132,1.0333575456175144
2007-04-03,1.038783351873157,1.032277360744847
2007-04-04,1.0376697934834835,1.0315851060431689
2007-04-05,1.0369561508003184,1.0320917562233827
2007-04-06,1.0374784545032147,1.0322338858118916
2007-04-09,1.037624975343961,1.031212224887434
2007-04-10,1.0365717490651833,1.0313543544759427
2007-04-11,1.037068561214215,1.0309948502226556
2007-04-12,1.036697949675856,1.0301626417766085
2007-04-13,1.0357987663839616,1.0301626417766085
2007-04-16,1.0347479205074874,1.0297293557084428
2007-04-17,1.034304910436054,1.0294123993628586
2007-04-18,1.03372638919053,1.0294123993628586
2007-04-19,1.0339337665113912,1.0294781820628314
2007-04-20,1.0343532731196126,1.0294781820628314
2007-04-23,1.034497188645942,1.0294781820628314
2007-04-24,1.0340593498982993,1.0294781820628314
2007-04-25,1.0337185873888124,1.0294781820628314
2007-04-26,1.0342846795837994,1.0290825975125282
2007-04-27,1.0336348165607239,1.0291133919413076
2007-04-30,1.0337468619095302,1.0294523292151576
2007-05-01,1.0343199112917987,1.0295453646022141
2007-05-02,1.0341112687946579,1.0295453646022141
2007-05-03,1.033914899385584,1.0295453646022141
2007-05-04,1.033914899385584,1.0295453646022141
2007-05-07,1.033914899385584,1.0295453646022141
2007-05-08,1.033914899385584,1.0295453646022141
2007-05-09,1.033914899385584,1.0295453646022141
2007-05-10,1.033914899385584,1.0295453646022141
2007-05-11,1.033914899385584,1.0295453646022141
2007-05-14,1.033914899385584,1.0295453646022141
2007-05-15,1.033914899385584,1.0295453646022141
2007-05-16,1.0346449436858254,1.0295453646022141
2007-05-17,1.0346449436858254,1.0295453646022141
2007-05-18,1.0346449436858254,1.0295453646022141
2007-05-21,1.0341428153943526,1.0295453646022141
2007-05-22,1.0343562199182283,1.0295453646022141
2007-05-23,1.033828985212182,1.0295453646022141
2007-05-24,1.034029836528771,1.0295453646022141
2007-05-25,1.033603027481019,1.0295453646022141
2007-05-28,1.033552814651872,1.0295453646022141
2007-05-29,1.033552814651872,1.0295453646022141
2007-05-30,1.033552814651872,1.0295453646022141
2007-05-31,1.033552814651872,1.0295453646022141
2007-06-01,1.033552814651872,1.0295453646022141
2007-06-04,1.0332844259440428,1.0295453646022141
2007-06-05,1.0338851054329936,1.0295453646022141
2007-06-06,1.03336057767353,1.0295862049643707
2007-06-07,1.033405162934079,1.0290004086110587
2007-06-08,1.032765651390548,1.0291487381613569
2007-06-11,1.032927582169267,1.029662485320635
2007-06-12,1.0334884378949083,1.0296656990549635
2007-06-13,1.033487266120603,1.0296656990549635
2007-06-14,1.0342012747214777,1.0296656990549635
2007-06-15,1.0342012747214777,1.0296656990549635
2007-06-18,1.0342012747214777,1.0296656990549635
2007-06-19,1.0342012747214777,1.0296656990549635
2007-06-20,1.0342012747214777,1.0296656990549635
2007-06-21,1.0342012747214777,1.0296656990549635
2007-06-22,1.0342161130374619,1.0296656990549635
2007-06-25,1.0342161130374619,1.030055842724323
2007-06-26,1.0345860231373034,1.0303785131441556
2007-06-27,1.0359255437088086,1.0306480980381811
2007-06-28,1.0361992932462816,1.0310995280752056
2007-06-29,1.0366576971352812,1.0317988756909136
2007-07-02,1.0373678485220084,1.0317988756909136
2007-07-03,1.0373678485220084,1.0317988756909136
2007-07-04,1.037231638428009,1.0317988756909136
2007-07-05,1.037231638428009,1.0321733987536836
2007-07-06,1.03749614040363,1.0321733987536836
2007-07-09,1.03749614040363,1.0321733987536836
2007-07-10,1.03749614040363,1.0321733987536836
2007-07-11,1.03749614040363,1.0321733987536836
2007-07-12,1.037406972310047,1.0321733987536836
2007-07-13,1.0368439819844941,1.0321733987536836
2007-07-16,1.0368083551618628,1.0321733987536836
2007-07-17,1.0369056294457717,1.0321733987536836
2007-07-18,1.0369056294457717,1.032402179216646
2007-07-19,1.0373067437586325,1.032402179216646
2007-07-20,1.0373067437586325,1.0322144071350525
2007-07-23,1.037150986625862,1.0320213689802793
2007-07-24,1.0369908612800292,1.0325403211370605
2007-07-25,1.037644500097872,1.0325403211370605
2007-07-26,1.037868919294816,1.0325403211370605
2007-07-27,1.0390891643041245,1.0331452747779586
2007-07-30,1.0397534397775914,1.0325134343085762
2007-07-31,1.0390596409497481,1.0330780577067475
2007-08-01,1.0396796313916505,1.0334410298912864
2007-08-02,1.0400781966757306,1.0334410298912864
2007-08-03,1.0400781966757306,1.0339406474302755
2007-08-06,1.04062680677546,1.0339406474302755
2007-08-07,1.04062680677546,1.035921593720573
2007-08-08,1.0425581996278401,1.035921593720573
2007-08-09,1.0425581996278401,1.035915577227818
2007-08-10,1.04255313698149,1.0356108972184384
2007-08-13,1.0422185800108335,1.0326889123530487
2007-08-14,1.0385790029283855,1.0279034553817463
2007-08-15,1.0336281080019931,1.0234755103818012
2007-08-16,1.0276684195726336,1.0270904883242071
2007-08-17,1.0317194126255305,1.0284377906558018
2007-08-20,1.034077439165828,1.0269306777591494
2007-08-21,1.0325558380201796,1.0297011625721302
2007-08-22,1.0364964830419199,1.032703062500623
2007-08-23,1.0395716419367476,1.0335755552547548
2007-08-24,1.0395716419367476,1.033672498894103
2007-08-27,1.0395716419367476,1.0319690606598455
2007-08-28,1.0395716419367476,1.0328138552313062
2007-08-29,1.0395716419367476,1.031982909751181
2007-08-30,1.0395716419367476,1.032370684308573
2007-08-31,1.0395716419367476,1.032993893418667
2007-09-03,1.0395716419367476,1.0332016297886983
2007-09-04,1.0395716419367476,1.0312029063350838
2007-09-05,1.0378620775537502,1.032241588185241
2007-09-06,1.0378620775537502,1.0318815118105198
2007-09-07,1.0378620775537502,1.0317845681711715
2007-09-10,1.0378620775537502,1.0330171373000248
2007-09-11,1.0378620775537502,1.0330171373000248
2007-09-12,1.0378620775537502,1.0330171373000248
2007-09-13,1.0378620775537502,1.0330171373000248
2007-09-14,1.0378620775537502,1.0330171373000248
2007-09-17,1.0378620775537502,1.0341363620471828
2007-09-18,1.038803861964003,1.0341158702969706
2007-09-19,1.038803861964003,1.036547483216926
2007-09-20,1.0399012037128181,1.036547483216926
2007-09-21,1.0399012037128181,1.036547483216926
2007-09-24,1.0399012037128181,1.036547483216926
2007-09-25,1.0399012037128181,1.036547483216926
2007-09-26,1.0399012037128181,1.036547483216926
2007-09-27,1.0399012037128181,1.036547483216926
2007-09-28,1.0399012037128181,1.036547483216926
2007-10-01,1.0399012037128181,1.036547483216926
2007-10-02,1.0399012037128181,1.036547483216926
2007-10-03,1.0399012037128181,1.036547483216926
2007-10-04,1.0399012037128181,1.036547483216926
2007-10-05,1.0399012037128181,1.036547483216926
2007-10-08,1.0399012037128181,1.036547483216926
2007-10-09,1.0399012037128181,1.036547483216926
2007-10-10,1.0399012037128181,1.036547483216926
2007-10-11,1.0399012037128181,1.036547483216926
2007-10-12,1.0399012037128181,1.036547483216926
2007-10-15,1.0399012037128181,1.036547483216926
2007-10-16,1.0399012037128181,1.036547483216926
2007-10-17,1.0399012037128181,1.036547483216926
2007-10-18,1.0399012037128181,1.036547483216926
2007-10-19,1.0399012037128181,1.036547483216926
2007-10-22,1.0399012037128181,1.036547483216926
2007-10-23,1.0399012037128181,1.036547483216926
2007-10-24,1.0399012037128181,1.036547483216926
2007-10-25,1.0399012037128181,1.036547483216926
2007-10-26,1.0399012037128181,1.036547483216926
2007-10-29,1.0399012037128181,1.036547483216926
2007-10-30,1.0398114917495265,1.0361446111364043
2007-10-31,1.0398114917495265,1.0350787631659555
2007-11-01,1.0382413903344467,1.0360161487809059
2007-11-02,1.0392118786371842,1.0363173478907914
2007-11-05,1.0396885451623286,1.0372508774223168
2007-11-06,1.0406550412085191,1.0372508774223168
2007-11-07,1.0416323262905036,1.0369683980640019
2007-11-08,1.040825199092926,1.0366305626087504
2007-11-09,1.0413802772255536,1.0365335965550129
2007-11-12,1.0411597289354253,1.0382862427877286
2007-11-13,1.0430296822195624,1.0392074705377117
2007-11-14,1.0436459831691527,1.0374595486504137
2007-11-15,1.0418219868579779,1.0394482832338363
2007-11-16,1.043395854392788,1.039901956251146
2007-11-19,1.043209503755763,1.036941336396622
2007-11-20,1.042353607432948,1.038715741760049
2007-11-21,1.0426504899370168,1.038779558699456
2007-11-22,1.0429936745431154,1.0388647510974325
2007-11-23,1.0426520369945447,1.0386065840620107
2007-11-26,1.0423623301181493,1.0378598507810242
2007-11-27,1.0415243696636638,1.0391045552679745
2007-11-28,1.043316331183225,1.040946026467672
2007-11-29,1.04467054383404,1.040946026467672
2007-11-30,1.0456328384516569,1.0415662971314934
2007-12-03,1.0461444545567562,1.0426479994635396
2007-12-04,1.0456842602270795,1.04250334488334
2007-12-05,1.045523898101379,1.0441537271626844
2007-12-06,1.0464654189565663,1.0440376707555357
2007-12-07,1.0467368764740668,1.0451974878460055
2007-12-10,1.0464803418281374,1.0427613880174416
2007-12-11,1.0445006774878716,1.0427613880174416
2007-12-12,1.0428663781683365,1.042783094898323
2007-12-13,1.0428864830712314,1.0416322201368484
2007-12-14,1.044267948601883,1.0417719319567869
2007-12-17,1.0444917595647827,1.0415901873744255
2007-12-18,1.044352129981934,1.040935783766874
2007-12-19,1.0434010940832552,1.0404753205262363
2007-12-20,1.042174364833473,1.0401095575469432
2007-12-21,1.041877403208797,1.039725805536754
2007-12-24,1.041304949981701,1.04041263701592
2007-12-25,1.0415482661541833,1.041589217110638
2007-12-26,1.0440076531496978,1.043176496868564
2007-12-27,1.0471095072759555,1.043176496868564
2007-12-28,1.0471095072759555,1.043176496868564
2007-12-31,1.0465154960183307,1.043176496868564
2008-01-01,1.0465884447692673,1.043176496868564
2008-01-02,1.0462966497655217,1.0425625016580127
2008-01-03,1.0457860085089672,1.0427504593755286
2008-01-04,1.0459423272609736,1.0427504593755286
2008-01-07,1.0457547447585658,1.0427504593755286
2008-01-08,1.0459006422604387,1.0427504593755286
2008-01-09,1.0451346803756068,1.0427504593755286
2008-01-10,1.0452909991276131,1.0424415053746037
2008-01-11,1.0450356784993362,1.0423973690887571
2008-01-14,1.0449992041238678,1.0423973690887571
2008-01-15,1.045353526628416,1.0423973690887571
2008-01-16,1.045353526628416,1.0423973690887571
2008-01-17,1.045353526628416,1.0423973690887571
2008-01-18,1.045353526628416,1.0423973690887571
2008-01-21,1.045353526628416,1.0423973690887571
2008-01-22,1.045353526628416,1.0423973690887571
2008-01-23,1.045353526628416,1.0423973690887571
2008-01-24,1.0441813991008109,1.0423973690887571
2008-01-25,1.0441813991008109,1.0436369858021062
2008-01-28,1.0454401658545998,1.0436369858021062
2008-01-29,1.0454401658545998,1.0436369858021062
2008-01-30,1.0454401658545998,1.0436369858021062
2008-01-31,1.0454401658545998,1.0436369858021062
2008-02-01,1.0443554755753353,1.0436369858021062
2008-02-04,1.0440066451409162,1.0450344105794602
2008-02-05,1.0454986097288839,1.0450344105794602
2008-02-06,1.0457229344302543,1.0450344105794602
2008-02-07,1.0455755206121848,1.0450344105794602
2008-02-08,1.0456720047204031,1.0450344105794602
2008-02-11,1.0456720047204031,1.0450996122149603
2008-02-12,1.045741741562639,1.0450996122149603
2008-02-13,1.045741741562639,1.0450996122149603
2008-02-14,1.045741741562639,1.0450996122149603
2008-02-15,1.045741741562639,1.0450996122149603
2008-02-18,1.046140687210497,1.0450996122149603
2008-02-19,1.046140687210497,1.0450996122149603
2008-02-20,1.046140687210497,1.0450996122149603
2008-02-21,1.0469077419691986,1.0450996122149603
2008-02-22,1.0469077419691986,1.0450996122149603
2008-02-25,1.0469747605161803,1.0450996122149603
2008-02-26,1.0469747605161803,1.0450996122149603
2008-02-27,1.0465511035370465,1.0450996122149603
2008-02-28,1.046040393753981,1.0450996122149603
2008-02-29,1.046084887409324,1.0450996122149603
2008-03-03,1.0457482832341216,1.0450996122149603
2008-03-04,1.045668968457206,1.044420037640395
2008-03-05,1.0450321725097824,1.0425680116328178
2008-03-06,1.0433219618290355,1.042482376960445
2008-03-07,1.0432882864520572,1.0428048130347316
2008-03-10,1.043572157963788,1.0441091697922178
2008-03-11,1.0447202600400267,1.0414061478191903
2008-03-12,1.0421588317780304,1.040462677531851
2008-03-13,1.0412537415611804,1.0409950467633289
2008-03-14,1.0416388705743502,1.040630183229949
2008-03-17,1.042310774340386,1.041752183082408
2008-03-18,1.0463082900729879,1.0429669122698852
2008-03-19,1.048491853115411,1.0442649118932088
2008-03-20,1.049854592440124,1.0442380166168261
2008-03-21,1.049991927962325,1.0442380166168261
2008-03-24,1.049991927962325,1.0442380166168261
2008-03-25,1.049991927962325,1.0442380166168261
2008-03-26,1.049991927962325,1.0446699976997071
2008-03-27,1.0504454547573998,1.0446699976997071
2008-03-28,1.0504454547573998,1.0446699976997071
2008-03-31,1.0504454547573998,1.0446699976997071
2008-04-01,1.0504454547573998,1.044069797289418
2008-04-02,1.0498735166225732,1.0441863109198546
2008-04-03,1.049984543851698,1.0451085688304649
2008-04-04,1.0508633744225884,1.0440059673226274
2008-04-07,1.0498126922853583,1.0437033122859225
2008-04-08,1.0495242886884577,1.0446877496232
2008-04-09,1.0504623707771792,1.0445228995827047
2008-04-10,1.050305283205977,1.0456854232694566
2008-04-11,1.0514130659027126,1.0455178018656004
2008-04-14,1.0512533374662851,1.0455178018656004
2008-04-15,1.050422774423949,1.0455178018656004
2008-04-16,1.050422774423949,1.0455178018656004
2008-04-17,1.050422774423949,1.0455178018656004
2008-04-18,1.050422774423949,1.0455178018656004
2008-04-21,1.050863390723875,1.0455178018656004
2008-04-22,1.050863390723875,1.0455178018656004
2008-04-23,1.050863390723875,1.0455178018656004
2008-04-24,1.050863390723875,1.0455178018656004
2008-04-25,1.0506874822618693,1.0455178018656004
2008-04-28,1.0509505364126792,1.0455178018656004
2008-04-29,1.0511377248526326,1.0455178018656004
2008-04-30,1.05124819560822,1.0455178018656004
2008-05-01,1.0506837104574696,1.0455178018656004
2008-05-02,1.0496205682990878,1.0468230684448632
2008-05-05,1.0506873632181497,1.047510601235177
2008-05-06,1.051467574992313,1.047510601235177
2008-05-07,1.0515220044809888,1.0479391242653882
2008-05-08,1.0530328284152028,1.05033054186836
2008-05-09,1.0555729611169158,1.05033054186836
2008-05-12,1.0555729611169158,1.05033054186836
2008-05-13,1.0555729611169158,1.05033054186836
2008-05-14,1.0555729611169158,1.05033054186836
2008-05-15,1.0555729611169158,1.0513826992658504
2008-05-16,1.0566338790586445,1.0511815622600111
2008-05-19,1.0564310673322341,1.0521697486822748
2008-05-20,1.0574274816592661,1.0521697486822748
2008-05-21,1.0574274816592661,1.0521697486822748
2008-05-22,1.0574274816592661,1.0521697486822748
2008-05-23,1.0578760417530566,1.0521697486822748
2008-05-26,1.0578760417530566,1.0521697486822748
2008-05-27,1.0575731408768816,1.0524764563271183
2008-05-28,1.0578334052678722,1.0521881511409652
2008-05-29,1.057588756740341,1.052537797856087
2008-05-30,1.0578854581460702,1.0516054066157623
2008-06-02,1.0570942543974589,1.051378442958578
2008-06-03,1.0552997917338738,1.0508121020474268
2008-06-04,1.0537515982409895,1.0508253580517009
2008-06-05,1.0564745908336046,1.0513609575581662
2008-06-06,1.0568763910589065,1.0509125825056418
2008-06-09,1.0566118014613832,1.0510689804552056
2008-06-10,1.0567821664556005,1.0510689804552056
2008-06-11,1.0567821664556005,1.0510689804552056
2008-06-12,1.0567821664556005,1.0510689804552056
2008-06-13,1.0567821664556005,1.0510689804552056
2008-06-16,1.0587174548739213,1.0510689804552056
2008-06-17,1.0587174548739213,1.0510689804552056
2008-06-18,1.0591894233255867,1.0510689804552056
2008-06-19,1.0586356304013824,1.0510689804552056
2008-06-20,1.059538292405941,1.0510689804552056
2008-06-23,1.059538292405941,1.0510689804552056
2008-06-24,1.059538292405941,1.0510689804552056
2008-06-25,1.059538292405941,1.0510689804552056
2008-06-26,1.059538292405941,1.0510689804552056
2008-06-27,1.059538292405941,1.0510689804552056
2008-06-30,1.059538292405941,1.051740177353726
2008-07-01,1.059740972150341,1.051740177353726
2008-07-02,1.0606496747788663,1.051740177353726
2008-07-03,1.0606496747788663,1.051740177353726
2008-07-04,1.0606496747788663,1.051740177353726
2008-07-07,1.0606496747788663,1.05159448501829
2008-07-08,1.0606496747788663,1.05159448501829
2008-07-09,1.0606496747788663,1.05159448501829
2008-07-10,1.0606496747788663,1.05159448501829
2008-07-11,1.0606496747788663,1.05159448501829
2008-07-14,1.0606496747788663,1.051773725571942
2008-07-15,1.0608304077373651,1.051773725571942
2008-07-16,1.0608438852106425,1.0526919494767053
2008-07-17,1.0622953759513374,1.0526919494767053
2008-07-18,1.0622953759513374,1.0526919494767053
2008-07-21,1.0622953759513374,1.0526919494767053
2008-07-22,1.063420606812083,1.05196937920395
2008-07-23,1.062692020225747,1.0516890188226424
2008-07-24,1.0624093254888298,1.0521195649104778
2008-07-25,1.0632336480343627,1.0521195649104778
2008-07-28,1.0641019334959783,1.0521195649104778
2008-07-29,1.0641019334959783,1.0522930151873018
2008-07-30,1.06427400933233,1.0520433114971368
2008-07-31,1.064037383979236,1.050407752326558
2008-08-01,1.0622800110820885,1.0505131177652007
2008-08-04,1.0623915503189236,1.0488650734101137
2008-08-05,1.0606207623614923,1.0478787438339632
2008-08-06,1.0595609725990902,1.0471043667752622
2008-08-07,1.0587406234841832,1.042702274711427
2008-08-08,1.0540557880689956,1.0407922145402404
2008-08-11,1.0512329345201576,1.0410263578141743
2008-08-12,1.04951803994436,1.0410926538629246
2008-08-13,1.050810751790082,1.040462798564712
2008-08-14,1.049851966760494,1.0395214019362005
2008-08-15,1.0488600542361328,1.0395688103995067
2008-08-18,1.0489100066654171,1.0402747010338933
2008-08-19,1.0496474397316002,1.0402747010338933
2008-08-20,1.0496637230696872,1.0402747010338933
2008-08-21,1.048393266479495,1.0421002877636407
2008-08-22,1.052063623613988,1.0421002877636407
2008-08-25,1.0512456541274018,1.0421002877636407
2008-08-26,1.05156434353776,1.0421002877636407
2008-08-27,1.051191018635134,1.0421002877636407
2008-08-28,1.0508663927902757,1.0413169465728211
2008-08-29,1.0496478483304013,1.0392706031208347
2008-09-01,1.0471247647826993,1.0386348409419324
2008-09-02,1.046646235785417,1.0378054157785448
2008-09-03,1.045909589304544,1.0359003674552452
2008-09-04,1.0441604478079005,1.0366277557038635
2008-09-05,1.044716842000262,1.0353721443759514
2008-09-08,1.0433724716107426,1.03508347159035
2008-09-09,1.0419400487321129,1.0338015872684119
2008-09-10,1.0414673757972377,1.032807606559493
2008-09-11,1.039804740583828,1.0346495068478745
2008-09-12,1.0426709836018444,1.0358704192877677
2008-09-15,1.0426974199668546,1.0331264061137664
2008-09-16,1.040861494708087,1.0330163574448215
2008-09-17,1.0409073996636886,1.0349962276143905
2008-09-18,1.0425899852169658,1.0356995501660418
2008-09-19,1.0427775802451194,1.0343943175797348
2008-09-22,1.0446660616640198,1.0361631002598903
2008-09-23,1.0450020401078994,1.0361864079846457
2008-09-24,1.0450278846035825,1.0354203115878595
2008-09-25,1.0445368391856042,1.0352804652393268
2008-09-26,1.0443817722115059,1.0402424107902777
2008-09-29,1.0459453642003311,1.0411459344284189
2008-09-30,1.0423626623840652,1.0400486783363654
2008-10-01,1.0402931511283162,1.037761286919426
2008-10-02,1.0367393045728817,1.0375519495720786
2008-10-03,1.035391729804543,1.031363221006775
2008-10-06,1.0252785910223878,1.034310878839818
2008-10-07,1.0282166360316092,1.038088845507515
2008-10-08,1.031959238596064,1.037314711086129
2008-10-09,1.0299841167102017,1.03679295974274
2008-10-10,1.026764043400303,1.038068503151933
2008-10-13,1.0299455505872297,1.038068503151933
2008-10-14,1.0288201890292616,1.038068503151933
2008-10-15,1.0260399668796951,1.039712704425855
2008-10-16,1.024003054393041,1.0400299312562944
2008-10-17,1.0232475811692323,1.0374277552605784
2008-10-20,1.0205299064900166,1.042804338548597
2008-10-21,1.0144375255062537,1.0372542445480581
2008-10-22,1.0063008673411964,1.0462901403838207
2008-10-23,1.0161677116627192,1.054663734951771
2008-10-24,1.0246359434011312,1.0584256531461393
2008-10-27,1.023167382524812,1.0704998507822405
2008-10-28,1.0380324686184927,1.077739360482469
2008-10-29,1.0389694484485146,1.077739360482469
2008-10-30,1.0389694484485146,1.077739360482469
2008-10-31,1.0416832452852605,1.077739360482469
2008-11-03,1.0416832452852605,1.078806502080112
2008-11-04,1.0425802297757534,1.080604243650389
2008-11-05,1.042279052501573,1.080604243650389
2008-11-06,1.042279052501573,1.080604243650389
2008-11-07,1.042279052501573,1.082847499753609
2008-11-10,1.0431302803453615,1.082847499753609
2008-11-11,1.0431302803453615,1.0881518822756777
2008-11-12,1.0449183581889705,1.0881518822756777
2008-11-13,1.0413017126055415,1.0971190639852504
2008-11-14,1.0458910247053828,1.0994851964572305
2008-11-17,1.0472306800436326,1.1006069933080314
2008-11-18,1.0488923698039587,1.1051129779297229
2008-11-19,1.0529765364154473,1.1123666412415687
2008-11-20,1.0578066893061966,1.1090311914834525
2008-11-21,1.0578066893061966,1.1070763716240708
2008-11-24,1.0578066893061966,1.1089074356352713
2008-11-25,1.0568539242693913,1.1153099250356595
2008-11-26,1.060876755084633,1.114086757012488
2008-11-27,1.060876755084633,1.1166511920403785
2008-11-28,1.060876755084633,1.1203713099591277
2008-12-01,1.060876755084633,1.1203713099591277
2008-12-02,1.060876755084633,1.120083907952003
2008-12-03,1.060876755084633,1.120083907952003
2008-12-04,1.060876755084633,1.122739850644665
2008-12-05,1.060876755084633,1.1179564794785386
2008-12-08,1.0566915540404789,1.1203717118957528
2008-12-09,1.0588047568180476,1.1203717118957528
2008-12-10,1.0588047568180476,1.119587240610078
2008-12-11,1.0588047568180476,1.1214712402036875
2008-12-12,1.0604531584980588,1.1190172462500865
2008-12-15,1.0604531584980588,1.1167696328725367
2008-12-16,1.0570042345704458,1.1113371162225187
2008-12-17,1.0402731250122743,1.1271167447024153
2008-12-18,1.0553358316148886,1.1369991377764967
2008-12-19,1.0631148891832856,1.1382794469128794
2008-12-22,1.064002755441643,1.140259323255472
2008-12-23,1.064184087226652,1.1384632643827022
2008-12-24,1.0636076780539758,1.1360898827303618
2008-12-25,1.0639386917939488,1.1373152135016218
2008-12-26,1.0627974791693642,1.132289862659861
2008-12-29,1.0603318371769572,1.133965347613637
2008-12-30,1.0616287578154788,1.1352360615855914
2008-12-31,1.0625272779964152,1.1352360615855914
2009-01-01,1.0625272779964152,1.1352360615855914
2009-01-02,1.0626289972621816,1.1394814003303155
2009-01-05,1.0626289972621816,1.1394814003303155
2009-01-06,1.0626289972621816,1.1408763284708632
2009-01-07,1.0626289972621816,1.1408763284708632
2009-01-08,1.0626289972621816,1.1420100926731187
2009-01-09,1.0626289972621816,1.1448917906291733
2009-01-12,1.0626289972621816,1.1448917906291733
2009-01-13,1.0626289972621816,1.1448917906291733
2009-01-14,1.0619377224960762,1.1452505290797672
2009-01-15,1.0619377224960762,1.1473232401276428
2009-01-16,1.0619377224960762,1.1473232401276428
2009-01-19,1.0619377224960762,1.1473232401276428
2009-01-20,1.0619377224960762,1.1495913243544342
2009-01-21,1.0641446850154348,1.1495913243544342
2009-01-22,1.0641446850154348,1.1495913243544342
2009-01-23,1.0641446850154348,1.1495913243544342
2009-01-26,1.0641446850154348,1.149922327858771
2009-01-27,1.064466768436861,1.149922327858771
2009-01-28,1.064466768436861,1.149922327858771
2009-01-29,1.064466768436861,1.149922327858771
2009-01-30,1.064466768436861,1.1486563757502437
2009-02-02,1.0632349319724916,1.1528619115684018
2009-02-03,1.0673271344642943,1.1528619115684018
2009-02-04,1.065329037127423,1.1528619115684018
2009-02-05,1.0660575307230298,1.1556421077035963
2009-02-06,1.0721095503052844,1.1579730732503881
2009-02-09,1.0735802043373324,1.155064785782259
2009-02-10,1.0718398232235318,1.1556449585013693
2009-02-11,1.0712510774580224,1.154483349156821
2009-02-12,1.0682844948765995,1.1552638054351894
2009-02-13,1.068517073128917,1.1555594529473907
2009-02-16,1.067966654853032,1.1545498681003725
2009-02-17,1.0626566494514416,1.1538037794115814
2009-02-18,1.0618637868587948,1.1532216671406106
2009-02-19,1.0613396432583868,1.1544179800525203
2009-02-20,1.0624168233628657,1.1526123274072693
2009-02-23,1.0607909835966136,1.1497667574879316
2009-02-24,1.0582287849673935,1.1487781151180476
2009-02-25,1.057338594883611,1.1472913736057113
2009-02-26,1.0559999080219646,1.1484997614062107
2009-02-27,1.0570879605575798,1.1486569957330532
2009-03-02,1.057229536968676,1.1477244017158408
2009-03-03,1.056389813756717,1.146442833719341
2009-03-04,1.0552358685517267,1.146442833719341
2009-03-05,1.0564810047724742,1.146442833719341
2009-03-06,1.0562591380458926,1.146442833719341
2009-03-09,1.0555728478615958,1.146442833719341
2009-03-10,1.0557797251403702,1.146442833719341
2009-03-11,1.0557797251403702,1.146442833719341
2009-03-12,1.0557797251403702,1.146442833719341
2009-03-13,1.0557797251403702,1.146442833719341
2009-03-16,1.0557797251403702,1.146629334602111
2009-03-17,1.0557797251403702,1.1490607181679655
2009-03-18,1.0557797251403702,1.1490607181679655
2009-03-19,1.0557797251403702,1.1490607181679655
2009-03-20,1.0557797251403702,1.1490607181679655
2009-03-23,1.0557797251403702,1.1490607181679655
2009-03-24,1.0557797251403702,1.1490607181679655
2009-03-25,1.0557797251403702,1.1490607181679655
2009-03-26,1.0557797251403702,1.1490607181679655
2009-03-27,1.0557797251403702,1.1490607181679655
2009-03-30,1.0557797251403702,1.1490607181679655
2009-03-31,1.0557797251403702,1.1490607181679655
2009-04-01,1.0557797251403702,1.1490607181679655
2009-04-02,1.0557797251403702,1.1490607181679655
2009-04-03,1.0557797251403702,1.1490607181679655
2009-04-06,1.0557797251403702,1.1490607181679655
2009-04-07,1.0557797251403702,1.1490607181679655
2009-04-08,1.0557797251403702,1.1490607181679655
2009-04-09,1.0557797251403702,1.1490607181679655
2009-04-10,1.0557797251403702,1.1490607181679655
2009-04-13,1.0557797251403702,1.1490607181679655
2009-04-14,1.0557797251403702,1.1490607181679655
2009-04-15,1.0557797251403702,1.1490607181679655
2009-04-16,1.0557797251403702,1.1490607181679655
2009-04-17,1.0557797251403702,1.1490607181679655
2009-04-20,1.0557797251403702,1.1520293606769754
2009-04-21,1.0557797251403702,1.1520293606769754
2009-04-22,1.0557797251403702,1.1520293606769754
2009-04-23,1.0557797251403702,1.1520293606769754
2009-04-24,1.0557797251403702,1.1520293606769754
2009-04-27,1.0557797251403702,1.1520293606769754
2009-04-28,1.0557797251403702,1.147826493461988
2009-04-29,1.051249915962419,1.1480931916463608
2009-04-30,1.0515064901704019,1.1476702480015513
2009-05-01,1.050672685541448,1.1462276157586107
2009-05-04,1.0492106719454746,1.146531920997356
2009-05-05,1.0495426260695695,1.1454668418759926
2009-05-06,1.0474655659236038,1.1454668418759926
2009-05-07,1.0488930228220816,1.1454668418759926
2009-05-08,1.0488930228220816,1.1472583351915506
2009-05-11,1.0514663487536517,1.1460815512670637
2009-05-12,1.050345099632511,1.1495134902185682
2009-05-13,1.051004326887713,1.1495134902185682
2009-05-14,1.0515946847517816,1.151564146994688
2009-05-15,1.0539547750032823,1.151564146994688
2009-05-18,1.0539547750032823,1.148813175528507
2009-05-19,1.0514764953627702,1.1464201492214765
2009-05-20,1.0494991543117385,1.1457035316014672
2009-05-21,1.0489098595006323,1.1441912146242277
2009-05-22,1.0475624043169551,1.1444852871137126
2009-05-25,1.0483733199939647,1.1443431371994055
2009-05-26,1.047574001159203,1.1459851609265306
2009-05-27,1.049159235298307,1.1460636681555152
2009-05-28,1.0492237939993256,1.1460636681555152
2009-05-29,1.0476401218943894,1.1441050388694325
2009-06-01,1.0447923466340314,1.1441050388694325
2009-06-02,1.043960011802523,1.1535492048680316
2009-06-03,1.0455643916716266,1.1548420965587471
2009-06-04,1.047452987503804,1.1542142068405115
2009-06-05,1.0448601038051208,1.1532792462846746
2009-06-08,1.0441277001598612,1.1564206884289867
2009-06-09,1.046588556570864,1.1564206884289867
2009-06-10,1.046588556570864,1.1580673763184213
2009-06-11,1.0478784935690582,1.1567253032960811
2009-06-12,1.0468271773743483,1.1536842908057265
2009-06-15,1.0444449927791688,1.1536842908057265
2009-06-16,1.045435526718343,1.1536842908057265
2009-06-17,1.045435526718343,1.1536842908057265
2009-06-18,1.045435526718343,1.1536842908057265
2009-06-19,1.045435526718343,1.1536842908057265
2009-06-22,1.045435526718343,1.1536842908057265
2009-06-23,1.045435526718343,1.1536842908057265
2009-06-24,1.045435526718343,1.1536842908057265
2009-06-25,1.0444417535295798,1.154826422572235
2009-06-26,1.0452987614956313,1.154826422572235
2009-06-29,1.0452987614956313,1.154826422572235
2009-06-30,1.0452987614956313,1.1560528129011476
2009-07-01,1.0452987614956313,1.1560528129011476
2009-07-02,1.0452987614956313,1.1560528129011476
2009-07-03,1.0452987614956313,1.1560528129011476
2009-07-06,1.0451812603928146,1.1560528129011476
2009-07-07,1.0451812603928146,1.1560528129011476
2009-07-08,1.0451812603928146,1.1560528129011476
2009-07-09,1.0464316718422393,1.1560528129011476
2009-07-10,1.0464316718422393,1.1560528129011476
2009-07-13,1.0464316718422393,1.1560528129011476
2009-07-14,1.0464316718422393,1.1560528129011476
2009-07-15,1.0473164422396992,1.1560528129011476
2009-07-16,1.0478683950960097,1.1560528129011476
2009-07-17,1.0478683950960097,1.1560528129011476
2009-07-20,1.0478683950960097,1.1560528129011476
2009-07-21,1.0473292164777537,1.1563117228206226
2009-07-22,1.047575244095332,1.15620511285378
2009-07-23,1.0463100166284267,1.1571603974321805
2009-07-24,1.0476623589619296,1.158617403197641
2009-07-27,1.0493437762252293,1.1589202053976777
2009-07-28,1.0494046558542494,1.1585394555160968
2009-07-29,1.0482414370940192,1.1595907649832815
2009-07-30,1.0491272062630261,1.1625997585489114
2009-07-31,1.0552766110610055,1.1625997585489114
2009-08-03,1.0586191857505711,1.1626824596364345
2009-08-04,1.060048031635552,1.1630583736706297
2009-08-05,1.059841084113039,1.1630583736706297
2009-08-06,1.0582996850379098,1.1623049279825315
2009-08-07,1.0556646676785428,1.1613015060856788
2009-08-10,1.0534312653872608,1.162774234400803
2009-08-11,1.0534963008998013,1.162804676650827
2009-08-12,1.056087510977876,1.1643391607177018
2009-08-13,1.0577310927679404,1.1643391607177018
2009-08-14,1.0577310927679404,1.1643391607177018
2009-08-17,1.0577310927679404,1.1643391607177018
2009-08-18,1.0577310927679404,1.1643391607177018
2009-08-19,1.0577310927679404,1.1643391607177018
2009-08-20,1.0577310927679404,1.1643391607177018
2009-08-21,1.0577310927679404,1.1643391607177018
2009-08-24,1.0577310927679404,1.1643391607177018
2009-08-25,1.0577310927679404,1.1643391607177018
2009-08-26,1.0577310927679404,1.1643391607177018
2009-08-27,1.0577310927679404,1.1643391607177018
2009-08-28,1.0577310927679404,1.1643391607177018
2009-08-31,1.0577310927679404,1.1643391607177018
2009-09-01,1.0577310927679404,1.1643391607177018
2009-09-02,1.0577310927679404,1.1643391607177018
2009-09-03,1.0577310927679404,1.1643391607177018
2009-09-04,1.0577310927679404,1.1643391607177018
2009-09-07,1.0577310927679404,1.1643391607177018
2009-09-08,1.0577310927679404,1.1643391607177018
2009-09-09,1.0577310927679404,1.1643391607177018
2009-09-10,1.0577310927679404,1.1643391607177018
2009-09-11,1.0577310927679404,1.1643391607177018
2009-09-14,1.0577310927679404,1.1643391607177018
2009-09-15,1.0577310927679404,1.1643391607177018
2009-09-16,1.0577310927679404,1.1643391607177018
2009-09-17,1.0577310927679404,1.1643391607177018
2009-09-18,1.0577310927679404,1.1643391607177018
2009-09-21,1.0577310927679404,1.1643391607177018
2009-09-22,1.0577310927679404,1.1643391607177018
2009-09-23,1.0577310927679404,1.1643391607177018
2009-09-24,1.0582568528293894,1.1639230540396888
2009-09-25,1.0578437556382507,1.1644237171549452
2009-09-28,1.0583407977131503,1.1644237171549452
2009-09-29,1.0587428495248465,1.1644237171549452
2009-09-30,1.0587428495248465,1.1644237171549452
2009-10-01,1.0597094204507178,1.1644237171549452
2009-10-02,1.0593245820265282,1.1629721356515477
2009-10-05,1.0578724882050228,1.1620103790314231
2009-10-06,1.0569103921445493,1.1619611728787655
2009-10-07,1.0568611686251763,1.1619611728787655
2009-10-08,1.0557021784872105,1.1634217341180955
2009-10-09,1.0553218291656625,1.1636296231763994
2009-10-12,1.0555655923612084,1.1648797224024934
2009-10-13,1.0565720436111299,1.1643766856178235
2009-10-14,1.0549151581808514,1.1634114330413474
2009-10-15,1.0549719285625168,1.1637053052992619
2009-10-16,1.0557400253970555,1.163283121825463
2009-10-19,1.0549115487313965,1.1644479723155734
2009-10-20,1.0562003497190737,1.1639517313537504
2009-10-21,1.0557071775600062,1.1638340367096105
2009-10-22,1.0555902107510835,1.1640067256143587
2009-10-23,1.0577341989287008,1.1649215607360428
2009-10-26,1.0592552250427387,1.1649215607360428
2009-10-27,1.0597599410068648,1.1649215607360428
2009-10-28,1.0597599410068648,1.1649215607360428
2009-10-29,1.0597599410068648,1.1649215607360428
2009-10-30,1.0597599410068648,1.1649215607360428
2009-11-02,1.0597599410068648,1.1649215607360428
2009-11-03,1.0597599410068648,1.1649215607360428
2009-11-04,1.0597599410068648,1.1649215607360428
2009-11-05,1.0597599410068648,1.166228005801079
2009-11-06,1.0597599410068648,1.166228005801079
2009-11-09,1.0597599410068648,1.1654710462342508
2009-11-10,1.0597599410068648,1.1648706989915936
2009-11-11,1.0591644288450652,1.1662802099091363
2009-11-12,1.060562587833638,1.1662802099091363
2009-11-13,1.060031805254643,1.1656612610290162
2009-11-16,1.0595010226756476,1.1656612610290162
2009-11-17,1.0595010226756476,1.1656612610290162
2009-11-18,1.0595010226756476,1.1656612610290162
2009-11-19,1.0595010226756476,1.1656612610290162
2009-11-20,1.0595010226756476,1.1656612610290162
2009-11-23,1.0595010226756476,1.1656612610290162
2009-11-24,1.0595010226756476,1.1656612610290162
2009-11-25,1.0595010226756476,1.1656612610290162
2009-11-26,1.0595010226756476,1.1649080598141557
2009-11-27,1.0587572621963863,1.16576635887295
2009-11-30,1.0596048032076375,1.167500473297861
2009-12-01,1.0613171819854712,1.167500473297861
2009-12-02,1.0613171819854712,1.167500473297861
2009-12-03,1.0613171819854712,1.16656670630781
2009-12-04,1.0613171819854712,1.16656670630781
2009-12-07,1.0613171819854712,1.1654696278432801
2009-12-08,1.0602258398978428,1.1654696278432801
2009-12-09,1.0602258398978428,1.1650776886468366
2009-12-10,1.059840077117713,1.1650776886468366
2009-12-11,1.059840077117713,1.1650776886468366
2009-12-14,1.0601340333494211,1.1650776886468366
2009-12-15,1.0592880129752362,1.165027165761047
2009-12-16,1.0592378253259203,1.1613422520668735
2009-12-17,1.055670838081993,1.1619152334562255
2009-12-18,1.0562166485959033,1.1590820627076994
2009-12-21,1.0535511220421643,1.155994362312434
2009-12-22,1.0506092755614367,1.158449861369202
2009-12-23,1.0529967177529105,1.1596559692992328
2009-12-24,1.0541612644781435,1.1603949945820515
2009-12-25,1.0548555772337107,1.1612613412297055
2009-12-28,1.0556980540417618,1.163995131870911
2009-12-29,1.0583632283439535,1.1638866200611355
2009-12-30,1.0581930582023722,1.1630651317048049
2009-12-31,1.057454568434865,1.1630513847805342
2010-01-01,1.0574422104229342,1.1637798151488672
2010-01-04,1.058097044261065,1.164878029749967
2010-01-05,1.0590843014013385,1.164878029749967
2010-01-06,1.0592608808873614,1.1641950737108042
2010-01-07,1.0586984425244736,1.1649097951471374
2010-01-08,1.0592870408112165,1.1649097951471374
2010-01-11,1.0592870408112165,1.1649097951471374
2010-01-12,1.0592870408112165,1.1649097951471374
2010-01-13,1.0592870408112165,1.1649097951471374
2010-01-14,1.0590632023432525,1.1649097951471374
2010-01-15,1.0598163481955203,1.1649097951471374
2010-01-18,1.059419955641695,1.1649097951471374
2010-01-19,1.0601202491534525,1.1649097951471374
2010-01-20,1.0601202491534525,1.1649097951471374
2010-01-21,1.0601202491534525,1.1649097951471374
2010-01-22,1.0601202491534525,1.1649097951471374
2010-01-25,1.0601202491534525,1.1649097951471374
2010-01-26,1.0601202491534525,1.1649097951471374
2010-01-27,1.0601202491534525,1.1649097951471374
2010-01-28,1.0601202491534525,1.1649097951471374
2010-01-29,1.0601202491534525,1.1649097951471374
2010-02-01,1.0601202491534525,1.1649097951471374
2010-02-02,1.0601202491534525,1.1649097951471374
2010-02-03,1.0601202491534525,1.1649097951471374
2010-02-04,1.0601202491534525,1.1649097951471374
2010-02-05,1.0601202491534525,1.1649097951471374
2010-02-08,1.0600700094736029,1.1649097951471374
2010-02-09,1.0600700094736029,1.164550840800366
2010-02-10,1.0597883160107238,1.1631465798393703
2010-02-11,1.0586863064196796,1.1635666747616906
2010-02-12,1.0590159806372252,1.1635666747616906
2010-02-15,1.0588782294383448,1.1635666747616906
2010-02-16,1.0579480219043313,1.1645726107112653
2010-02-17,1.058389135294005,1.1645726107112653
2010-02-18,1.058389135294005,1.1645726107112653
2010-02-19,1.058389135294005,1.1645726107112653
2010-02-22,1.058389135294005,1.1645726107112653
2010-02-23,1.058389135294005,1.1645726107112653
2010-02-24,1.058389135294005,1.1645726107112653
2010-02-25,1.058389135294005,1.1645726107112653
2010-02-26,1.058389135294005,1.1645726107112653
2010-03-01,1.058389135294005,1.1644028498684726
2010-03-02,1.0582493312582728,1.1654978073044848
2010-03-03,1.0591510672887465,1.1649206204389901
2010-03-04,1.0586757335672565,1.1649206204389901
2010-03-05,1.0586757335672565,1.1649206204389901
2010-03-08,1.0586757335672565,1.1649206204389901
2010-03-09,1.0586757335672565,1.1649206204389901
2010-03-10,1.0586757335672565,1.1649206204389901
2010-03-11,1.0586757335672565,1.1649206204389901
2010-03-12,1.0586757335672565,1.1649206204389901
2010-03-15,1.0586757335672565,1.1649206204389901
2010-03-16,1.0586757335672565,1.1649206204389901
2010-03-17,1.0586757335672565,1.1649206204389901
2010-03-18,1.0586757335672565,1.1649206204389901
2010-03-19,1.0577074094301462,1.1649206204389901
2010-03-22,1.0573733467871849,1.1649206204389901
2010-03-23,1.0571167739861203,1.1649206204389901
2010-03-24,1.0550642406924282,1.163690700234841
2010-03-25,1.053880781234421,1.1648289012163628
2010-03-26,1.0549759862015002,1.1648289012163628
2010-03-29,1.0567064252192386,1.1643940411070632
2010-03-30,1.0563155009431489,1.1653694207782712
2010-03-31,1.0571923337078137,1.1659942269435617
2010-04-01,1.0577854703560918,1.1659942269435617
2010-04-02,1.0575269236119706,1.1659942269435617
2010-04-05,1.0578310962521131,1.1659942269435617
2010-04-06,1.0588957004926125,1.1659942269435617
2010-04-07,1.0583589123769028,1.1659942269435617
2010-04-08,1.058927703981813,1.1659942269435617
2010-04-09,1.058678088564525,1.1659942269435617
2010-04-12,1.0587529731897114,1.1659942269435617
2010-04-13,1.0587529731897114,1.1660361500296446
2010-04-14,1.0587529731897114,1.1660361500296446
2010-04-15,1.0582733317610764,1.164569181706095
2010-04-16,1.056817242210193,1.164354456927786
2010-04-19,1.0566041097921355,1.1664681751319315
2010-04-20,1.0597348801013302,1.1664681751319315
2010-04-21,1.0597348801013302,1.1663854667233926
2010-04-22,1.0597348801013302,1.1663854667233926
2010-04-23,1.0597348801013302,1.1661235305484297
2010-04-26,1.0597348801013302,1.165958123893597
2010-04-27,1.0597348801013302,1.1670207678344335
2010-04-28,1.0608102282900955,1.1671255425397684
2010-04-29,1.0603186435044623,1.1648089473388643
2010-04-30,1.059743758876825,1.1650809893209102
2010-05-03,1.0600494650249954,1.1650875882397924
2010-05-04,1.0599785567133149,1.164814542167153
2010-05-05,1.0596773314426584,1.1660107549067993
2010-05-06,1.06084771298691,1.1664118868156865
2010-05-07,1.0630731456512048,1.1675632018824418
2010-05-10,1.0615899102168171,1.1686874486941006
2010-05-11,1.062689879876009,1.169268538216279
2010-05-12,1.063258421264823,1.169268538216279
2010-05-13,1.063258421264823,1.169268538216279
2010-05-14,1.0618034237671345,1.1695791072462933
2010-05-17,1.0621075757864253,1.1695791072462933
2010-05-18,1.0625199927676234,1.171395256495324
2010-05-19,1.0642986165454051,1.1720677172283493
2010-05-20,1.0598210493842803,1.1748634835643719
2010-05-21,1.062378112358538,1.1748634835643719
2010-05-24,1.0608659958836553,1.174761117177352
2010-05-25,1.0608213799535369,1.1736161956237998
2010-05-26,1.0607483012200132,1.174688755705275
2010-05-27,1.0686479535991409,1.174688755705275
2010-05-28,1.0683674169660786,1.1745393717826267
2010-05-31,1.0683674169660786,1.1745393717826267
2010-06-01,1.068252582914105,1.1745393717826267
2010-06-02,1.0680316542219022,1.1745393717826267
2010-06-03,1.0683167071975055,1.1745393717826267
2010-06-04,1.0677103679713111,1.1745393717826267
2010-06-07,1.0670448573657856,1.1745393717826267
2010-06-08,1.0677914131181467,1.1745393717826267
2010-06-09,1.0677914131181467,1.1745393717826267
2010-06-10,1.069853555722097,1.1745393717826267
2010-06-11,1.069853555722097,1.1745393717826267
2010-06-14,1.069853555722097,1.1745393717826267
2010-06-15,1.069853555722097,1.1745393717826267
2010-06-16,1.069853555722097,1.1745393717826267
2010-06-17,1.069853555722097,1.1745393717826267
2010-06-18,1.069853555722097,1.1745393717826267
2010-06-21,1.069853555722097,1.1745393717826267
2010-06-22,1.069853555722097,1.1758850420041644
2010-06-23,1.0711999217040458,1.1775547402098043
2010-06-24,1.0711999217040458,1.1775547402098043
2010-06-25,1.0711999217040458,1.1766893323887389
2010-06-28,1.0710341302045066,1.178837427609333
2010-06-29,1.074220672540571,1.17929950414842
2010-06-30,1.0745541365021305,1.1758538666745346
2010-07-01,1.0703176618941233,1.1745303621322163
2010-07-02,1.0696273364554971,1.176161175637809
2010-07-05,1.0716169963945492,1.1719106169121085
2010-07-06,1.0661787056156393,1.171448126006898
2010-07-07,1.0645358401540326,1.1709159773836386
2010-07-08,1.063878631499309,1.1704560069034784
2010-07-09,1.0646007239415645,1.1704560069034784
2010-07-12,1.0654113389964075,1.1704560069034784
2010-07-13,1.0629587822266373,1.1704560069034784
2010-07-14,1.061764745319422,1.1704560069034784
2010-07-15,1.0573168047860813,1.1726827705580847
2010-07-16,1.0605358901073516,1.172863200699207
2010-07-19,1.061998041461818,1.172863200699207
2010-07-20,1.0634638895795432,1.172863200699207
2010-07-21,1.0651808924103925,1.172863200699207
2010-07-22,1.0651808924103925,1.172863200699207
2010-07-23,1.065881472113276,1.172863200699207
2010-07-26,1.0650847344119576,1.172863200699207
2010-07-27,1.0664858938177244,1.172863200699207
2010-07-28,1.0658952089701954,1.172863200699207
2010-07-29,1.0658952089701954,1.172863200699207
2010-07-30,1.0654521854422387,1.172863200699207
2010-08-02,1.0641530499617795,1.172863200699207
2010-08-03,1.0627343410529722,1.172863200699207
2010-08-04,1.0638572118699783,1.172863200699207
2010-08-05,1.063141734933138,1.172863200699207
2010-08-06,1.0624158380382274,1.172863200699207
2010-08-09,1.0627436633071268,1.172863200699207
2010-08-10,1.0627436633071268,1.172863200699207
2010-08-11,1.0627436633071268,1.172863200699207
2010-08-12,1.0627436633071268,1.172863200699207
2010-08-13,1.0622744862619544,1.172863200699207
2010-08-16,1.0625271200555089,1.172863200699207
2010-08-17,1.0625271200555089,1.172863200699207
2010-08-18,1.0625271200555089,1.172863200699207
2010-08-19,1.0625271200555089,1.172863200699207
2010-08-20,1.0625271200555089,1.172863200699207
2010-08-23,1.0625271200555089,1.1716016313471376
2010-08-24,1.0625271200555089,1.1716016313471376
2010-08-25,1.0625271200555089,1.1716016313471376
2010-08-26,1.0625271200555089,1.1716016313471376
2010-08-27,1.0625271200555089,1.1703495465762268
2010-08-30,1.0625271200555089,1.1696220584422234
2010-08-31,1.0617974019170018,1.1716903600359811
2010-09-01,1.0638720435755025,1.171339761640321
2010-09-02,1.0638720435755025,1.1731645994846334
2010-09-03,1.0657070197996623,1.1736327543609417
2010-09-06,1.0657070197996623,1.1736327543609417
2010-09-07,1.0657070197996623,1.1750705253608664
2010-09-08,1.0671480621827045,1.1755734532022721
2010-09-09,1.0671480621827045,1.1755734532022721
2010-09-10,1.0671480621827045,1.176961972954577
2010-09-13,1.0671480621827045,1.176961972954577
2010-09-14,1.0671480621827045,1.1766279207707455
2010-09-15,1.0629117804536836,1.1765996717848495
2010-09-16,1.0630121931320584,1.176267980710936
2010-09-17,1.0626667314793494,1.1791285719316182
2010-09-20,1.0651886770716785,1.186929069159414
2010-09-21,1.0721002330408143,1.186929069159414
2010-09-22,1.0747550127696053,1.1871156012515975
2010-09-23,1.0750482399788899,1.188786999712493
2010-09-24,1.0750482399788899,1.188786999712493
2010-09-27,1.0750482399788899,1.188786999712493
2010-09-28,1.0750482399788899,1.188786999712493
2010-09-29,1.0750482399788899,1.188786999712493
2010-09-30,1.0750482399788899,1.188786999712493
2010-10-01,1.0750482399788899,1.188786999712493
2010-10-04,1.0750482399788899,1.188786999712493
2010-10-05,1.0750482399788899,1.188786999712493
2010-10-06,1.0750482399788899,1.188786999712493
2010-10-07,1.0750482399788899,1.188786999712493
2010-10-08,1.0750482399788899,1.188786999712493
2010-10-11,1.0750482399788899,1.188786999712493
2010-10-12,1.0750482399788899,1.188786999712493
2010-10-13,1.0750482399788899,1.188786999712493
2010-10-14,1.0750482399788899,1.188786999712493
2010-10-15,1.0750482399788899,1.188786999712493
2010-10-18,1.0750482399788899,1.188786999712493
2010-10-19,1.0750482399788899,1.188786999712493
2010-10-20,1.0769222884359038,1.188786999712493
2010-10-21,1.0769222884359038,1.1889802104774236
2010-10-22,1.077113771254652,1.1889802104774236
2010-10-25,1.0780537778194146,1.1889802104774236
2010-10-26,1.0780537778194146,1.1869333018719586
2010-10-27,1.0754452543001316,1.1879873070493996
2010-10-28,1.0764464693504245,1.1886899771676933
2010-10-29,1.0771139460506196,1.1892398929124453
2010-11-01,1.0776363191203375,1.1892398929124453
2010-11-02,1.0776363191203375,1.1892398929124453
2010-11-03,1.0776363191203375,1.1892398929124453
2010-11-04,1.0776363191203375,1.1892398929124453
2010-11-05,1.0776363191203375,1.1892398929124453
2010-11-08,1.0776363191203375,1.1892398929124453
2010-11-09,1.0776363191203375,1.1892398929124453
2010-11-10,1.0781976564705031,1.1892398929124453
2010-11-11,1.0781976564705031,1.1892398929124453
2010-11-12,1.075736748921234,1.1892398929124453
2010-11-15,1.0754740256055566,1.1892398929124453
2010-11-16,1.0724359498396723,1.1892398929124453
2010-11-17,1.0729707505907664,1.1892398929124453
2010-11-18,1.0729707505907664,1.1892398929124453
2010-11-19,1.0729707505907664,1.1892398929124453
2010-11-22,1.0729707505907664,1.1892398929124453
2010-11-23,1.0729707505907664,1.1892398929124453
2010-11-24,1.0729707505907664,1.1892398929124453
2010-11-25,1.0729707505907664,1.1892398929124453
2010-11-26,1.0706176429245267,1.1890210257491762
2010-11-29,1.0702865738190321,1.1882580189055305
2010-11-30,1.0678954214548018,1.1910879133184271
2010-12-01,1.0720109573017655,1.1956652015591533
2010-12-02,1.0768342964467605,1.2015234774218346
2010-12-03,1.0822385388092288,1.2010048678719554
2010-12-06,1.081810928966575,1.2003659335716161
2010-12-07,1.0802878240541984,1.2003659335716161
2010-12-08,1.0802878240541984,1.2002773611064177
2010-12-09,1.0802004064940396,1.2000559299434213
2010-12-10,1.0799818625936422,1.199804974625359
2010-12-13,1.079734179506525,1.199627829694962
2010-12-14,1.079559344386207,1.1994506847645647
2010-12-15,1.0793845092658891,1.1996130676174286
2010-12-16,1.0795447747928473,1.2007792717425425
2010-12-17,1.0806957726682738,1.2007792717425425
2010-12-20,1.0806957726682738,1.2007792717425425
2010-12-21,1.0806957726682738,1.2007792717425425
2010-12-22,1.0806957726682738,1.2007792717425425
2010-12-23,1.080987756875145,1.2007792717425425
2010-12-24,1.0809456504946973,1.2007792717425425
2010-12-27,1.0809456504946973,1.2007792717425425
2010-12-28,1.0809456504946973,1.2007792717425425
2010-12-29,1.0798577224794232,1.2007792717425425
2010-12-30,1.0797306366523476,1.2007792717425425
2010-12-31,1.079151690106781,1.20194863878586
2011-01-03,1.081186167738757,1.2038400932454738
2011-01-04,1.0818550589949143,1.2038400932454738
2011-01-05,1.0818550589949143,1.2038400932454738
2011-01-06,1.0818550589949143,1.2038400932454738
2011-01-07,1.0813934812222277,1.2038400932454738
2011-01-10,1.0813785916166572,1.2038400932454738
2011-01-11,1.0813785916166572,1.2038400932454738
2011-01-12,1.0813785916166572,1.2038400932454738
2011-01-13,1.0813785916166572,1.2038400932454738
2011-01-14,1.0813785916166572,1.2038400932454738
2011-01-17,1.0813785916166572,1.2038400932454738
2011-01-18,1.0813785916166572,1.2038400932454738
2011-01-19,1.0813785916166572,1.2038400932454738
2011-01-20,1.0813785916166572,1.2038400932454738
2011-01-21,1.0813785916166572,1.2038400932454738
2011-01-24,1.0813785916166572,1.2038400932454738
2011-01-25,1.0813785916166572,1.2038400932454738
2011-01-26,1.0813785916166572,1.2031754801501993
2011-01-27,1.0808463336070286,1.2052623652693615
2011-01-28,1.0825176237572618,1.2052623652693615
2011-01-31,1.0825176237572618,1.2052623652693615
2011-02-01,1.0825176237572618,1.2052623652693615
2011-02-02,1.0825176237572618,1.2052623652693615
2011-02-03,1.0825176237572618,1.2052623652693615
2011-02-04,1.0825176237572618,1.2052623652693615
2011-02-07,1.0825176237572618,1.2052623652693615
2011-02-08,1.0825176237572618,1.2052623652693615
2011-02-09,1.0825176237572618,1.2052623652693615
2011-02-10,1.0825176237572618,1.2052623652693615
2011-02-11,1.0825176237572618,1.2052623652693615
2011-02-14,1.0825176237572618,1.2052623652693615
2011-02-15,1.082502185246245,1.2052623652693615
2011-02-16,1.0831351641979294,1.2052623652693615
2011-02-17,1.0831351641979294,1.2052623652693615
2011-02-18,1.0831351641979294,1.2052623652693615
2011-02-21,1.0831351641979294,1.2052623652693615
2011-02-22,1.0831351641979294,1.2052623652693615
2011-02-23,1.0831351641979294,1.2052623652693615
2011-02-24,1.0831351641979294,1.2052623652693615
2011-02-25,1.0835481086512049,1.2052623652693615
2011-02-28,1.0835481086512049,1.2052623652693615
2011-03-01,1.0835481086512049,1.205523412348265
2011-03-02,1.0838060617502547,1.2056929153434257
2011-03-03,1.084288916592663,1.2056929153434257
2011-03-04,1.0840752599009038,1.2057083373709847
2011-03-07,1.084090477194119,1.2057083373709847
2011-03-08,1.084379665177226,1.2057083373709847
2011-03-09,1.0848559510109514,1.2057083373709847
2011-03-10,1.0848559510109514,1.2057083373709847
2011-03-11,1.0848559510109514,1.206405852625852
2011-03-14,1.0855426332209732,1.2085938257101891
2011-03-15,1.0888257183732521,1.2106332068951835
2011-03-16,1.0907665520017817,1.21135156549244
2011-03-17,1.0888281309798096,1.21135156549244
2011-03-18,1.0870486787329068,1.2107224915602828
2011-03-21,1.085633949738777,1.2107224915602828
2011-03-22,1.0861554909714952,1.2107224915602828
2011-03-23,1.0869934023916654,1.2107224915602828
2011-03-24,1.0879616494832973,1.2107224915602828
2011-03-25,1.0879616494832973,1.2107224915602828
2011-03-28,1.0883429781763618,1.2107224915602828
2011-03-29,1.0883429781763618,1.2107224915602828
2011-03-30,1.0872363344637999,1.2107224915602828
2011-03-31,1.0873791453185762,1.2107224915602828
2011-04-01,1.0873791453185762,1.2107224915602828
2011-04-04,1.08748203311591,1.2094550119852903
2011-04-05,1.0861875551658207,1.2085033610469162
2011-04-06,1.0860585654574946,1.2093807023527026
2011-04-07,1.0869506775348112,1.2096107007471155
2011-04-08,1.0864526679257325,1.2096107007471155
2011-04-11,1.0871882164934386,1.2111831937886695
2011-04-12,1.0879948159736121,1.2111831937886695
2011-04-13,1.0869047168348367,1.2111831937886695
2011-04-14,1.0861555298597174,1.2102020010658217
2011-04-15,1.0851957514863657,1.2116443198114077
2011-04-18,1.0866065918923926,1.2116443198114077
2011-04-19,1.086979598496952,1.2116443198114077
2011-04-20,1.086979598496952,1.2111516308520596
2011-04-21,1.086527854425167,1.2111516308520596
2011-04-22,1.0866598797181535,1.2111516308520596
2011-04-25,1.0868715136316494,1.2111516308520596
2011-04-26,1.0868715136316494,1.2111516308520596
2011-04-27,1.0857240619267428,1.210340239120215
2011-04-28,1.0849843150018907,1.210340239120215
2011-04-29,1.0844449239953855,1.210340239120215
2011-05-02,1.0847890204378927,1.210340239120215
2011-05-03,1.0860569328228096,1.210340239120215
2011-05-04,1.0860569328228096,1.2119665209295847
2011-05-05,1.0860569328228096,1.2119665209295847
2011-05-06,1.0860569328228096,1.2119665209295847
2011-05-09,1.0860569328228096,1.2115391565225044
2011-05-10,1.0856643265584456,1.2115391565225044
2011-05-11,1.0874473019403594,1.2115391565225044
2011-05-12,1.0874473019403594,1.2115391565225044
2011-05-13,1.0874473019403594,1.2115391565225044
2011-05-16,1.0874473019403594,1.2115391565225044
2011-05-17,1.0874473019403594,1.2115391565225044
2011-05-18,1.0874473019403594,1.2115391565225044
2011-05-19,1.0874473019403594,1.2115391565225044
2011-05-20,1.0874473019403594,1.2115391565225044
2011-05-23,1.0874473019403594,1.2115391565225044
2011-05-24,1.0874473019403594,1.2119287964634493
2011-05-25,1.0878121635956377,1.2130829454227892
2011-05-26,1.0888470382137876,1.2130829454227892
2011-05-27,1.0907891132050176,1.2130829454227892
2011-05-30,1.0906357766588006,1.2130829454227892
2011-05-31,1.091951771755985,1.2130829454227892
2011-06-01,1.091951771755985,1.2130829454227892
2011-06-02,1.093551255537655,1.2130829454227892
2011-06-03,1.093551255537655,1.2130829454227892
2011-06-06,1.093551255537655,1.2130829454227892
2011-06-07,1.093551255537655,1.2130829454227892
2011-06-08,1.093551255537655,1.2130829454227892
2011-06-09,1.093551255537655,1.2130829454227892
2011-06-10,1.093551255537655,1.2130829454227892
2011-06-13,1.093551255537655,1.2141757560605104
2011-06-14,1.093551255537655,1.2141757560605104
2011-06-15,1.093551255537655,1.2146470049572597
2011-06-16,1.094725051891106,1.2146470049572597
2011-06-17,1.094725051891106,1.2146470049572597
2011-06-20,1.094725051891106,1.2146470049572597
2011-06-21,1.094725051891106,1.2146470049572597
2011-06-22,1.094725051891106,1.2146470049572597
2011-06-23,1.094725051891106,1.2146470049572597
2011-06-24,1.094725051891106,1.2146470049572597
2011-06-27,1.094725051891106,1.2146470049572597
2011-06-28,1.094725051891106,1.2154031909366456
2011-06-29,1.0953023421528403,1.2154031909366456
2011-06-30,1.0953023421528403,1.2154031909366456
2011-07-01,1.0953023421528403,1.2154031909366456
2011-07-04,1.0953023421528403,1.2154031909366456
2011-07-05,1.0953023421528403,1.2154031909366456
2011-07-06,1.094922143711716,1.2163300569538271
2011-07-07,1.0954643235619481,1.217026694833909
2011-07-08,1.0960312861495896,1.2129045570370183
2011-07-11,1.092730055892788,1.212405152357799
2011-07-12,1.090540184016484,1.216222786195183
2011-07-13,1.0938506848772254,1.216222786195183
2011-07-14,1.0930652611575309,1.216222786195183
2011-07-15,1.0929136330791163,1.216222786195183
2011-07-18,1.0929136330791163,1.216222786195183
2011-07-19,1.0929136330791163,1.216222786195183
2011-07-20,1.0929136330791163,1.216222786195183
2011-07-21,1.0929136330791163,1.216222786195183
2011-07-22,1.093269326808059,1.216222786195183
2011-07-25,1.093269326808059,1.216222786195183
2011-07-26,1.093269326808059,1.216222786195183
2011-07-27,1.0934187885091333,1.216222786195183
2011-07-28,1.0934187885091333,1.216222786195183
2011-07-29,1.0920532585311122,1.2159284875652636
2011-08-01,1.0919130917040034,1.2142388372628288
2011-08-02,1.0906119050057008,1.2134220387810535
2011-08-03,1.089988341726055,1.2149959973245812
2011-08-04,1.0912582262465844,1.2138336302543626
2011-08-05,1.089485561593093,1.2147251852607646
2011-08-08,1.0903548881624583,1.2139940785583248
2011-08-09,1.0874058210013124,1.2224584359651733
2011-08-10,1.0948135185122148,1.2224985899539735
2011-08-11,1.095894355764374,1.2230415904117191
2011-08-12,1.096327892272689,1.225371473215359
2011-08-15,1.096327892272689,1.225371473215359
2011-08-16,1.096327892272689,1.224388505303543
2011-08-17,1.0954562067038653,1.2268009374136355
2011-08-18,1.0975955260355097,1.2265663845125674
2011-08-19,1.097956065331003,1.2265196091733115
2011-08-22,1.0979145854538717,1.2246964224774841
2011-08-23,1.0961304001835719,1.225488714050666
2011-08-24,1.0961300170976265,1.226150383589943
2011-08-25,1.0967167786610355,1.2239473203742384
2011-08-26,1.097942331771745,1.2226942033152466
2011-08-29,1.0952749343989496,1.2225097502561897
2011-08-30,1.0950822933567144,1.2241135487904482
2011-08-31,1.096281954689327,1.2233025876809518
2011-09-01,1.0958055922986245,1.2247487984368357
2011-09-02,1.096060546817592,1.2247487984368357
2011-09-05,1.096060546817592,1.2247487984368357
2011-09-06,1.096060546817592,1.2273121347123173
2011-09-07,1.0969323183876034,1.2268497932704152
2011-09-08,1.0954580158286238,1.2262156488544893
2011-09-09,1.090353327269157,1.226906541193153
2011-09-12,1.091048370889676,1.226906541193153
2011-09-13,1.0908453188866778,1.2272215471921675
2011-09-14,1.0905723394209457,1.230266544701762
2011-09-15,1.0937024414383254,1.230266544701762
2011-09-16,1.092885259582876,1.230266544701762
2011-09-19,1.0889346235549429,1.2315649074654453
2011-09-20,1.0904722075362552,1.2315649074654453
2011-09-21,1.0853857831707288,1.2220286081166638
2011-09-22,1.074389660702434,1.2215045313864954
2011-09-23,1.0754043546041148,1.223434221665367
2011-09-26,1.0809515902759763,1.225708934146377
2011-09-27,1.0831686103649254,1.2194501837981813
2011-09-28,1.078413571232022,1.218139258232
2011-09-29,1.0771753518711986,1.2138816163001194
2011-09-30,1.0702678169962714,1.2096005480003065
2011-10-03,1.063437000735268,1.2100658251574699
2011-10-04,1.068266241378932,1.2126383840685817
2011-10-05,1.0697920405063546,1.2153952750972314
2011-10-06,1.0697920405063546,1.2151307769106134
2011-10-07,1.0697920405063546,1.2257856564428724
2011-10-10,1.0717167204420255,1.2244767184361751
2011-10-11,1.0717167204420255,1.2290675590237379
2011-10-12,1.0717167204420255,1.2290675590237379
2011-10-13,1.0717167204420255,1.2290675590237379
2011-10-14,1.0717167204420255,1.2290675590237379
2011-10-17,1.0717167204420255,1.230426851706491
2011-10-18,1.0717167204420255,1.230426851706491
2011-10-19,1.0717167204420255,1.230426851706491
2011-10-20,1.0717167204420255,1.230426851706491
2011-10-21,1.0717167204420255,1.230426851706491
2011-10-24,1.0717167204420255,1.230426851706491
2011-10-25,1.0717167204420255,1.2322826099437663
2011-10-26,1.0717167204420255,1.2322826099437663
2011-10-27,1.0717167204420255,1.2322826099437663
2011-10-28,1.0717167204420255,1.2322826099437663
2011-10-31,1.0717167204420255,1.2319396697512615
2011-11-01,1.071414682104818,1.2324855734758415
2011-11-02,1.0718954768814326,1.2324855734758415
2011-11-03,1.0718803288429268,1.2324855734758415
2011-11-04,1.07160773401011,1.232811568058878
2011-11-07,1.071894149047897,1.232811568058878
2011-11-08,1.0723788808360462,1.232811568058878
2011-11-09,1.0723788808360462,1.232811568058878
2011-11-10,1.0723788808360462,1.232811568058878
2011-11-11,1.0723788808360462,1.232811568058878
2011-11-14,1.0723788808360462,1.232811568058878
2011-11-15,1.0723788808360462,1.232811568058878
2011-11-16,1.0723788808360462,1.232811568058878
2011-11-17,1.0723788808360462,1.232811568058878
2011-11-18,1.0723788808360462,1.2327765746555872
2011-11-21,1.0723788808360462,1.2327765746555872
2011-11-22,1.0723788808360462,1.233370844205331
2011-11-23,1.0723788808360462,1.233370844205331
2011-11-24,1.0723788808360462,1.233370844205331
2011-11-25,1.0723788808360462,1.233370844205331
2011-11-28,1.0723788808360462,1.233370844205331
2011-11-29,1.0723788808360462,1.233370844205331
2011-11-30,1.0723788808360462,1.233370844205331
2011-12-01,1.0723788808360462,1.233370844205331
2011-12-02,1.0723788808360462,1.233370844205331
2011-12-05,1.0723788808360462,1.233370844205331
2011-12-06,1.0723788808360462,1.233370844205331
2011-12-07,1.0723788808360462,1.233370844205331
2011-12-08,1.0723788808360462,1.233370844205331
2011-12-09,1.0723788808360462,1.233370844205331
2011-12-12,1.0723788808360462,1.233370844205331
2011-12-13,1.0723788808360462,1.233370844205331
2011-12-14,1.0723788808360462,1.233370844205331
2011-12-15,1.0723788808360462,1.233370844205331
2011-12-16,1.0723788808360462,1.233370844205331
2011-12-19,1.0723788808360462,1.233370844205331
2011-12-20,1.0723788808360462,1.233370844205331
2011-12-21,1.0723788808360462,1.233370844205331
2011-12-22,1.0723788808360462,1.233370844205331
2011-12-23,1.0723788808360462,1.233370844205331
2011-12-26,1.0723788808360462,1.233370844205331
2011-12-27,1.0723788808360462,1.233370844205331
2011-12-28,1.0723788808360462,1.233370844205331
2011-12-29,1.0723788808360462,1.233370844205331
2011-12-30,1.0723788808360462,1.233370844205331
2012-01-02,1.0723788808360462,1.233370844205331
2012-01-03,1.0723788808360462,1.233370844205331
2012-01-04,1.0723788808360462,1.233370844205331
2012-01-05,1.0723788808360462,1.233370844205331
2012-01-06,1.0723788808360462,1.233370844205331
2012-01-09,1.0723788808360462,1.233370844205331
2012-01-10,1.0723788808360462,1.233370844205331
2012-01-11,1.0723788808360462,1.233370844205331
2012-01-12,1.0723788808360462,1.233370844205331
2012-01-13,1.0723788808360462,1.233533894038887
2012-01-16,1.0725115411320632,1.233533894038887
2012-01-17,1.0725115411320632,1.233533894038887
2012-01-18,1.0725115411320632,1.233533894038887
2012-01-19,1.0725115411320632,1.233533894038887
2012-01-20,1.0725115411320632,1.233533894038887
2012-01-23,1.0725115411320632,1.233533894038887
2012-01-24,1.0725115411320632,1.233533894038887
2012-01-25,1.0725115411320632,1.233533894038887
2012-01-26,1.0725115411320632,1.233533894038887
2012-01-27,1.0725115411320632,1.233533894038887
2012-01-30,1.0725115411320632,1.233533894038887
2012-01-31,1.0725115411320632,1.2293459242183593
2012-02-01,1.0671355047884563,1.2294469300026787
2012-02-02,1.0676945452226452,1.2260234771587513
2012-02-03,1.0642211656740534,1.2281652601233233
2012-02-06,1.0664238904068277,1.2272664187894422
2012-02-07,1.0641008541443795,1.2270200400598472
2012-02-08,1.0642652103641632,1.2267927116233859
2012-02-09,1.0640860488782602,1.2275044408403442
2012-02-10,1.0644717741143417,1.2269878635838345
2012-02-13,1.0643662371667624,1.2273306648887163
2012-02-14,1.0645879030246725,1.2273478916108609
2012-02-15,1.0660317996920012,1.2264691047440457
2012-02-16,1.0653970480138615,1.2254315881808586
2012-02-17,1.0644305098611109,1.2252976072060813
2012-02-20,1.0633420608216515,1.2251137535254317
2012-02-21,1.0637629830613367,1.2241970213530429
2012-02-22,1.0629575979278176,1.2246737669233534
2012-02-23,1.0625936460464525,1.2226867242653037
2012-02-24,1.0599574158884262,1.2236348111624509
2012-02-27,1.0614719916991717,1.2238793786257478
2012-02-28,1.0616868537985005,1.2227501736251893
2012-02-29,1.060694802960168,1.2227984345927452
2012-03-01,1.0607372021111625,1.221687611331377
2012-03-02,1.0597613003509556,1.2220832944842455
2012-03-05,1.060108923504699,1.2231502262587106
2012-03-06,1.0610462648738732,1.2231502262587106
2012-03-07,1.0610462648738732,1.2231502262587106
2012-03-08,1.0610462648738732,1.2231502262587106
2012-03-09,1.0597768062076325,1.2231502262587106
2012-03-12,1.060094141795047,1.2220195970648746
2012-03-13,1.0591090606809113,1.2220195970648746
2012-03-14,1.0580317502237468,1.2222676617311652
2012-03-15,1.0582458224094944,1.2224855494510196
2012-03-16,1.0584338528175898,1.2226104745792126
2012-03-19,1.0585416593651604,1.2226104745792126
2012-03-20,1.0585416593651604,1.2226104745792126
2012-03-21,1.0585416593651604,1.2226104745792126
2012-03-22,1.0585416593651604,1.2226104745792126
2012-03-23,1.0585416593651604,1.2226104745792126
2012-03-26,1.0585416593651604,1.2226104745792126
2012-03-27,1.0585416593651604,1.2226104745792126
2012-03-28,1.0585416593651604,1.2226104745792126
2012-03-29,1.0585416593651604,1.2226104745792126
2012-03-30,1.0585416593651604,1.2226104745792126
2012-04-02,1.0585416593651604,1.2226104745792126
2012-04-03,1.0585416593651604,1.2226104745792126
2012-04-04,1.0577271087075262,1.2226104745792126
2012-04-05,1.0577271087075262,1.2226104745792126
2012-04-06,1.0577271087075262,1.2226104745792126
2012-04-09,1.0577271087075262,1.2226104745792126
2012-04-10,1.058746595227687,1.2226104745792126
2012-04-11,1.058746595227687,1.2226104745792126
2012-04-12,1.0572522199020602,1.2226104745792126
2012-04-13,1.0580044640900066,1.2226104745792126
2012-04-16,1.0583699296960667,1.2226104745792126
2012-04-17,1.0582780287275995,1.2226104745792126
2012-04-18,1.0582780287275995,1.2226104745792126
2012-04-19,1.0582780287275995,1.2226104745792126
2012-04-20,1.0582780287275995,1.2226104745792126
2012-04-23,1.0582780287275995,1.2226104745792126
2012-04-24,1.0581998887065238,1.2226104745792126
2012-04-25,1.0582275661683649,1.2226104745792126
2012-04-26,1.0577432105861482,1.2230095251316653
2012-04-27,1.0570946650206499,1.222176299225646
2012-04-30,1.0563913296967988,1.2226058553924661
2012-05-01,1.056759406222242,1.2218584986558387
2012-05-02,1.056120321166235,1.221923482444648
2012-05-03,1.056175676089917,1.221923482444648
2012-05-04,1.0557189979695414,1.221923482444648
2012-05-07,1.0558158690859847,1.221923482444648
2012-05-08,1.0565810169341892,1.222520161397161
2012-05-09,1.0568437853839017,1.222520161397161
2012-05-10,1.0572451085805952,1.222520161397161
2012-05-11,1.0570604324789978,1.222520161397161
2012-05-14,1.0570604324789978,1.2200995582762613
2012-05-15,1.0555976408389691,1.2208869291081552
2012-05-16,1.0560714545729333,1.2202548147099663
2012-05-17,1.0555534369995065,1.2210910752010753
2012-05-18,1.0565894890280334,1.221568447441539
2012-05-21,1.0565894890280334,1.2226384197046472
2012-05-22,1.057031448199111,1.2226384197046472
2012-05-23,1.057031448199111,1.222892776963329
2012-05-24,1.0572807435782061,1.223251869563821
2012-05-25,1.057632689995752,1.223251869563821
2012-05-28,1.0568408105562739,1.2229811297354543
2012-05-29,1.0565768507431146,1.2229811297354543
2012-05-30,1.0577500054682671,1.2223504394015525
2012-05-31,1.057650876643398,1.2232081688530478
2012-06-01,1.058568526279508,1.2227149388818568
2012-06-04,1.0580946265448976,1.2224898634328958
2012-06-05,1.0577071763651404,1.2195242004818054
2012-06-06,1.0535741486100803,1.2206635438394358
2012-06-07,1.0546499412745494,1.2206635438394358
2012-06-08,1.0544593036317123,1.2224493758200472
2012-06-11,1.0561085790810822,1.2224493758200472
2012-06-12,1.0561085790810822,1.2235708177089957
2012-06-13,1.0577054267160433,1.2218935631626535
2012-06-14,1.0561442173470865,1.220140734151956
2012-06-15,1.0544234398076617,1.2191415386432158
2012-06-18,1.0535534671675013,1.2171124061511953
2012-06-19,1.0517193916156333,1.2174434728364973
2012-06-20,1.0520275525992897,1.2190738494400337
2012-06-21,1.053545127396699,1.218357701600448
2012-06-22,1.052878528090614,1.2189144107220342
2012-06-25,1.0533967198572123,1.2182679776838472
2012-06-26,1.0527950119543652,1.2181668898676647
2012-06-27,1.052864360562054,1.2187388525714538
2012-06-28,1.0533967505524684,1.2187388525714538
2012-06-29,1.0533967505524684,1.2187388525714538
2012-07-02,1.0533967505524684,1.2187388525714538
2012-07-03,1.0533967505524684,1.2187388525714538
2012-07-04,1.0533967505524684,1.2187388525714538
2012-07-05,1.0533967505524684,1.2187388525714538
2012-07-06,1.0533967505524684,1.2187388525714538
2012-07-09,1.0533967505524684,1.2187388525714538
2012-07-10,1.0533967505524684,1.2187388525714538
2012-07-11,1.0533967505524684,1.2187388525714538
2012-07-12,1.0533967505524684,1.2187388525714538
2012-07-13,1.0536367859877926,1.2187388525714538
2012-07-16,1.0538320727692811,1.2187388525714538
2012-07-17,1.0540029487030838,1.219448973752109
2012-07-18,1.0543667606420462,1.2202337299525892
2012-07-19,1.0546625478457594,1.2196094568212978
2012-07-20,1.0548041516301097,1.2187920575295912
2012-07-23,1.0549319197739684,1.218662999724239
2012-07-24,1.0552449589695145,1.219693592283248
2012-07-25,1.0552735772415136,1.2204190802740742
2012-07-26,1.0552019949465312,1.2214855368814854
2012-07-27,1.0552019949465312,1.221960350884594
2012-07-30,1.0556010676095704,1.221960350884594
2012-07-31,1.0556010676095704,1.221960350884594
2012-08-01,1.0556010676095704,1.221960350884594
2012-08-02,1.0556010676095704,1.221960350884594
2012-08-03,1.0556010676095704,1.221960350884594
2012-08-06,1.0553379827858977,1.221960350884594
2012-08-07,1.0553379827858977,1.221960350884594
2012-08-08,1.0553379827858977,1.221960350884594
2012-08-09,1.0553379827858977,1.221960350884594
2012-08-10,1.0553379827858977,1.221960350884594
2012-08-13,1.0553379827858977,1.221960350884594
2012-08-14,1.0553379827858977,1.221960350884594
2012-08-15,1.0553379827858977,1.221960350884594
2012-08-16,1.0553379827858977,1.221960350884594
2012-08-17,1.0553379827858977,1.2223113694529275
2012-08-20,1.055644923659541,1.2229402777211922
2012-08-21,1.0561948593914858,1.2232035416474425
2012-08-22,1.0564250650467186,1.2232035416474425
2012-08-23,1.0556065560503358,1.2226443554971171
2012-08-24,1.0551205663337333,1.222144031046826
2012-08-27,1.05456301818937,1.2222617544468946
2012-08-28,1.0546653318139179,1.222193997771607
2012-08-29,1.0546242525834943,1.2208659111487739
2012-08-30,1.0534452631883473,1.222237094628496
2012-08-31,1.0546916105936543,1.2209984703278745
2012-09-03,1.0536079847445743,1.2203991011739257
2012-09-04,1.0528537655453798,1.219660617896637
2012-09-05,1.0524758430429793,1.2207429411939472
2012-09-06,1.0534011016977178,1.2191669840633925
2012-09-07,1.0546928112076346,1.219646803639395
2012-09-10,1.0545057478836863,1.218837050556162
2012-09-11,1.055771878987466,1.218837050556162
2012-09-12,1.055771878987466,1.218091459710961
2012-09-13,1.055771878987466,1.2169685453975614
2012-09-14,1.0546974510774387,1.2170713425679853
2012-09-17,1.0547958095609467,1.217618039816716
2012-09-18,1.055318900927191,1.217618039816716
2012-09-19,1.055318900927191,1.217618039816716
2012-09-20,1.055318900927191,1.217618039816716
2012-09-21,1.055318900927191,1.217618039816716
2012-09-24,1.055318900927191,1.217618039816716
2012-09-25,1.055318900927191,1.217618039816716
2012-09-26,1.055318900927191,1.217618039816716
2012-09-27,1.055318900927191,1.217618039816716
2012-09-28,1.055318900927191,1.217618039816716
2012-10-01,1.055318900927191,1.217618039816716
2012-10-02,1.055318900927191,1.217618039816716
2012-10-03,1.055318900927191,1.217618039816716
2012-10-04,1.055318900927191,1.217618039816716
2012-10-05,1.055318900927191,1.2182347164755234
2012-10-08,1.055318900927191,1.2189073397787393
2012-10-09,1.055318900927191,1.2194448344617057
2012-10-10,1.0558441582085836,1.2191210448149732
2012-10-11,1.0553460410854016,1.2189935899787732
2012-10-12,1.0554978427199495,1.2190018241580882
2012-10-15,1.0555821528335327,1.2186724159964724
2012-10-16,1.0562413515025235,1.2183610321514644
2012-10-17,1.0562413515025235,1.2192173856763449
2012-10-18,1.0562413515025235,1.2192173856763449
2012-10-19,1.0562413515025235,1.2192173856763449
2012-10-22,1.0562413515025235,1.2193677134630074
2012-10-23,1.0563676993140025,1.2194346764228163
2012-10-24,1.0564239804820406,1.2187734292565786
2012-10-25,1.055866791263292,1.2202366583074746
2012-10-26,1.0570876400333933,1.2209079653126809
2012-10-29,1.0571580501020723,1.2208643703641704
2012-10-30,1.0582132993811644,1.2208643703641704
2012-10-31,1.0582132993811644,1.2202633522027064
2012-11-01,1.0577150468694838,1.2206366309089483
2012-11-02,1.057277593175451,1.2208698742273918
2012-11-05,1.0574736300059109,1.2207695642039038
2012-11-06,1.0573893212282826,1.2207695642039038
2012-11-07,1.0573893212282826,1.2207695642039038
2012-11-08,1.0573893212282826,1.2207695642039038
2012-11-09,1.0573893212282826,1.2207695642039038
2012-11-12,1.0573893212282826,1.2207695642039038
2012-11-13,1.0573893212282826,1.2207695642039038
2012-11-14,1.0571723925505203,1.219231860500956
2012-11-15,1.056322822698771,1.2189868312117398
2012-11-16,1.0561168799710294,1.2188403560050576
2012-11-19,1.055993770184003,1.218401901968498
2012-11-20,1.0556252574214375,1.2170468408971886
2012-11-21,1.054486352867722,1.2171100539347233
2012-11-22,1.054539482293271,1.2172366026345016
2012-11-23,1.05464584420824,1.2177437803361384
2012-11-26,1.0550721179800773,1.2177437803361384
2012-11-27,1.054978143517341,1.2177437803361384
2012-11-28,1.0550719578288321,1.2177437803361384
2012-11-29,1.0550719578288321,1.2177437803361384
2012-11-30,1.0550719578288321,1.2177437803361384
2012-12-03,1.0550719578288321,1.2177437803361384
2012-12-04,1.0550719578288321,1.2177437803361384
2012-12-05,1.0550719578288321,1.2177437803361384
2012-12-06,1.0550719578288321,1.2177437803361384
2012-12-07,1.0550719578288321,1.2177437803361384
2012-12-10,1.0550719578288321,1.2177437803361384
2012-12-11,1.0550719578288321,1.2177437803361384
2012-12-12,1.0550719578288321,1.2177437803361384
2012-12-13,1.0550719578288321,1.2177437803361384
2012-12-14,1.0550719578288321,1.2177437803361384
2012-12-17,1.0550719578288321,1.2177437803361384
2012-12-18,1.0550719578288321,1.2177437803361384
2012-12-19,1.0549226990766754,1.2177437803361384
2012-12-20,1.0549226990766754,1.2177437803361384
2012-12-21,1.0553399369597585,1.2177437803361384
2012-12-24,1.0553399369597585,1.2177437803361384
2012-12-25,1.0553399369597585,1.2177437803361384
2012-12-26,1.0553399369597585,1.2177437803361384
2012-12-27,1.0554397581761006,1.2179569599066635
2012-12-28,1.0553408598836587,1.218294355341441
2012-12-31,1.0563448710916663,1.2183700433042324
2013-01-01,1.056408485375942,1.2199568969796437
2013-01-02,1.0564881688955383,1.2180144870988165
2013-01-03,1.0548531430920363,1.2173951185012828
2013-01-04,1.0543396829953415,1.21974008567132
2013-01-07,1.0560768117336599,1.2186493994371304
2013-01-08,1.055314330949704,1.2184639736956175
2013-01-09,1.055118420314569,1.2224176850136792
2013-01-10,1.059064694009271,1.2224176850136792
2013-01-11,1.0593130836028886,1.2224176850136792
2013-01-14,1.0591423157572766,1.2223096148534216
2013-01-15,1.059151080453602,1.2213211076219266
2013-01-16,1.0583997633225226,1.2209668326146998
2013-01-17,1.0581172821245897,1.2197468443487338
2013-01-18,1.0571727123227275,1.2203066820441293
2013-01-21,1.0565092398866962,1.2203814998473845
2013-01-22,1.0582290169569768,1.2204313783828882
2013-01-23,1.058100389010431,1.220531370028504
2013-01-24,1.0577498816512643,1.2202028451179114
2013-01-25,1.057453480091856,1.219250499474828
2013-01-28,1.0567010225314797,1.2206497409735744
2013-01-29,1.0578777624951758,1.2209656383650969
2013-01-30,1.058124415821997,1.2215341467946255
2013-01-31,1.0585787064425856,1.2215341467946255
2013-02-01,1.0585787064425856,1.2225537672856928
2013-02-04,1.0594209564881374,1.2225537672856928
2013-02-05,1.0594209564881374,1.222579129720189
2013-02-06,1.0594407595286583,1.2220127505389176
2013-02-07,1.0592977933509262,1.2225642250048923
2013-02-08,1.0597840716025841,1.2225642250048923
2013-02-11,1.0597840716025841,1.2225642250048923
2013-02-12,1.060432017587173,1.2225642250048923
2013-02-13,1.060432017587173,1.2225642250048923
2013-02-14,1.0601116216691948,1.2225642250048923
2013-02-15,1.0601116216691948,1.2225642250048923
2013-02-18,1.0601116216691948,1.2225642250048923
2013-02-19,1.0601116216691948,1.2225642250048923
2013-02-20,1.0601116216691948,1.2205801508319525
2013-02-21,1.0585073949304655,1.2208737557536467
2013-02-22,1.0587648820688198,1.2198926121067657
2013-02-25,1.057904433720434,1.2199097147287445
2013-02-26,1.0580265614722402,1.2202518511370146
2013-02-27,1.0587189187895543,1.2190533917079325
2013-02-28,1.0576678877405952,1.218655067632351
2013-03-01,1.0573942819052309,1.21965356785062
2013-03-04,1.058269951707918,1.2202483764624354
2013-03-05,1.0586052460006252,1.219584800406442
2013-03-06,1.0580232996941665,1.222118934747078
2013-03-07,1.0592357296776191,1.222118934747078
2013-03-08,1.0592357296776191,1.2231766734440774
2013-03-11,1.0602183718761904,1.2234832088986791
2013-03-12,1.0603048115784885,1.2234832088986791
2013-03-13,1.0583260107869767,1.2240757811327139
2013-03-14,1.057762398429247,1.225761355779865
2013-03-15,1.059270690781331,1.225105702515433
2013-03-18,1.0587040743401006,1.225105702515433
2013-03-19,1.057638069222021,1.225105702515433
2013-03-20,1.057414935993789,1.225105702515433
2013-03-21,1.0589656219970918,1.225105702515433
2013-03-22,1.0597026162739003,1.225105702515433
2013-03-25,1.0597026162739003,1.2258566701218354
2013-03-26,1.06032457520531,1.226109975463509
2013-03-27,1.0605455759875189,1.226109975463509
2013-03-28,1.0594826823980739,1.22639703397167
2013-03-29,1.0597415386900995,1.22639703397167
2013-04-01,1.0580826554744958,1.227020236149823
2013-04-02,1.059412353396369,1.2264564935630746
2013-04-03,1.0585874069438117,1.2311993259797986
2013-04-04,1.0615205460308865,1.2303198462100686
2013-04-05,1.060292784922597,1.230613004457298
2013-04-08,1.060460729205105,1.2295671680117368
2013-04-09,1.0591881674193784,1.229728158787381
2013-04-10,1.0594072551250289,1.229728158787381
2013-04-11,1.0579042180950173,1.2302140140828173
2013-04-12,1.0593087629276665,1.230847124343675
2013-04-15,1.0630993143206307,1.22967409687126
2013-04-16,1.0626492897163011,1.2308545856781778
2013-04-17,1.0670545570770513,1.2308545856781778
2013-04-18,1.0670545570770513,1.2308545856781778
2013-04-19,1.067226906925518,1.2308545856781778
2013-04-22,1.067226906925518,1.2314356426103594
2013-04-23,1.067226906925518,1.2314356426103594
2013-04-24,1.067226906925518,1.2314356426103594
2013-04-25,1.067226906925518,1.2314356426103594
2013-04-26,1.067226906925518,1.2314356426103594
2013-04-29,1.067226906925518,1.2314356426103594
2013-04-30,1.067226906925518,1.2314356426103594
2013-05-01,1.0673812817037531,1.232387049334867
2013-05-02,1.0677209062158703,1.233842698427365
2013-05-03,1.0677209062158703,1.2343140514668405
2013-05-06,1.0677209062158703,1.2343140514668405
2013-05-07,1.0677209062158703,1.2343279610026132
2013-05-08,1.0677209062158703,1.2365256676547092
2013-05-09,1.0677209062158703,1.2365256676547092
2013-05-10,1.0677209062158703,1.2365256676547092
2013-05-13,1.0677209062158703,1.235552043187247
2013-05-14,1.066858283479009,1.2356911323968847
2013-05-15,1.0669815152985604,1.23430024030051
2013-05-16,1.0657491971030444,1.2330948004836524
2013-05-17,1.0646811880002636,1.2343002403005103
2013-05-20,1.067460312207258,1.2342229685173782
2013-05-21,1.0673918500852846,1.2326157154282347
2013-05-22,1.0659678379482436,1.23340388761618
2013-05-23,1.0675798607447584,1.2318893606667947
2013-05-24,1.0662380031540852,1.2311278083740782
2013-05-27,1.0659915395149822,1.2327969361306679
2013-05-28,1.0657450758758786,1.2330751145499428
2013-05-29,1.0659915395149822,1.2324741519200944
2013-05-30,1.0659915395149822,1.2324741519200944
2013-05-31,1.0656773571214282,1.2311847873525492
2013-06-03,1.0646450435426087,1.2318855289653454
2013-06-04,1.0652060835310975,1.2318855289653454
2013-06-05,1.064117665953429,1.2289277471447613
2013-06-06,1.0617725188015457,1.229762719046266
2013-06-07,1.0624345459879623,1.2314609669815295
2013-06-10,1.0637810419603357,1.2275974529288047
2013-06-11,1.0607177636231864,1.2275833008626775
2013-06-12,1.0607065428234166,1.226327236355401
2013-06-13,1.0599771908383808,1.226666200203465
2013-06-14,1.0580454913056985,1.2268351647203208
2013-06-17,1.0587684634812264,1.2274956567113275
2013-06-18,1.0596885690623483,1.2274956567113275
2013-06-19,1.0596885690623483,1.2277089388060727
2013-06-20,1.055126683320211,1.2233321841664433
2013-06-21,1.0513824571079495,1.2197569823972279
2013-06-24,1.047722512227315,1.2216235481830866
2013-06-25,1.049084407078538,1.2204210358510825
2013-06-26,1.048738390132135,1.2217526827707479
2013-06-27,1.04987282788211,1.2225039598541416
2013-06-28,1.0500186774415432,1.2231846440866658
2013-07-01,1.0501576476578292,1.222655912720314
2013-07-02,1.0493457123633456,1.2247656423490108
2013-07-03,1.0517040511327163,1.2247656423490108
2013-07-04,1.0517657969791419,1.2231660314453967
2013-07-05,1.0478364726803955,1.2266561302502466
2013-07-08,1.0506399049555664,1.2259266373656312
2013-07-09,1.050075473957265,1.2289173602934993
2013-07-10,1.054857948410373,1.2289173602934993
2013-07-11,1.054857948410373,1.2289173602934993
2013-07-12,1.054857948410373,1.2289173602934993
2013-07-15,1.054857948410373,1.2289173602934993
2013-07-16,1.054857948410373,1.2289173602934993
2013-07-17,1.054857948410373,1.2289173602934993
2013-07-18,1.054857948410373,1.2289173602934993
2013-07-19,1.054857948410373,1.2289173602934993
2013-07-22,1.054857948410373,1.2289173602934993
2013-07-23,1.054857948410373,1.2289173602934993
2013-07-24,1.054857948410373,1.2289173602934993
2013-07-25,1.054857948410373,1.2289173602934993
2013-07-26,1.0547934079852161,1.2289173602934993
2013-07-29,1.0547934079852161,1.2289173602934993
2013-07-30,1.0547934079852161,1.2289173602934993
2013-07-31,1.0547934079852161,1.2289173602934993
2013-08-01,1.0547934079852161,1.2289173602934993
2013-08-02,1.0547934079852161,1.2289173602934993
2013-08-05,1.0547934079852161,1.2289173602934993
2013-08-06,1.0547934079852161,1.2289173602934993
2013-08-07,1.0547934079852161,1.2289173602934993
2013-08-08,1.0547934079852161,1.2289173602934993
2013-08-09,1.0547934079852161,1.2289173602934993
2013-08-12,1.0547934079852161,1.2289173602934993
2013-08-13,1.0547934079852161,1.2289173602934993
2013-08-14,1.0547934079852161,1.2289173602934993
2013-08-15,1.0547934079852161,1.2289173602934993
2013-08-16,1.0547934079852161,1.2289173602934993
2013-08-19,1.0547934079852161,1.2289173602934993
2013-08-20,1.0547934079852161,1.2289173602934993
2013-08-21,1.0547934079852161,1.2289173602934993
2013-08-22,1.0547934079852161,1.2289173602934993
2013-08-23,1.0547934079852161,1.2289173602934993
2013-08-26,1.0547934079852161,1.2289173602934993
2013-08-27,1.0547934079852161,1.2289173602934993
2013-08-28,1.0547934079852161,1.2289173602934993
2013-08-29,1.0547934079852161,1.2289173602934993
2013-08-30,1.0547934079852161,1.2289173602934993
2013-09-02,1.0547934079852161,1.2289173602934993
2013-09-03,1.0547934079852161,1.2289173602934993
2013-09-04,1.0547934079852161,1.2289173602934993
2013-09-05,1.0555268162101707,1.2289173602934993
2013-09-06,1.0555268162101707,1.2289173602934993
2013-09-09,1.0555268162101707,1.2289173602934993
2013-09-10,1.0535065809353508,1.2284544771937735
2013-09-11,1.053115011905989,1.2284180465794432
2013-09-12,1.0530841939731226,1.2292366639132177
2013-09-13,1.053776691052827,1.2282980398498848
2013-09-16,1.0529826760766214,1.227254409898188
2013-09-17,1.0520998329409774,1.225197151677184
2013-09-18,1.0480555543351278,1.2258109751379798
2013-09-19,1.0485334681255136,1.2263724351941288
2013-09-20,1.049615639469973,1.2268353182938547
2013-09-23,1.0502439145209534,1.2271160483219292
2013-09-24,1.0510363904649387,1.227484640419859
2013-09-25,1.0513481954327635,1.2274246370550799
2013-09-26,1.0515805623032528,1.2279175218371954
2013-09-27,1.0519975108067396,1.2279175218371954
2013-09-30,1.0517001530050096,1.2279175218371954
2013-10-01,1.0503893648300524,1.2279175218371954
2013-10-02,1.0505782588260995,1.2279175218371954
2013-10-03,1.0506920472772106,1.2290245438407768
2013-10-04,1.053450629624878,1.2290245438407768
2013-10-07,1.053450629624878,1.2290245438407768
2013-10-08,1.053450629624878,1.2290245438407768
2013-10-09,1.053450629624878,1.2290245438407768
2013-10-10,1.053450629624878,1.2290245438407768
2013-10-11,1.053450629624878,1.2290245438407768
2013-10-14,1.053450629624878,1.2290245438407768
2013-10-15,1.053450629624878,1.2290245438407768
2013-10-16,1.053450629624878,1.2290245438407768
2013-10-17,1.053450629624878,1.2290245438407768
2013-10-18,1.053450629624878,1.2293969808459342
2013-10-21,1.053776538848767,1.2293969808459342
2013-10-22,1.053776538848767,1.2293969808459342
2013-10-23,1.053776538848767,1.2293969808459342
2013-10-24,1.0535879091527258,1.2293969808459342
2013-10-25,1.0535879091527258,1.2293969808459342
2013-10-28,1.0535879091527258,1.2293969808459342
2013-10-29,1.0530294158998115,1.2293969808459342
2013-10-30,1.0526826290059854,1.2293969808459342
2013-10-31,1.0528441292659467,1.2293969808459342
2013-11-01,1.0528441292659467,1.2293969808459342
2013-11-04,1.052409472079861,1.2293969808459342
2013-11-05,1.0532015140633952,1.2293969808459342
2013-11-06,1.0532015140633952,1.2293969808459342
2013-11-07,1.0549738875757635,1.2293969808459342
2013-11-08,1.0549738875757635,1.2293969808459342
2013-11-11,1.0549738875757635,1.2293969808459342
2013-11-12,1.0549738875757635,1.2293969808459342
2013-11-13,1.0549738875757635,1.2293969808459342
2013-11-14,1.0549738875757635,1.2293969808459342
2013-11-15,1.0547827033064172,1.2296669768080637
2013-11-18,1.0549943669855253,1.2294636697675732
2013-11-19,1.0548349841716513,1.2294636697675732
2013-11-20,1.0564678934893577,1.2294636697675732
2013-11-21,1.0564678934893577,1.2293165233828702
2013-11-22,1.0563524111795102,1.2287826080288038
2013-11-25,1.0559333877799535,1.2292990793646998
2013-11-26,1.056338720897446,1.2292990793646998
2013-11-27,1.0554170793904099,1.2292990793646998
2013-11-28,1.0552421023352325,1.2292990793646998
2013-11-29,1.0551292580721892,1.2292990793646998
2013-12-02,1.0541754515464627,1.2292990793646998
2013-12-03,1.0545380986547512,1.2296034124697326
2013-12-04,1.055025252388065,1.2305957297038066
2013-12-05,1.055964354770614,1.2310440871980082
2013-12-06,1.0563617111579795,1.2319666157547948
2013-12-09,1.0566742225194838,1.231816031493279
2013-12-10,1.0566400008907426,1.231816031493279
2013-12-11,1.056009945352181,1.231622140840341
2013-12-12,1.054967094361039,1.231622140840341
2013-12-13,1.0550501795926115,1.2315978301641481
2013-12-16,1.0550315113189168,1.2315978301641481
2013-12-17,1.0548261603082782,1.2315978301641481
2013-12-18,1.0556164505613426,1.2314004157013863
2013-12-19,1.0554324706676323,1.2314843677387912
2013-12-20,1.0556247151590545,1.2321672077260006
2013-12-23,1.0562167430561924,1.2321672077260006
2013-12-24,1.0562506072144056,1.232175435721625
2013-12-25,1.0560656728057323,1.232175435721625
2013-12-26,1.0565707299198912,1.2326523109003658
2013-12-27,1.0570154773455789,1.2326523109003658
2013-12-30,1.0570154773455789,1.2326523109003658
2013-12-31,1.0570154773455789,1.2326523109003658
2014-01-01,1.0570154773455789,1.2326523109003658
2014-01-02,1.0570154773455789,1.2320119531734885
2014-01-03,1.0565506970514225,1.232122186859449
2014-01-06,1.0566307061507685,1.231432006383219
2014-01-07,1.0561297638316562,1.2312135793787056
2014-01-08,1.0559712265592092,1.2314448421494284
2014-01-09,1.0561390802042778,1.2321685361241754
2014-01-10,1.0566643470736297,1.2321685361241754
2014-01-13,1.0571394795327436,1.2324035447662975
2014-01-14,1.0561161501015937,1.2325777004493117
2014-01-15,1.0562861608281704,1.2326358797668677
2014-01-16,1.0563429554608705,1.2326358797668677
2014-01-17,1.055859847740283,1.2326358797668677
2014-01-20,1.0560716616066608,1.2326358797668677
2014-01-21,1.0560716616066608,1.2326358797668677
2014-01-22,1.0543752965559006,1.232420639381024
2014-01-23,1.05416784107081,1.2326209875569014
2014-01-24,1.0543609429733674,1.232219279345672
2014-01-27,1.0539737639061182,1.2316911248380153
2014-01-28,1.053464711902893,1.2314358896007964
2014-01-29,1.0532187081162807,1.2316337661518366
2014-01-30,1.0534094277887212,1.2316337661518366
2014-01-31,1.0538054814292999,1.2316337661518366
2014-02-03,1.0538054814292999,1.2317957578067127
2014-02-04,1.0539305930204788,1.2317957578067127
2014-02-05,1.0541528304863064,1.2317957578067127
2014-02-06,1.0534244104019033,1.2317957578067127
2014-02-07,1.0534244104019033,1.2317957578067127
2014-02-10,1.0534244104019033,1.2317957578067127
2014-02-11,1.0534244104019033,1.2319796701016523
2014-02-12,1.0535847308494624,1.2319796701016523
2014-02-13,1.0542860159541292,1.2319796701016523
2014-02-14,1.0542860159541292,1.2319796701016523
2014-02-17,1.0543153687801423,1.2319796701016523
2014-02-18,1.0543153687801423,1.2319796701016523
2014-02-19,1.0543153687801423,1.2319796701016523
2014-02-20,1.0543153687801423,1.2319796701016523
2014-02-21,1.0543153687801423,1.2319796701016523
2014-02-24,1.0543153687801423,1.2319796701016523
2014-02-25,1.0543153687801423,1.2319796701016523
2014-02-26,1.0541742346489567,1.2319796701016523
2014-02-27,1.054782613214649,1.2315429554243125
2014-02-28,1.0544443917335955,1.2310797731907706
2014-03-03,1.0545616539128844,1.2320855403264621
2014-03-04,1.0553405882328863,1.2322046443293728
2014-03-05,1.0554328304549918,1.2322046443293728
2014-03-06,1.056222013910783,1.2322046443293728
2014-03-07,1.0561155285188986,1.2322046443293728
2014-03-10,1.0561003470185493,1.2323072180571737
2014-03-11,1.056314186962358,1.2320877579883907
2014-03-12,1.0558055721915445,1.2325672305299706
2014-03-13,1.0564667278931894,1.2326316372892874
2014-03-14,1.0565199959966498,1.2321163832147537
2014-03-17,1.0560938511689657,1.2322070297649033
2014-03-18,1.055729446961503,1.2341320762378138
2014-03-19,1.0596059553595976,1.2341320762378138
2014-03-20,1.0596059553595976,1.2341320762378138
2014-03-21,1.0596059553595976,1.2341320762378138
2014-03-24,1.0596059553595976,1.234335414315062
2014-03-25,1.0598258494458697,1.234335414315062
2014-03-26,1.0598258494458697,1.234335414315062
2014-03-27,1.0598258494458697,1.2345081472839206
2014-03-28,1.0605800718288518,1.2345081472839206
2014-03-31,1.0603973148951114,1.2345081472839206
2014-04-01,1.0600372429454916,1.2345081472839206
2014-04-02,1.0601618832357445,1.2345081472839206
2014-04-03,1.0601618832357445,1.2345081472839206
2014-04-04,1.0601618832357445,1.2345081472839206
2014-04-07,1.0601618832357445,1.2345081472839206
2014-04-08,1.0601618832357445,1.2347607992286733
2014-04-09,1.0595463942249532,1.234135818102179
2014-04-10,1.0603437322616602,1.234135818102179
2014-04-11,1.0603437322616602,1.234135818102179
2014-04-14,1.0603437322616602,1.234135818102179
2014-04-15,1.0603437322616602,1.234135818102179
2014-04-16,1.0603437322616602,1.234135818102179
2014-04-17,1.0603437322616602,1.234135818102179
2014-04-18,1.0603437322616602,1.234135818102179
2014-04-21,1.0603437322616602,1.234135818102179
2014-04-22,1.0603437322616602,1.234135818102179
2014-04-23,1.0603437322616602,1.234135818102179
2014-04-24,1.0603437322616602,1.234135818102179
2014-04-25,1.0603437322616602,1.234135818102179
2014-04-28,1.0603437322616602,1.234135818102179
2014-04-29,1.0603437322616602,1.234135818102179
2014-04-30,1.0603437322616602,1.234135818102179
2014-05-01,1.0603437322616602,1.234135818102179
2014-05-02,1.0603437322616602,1.234135818102179
2014-05-05,1.0603437322616602,1.234135818102179
2014-05-06,1.0603437322616602,1.234135818102179
2014-05-07,1.0603437322616602,1.234135818102179
2014-05-08,1.0603437322616602,1.2344014274289419
2014-05-09,1.0605533609439302,1.2347600000200716
2014-05-12,1.0605533609439302,1.2349326460824677
2014-05-13,1.0605533609439302,1.2349326460824677
2014-05-14,1.0605533609439302,1.2349326460824677
2014-05-15,1.0605533609439302,1.234825691131671
2014-05-16,1.0605533609439302,1.2348573009901198
2014-05-19,1.0605533609439302,1.234630021719677
2014-05-20,1.060374544579993,1.2341392885349542
2014-05-21,1.0598163856447047,1.2343740086916868
2014-05-22,1.0597406339599218,1.2338839009393572
2014-05-23,1.0593120886109622,1.2340705061001322
2014-05-26,1.05987340247944,1.2343525379681508
2014-05-27,1.0600975092626503,1.2338346437782994
2014-05-28,1.0596688652890722,1.2339665014908823
2014-05-29,1.0597678135171085,1.2338195566546732
2014-05-30,1.0601183912749788,1.2332786540068634
2014-06-02,1.0589430806346132,1.2331259519684121
2014-06-03,1.0584761045430464,1.2330735725812796
2014-06-04,1.0582934197226967,1.233525608528103
2014-06-05,1.0598751000864157,1.2344833048998398
2014-06-06,1.060667753849109,1.2343711235559984
2014-06-09,1.060667753849109,1.2343711235559984
2014-06-10,1.060667753849109,1.2343711235559984
2014-06-11,1.060667753849109,1.2343711235559984
2014-06-12,1.0608587260529818,1.2343711235559984
2014-06-13,1.0608587260529818,1.2343711235559984
2014-06-16,1.0608587260529818,1.2343711235559984
2014-06-17,1.0608587260529818,1.2343711235559984
2014-06-18,1.0608587260529818,1.2343711235559984
2014-06-19,1.0608587260529818,1.2344135551279123
2014-06-20,1.060893901437561,1.2346399900047837
2014-06-23,1.0610816138770691,1.2345382472576807
2014-06-24,1.0609972700713586,1.2345382472576807
2014-06-25,1.0606349060807323,1.2344605107310114
2014-06-26,1.0605706582441803,1.2346299352241294
2014-06-27,1.060710684530511,1.2346299352241294
2014-06-30,1.060710684530511,1.2346299352241294
2014-07-01,1.060710684530511,1.2346299352241294
2014-07-02,1.0605208073457684,1.2346299352241294
2014-07-03,1.0602407583874744,1.2346299352241294
2014-07-04,1.0598721820644927,1.2348532440796258
2014-07-07,1.060062341387793,1.2348532440796258
2014-07-08,1.060062341387793,1.2348532440796258
2014-07-09,1.060062341387793,1.2348532440796258
2014-07-10,1.060062341387793,1.2348532440796258
2014-07-11,1.060062341387793,1.2348532440796258
2014-07-14,1.060062341387793,1.2348532440796258
2014-07-15,1.060062341387793,1.2348532440796258
2014-07-16,1.060062341387793,1.2348532440796258
2014-07-17,1.060062341387793,1.2348532440796258
2014-07-18,1.060062341387793,1.2348532440796258
2014-07-21,1.060062341387793,1.2348532440796258
2014-07-22,1.060062341387793,1.2348364667740679
2014-07-23,1.0600466646387898,1.2348364667740679
2014-07-24,1.0600466646387898,1.2348364667740679
2014-07-25,1.0600466646387898,1.2349205656728137
2014-07-28,1.060125246823667,1.2349205656728137
2014-07-29,1.060125246823667,1.2348194136824362
2014-07-30,1.0600307301947087,1.234760408354716
2014-07-31,1.0599755954944832,1.2350722936583802
2014-08-01,1.0599755954944832,1.2354036792620626
2014-08-04,1.0602320097176123,1.2354036792620626
2014-08-05,1.0602320097176123,1.23546290956524
2014-08-06,1.0602872021246117,1.23546290956524
2014-08-07,1.0602872021246117,1.23546290956524
2014-08-08,1.0602872021246117,1.2355739641457146
2014-08-11,1.0603731321519296,1.2357722758965624
2014-08-12,1.0605265786292837,1.2357722758965624
2014-08-13,1.0605265786292837,1.2357722758965624
2014-08-14,1.0605265786292837,1.2357722758965624
2014-08-15,1.0605265786292837,1.236457445425006
2014-08-18,1.0608437953891898,1.236457445425006
2014-08-19,1.0608437953891898,1.236457445425006
2014-08-20,1.0606296673363564,1.2366005923180075
2014-08-21,1.0607656201644504,1.2364702559596445
2014-08-22,1.0606630755124637,1.2363401703686858
2014-08-25,1.0605607281565852,1.2363271868140284
2014-08-26,1.060550513093723,1.2365608458807023
2014-08-27,1.0609217961398338,1.2365608458807023
2014-08-28,1.0609217961398338,1.2365608458807023
2014-08-29,1.0609217961398338,1.2362228519711254
2014-09-01,1.060655872891199,1.2352656630858196
2014-09-02,1.0599027860138168,1.2356482476674002
2014-09-03,1.0602037918364922,1.2350326074108446
2014-09-04,1.059719424951839,1.235341711518774
2014-09-05,1.06013524237043,1.2335062473184462
2014-09-08,1.0572191865092142,1.23326391982221
2014-09-09,1.0572100243019453,1.231892771805428
2014-09-10,1.0560405446635395,1.231184850825258
2014-09-11,1.0553864196960938,1.2293331949514241
2014-09-12,1.0543964040780613,1.2297506724071026
2014-09-15,1.054396336860823,1.230910960762335
2014-09-16,1.0554065937209511,1.229392111818412
2014-09-17,1.0522614736780986,1.2304677345213686
2014-09-18,1.0537670521733165,1.2289647648525681
2014-09-19,1.052500886918281,1.2285087303950177
2014-09-22,1.0521011070147246,1.2278977772365005
2014-09-23,1.0511071971884112,1.2289143388173351
2014-09-24,1.0518917562188628,1.2276189963675743
2014-09-25,1.0500293194643902,1.2256040869332443
2014-09-26,1.0466973881646287,1.2234527340941068
2014-09-29,1.0443365989607676,1.223590468944608
2014-09-30,1.0449928022801764,1.2232264487805662
2014-10-01,1.0457022718908153,1.225661407955743
2014-10-02,1.0480140902747697,1.225661407955743
2014-10-03,1.046833372177014,1.2274845767970046
2014-10-06,1.0512105521809179,1.2274845767970046
2014-10-07,1.0512105521809179,1.2274845767970046
2014-10-08,1.0521338472498758,1.2274845767970046
2014-10-09,1.0521338472498758,1.2274845767970046
2014-10-10,1.0519427713729868,1.2286073721418624
2014-10-13,1.0543087180275954,1.2286073721418624
2014-10-14,1.0529745310158019,1.2286073721418624
2014-10-15,1.0535364049653175,1.2286073721418624
2014-10-16,1.0535364049653175,1.2286073721418624
2014-10-17,1.0535364049653175,1.2286073721418624
2014-10-20,1.0535364049653175,1.2286073721418624
2014-10-21,1.0535364049653175,1.2286073721418624
2014-10-22,1.0535364049653175,1.2286073721418624
2014-10-23,1.0535364049653175,1.2286073721418624
2014-10-24,1.0535364049653175,1.2286073721418624
2014-10-27,1.0535364049653175,1.2286073721418624
2014-10-28,1.0535364049653175,1.2286073721418624
2014-10-29,1.0534305916048625,1.2286073721418624
2014-10-30,1.0543925312453646,1.2286073721418624
2014-10-31,1.0543925312453646,1.2286073721418624
2014-11-03,1.0543925312453646,1.2286073721418624
2014-11-04,1.0537933914575415,1.2291281978221302
2014-11-05,1.0542576439404276,1.2314639004641181
2014-11-06,1.0572625279129728,1.2314639004641181
2014-11-07,1.0572625279129728,1.2314639004641181
2014-11-10,1.0572625279129728,1.2309550264914155
2014-11-11,1.056789650916403,1.230724889512353
2014-11-12,1.05646981637629,1.2303239299035278
2014-11-13,1.0561776172812745,1.2298590421074866
2014-11-14,1.0553068352572348,1.2315369044552444
2014-11-17,1.056746008797101,1.2315369044552444
2014-11-18,1.056746008797101,1.2319124131037011
2014-11-19,1.056913337786153,1.2320091936832005
2014-11-20,1.057356464943631,1.2334028340279883
2014-11-21,1.0598361369505185,1.2334028340279883
2014-11-24,1.0598361369505185,1.2334028340279883
2014-11-25,1.0598361369505185,1.2334028340279883
2014-11-26,1.0598361369505185,1.234065028727755
2014-11-27,1.0598361369505185,1.2344361702998958
2014-11-28,1.0598361369505185,1.2344361702998958
2014-12-01,1.0598361369505185,1.2344361702998958
2014-12-02,1.0598361369505185,1.2344361702998958
2014-12-03,1.0598361369505185,1.2344361702998958
2014-12-04,1.0598361369505185,1.2344361702998958
2014-12-05,1.0598361369505185,1.2344361702998958
2014-12-08,1.0598361369505185,1.2344361702998958
2014-12-09,1.0598361369505185,1.2344361702998958
2014-12-10,1.0598361369505185,1.2344361702998958
2014-12-11,1.0598361369505185,1.2344361702998958
2014-12-12,1.0598361369505185,1.2344361702998958
2014-12-15,1.0598361369505185,1.2344361702998958
2014-12-16,1.0598361369505185,1.2344361702998958
2014-12-17,1.0598361369505185,1.2344361702998958
2014-12-18,1.0598361369505185,1.2344361702998958
2014-12-19,1.0598361369505185,1.2344361702998958
2014-12-22,1.0598361369505185,1.2344361702998958
2014-12-23,1.0598361369505185,1.2344361702998958
2014-12-24,1.0598361369505185,1.2344361702998958
2014-12-25,1.0598361369505185,1.2344361702998958
2014-12-26,1.0598361369505185,1.2344361702998958
2014-12-29,1.0598361369505185,1.2344361702998958
2014-12-30,1.0598361369505185,1.2344361702998958
2014-12-31,1.0598361369505185,1.2344361702998958
2015-01-01,1.0598361369505185,1.2344361702998958
2015-01-02,1.0598361369505185,1.2343150638507439
2015-01-05,1.059732662825862,1.2346814428672606
2015-01-06,1.0602010672525304,1.233257133216103
2015-01-07,1.0581161321183656,1.2321735982943514
2015-01-08,1.0570675319308305,1.2325103653277207
2015-01-09,1.057274547954362,1.2322437018837955
2015-01-12,1.057130882863929,1.2322826671835592
2015-01-13,1.056873544793173,1.2320469758119108
2015-01-14,1.057383244293243,1.2317272783010749
2015-01-15,1.068253067172262,1.2254363593767004
2015-01-16,1.0628419345500748,1.2283554081953696
2015-01-19,1.0624722367347106,1.2276593576994055
2015-01-20,1.0629214866854704,1.2225211635951707
2015-01-21,1.0583312153023896,1.2221931127229924
2015-01-22,1.0579604566243552,1.220853606523418
2015-01-23,1.0558007975392423,1.2241612360315548
2015-01-26,1.0566817227444014,1.2294766436066373
2015-01-27,1.0607853562955467,1.2296591108406976
2015-01-28,1.0616930290402589,1.2287165434747187
2015-01-29,1.0628200406595332,1.2287165434747187
2015-01-30,1.0627297854126392,1.2294341290575261
2015-02-02,1.0640867009375472,1.2290477368206298
2015-02-03,1.0637837251324944,1.230741013091335
2015-02-04,1.0657173389863717,1.2291890220361996
2015-02-05,1.063444377559771,1.233632677113637
2015-02-06,1.067041558773838,1.2336579195763857
2015-02-09,1.0674567433952797,1.2339589295062332
2015-02-10,1.0677603220438259,1.2367294540735985
2015-02-11,1.0700790384095427,1.2352063024658362
2015-02-12,1.0686104134286558,1.2350638620421108
2015-02-13,1.0677669757571542,1.2356573876442105
2015-02-16,1.0675609110273785,1.2348659800104826
2015-02-17,1.0675191424421935,1.2356799562265846
2015-02-18,1.066701949908985,1.2362256622945647
2015-02-19,1.0673024065894643,1.2364424504096798
2015-02-20,1.0666376326488984,1.2366872114555854
2015-02-23,1.0671052424295437,1.2366872114555854
2015-02-24,1.0667617624266916,1.235930420566408
2015-02-25,1.065741320123021,1.2369624098332601
2015-02-26,1.067635681894221,1.2372004754877366
2015-02-27,1.0678268569335652,1.2377415337933648
2015-03-02,1.0678268569335652,1.2377415337933648
2015-03-03,1.0678268569335652,1.2376872472033247
2015-03-04,1.0678268569335652,1.2381758265136862
2015-03-05,1.0678268569335652,1.2389358387742488
2015-03-06,1.0678268569335652,1.2392832729505059
2015-03-09,1.0678268569335652,1.2392832729505059
2015-03-10,1.0678268569335652,1.2392832729505059
2015-03-11,1.0678268569335652,1.2392832729505059
2015-03-12,1.0678268569335652,1.2392832729505059
2015-03-13,1.0678268569335652,1.2392832729505059
2015-03-16,1.0678268569335652,1.2392832729505059
2015-03-17,1.0678268569335652,1.2392832729505059
2015-03-18,1.0678268569335652,1.2392832729505059
2015-03-19,1.0678268569335652,1.2392832729505059
2015-03-20,1.0678268569335652,1.2392832729505059
2015-03-23,1.0678268569335652,1.239316231208503
2015-03-24,1.0678268569335652,1.239316231208503
2015-03-25,1.0678268569335652,1.239316231208503
2015-03-26,1.0678268569335652,1.2392499994612465
2015-03-27,1.0678268569335652,1.2392499994612465
2015-03-30,1.0678268569335652,1.2392499994612465
2015-03-31,1.0678268569335652,1.2392499994612465
2015-04-01,1.0678268569335652,1.2392499994612465
2015-04-02,1.0678268569335652,1.2392499994612465
2015-04-03,1.0678268569335652,1.2392499994612465
2015-04-06,1.0678268569335652,1.2392499994612465
2015-04-07,1.0678268569335652,1.2392499994612465
2015-04-08,1.0678268569335652,1.2392499994612465
2015-04-09,1.0678268569335652,1.2392499994612465
2015-04-10,1.0678268569335652,1.2392499994612465
2015-04-13,1.0678268569335652,1.2392499994612465
2015-04-14,1.0678268569335652,1.2392499994612465
2015-04-15,1.0678268569335652,1.2392499994612465
2015-04-16,1.0678268569335652,1.2392499994612465
2015-04-17,1.0691192092740995,1.2392499994612465
2015-04-20,1.0691192092740995,1.2392499994612465
2015-04-21,1.0691192092740995,1.2392499994612465
2015-04-22,1.069016070505455,1.2407610162568266
2015-04-23,1.0689599603831832,1.2409957465566768
2015-04-24,1.0692783581454792,1.240981889646139
2015-04-27,1.0699896516129885,1.2409264736313514
2015-04-28,1.0712018039393485,1.2434181026879354
2015-04-29,1.0724857909191752,1.2434181026879354
2015-04-30,1.0709548601029868,1.2444187849302495
2015-05-01,1.0702949319639357,1.2441721193594768
2015-05-04,1.0711172062916003,1.2441721193594768
2015-05-05,1.0714781919818563,1.2458079131089361
2015-05-06,1.0681323718713438,1.2453920082228485
2015-05-07,1.0688386081974586,1.2459606394777578
2015-05-08,1.0699869372899495,1.2459606394777578
2015-05-11,1.0705793555691736,1.2452327580228273
2015-05-12,1.0705155423490933,1.2446059472468092
2015-05-13,1.070517813691805,1.2446059472468092
2015-05-14,1.0700375959642687,1.2446059472468092
2015-05-15,1.0693467910486136,1.2446059472468092
2015-05-18,1.0734102956664815,1.2446059472468092
2015-05-19,1.0717267202589984,1.2446059472468092
2015-05-20,1.0720257249228504,1.2446059472468092
2015-05-21,1.0720257249228504,1.2446059472468092
2015-05-22,1.0720257249228504,1.2446059472468092
2015-05-25,1.0720257249228504,1.2446059472468092
2015-05-26,1.0705970294531753,1.2446059472468092
2015-05-27,1.0705970294531753,1.2446059472468092
2015-05-28,1.0705970294531753,1.2446059472468092
2015-05-29,1.0705970294531753,1.2446059472468092
2015-06-01,1.0705970294531753,1.2446059472468092
2015-06-02,1.0705970294531753,1.2446059472468092
2015-06-03,1.0705970294531753,1.2446059472468092
2015-06-04,1.0705970294531753,1.2446059472468092
2015-06-05,1.0705970294531753,1.2446059472468092
2015-06-08,1.0705970294531753,1.2446059472468092
2015-06-09,1.0705970294531753,1.2446059472468092
2015-06-10,1.0705970294531753,1.2446059472468092
2015-06-11,1.071259216479008,1.2449827208681004
2015-06-12,1.0715323365168707,1.2450203982302297
2015-06-15,1.0715677691408483,1.2446436246089383
2015-06-16,1.071213442901074,1.2438021635213878
2015-06-17,1.0704221142989117,1.2437268087971296
2015-06-18,1.0703512490509568,1.2437268087971296
2015-06-19,1.070882738410618,1.2437268087971296
2015-06-22,1.070882738410618,1.2437268087971296
2015-06-23,1.070882738410618,1.2437268087971296
2015-06-24,1.070882738410618,1.2437268087971296
2015-06-25,1.070882738410618,1.2437268087971296
2015-06-26,1.070882738410618,1.2437268087971296
2015-06-29,1.070882738410618,1.2437268087971296
2015-06-30,1.070882738410618,1.2437268087971296
2015-07-01,1.070882738410618,1.2437268087971296
2015-07-02,1.070882738410618,1.2437268087971296
2015-07-03,1.070882738410618,1.2437268087971296
2015-07-06,1.070882738410618,1.2437268087971296
2015-07-07,1.070882738410618,1.2437268087971296
2015-07-08,1.0715672312464104,1.2437268087971296
2015-07-09,1.0715672312464104,1.2437268087971296
2015-07-10,1.0715672312464104,1.2437268087971296
2015-07-13,1.0715672312464104,1.2437268087971296
2015-07-14,1.0715672312464104,1.2411438009224958
2015-07-15,1.0687451168952817,1.239693329423116
2015-07-16,1.0669615399598777,1.2366017003616565
2015-07-17,1.0640845903430967,1.2356484151073264
2015-07-20,1.063099439216506,1.2367571845911154
2015-07-21,1.0677585446537787,1.2364636496157844
2015-07-22,1.068504482247618,1.2361003268105182
2015-07-23,1.0682709173944867,1.236049631078872
2015-07-24,1.0688096234122342,1.2364805447978635
2015-07-27,1.0689095113143474,1.2369368063826782
2015-07-28,1.0675984339022597,1.2369368063826782
2015-07-29,1.0680082914095816,1.2369368063826782
2015-07-30,1.0692652510068512,1.2369368063826782
2015-07-31,1.0692652510068512,1.2369368063826782
2015-08-03,1.0692652510068512,1.2369368063826782
2015-08-04,1.0692652510068512,1.2369368063826782
2015-08-05,1.0692652510068512,1.2369368063826782
2015-08-06,1.0692652510068512,1.2369368063826782
2015-08-07,1.0692652510068512,1.2369368063826782
2015-08-10,1.0692652510068512,1.2369368063826782
2015-08-11,1.0692652510068512,1.2369368063826782
2015-08-12,1.0692652510068512,1.2359669060170744
2015-08-13,1.0685258382144704,1.235689750477818
2015-08-14,1.068314546046251,1.2358277614672022
2015-08-17,1.0684197600400374,1.2358277614672022
2015-08-18,1.06848301766537,1.2358277614672022
2015-08-19,1.069137483147509,1.2358277614672022
2015-08-20,1.0700034386273025,1.2358277614672022
2015-08-21,1.0700034386273025,1.2378356555400964
2015-08-24,1.071557710672945,1.235767183086058
2015-08-25,1.0699565460717368,1.235994927066203
2015-08-26,1.0701328382908741,1.2337240752979606
2015-08-27,1.0683750157688474,1.2338483699352714
2015-08-28,1.0684712298484664,1.2330320252400475
2015-08-31,1.0678393131769033,1.2338384196538916
2015-09-01,1.06846352752771,1.2328976181217792
2015-09-02,1.0677352712209653,1.2318881740011005
2015-09-03,1.0669538800113445,1.2318881740011005
2015-09-04,1.0670578728625204,1.2318881740011005
2015-09-07,1.0670578728625204,1.2318881740011005
2015-09-08,1.0667869370483707,1.2318881740011005
2015-09-09,1.0669216846761849,1.2318881740011005
2015-09-10,1.0669216846761849,1.2318881740011005
2015-09-11,1.0669216846761849,1.2318881740011005
2015-09-14,1.0669216846761849,1.2318881740011005
2015-09-15,1.0669216846761849,1.2318881740011005
2015-09-16,1.0669216846761849,1.2318881740011005
2015-09-17,1.0669216846761849,1.2318881740011005
2015-09-18,1.0669216846761849,1.2318881740011005
2015-09-21,1.0669216846761849,1.2318881740011005
2015-09-22,1.0669216846761849,1.2318881740011005
2015-09-23,1.0669216846761849,1.2318881740011005
2015-09-24,1.0669216846761849,1.2318881740011005
2015-09-25,1.0669216846761849,1.2318881740011005
2015-09-28,1.0669216846761849,1.2318881740011005
2015-09-29,1.0669216846761849,1.2311994201676724
2015-09-30,1.0663121556987425,1.2309513196132542
2015-10-01,1.0660925932514678,1.2311130485285757
2015-10-02,1.0661803012150868,1.230773029297974
2015-10-05,1.0659194171743784,1.2314792230846083
2015-10-06,1.066461253258927,1.2314792230846083
2015-10-07,1.066461253258927,1.2314792230846083
2015-10-08,1.066461253258927,1.2314792230846083
2015-10-09,1.066461253258927,1.2314792230846083
2015-10-12,1.066461253258927,1.2314792230846083
2015-10-13,1.066461253258927,1.2314792230846083
2015-10-14,1.066461253258927,1.2314792230846083
2015-10-15,1.066461253258927,1.2313162843189698
2015-10-16,1.0663206714192113,1.2313162843189698
2015-10-19,1.0663206714192113,1.2315512439066272
2015-10-20,1.0665233920606882,1.2311487819010305
2015-10-21,1.0661761521086686,1.2297203937684904
2015-10-22,1.0644296935367086,1.2278584056975028
2015-10-23,1.061959215632925,1.2282822458261133
2015-10-26,1.0631012949448746,1.2283737192203708
2015-10-27,1.0631082929232865,1.227262490641087
2015-10-28,1.0595136712614404,1.2273399001110283
2015-10-29,1.0595417158006895,1.2286590400659503
2015-10-30,1.0606263171020303,1.2286590400659503
2015-11-02,1.0605966464158163,1.2286590400659503
2015-11-03,1.0603438642866048,1.2286590400659503
2015-11-04,1.0586057433687694,1.2299452509619861
2015-11-05,1.059646606103497,1.2299452509619861
2015-11-06,1.0580102218206504,1.2302865745099547
2015-11-09,1.0581879108438137,1.2302865745099547
2015-11-10,1.0581879108438137,1.2302865745099547
2015-11-11,1.0581879108438137,1.2302865745099547
2015-11-12,1.0581879108438137,1.2302865745099547
2015-11-13,1.0581879108438137,1.2302865745099547
2015-11-16,1.0581879108438137,1.229803626130882
2015-11-17,1.057723172200335,1.229803626130882
2015-11-18,1.057723172200335,1.229803626130882
2015-11-19,1.057723172200335,1.229803626130882
2015-11-20,1.057723172200335,1.229803626130882
2015-11-23,1.057723172200335,1.229803626130882
2015-11-24,1.057723172200335,1.229803626130882
2015-11-25,1.057723172200335,1.229803626130882
2015-11-26,1.057723172200335,1.229803626130882
2015-11-27,1.057723172200335,1.229803626130882
2015-11-30,1.057723172200335,1.229803626130882
2015-12-01,1.057723172200335,1.229803626130882
2015-12-02,1.057723172200335,1.229803626130882
2015-12-03,1.057852659030937,1.229803626130882
2015-12-04,1.057852659030937,1.229803626130882
2015-12-07,1.057852659030937,1.229803626130882
2015-12-08,1.057852659030937,1.229803626130882
2015-12-09,1.057852659030937,1.229803626130882
2015-12-10,1.057852659030937,1.229803626130882
2015-12-11,1.0585767565780297,1.229803626130882
2015-12-14,1.0585767565780297,1.2296446817579485
2015-12-15,1.0589777553948936,1.2290302285786971
2015-12-16,1.0583696480323384,1.2290302285786971
2015-12-17,1.0602550815366647,1.2290302285786971
2015-12-18,1.0602550815366647,1.2290302285786971
2015-12-21,1.0602344312462169,1.2290302285786971
2015-12-22,1.0606369965204057,1.2290302285786971
2015-12-23,1.0606369965204057,1.2290302285786971
2015-12-24,1.0602134776950463,1.2289210339144292
2015-12-25,1.0601270452817075,1.2289974701794166
2015-12-28,1.0601875479710445,1.2289974701794166
2015-12-29,1.0602394074190478,1.2289974701794166
2015-12-30,1.0606033752669657,1.2289974701794166
2015-12-31,1.0606033752669657,1.2289974701794166
2016-01-01,1.0606033752669657,1.2289974701794166
2016-01-04,1.0606033752669657,1.2280680874353525
2016-01-05,1.0596704664860939,1.226762996773475
2016-01-06,1.0576551809198074,1.226525707562225
2016-01-07,1.0576840966198198,1.2248797232917257
2016-01-08,1.0559476222492015,1.2246963656257555
2016-01-11,1.056282035631023,1.2246963656257555
2016-01-12,1.0550776614203201,1.2246963656257555
2016-01-13,1.0542549571708564,1.2244722284385317
2016-01-14,1.0531654045740824,1.2225982896140064
2016-01-15,1.0520495785374502,1.2222600079503156
2016-01-18,1.0524240653492654,1.2212702056414289
2016-01-19,1.051634379369922,1.2223666127651525
2016-01-20,1.0535108438868677,1.2226367431510445
2016-01-21,1.052906791435252,1.2230465961503287
2016-01-22,1.0511332132774662,1.2235778790293814
2016-01-25,1.0518351652124882,1.2234439804745298
2016-01-26,1.051323783138254,1.2234439804745298
2016-01-27,1.0512243954847875,1.2244833199536167
2016-01-28,1.0524333325731403,1.2244833199536167
2016-01-29,1.050419802848559,1.224646410844228
2016-02-01,1.0507813484243969,1.2257581787591891
2016-02-02,1.0516348102639244,1.2280527792298968
2016-02-03,1.0533962875582017,1.2280527792298968
2016-02-04,1.0533962875582017,1.2280527792298968
2016-02-05,1.0533962875582017,1.2280527792298968
2016-02-08,1.0533962875582017,1.2285314552624162
2016-02-09,1.0538087865299852,1.2285314552624162
2016-02-10,1.054405107193053,1.2285314552624162
2016-02-11,1.0550492360254848,1.2285314552624162
2016-02-12,1.0550492360254848,1.2285314552624162
2016-02-15,1.0550492360254848,1.2285314552624162
2016-02-16,1.0550492360254848,1.2285314552624162
2016-02-17,1.0550492360254848,1.2285314552624162
2016-02-18,1.0550492360254848,1.2285314552624162
2016-02-19,1.0550492360254848,1.2285314552624162
2016-02-22,1.0550492360254848,1.2285314552624162
2016-02-23,1.0550492360254848,1.2285314552624162
2016-02-24,1.0543523000989963,1.2285314552624162
2016-02-25,1.0546090659666498,1.2283400406916278
2016-02-26,1.0537646245893428,1.2286440520687625
2016-02-29,1.0543829679057046,1.2286440520687625
2016-03-01,1.0532873504920066,1.2287236339129495
2016-03-02,1.0533601711302332,1.2285758390594592
2016-03-03,1.053224932802098,1.2285758390594592
2016-03-04,1.0523198762984238,1.2285758390594592
2016-03-07,1.0519557731072906,1.2285758390594592
2016-03-08,1.0519557731072906,1.2285758390594592
2016-03-09,1.0519557731072906,1.2285758390594592
2016-03-10,1.0519557731072906,1.2285758390594592
2016-03-11,1.0521669631353552,1.2291307696358604
2016-03-14,1.0527019731855363,1.2291307696358604
2016-03-15,1.05264082777708,1.2291307696358604
2016-03-16,1.0514701400654838,1.2291307696358604
2016-03-17,1.0505328389204829,1.2296285080986906
2016-03-18,1.0516893210435825,1.230416884499675
2016-03-21,1.0519761074105034,1.230416884499675
2016-03-22,1.052214672453607,1.2313197055867564
2016-03-23,1.0542624533149534,1.2313976184547775
2016-03-24,1.0548616975652836,1.2317096419369746
2016-03-25,1.0556252993660191,1.2317096419369746
2016-03-28,1.053970687966718,1.2306493655643973
2016-03-29,1.0494656440898331,1.2293468578335094
2016-03-30,1.0460905227894794,1.2288100569545977
2016-03-31,1.0457128682448793,1.228972509621621
2016-04-01,1.0470690952467294,1.2304135291790657
2016-04-04,1.0483111530311136,1.2304135291790657
2016-04-05,1.0488672220402708,1.2304135291790657
2016-04-06,1.0485041664421964,1.2304135291790657
2016-04-07,1.048659761698514,1.2304135291790657
2016-04-08,1.0484937934251084,1.2304135291790657
2016-04-11,1.0485145394592843,1.2304135291790657
2016-04-12,1.0485145394592843,1.2304135291790657
2016-04-13,1.0485145394592843,1.2304135291790657
2016-04-14,1.0485145394592843,1.2304135291790657
2016-04-15,1.0485145394592843,1.2304135291790657
2016-04-18,1.0485145394592843,1.2304135291790657
2016-04-19,1.0485145394592843,1.2304135291790657
2016-04-20,1.0485145394592843,1.2304135291790657
2016-04-21,1.047590321837016,1.2304135291790657
2016-04-22,1.0470952052536582,1.2304135291790657
2016-04-25,1.0472107324564415,1.2304135291790657
2016-04-26,1.047771864584247,1.2274663916818704
2016-04-27,1.0450243028096378,1.2321811407100354
2016-04-28,1.0487025226746662,1.2317707797927047
2016-04-29,1.0483394371802035,1.2332801100835633
2016-05-02,1.0493956858913671,1.2332801100835633
2016-05-03,1.046391978618996,1.2310049575431263
2016-05-04,1.0459298698078616,1.2313455003474398
2016-05-05,1.0460619008967573,1.2313455003474398
2016-05-06,1.0444280161716764,1.2297567702007308
2016-05-09,1.0436028218660798,1.2306668362756463
2016-05-10,1.0443785045133405,1.2308991935713693
2016-05-11,1.0454173293506805,1.229931038172523
2016-05-12,1.044592135045084,1.227783931538675
2016-05-13,1.0440860904133527,1.227783931538675
2016-05-16,1.043985282584545,1.2276216978027563
2016-05-17,1.0444708089305021,1.2276216978027563
2016-05-18,1.0418517599908113,1.2270406398985654
2016-05-19,1.0413439671133038,1.2274614306449498
2016-05-20,1.0416805766337527,1.2282781878706701
2016-05-23,1.0422512362925918,1.228504481768304
2016-05-24,1.0421767413723058,1.2296734476190214
2016-05-25,1.0420422451066722,1.2311713295680233
2016-05-26,1.0432614115255063,1.2311713295680233
2016-05-27,1.042419237740498,1.2311713295680233
2016-05-30,1.0421556412092674,1.2311713295680233
2016-05-31,1.0416796493553844,1.23246606174217
2016-06-01,1.0427208086216666,1.23246606174217
2016-06-02,1.0427208086216666,1.23246606174217
2016-06-03,1.0450602142971601,1.23246606174217
2016-06-06,1.0450602142971601,1.23246606174217
2016-06-07,1.0450602142971601,1.23246606174217
2016-06-08,1.0450602142971601,1.23246606174217
2016-06-09,1.0450602142971601,1.23246606174217
2016-06-10,1.0450602142971601,1.233699488256102
2016-06-13,1.0462352730194486,1.233699488256102
2016-06-14,1.0447925470243529,1.233699488256102
2016-06-15,1.0447925470243529,1.233699488256102
2016-06-16,1.0447925470243529,1.233699488256102
2016-06-17,1.0447925470243529,1.233699488256102
2016-06-20,1.0447925470243529,1.233699488256102
2016-06-21,1.0447925470243529,1.233699488256102
2016-06-22,1.0447925470243529,1.233699488256102
2016-06-23,1.0447925470243529,1.2364810292714408
2016-06-24,1.0474284445372712,1.2320644898222204
2016-06-27,1.043063912552642,1.233660932245161
2016-06-28,1.0443716933733673,1.2351460222264836
2016-06-29,1.045629840061661,1.2339981110921048
2016-06-30,1.0447419695156743,1.2335700764318278
2016-07-01,1.0444108991425947,1.2337646376410447
2016-07-04,1.0445613856758125,1.2311867016189229
2016-07-05,1.0425674391106732,1.2305658948078113
2016-07-06,1.0421312515856342,1.2303421494172118
2016-07-07,1.0419581920724335,1.2307896401984104
2016-07-08,1.042304311098835,1.2343938352023889
2016-07-11,1.042635381471915,1.2368161222571377
2016-07-12,1.042635381471915,1.2368161222571377
2016-07-13,1.042635381471915,1.2368161222571377
2016-07-14,1.042635381471915,1.2368161222571377
2016-07-15,1.042635381471915,1.2368161222571377
2016-07-18,1.042635381471915,1.2368161222571377
2016-07-19,1.042635381471915,1.23631352521001
2016-07-20,1.0421490653646897,1.2357736987519838
2016-07-21,1.0416267258421146,1.2357736987519838
2016-07-22,1.0416267258421146,1.2357736987519838
2016-07-25,1.0416087141344397,1.2357736987519838
2016-07-26,1.0426533931795898,1.2357736987519838
2016-07-27,1.0426533931795898,1.2357736987519838
2016-07-28,1.0426533931795898,1.2357736987519838
2016-07-29,1.0426533931795898,1.2357736987519838
2016-08-01,1.0426533931795898,1.2357736987519838
2016-08-02,1.0426533931795898,1.2357736987519838
2016-08-03,1.0426533931795898,1.2357736987519838
2016-08-04,1.0426533931795898,1.2357736987519838
2016-08-05,1.0426533931795898,1.2357736987519838
2016-08-08,1.0426533931795898,1.2357736987519838
2016-08-09,1.0426533931795898,1.2357736987519838
2016-08-10,1.0426533931795898,1.2357736987519838
2016-08-11,1.0426533931795898,1.2357736987519838
2016-08-12,1.0426533931795898,1.2357736987519838
2016-08-15,1.0426533931795898,1.2357736987519838
2016-08-16,1.0426533931795898,1.2357736987519838
2016-08-17,1.0426533931795898,1.2357736987519838
2016-08-18,1.0426533931795898,1.2357736987519838
2016-08-19,1.0426533931795898,1.2357736987519838
2016-08-22,1.0426533931795898,1.2357736987519838
2016-08-23,1.0426533931795898,1.2357736987519838
2016-08-24,1.0426533931795898,1.2357736987519838
2016-08-25,1.0426533931795898,1.2357736987519838
2016-08-26,1.0426533931795898,1.2357736987519838
2016-08-29,1.0426533931795898,1.2357736987519838
2016-08-30,1.0426533931795898,1.2357736987519838
2016-08-31,1.0426533931795898,1.2357736987519838
2016-09-01,1.0426533931795898,1.2357736987519838
2016-09-02,1.0424617417516129,1.2364549134918488
2016-09-05,1.0429682950438233,1.2384337168567383
2016-09-06,1.0435419633420735,1.2381773036638926
2016-09-07,1.0433247054724966,1.237627846822081
2016-09-08,1.0428591528948317,1.2357596935599215
2016-09-09,1.0412762741307704,1.2362175742614312
2016-09-12,1.041664234612158,1.2343494209992716
2016-09-13,1.040081355848097,1.2344409971395736
2016-09-14,1.0401589479443745,1.2356816522578806
2016-09-15,1.0408727952301275,1.2352420867844316
2016-09-16,1.0405003531679955,1.2360296415910281
2016-09-19,1.0412611562203917,1.2360296415910281
2016-09-20,1.0412611562203917,1.2360296415910281
2016-09-21,1.0412611562203917,1.2360296415910281
2016-09-22,1.0412611562203917,1.2360296415910281
2016-09-23,1.0412611562203917,1.2360296415910281
2016-09-26,1.0412611562203917,1.2360296415910281
2016-09-27,1.0412611562203917,1.2360296415910281
2016-09-28,1.0412611562203917,1.2360296415910281
2016-09-29,1.0414633427185498,1.2360296415910281
2016-09-30,1.0414633427185498,1.2360296415910281
2016-10-03,1.041408589249937,1.2360296415910281
2016-10-04,1.041408589249937,1.2360296415910281
2016-10-05,1.041408589249937,1.2360296415910281
2016-10-06,1.041408589249937,1.2360296415910281
2016-10-07,1.041408589249937,1.2352834240891317
2016-10-10,1.0420831545646339,1.2301462611273022
2016-10-11,1.0379378644404196,1.2305619741326563
2016-10-12,1.0382122469013548,1.2325004988565376
2016-10-13,1.0398635455245533,1.2316920511240201
2016-10-14,1.0391739415110886,1.2323881079837162
2016-10-17,1.0398028527012195,1.2319431194595216
2016-10-18,1.039404812950011,1.2317344527022787
2016-10-19,1.0392200175860336,1.2306752562327816
2016-10-20,1.0382727912045386,1.2295052858937041
2016-10-21,1.0372310749729552,1.2294552849595992
2016-10-24,1.037190943207185,1.2295336624184174
2016-10-25,1.0368546507649663,1.22974640123521
2016-10-26,1.0371596632561522,1.2296232366570667
2016-10-27,1.0370439135577123,1.2316358708070854
2016-10-28,1.0388462105765504,1.2316358708070854
2016-10-31,1.0388462105765504,1.2325763326660457
2016-11-01,1.0395455407920842,1.2325763326660457
2016-11-02,1.0395455407920842,1.2325763326660457
2016-11-03,1.0386913044157073,1.2327716056705853
2016-11-04,1.0388805103370913,1.2324511084542895
2016-11-07,1.0385699708887264,1.2317069474340991
2016-11-08,1.037334549785712,1.2358389344382052
2016-11-09,1.0410551260008138,1.2358389344382052
2016-11-10,1.0410551260008138,1.2358389344382052
2016-11-11,1.0410551260008138,1.2358389344382052
2016-11-14,1.0410551260008138,1.2358389344382052
2016-11-15,1.0410551260008138,1.2358389344382052
2016-11-16,1.0410551260008138,1.2358389344382052
2016-11-17,1.0410551260008138,1.2358389344382052
2016-11-18,1.0410551260008138,1.2358389344382052
2016-11-21,1.0410551260008138,1.2359948726975816
2016-11-22,1.0411725364086268,1.2352654316041507
2016-11-23,1.0406233191953662,1.2355230733339664
2016-11-24,1.0406233191953662,1.2355230733339664
2016-11-25,1.0408173050759855,1.2352385490179774
2016-11-28,1.0406030785217926,1.2355733485142533
2016-11-29,1.0408551587075698,1.2356293723562741
2016-11-30,1.0410461846912191,1.2343072096845715
2016-12-01,1.0398285192572776,1.2340046809376564
2016-12-02,1.039549900895274,1.2337693808011667
2016-12-05,1.0393331977248268,1.2338366094115922
2016-12-06,1.0398890952152804,1.233354804370209
2016-12-07,1.039445369675793,1.2328729993288259
2016-12-08,1.039001644136306,1.2327385421079748
2016-12-09,1.038877813753193,1.2321895084561656
2016-12-12,1.0383721730221498,1.23220071322457
2016-12-13,1.0383824922207425,1.2319544561224849
2016-12-14,1.0397666028320836,1.235000267648275
2016-12-15,1.0425943508873385,1.235000267648275
2016-12-16,1.0425943508873385,1.235000267648275
2016-12-19,1.0422814686589368,1.2352712717787968
2016-12-20,1.0430576230351174,1.2352712717787968
2016-12-21,1.0430576230351174,1.234863586164651
2016-12-22,1.0427874471564342,1.234863586164651
2016-12-23,1.0427874471564342,1.2351759784858583
2016-12-26,1.043580996460114,1.2351759784858583
2016-12-27,1.043580996460114,1.2351759784858583
2016-12-28,1.043337276819329,1.2351759784858583
2016-12-29,1.043337276819329,1.2351759784858583
2016-12-30,1.0431470590937895,1.2351759784858583
2017-01-02,1.0431470590937895,1.2351759784858583
2017-01-03,1.0431470590937895,1.2351759784858583
2017-01-04,1.0431470590937895,1.2351759784858583
2017-01-05,1.0431470590937895,1.2351759784858583
2017-01-06,1.043271928809418,1.2351759784858583
2017-01-09,1.0440812607729828,1.2351759784858583
2017-01-10,1.0442477537271546,1.2351759784858583
2017-01-11,1.0442477537271546,1.2351759784858583
2017-01-12,1.0442477537271546,1.2351759784858583
2017-01-13,1.0442477537271546,1.2351759784858583
2017-01-16,1.0442477537271546,1.2351759784858583
2017-01-17,1.0442477537271546,1.2351759784858583
2017-01-18,1.0442477537271546,1.2351759784858583
2017-01-19,1.0442477537271546,1.2351759784858583
2017-01-20,1.0442477537271546,1.2351759784858583
2017-01-23,1.0442477537271546,1.2351759784858583
2017-01-24,1.0442477537271546,1.2351759784858583
2017-01-25,1.0442477537271546,1.2351759784858583
2017-01-26,1.0442477537271546,1.2351759784858583
2017-01-27,1.0442477537271546,1.2351759784858583
2017-01-30,1.0442477537271546,1.2351759784858583
2017-01-31,1.0442477537271546,1.2351759784858583
2017-02-01,1.0444485291522427,1.2364994062903096
2017-02-02,1.0444485291522427,1.2364994062903096
2017-02-03,1.0444485291522427,1.2364994062903096
2017-02-06,1.0447570034898956,1.2364994062903096
2017-02-07,1.0447570034898956,1.2364994062903096
2017-02-08,1.0447570034898956,1.2364994062903096
2017-02-09,1.0447570034898956,1.2364994062903096
2017-02-10,1.0447570034898956,1.2364994062903096
2017-02-13,1.0447570034898956,1.2364994062903096
2017-02-14,1.0447570034898956,1.2364994062903096
2017-02-15,1.0447570034898956,1.2364994062903096
2017-02-16,1.0447570034898956,1.2364994062903096
2017-02-17,1.0447570034898956,1.2364994062903096
2017-02-20,1.0447570034898956,1.2364994062903096
2017-02-21,1.0447570034898956,1.2364994062903096
2017-02-22,1.0447570034898956,1.236219815550142
2017-02-23,1.0447570034898956,1.236219815550142
2017-02-24,1.0447570034898956,1.236219815550142
2017-02-27,1.0447570034898956,1.2363473197905084
2017-02-28,1.0448776178511545,1.2379447028019603
2017-03-01,1.0461336010863782,1.238411874079997
2017-03-02,1.046797549159486,1.2370585301976655
2017-03-03,1.0464362832961775,1.2373226423605823
2017-03-06,1.046728630787827,1.2376261032693074
2017-03-07,1.0469933558708229,1.2384015033499363
2017-03-08,1.047631786118973,1.2387663297102987
2017-03-09,1.0478166127764672,1.2374421388126002
2017-03-10,1.0465983093968407,1.2377880387633782
2017-03-13,1.0469034711692682,1.238348849130034
2017-03-14,1.0474378214639413,1.2350512017078752
2017-03-15,1.046098645943565,1.2346905266272827
2017-03-16,1.0457507228091518,1.23500424124956
2017-03-17,1.0460533458085415,1.23500424124956
2017-03-20,1.0460533458085415,1.23500424124956
2017-03-21,1.0460533458085415,1.23500424124956
2017-03-22,1.0460533458085415,1.23500424124956
2017-03-23,1.0460533458085415,1.23500424124956
2017-03-24,1.0460533458085415,1.23500424124956
2017-03-27,1.0460533458085415,1.23500424124956
2017-03-28,1.0460533458085415,1.23500424124956
2017-03-29,1.0460533458085415,1.23500424124956
2017-03-30,1.0460533458085415,1.23500424124956
2017-03-31,1.0460533458085415,1.23500424124956
2017-04-03,1.0460533458085415,1.23500424124956
2017-04-04,1.0460533458085415,1.23500424124956
2017-04-05,1.0460533458085415,1.23500424124956
2017-04-06,1.0460533458085415,1.23500424124956
2017-04-07,1.0460533458085415,1.23500424124956
2017-04-10,1.0460533458085415,1.23500424124956
2017-04-11,1.0460533458085415,1.2352436061176313
2017-04-12,1.046233011562934,1.2353370257661507
2017-04-13,1.0463031317596092,1.235457304111553
2017-04-14,1.0463934119241043,1.235457304111553
2017-04-17,1.0463934119241043,1.235457304111553
2017-04-18,1.0463934119241043,1.2360964675882669
2017-04-19,1.0468725441135716,1.2357333363661347
2017-04-20,1.0466003322869217,1.2356932151793087
2017-04-21,1.0465702564881814,1.2356932151793087
2017-04-24,1.0467280558762475,1.2356932151793087
2017-04-25,1.046381265536172,1.2356932151793087
2017-04-26,1.0463363560661998,1.2354265202866432
2017-04-27,1.0456559298242025,1.2354265202866432
2017-04-28,1.0453075180573892,1.2353821193736048
2017-05-01,1.0465532807389222,1.2350382648763825
2017-05-02,1.0465532807389222,1.2355235479674187
2017-05-03,1.0470862971981387,1.2355235479674187
2017-05-04,1.0470862971981387,1.2353803124472185
2017-05-05,1.0469482366463463,1.236193725581388
2017-05-08,1.0469482366463463,1.236193725581388
2017-05-09,1.0469482366463463,1.236614317503024
2017-05-10,1.047303958585069,1.236614317503024
2017-05-11,1.047303958585069,1.236614317503024
2017-05-12,1.047303958585069,1.236614317503024
2017-05-15,1.047303958585069,1.236614317503024
2017-05-16,1.047303958585069,1.237448885634928
2017-05-17,1.0503466190799162,1.2368339406956304
2017-05-18,1.0505586439292658,1.2379650001375522
2017-05-19,1.05117017311215,1.2379650001375522
2017-05-22,1.0498224027760321,1.2376654340047466
2017-05-23,1.0500514318832694,1.2370317610633832
2017-05-24,1.0494309296016036,1.2374562852199809
2017-05-25,1.050822446091163,1.236750303458232
2017-05-26,1.050131137901425,1.2368238174618515
2017-05-29,1.0502031239434397,1.2368238174618515
2017-05-30,1.049518481294309,1.237006825367269
2017-05-31,1.0496967204825534,1.237006825367269
2017-06-01,1.0501435763161713,1.237006825367269
2017-06-02,1.0501435763161713,1.237006825367269
2017-06-05,1.0501969587576785,1.237006825367269
2017-06-06,1.0493955491529,1.237006825367269
2017-06-07,1.0492021032326473,1.2370441391678528
2017-06-08,1.0488830175316635,1.2370441391678528
2017-06-09,1.0489178875750698,1.2370441391678528
2017-06-12,1.0491795579306062,1.2371188657314944
2017-06-13,1.0479912386263939,1.2371188657314944
2017-06-14,1.0472950064044748,1.2381794675060587
2017-06-15,1.048529244532139,1.237397740611372
2017-06-16,1.0464852701633036,1.237784295893176
2017-06-19,1.0471916093962332,1.237784295893176
2017-06-20,1.0471916093962332,1.237784295893176
2017-06-21,1.0471916093962332,1.237784295893176
2017-06-22,1.0471916093962332,1.237784295893176
2017-06-23,1.0471916093962332,1.237784295893176
2017-06-26,1.0471916093962332,1.237784295893176
2017-06-27,1.0471916093962332,1.236693042342635
2017-06-28,1.0462585774522237,1.2354857647076976
2017-06-29,1.0452263438360063,1.2349338663602973
2017-06-30,1.04475446561145,1.2358448122121137
2017-07-03,1.0458283136245983,1.2362750206442048
2017-07-04,1.0460470740443095,1.2356326192277762
2017-07-05,1.0460212729964073,1.2349349068283642
2017-07-06,1.045424722400022,1.2356114564274954
2017-07-07,1.0461599269884077,1.2358252728839956
2017-07-10,1.0459105893437908,1.2353533370812473
2017-07-11,1.0447697996712422,1.2356183110037207
2017-07-12,1.0450759810997017,1.2356183110037207
2017-07-13,1.0442904111008662,1.234628135226419
2017-07-14,1.042860175888053,1.2347601586633925
2017-07-17,1.0429606093318062,1.2347601586633925
2017-07-18,1.0429606093318062,1.2350705304984875
2017-07-19,1.0429606093318062,1.2350705304984875
2017-07-20,1.0428438127532347,1.2350705304984875
2017-07-21,1.0428438127532347,1.2350705304984875
2017-07-24,1.0428438127532347,1.2356403332752692
2017-07-25,1.0428438127532347,1.236836919106511
2017-07-26,1.0416071554964599,1.236836919106511
2017-07-27,1.0425530146359239,1.236836919106511
2017-07-28,1.0425530146359239,1.236836919106511
2017-07-31,1.0425530146359239,1.2369717803409235
2017-08-01,1.0429509754136472,1.2369717803409235
2017-08-02,1.0429509754136472,1.2369717803409235
2017-08-03,1.0428113836890927,1.2369717803409235
2017-08-04,1.0428113836890927,1.2369717803409235
2017-08-07,1.0428113836890927,1.2369717803409235
2017-08-08,1.0428113836890927,1.2365884785441885
2017-08-09,1.0428113836890927,1.2365884785441885
2017-08-10,1.0428113836890927,1.2365884785441885
2017-08-11,1.0434323124183686,1.2365884785441885
2017-08-14,1.0425625306200885,1.2365884785441885
2017-08-15,1.0416413444088013,1.2384590332059884
2017-08-16,1.0426996725717774,1.2400136228939351
2017-08-17,1.0444791452401978,1.2412079073376867
2017-08-18,1.0453038240838177,1.2417747386300293
2017-08-21,1.0458477148535954,1.2417747386300293
2017-08-22,1.0458477148535954,1.2417747386300293
2017-08-23,1.0458477148535954,1.2417928731525008
2017-08-24,1.0456548582298189,1.2417928731525008
2017-08-25,1.0461282335790882,1.2417928731525008
2017-08-28,1.0461282335790882,1.2417928731525008
2017-08-29,1.0461282335790882,1.2417928731525008
2017-08-30,1.0455809086058023,1.2425545230962978
2017-08-31,1.045846825927729,1.2425545230962978
2017-09-01,1.0452156493826645,1.2425545230962978
2017-09-04,1.045757607005945,1.2425545230962978
2017-09-05,1.045757607005945,1.2425545230962978
2017-09-06,1.045757607005945,1.2425545230962978
2017-09-07,1.045757607005945,1.2425545230962978
2017-09-08,1.045757607005945,1.2425545230962978
2017-09-11,1.045757607005945,1.2425545230962978
2017-09-12,1.045757607005945,1.2425545230962978
2017-09-13,1.0462797087262539,1.2425545230962978
2017-09-14,1.0462797087262539,1.2425545230962978
2017-09-15,1.0462797087262539,1.2434901806643985
2017-09-18,1.046984977164738,1.2434901806643985
2017-09-19,1.046927149592367,1.2434901806643985
2017-09-20,1.0469849086435827,1.2434901806643985
2017-09-21,1.046370491118732,1.24421444011463
2017-09-22,1.0469129755375373,1.24421444011463
2017-09-25,1.0469129755375373,1.2444754071558257
2017-09-26,1.0469129755375373,1.2444754071558257
2017-09-27,1.0469129755375373,1.2450527387642958
2017-09-28,1.0469129755375373,1.2450527387642958
2017-09-29,1.0469129755375373,1.2450527387642958
2017-10-02,1.0469129755375373,1.2450527387642958
2017-10-03,1.0469129755375373,1.2450527387642958
2017-10-04,1.0469129755375373,1.2450527387642958
2017-10-05,1.0469129755375373,1.2450527387642958
2017-10-06,1.0469129755375373,1.2450527387642958
2017-10-09,1.0469129755375373,1.2450527387642958
2017-10-10,1.0469129755375373,1.2450527387642958
2017-10-11,1.0469129755375373,1.2450527387642958
2017-10-12,1.0469129755375373,1.2450527387642958
2017-10-13,1.0469129755375373,1.2450527387642958
2017-10-16,1.0469129755375373,1.2450527387642958
2017-10-17,1.0469129755375373,1.2450527387642958
2017-10-18,1.0469129755375373,1.2450527387642958
2017-10-19,1.0469129755375373,1.2450527387642958
2017-10-20,1.0469129755375373,1.2450527387642958
2017-10-23,1.0469129755375373,1.2450527387642958
2017-10-24,1.0469129755375373,1.2450527387642958
2017-10-25,1.0469129755375373,1.2450527387642958
2017-10-26,1.0463675460323583,1.2444978750266993
2017-10-27,1.0467214919722043,1.2450831974749788
2017-10-30,1.0471303844702091,1.2443362103703677
2017-10-31,1.0460058899238809,1.2454157401736288
2017-11-01,1.0463518889897456,1.2454157401736288
2017-11-02,1.0458554962650164,1.2454157401736288
2017-11-03,1.0459649440911383,1.2454157401736288
2017-11-06,1.045270570235155,1.2462455391186278
2017-11-07,1.0460657836667682,1.2462455391186278
2017-11-08,1.0448760564408708,1.2462455391186278
2017-11-09,1.0451993709038496,1.2462455391186278
2017-11-10,1.0453979757006246,1.2470101006249998
2017-11-13,1.0468261765103073,1.2467993509173856
2017-11-14,1.044687065798921,1.2468729033457349
2017-11-15,1.0449911043546896,1.2471112150001835
2017-11-16,1.0456258944419299,1.245840219509792
2017-11-17,1.0440116312409529,1.2465286754004206
2017-11-20,1.0455216252677433,1.2463036032823305
2017-11-21,1.0453503188251903,1.2446751403102663
2017-11-22,1.0441108663290704,1.2446751403102663
2017-11-23,1.0441108663290704,1.2450855659373719
2017-11-24,1.043651703968756,1.244503026337609
2017-11-27,1.0440563186207876,1.2450193682555806
2017-11-28,1.0447254188416117,1.2449302594663987
2017-11-29,1.0452402333136566,1.2446147638531648
2017-11-30,1.0458651471772287,1.2450715261427325
2017-12-01,1.0455138039190806,1.2450427751477209
2017-12-04,1.0463435574231246,1.24539721292099
2017-12-05,1.046807256318794,1.245878819482154
2017-12-06,1.0482350768766047,1.2450927914022427
2017-12-07,1.0482350768766047,1.245898131075341
2017-12-08,1.0488487322777926,1.2463738067475783
2017-12-11,1.0488487322777926,1.246598723221516
2017-12-12,1.0490194900013643,1.245597822370474
2017-12-13,1.048259601017457,1.2454915229036838
2017-12-14,1.0481788979251128,1.2465624241434956
2017-12-15,1.0489919315579028,1.2459444851848476
2017-12-18,1.0489919315579028,1.2459250527687529
2017-12-19,1.0489771082592105,1.2459250527687529
2017-12-20,1.0490437931691183,1.2458278543687211
2017-12-21,1.048969599116478,1.2460510766736737
2017-12-22,1.048969599116478,1.2460510766736737
2017-12-25,1.048969599116478,1.2460218779741474
2017-12-26,1.048969599116478,1.2460218779741474
2017-12-27,1.048969599116478,1.2456043627190152
2017-12-28,1.048969599116478,1.2456043627190152
2017-12-29,1.048969599116478,1.2456043627190152
2018-01-01,1.0490429860555435,1.2456043627190152
2018-01-02,1.0490429860555435,1.2456043627190152
2018-01-03,1.0490429860555435,1.2452685225189457
2018-01-04,1.0490429860555435,1.2452685225189457
2018-01-05,1.0490429860555435,1.2452685225189457
2018-01-08,1.0490429860555435,1.2452685225189457
2018-01-09,1.0490429860555435,1.2452685225189457
2018-01-10,1.0490429860555435,1.2452685225189457
2018-01-11,1.0490429860555435,1.2452685225189457
2018-01-12,1.0490429860555435,1.2446654640125006
2018-01-15,1.0490429860555435,1.2446654640125006
2018-01-16,1.0490429860555435,1.244301385803835
2018-01-17,1.0487623592320063,1.2430847958770532
2018-01-18,1.0477954703981347,1.2438380136372795
2018-01-19,1.048307231041528,1.2426483935085888
2018-01-22,1.047379170066228,1.2411518826297394
2018-01-23,1.0462078600242324,1.241671480034155
2018-01-24,1.0481248676923665,1.2411067856717852
2018-01-25,1.0477971898728724,1.242692723462666
2018-01-26,1.048870690596648,1.242692723462666
2018-01-29,1.048870690596648,1.2428835230476973
2018-01-30,1.0490990530786242,1.2428835230476973
2018-01-31,1.0490990530786242,1.2438466311664662
2018-02-01,1.0500227450236668,1.2438466311664662
2018-02-02,1.0500227450236668,1.2438466311664662
2018-02-05,1.048783559992982,1.244385983982572
2018-02-06,1.0493095144476399,1.2427389364050532
2018-02-07,1.0469803732919316,1.2436087924154604
2018-02-08,1.0467457839628913,1.243660001853872
2018-02-09,1.0474698925538843,1.2441702394606593
2018-02-12,1.047947426960889,1.245296705228113
2018-02-13,1.0495360747521314,1.245296705228113
2018-02-14,1.0495360747521314,1.245296705228113
2018-02-15,1.0495360747521314,1.245296705228113
2018-02-16,1.0495360747521314,1.245296705228113
2018-02-19,1.0495360747521314,1.245296705228113
2018-02-20,1.0495360747521314,1.2449301883849921
2018-02-21,1.0486181770279421,1.2454039232145269
2018-02-22,1.0490465623813197,1.2454039232145269
2018-02-23,1.0490465623813197,1.2457563363499693
2018-02-26,1.0493473185042537,1.2445575174277657
2018-02-27,1.0472864581781438,1.2431073300335929
2018-02-28,1.046009613036502,1.2445248736460828
2018-03-01,1.0472285060554132,1.2445927908692571
2018-03-02,1.04728646791514,1.2445927908692571
2018-03-05,1.04728646791514,1.245484230291185
2018-03-06,1.0489800721386604,1.245484230291185
2018-03-07,1.0489800721386604,1.245484230291185
2018-03-08,1.0489800721386604,1.2458794464864686
2018-03-09,1.0493173572130803,1.2458794464864686
2018-03-12,1.0493173572130803,1.2458794464864686
2018-03-13,1.0493173572130803,1.2458794464864686
2018-03-14,1.0493173572130803,1.2458794464864686
2018-03-15,1.0493173572130803,1.2458794464864686
2018-03-16,1.0493173572130803,1.2458794464864686
2018-03-19,1.0493173572130803,1.2458794464864686
2018-03-20,1.0493173572130803,1.2458794464864686
2018-03-21,1.0493173572130803,1.2458794464864686
2018-03-22,1.0493173572130803,1.2458794464864686
2018-03-23,1.0493173572130803,1.2458794464864686
2018-03-26,1.0493173572130803,1.2458794464864686
2018-03-27,1.0493173572130803,1.2458794464864686
2018-03-28,1.0493173572130803,1.2458794464864686
2018-03-29,1.0493173572130803,1.2458794464864686
2018-03-30,1.0493173572130803,1.2458794464864686
2018-04-02,1.0493173572130803,1.2458794464864686
2018-04-03,1.0493173572130803,1.2458794464864686
2018-04-04,1.0493173572130803,1.2458794464864686
2018-04-05,1.0493173572130803,1.2458794464864686
2018-04-06,1.0493173572130803,1.2458794464864686
2018-04-09,1.0493173572130803,1.2458794464864686
2018-04-10,1.0493173572130803,1.2458794464864686
2018-04-11,1.0493173572130803,1.2458794464864686
2018-04-12,1.0493173572130803,1.2458794464864686
2018-04-13,1.0493173572130803,1.2458794464864686
2018-04-16,1.0493173572130803,1.2458794464864686
2018-04-17,1.0493173572130803,1.2458382712367364
2018-04-18,1.0492782276403831,1.2461365987987092
2018-04-19,1.0495617336324465,1.2467257216735719
2018-04-20,1.0495617336324465,1.2475498002920355
2018-04-23,1.0485281044489936,1.2470313145954055
2018-04-24,1.047923294519381,1.2460869299336865
2018-04-25,1.0463973980643244,1.24556380250153
2018-04-26,1.0460865697713413,1.246584215058993
2018-04-27,1.0472320991920154,1.2455847240951743
2018-04-30,1.0452402399905367,1.243662712813541
2018-05-01,1.0430675808605603,1.2428975805173803
2018-05-02,1.0424400174732849,1.245109998594052
2018-05-03,1.045016165956852,1.2446997215835243
2018-05-04,1.045016165956852,1.2446437747184522
2018-05-07,1.0449634438308932,1.2446437747184522
2018-05-08,1.0449634438308932,1.245954477737606
2018-05-09,1.0463179511979832,1.245954477737606
2018-05-10,1.0463179511979832,1.2460860517137367
2018-05-11,1.0464422259249768,1.2460860517137367
2018-05-14,1.0469790406080839,1.2451196759202532
2018-05-15,1.0466239884327575,1.2457639264492422
2018-05-16,1.047488497484792,1.2454228526397775
2018-05-17,1.047488497484792,1.2454228526397775
2018-05-18,1.047488497484792,1.2461587431276757
2018-05-21,1.047488497484792,1.2461587431276757
2018-05-22,1.0476169782500746,1.2461587431276757
2018-05-23,1.0486461354005523,1.2466622743974365
2018-05-24,1.0488882013568253,1.245986590406237
2018-05-25,1.048367392784238,1.2460056237581019
2018-05-28,1.0483820634482546,1.2454155898502934
2018-05-29,1.0479272728637417,1.2487812604969117
2018-05-30,1.0495120746452835,1.2488954606081006
2018-05-31,1.0497097007156198,1.2488763831914178
2018-06-01,1.049694014310118,1.2473696655073012
2018-06-04,1.0484551157232556,1.2479673730150622
2018-06-05,1.0489465807100466,1.2470067716633038
2018-06-06,1.0481567262669895,1.2478059154773073
2018-06-07,1.0488138222527248,1.2482381861907743
2018-06-08,1.0491692568385809,1.2482381861907743
2018-06-11,1.0491692568385809,1.2482381861907743
2018-06-12,1.0491692568385809,1.2482381861907743
2018-06-13,1.0486591138089787,1.2482381861907743
2018-06-14,1.050469855864572,1.2482381861907743
2018-06-15,1.049635813254714,1.2482381861907743
2018-06-18,1.049448055651858,1.2482381861907743
2018-06-19,1.0485742427854028,1.247968193173179
2018-06-20,1.0483277388998484,1.247968193173179
2018-06-21,1.048276569125709,1.247968193173179
2018-06-22,1.0482672944003248,1.247968193173179
2018-06-25,1.0483727355748813,1.2484696625586698
2018-06-26,1.0487811344904172,1.2484696625586698
2018-06-27,1.0497256498005292,1.2484696625586698
2018-06-28,1.0497256498005292,1.2484696625586698
2018-06-29,1.0497256498005292,1.2484696625586698
2018-07-02,1.0497256498005292,1.2484696625586698
2018-07-03,1.0497256498005292,1.2484696625586698
2018-07-04,1.0497256498005292,1.2484696625586698
2018-07-05,1.0497256498005292,1.2484696625586698
2018-07-06,1.0492592551744169,1.2484696625586698
2018-07-09,1.0491968309027513,1.2484696625586698
2018-07-10,1.0491968309027513,1.2513548321818462
2018-07-11,1.0528979123901343,1.251619314151287
2018-07-12,1.0530125874457985,1.2521920763134065
2018-07-13,1.0534258094268991,1.251713995082236
2018-07-16,1.05288543255023,1.2523858285774345
2018-07-17,1.0542613030674604,1.2521686449027194
2018-07-18,1.0540595652494815,1.2531723267624324
2018-07-19,1.0549918663931512,1.2504283856865603
2018-07-20,1.0526870840553855,1.2507982822248667
2018-07-23,1.0536440805748497,1.2502810013352865
2018-07-24,1.0531981182231922,1.2492980955864599
2018-07-25,1.0523357597745762,1.2506640390836432
2018-07-26,1.053547008739621,1.250421988203744
2018-07-27,1.0533636083728632,1.2504085409326384
2018-07-30,1.0533534194635987,1.2515112171632898
2018-07-31,1.0542912171234682,1.2515112171632898
2018-08-01,1.0545776770040125,1.2515112171632898
2018-08-02,1.0547822912044014,1.2515112171632898
2018-08-03,1.0547822912044014,1.2515112171632898
2018-08-06,1.0547822912044014,1.2515112171632898
2018-08-07,1.0547822912044014,1.2515112171632898
2018-08-08,1.0547822912044014,1.2515112171632898
2018-08-09,1.0547822912044014,1.2498305623554067
2018-08-10,1.0526860743028021,1.2499274347345137
2018-08-13,1.052748509028074,1.2499274347345137
2018-08-14,1.052748509028074,1.2499274347345137
2018-08-15,1.0526832464170244,1.2499274347345137
2018-08-16,1.0526832464170244,1.2499274347345137
2018-08-17,1.0526832464170244,1.2499274347345137
2018-08-20,1.0526832464170244,1.2507528994970796
2018-08-21,1.0534117635190825,1.2507528994970796
2018-08-22,1.0534117635190825,1.2507528994970796
2018-08-23,1.0534117635190825,1.2523590487545442
2018-08-24,1.0547316903731294,1.2523590487545442
2018-08-27,1.0547316903731294,1.252102043185799
2018-08-28,1.0545204842537421,1.2515682623891746
2018-08-29,1.0538732036723444,1.2506193187507313
2018-08-30,1.052853450717305,1.2491563639747978
2018-08-31,1.051536458554323,1.2496506054531538
2018-09-03,1.0519426241685297,1.2489388977243212
2018-09-04,1.0519314554087211,1.2492354426113348
2018-09-05,1.0521751547772453,1.2492354426113348
2018-09-06,1.0521751547772453,1.2492354426113348
2018-09-07,1.0521751547772453,1.2493955137053576
2018-09-10,1.0523067005439763,1.249475549252369
2018-09-11,1.0523724734273416,1.250475993590012
2018-09-12,1.0531946344694099,1.250475993590012
2018-09-13,1.0531946344694099,1.250475993590012
2018-09-14,1.0531946344694099,1.250475993590012
2018-09-17,1.0531946344694099,1.250475993590012
2018-09-18,1.0531946344694099,1.250475993590012
2018-09-19,1.0531946344694099,1.250475993590012
2018-09-20,1.0531946344694099,1.250475993590012
2018-09-21,1.0531946344694099,1.250475993590012
2018-09-24,1.0531946344694099,1.250475993590012
2018-09-25,1.0531946344694099,1.250475993590012
2018-09-26,1.0531946344694099,1.250475993590012
2018-09-27,1.0531946344694099,1.250475993590012
2018-09-28,1.0531946344694099,1.250475993590012
2018-10-01,1.0531946344694099,1.2508456761045748
2018-10-02,1.0535707057308663,1.2518322973404634
2018-10-03,1.0543725709949003,1.2518322973404634
2018-10-04,1.0543725709949003,1.2518322973404634
2018-10-05,1.0543725709949003,1.2518322973404634
2018-10-08,1.0545989305841803,1.2518322973404634
2018-10-09,1.0541971956319298,1.2518322973404634
2018-10-10,1.0537987007241851,1.2511329592985627
2018-10-11,1.0536184092753809,1.2515595843921443
2018-10-12,1.0546668670714998,1.2517241589135497
2018-10-15,1.0547435850798688,1.2516750038110989
2018-10-16,1.0546577394187089,1.253691193904422
2018-10-17,1.0563668857038557,1.2534962912556058
2018-10-18,1.0562226430197705,1.2531075840010653
2018-10-19,1.055735764365315,1.2531766060556937
2018-10-22,1.0564970894761998,1.2531766060556937
2018-10-23,1.056630543431823,1.2531766060556937
2018-10-24,1.056630543431823,1.252804223012779
2018-10-25,1.0563549518483115,1.2532020321052413
2018-10-26,1.0563139844531837,1.2532020321052413
2018-10-29,1.0563139844531837,1.2532020321052413
2018-10-30,1.0563139844531837,1.2532020321052413
2018-10-31,1.0575324987011312,1.250367303664448
2018-11-01,1.0533786086046062,1.2505079459940314
2018-11-02,1.0534771543162744,1.2505865625125685
2018-11-05,1.0532597889812838,1.2482555707153662
2018-11-06,1.0511632551248618,1.2473148259859148
2018-11-07,1.0498165854618395,1.2483511956423188
2018-11-08,1.0512190874278888,1.2486761030238165
2018-11-09,1.0520015614364384,1.2491947366691223
2018-11-12,1.0533388779356674,1.2491947366691223
2018-11-13,1.0516419602621685,1.2483572185753518
2018-11-14,1.0507719787873109,1.2504727982363688
2018-11-15,1.0502224092684544,1.2504727982363688
2018-11-16,1.0493791874662832,1.2504727982363688
2018-11-19,1.0500547426186735,1.2514383143636145
2018-11-20,1.0518399834774228,1.2514383143636145
2018-11-21,1.0518399834774228,1.2514383143636145
2018-11-22,1.0518399834774228,1.2514383143636145
2018-11-23,1.0518399834774228,1.2514383143636145
2018-11-26,1.0518399834774228,1.2514383143636145
2018-11-27,1.0518399834774228,1.2514383143636145
2018-11-28,1.0518399834774228,1.2514383143636145
2018-11-29,1.0518399834774228,1.2514383143636145
2018-11-30,1.0518399834774228,1.2514383143636145
2018-12-03,1.0518399834774228,1.2514383143636145
2018-12-04,1.0518399834774228,1.2514383143636145
2018-12-05,1.0518399834774228,1.2514383143636145
2018-12-06,1.0518399834774228,1.2514383143636145
2018-12-07,1.0518399834774228,1.2514383143636145
2018-12-10,1.0518399834774228,1.2514383143636145
2018-12-11,1.0518399834774228,1.2514383143636145
2018-12-12,1.0518399834774228,1.2514383143636145
2018-12-13,1.0518399834774228,1.2514383143636145
2018-12-14,1.0518399834774228,1.2514383143636145
2018-12-17,1.0518399834774228,1.2514383143636145
2018-12-18,1.0518399834774228,1.2514383143636145
2018-12-19,1.0518399834774228,1.2514383143636145
2018-12-20,1.0518399834774228,1.252295724787339
2018-12-21,1.0526474423868162,1.2523505673258037
2018-12-24,1.0526979586214344,1.252203339898396
2018-12-25,1.0525935805587574,1.252203339898396
2018-12-26,1.052401364627881,1.2535520730048226
2018-12-27,1.0540545871881963,1.2540629515010497
2018-12-28,1.0542343171012674,1.2540822346581222
2018-12-31,1.0542343171012674,1.2541025189039083
2019-01-01,1.054282147229042,1.252906963165416
2019-01-02,1.054282147229042,1.2544569513429498
2019-01-03,1.0551533278572096,1.255608627284844
2019-01-04,1.0570945688627225,1.2552219998259124
2019-01-07,1.0551829974321079,1.254945286468713
2019-01-08,1.055190513420025,1.2542258317399946
2019-01-09,1.052758666482431,1.2545246821657698
2019-01-10,1.0534416516054206,1.254867806728697
2019-01-11,1.0546222361360904,1.254867806728697
2019-01-14,1.0548048718534977,1.254867806728697
2019-01-15,1.0551635439734066,1.254867806728697
2019-01-16,1.0551635439734066,1.254832498257923
2019-01-17,1.0548690071878408,1.2555726867829327
2019-01-18,1.0556236869301108,1.2555726867829327
2019-01-21,1.0556236869301108,1.2555726867829327
2019-01-22,1.0556236869301108,1.2555726867829327
2019-01-23,1.0556236869301108,1.255602372702129
2019-01-24,1.0556466628884336,1.2555249071813728
2019-01-25,1.0557896312312431,1.2557496063961535
2019-01-28,1.0559528945763261,1.2557496063961535
2019-01-29,1.0566851343832475,1.2560984884480417
2019-01-30,1.0569940287118287,1.2560984884480417
2019-01-31,1.0569548875400998,1.2561930043387328
2019-02-01,1.0570047818539654,1.2561930043387328
2019-02-04,1.0570047818539654,1.2561930043387328
2019-02-05,1.0570047818539654,1.2556708881507024
2019-02-06,1.0553552224534248,1.2554216963336877
2019-02-07,1.0544088958821127,1.2552081033476752
2019-02-08,1.0540460870764023,1.2546503883286426
2019-02-11,1.0530997189786175,1.2559253112120439
2019-02-12,1.0542490111035865,1.2559253112120439
2019-02-13,1.0541984022208237,1.2563310934172243
2019-02-14,1.0546715496838377,1.2563430281879646
2019-02-15,1.0546929189652683,1.2565220497490737
2019-02-18,1.054861510984319,1.2568800928712918
2019-02-19,1.0556546272271983,1.256677391861208
2019-02-20,1.055476310055403,1.2566535223197268
2019-02-21,1.0549502383147518,1.2566535223197268
2019-02-22,1.0549502383147518,1.2569280462637635
2019-02-25,1.055208768883451,1.2569280462637635
2019-02-26,1.055208768883451,1.2569280462637635
2019-02-27,1.055208768883451,1.2569280462637635
2019-02-28,1.055554738158277,1.2569280462637635
2019-03-01,1.055554738158277,1.2569280462637635
2019-03-04,1.0557221193071091,1.2569280462637635
2019-03-05,1.0557221193071091,1.2569280462637635
2019-03-06,1.0557221193071091,1.2569280462637635
2019-03-07,1.0557221193071091,1.2569280462637635
2019-03-08,1.0557221193071091,1.2569280462637635
2019-03-11,1.0557221193071091,1.2569280462637635
2019-03-12,1.0557221193071091,1.2569280462637635
2019-03-13,1.0557221193071091,1.2569280462637635
2019-03-14,1.056446267121171,1.2569280462637635
2019-03-15,1.056446267121171,1.2569280462637635
2019-03-18,1.056446267121171,1.2569280462637635
2019-03-19,1.056446267121171,1.2569280462637635
2019-03-20,1.056597846539785,1.2569280462637635
2019-03-21,1.0554073929067678,1.2562138135575447
2019-03-22,1.0555380457238828,1.2559194722396054
2019-03-25,1.0552567670039523,1.2562081190109644
2019-03-26,1.0555212880987854,1.2579611491041554
2019-03-27,1.0571678295766547,1.2579611491041554
2019-03-28,1.0568786693253371,1.2579611491041554
2019-03-29,1.057692285015884,1.2579611491041554
2019-04-01,1.0582209995799092,1.2579611491041554
2019-04-02,1.0582209995799092,1.2579611491041554
2019-04-03,1.0582209995799092,1.2579611491041554
2019-04-04,1.0582209995799092,1.2579611491041554
2019-04-05,1.0582209995799092,1.258187629287218
2019-04-08,1.0584007210495563,1.258187629287218
2019-04-09,1.0584007210495563,1.258187629287218
2019-04-10,1.0584007210495563,1.258187629287218
2019-04-11,1.0584007210495563,1.258187629287218
2019-04-12,1.0584007210495563,1.258187629287218
2019-04-15,1.0584007210495563,1.258187629287218
2019-04-16,1.0584007210495563,1.258187629287218
2019-04-17,1.0584007210495563,1.258187629287218
2019-04-18,1.0584007210495563,1.258187629287218
2019-04-19,1.058501580321784,1.258187629287218
2019-04-22,1.0583904163817985,1.258187629287218
2019-04-23,1.0577551294667635,1.2586458101201787
2019-04-24,1.058093754937194,1.2593035250589424
2019-04-25,1.0585586103686948,1.2593035250589424
2019-04-26,1.0586485796137346,1.2597497783810094
2019-04-29,1.0590079827021268,1.2597497783810094
2019-04-30,1.0590079827021268,1.2597497783810094
2019-05-01,1.0590079827021268,1.2599269095665995
2019-05-02,1.0591425042716085,1.2602457591385368
2019-05-03,1.0594249593091076,1.2597824929608394
2019-05-06,1.0590731336658477,1.2591012191701083
2019-05-07,1.0585557430139947,1.2588832115570743
2019-05-08,1.0583901780054017,1.2583926944277477
2019-05-09,1.0580176567360677,1.2586788294198548
2019-05-10,1.0580300526953752,1.2577931734919043
2019-05-13,1.0574822651578422,1.2582155632421577
2019-05-14,1.0578030473619908,1.2582155632421577
2019-05-15,1.0578030473619908,1.2582155632421577
2019-05-16,1.0578030473619908,1.2582155632421577
2019-05-17,1.0578030473619908,1.2582155632421577
2019-05-20,1.0578030473619908,1.2582155632421577
2019-05-21,1.0578030473619908,1.2582155632421577
2019-05-22,1.0578030473619908,1.2582155632421577
2019-05-23,1.0578030473619908,1.2582155632421577
2019-05-24,1.0578030473619908,1.2585178271862274
2019-05-27,1.058046484418112,1.2585178271862274
2019-05-28,1.058046484418112,1.2585178271862274
2019-05-29,1.058046484418112,1.2585178271862274
2019-05-30,1.058046484418112,1.2585178271862274
2019-05-31,1.058046484418112,1.2585178271862274
2019-06-03,1.058046484418112,1.2585178271862274
2019-06-04,1.058046484418112,1.2585178271862274
2019-06-05,1.0578308961426741,1.2585178271862274
2019-06-06,1.0578308961426741,1.2585178271862274
2019-06-07,1.0577381927480871,1.2585178271862274
2019-06-10,1.0577381927480871,1.2586832673782498
2019-06-11,1.0578900084274339,1.2586832673782498
2019-06-12,1.0573143759021162,1.2584142264772853
2019-06-13,1.0570942811130244,1.2575243219587104
2019-06-14,1.0563662752721816,1.2571311083342238
2019-06-17,1.0560546212312625,1.2576277992283122
2019-06-18,1.056460950072663,1.2577105810439937
2019-06-19,1.0575036603249568,1.258579790108648
2019-06-20,1.0591121832377892,1.258641876470409
2019-06-21,1.0591629743429642,1.2594076082654617
2019-06-24,1.059789397973457,1.2594076082654617
2019-06-25,1.0597555372366736,1.2594076082654617
2019-06-26,1.060161866078074,1.2594076082654617
2019-06-27,1.0598105493711067,1.2590528170157262
2019-06-28,1.0594796106889963,1.259954647057849
2019-07-01,1.0603208108196378,1.259954647057849
2019-07-02,1.0603208108196378,1.2598705558221013
2019-07-03,1.060241668297789,1.259954647057849
2019-07-04,1.0603208108196378,1.259954647057849
2019-07-05,1.0603208108196378,1.259954647057849
2019-07-08,1.0603208108196378,1.259954647057849
2019-07-09,1.0603208108196378,1.259954647057849
2019-07-10,1.0603208108196378,1.259954647057849
2019-07-11,1.0603208108196378,1.259954647057849
2019-07-12,1.0603208108196378,1.259954647057849
2019-07-15,1.0603208108196378,1.259954647057849
2019-07-16,1.0606337712130136,1.259954647057849
2019-07-17,1.0600971891998867,1.259954647057849
2019-07-18,1.0591433328162632,1.2606860006208478
2019-07-19,1.0598214005803832,1.260784300205271
2019-07-22,1.059912218658321,1.2618671954200331
2019-07-23,1.0609126955432406,1.2618671954200331
2019-07-24,1.0609126955432406,1.2618671954200331
2019-07-25,1.0609126955432406,1.2618671954200331
2019-07-26,1.0609126955432406,1.2618671954200331
2019-07-29,1.0609126955432406,1.2618671954200331
2019-07-30,1.0609126955432406,1.2618671954200331
2019-07-31,1.0609126955432406,1.2618671954200331
2019-08-01,1.0605801116407598,1.2620570661970392
2019-08-02,1.060359821320865,1.2620570661970392
2019-08-05,1.060784244884271,1.2629239991072043
2019-08-06,1.0614226510510858,1.2629239991072043
2019-08-07,1.061030589321788,1.2637959552287887
2019-08-08,1.0618334990907397,1.2627368166050046
2019-08-09,1.0614320398512667,1.2623197834693967
2019-08-12,1.0617934422371382,1.262276034648105
2019-08-13,1.0617746986568608,1.2619007048260582
2019-08-14,1.0617746986568608,1.2621717763642029
2019-08-15,1.061907624313771,1.2617547432285956
2019-08-16,1.061264887221463,1.2613794134065488
2019-08-19,1.0605639656729826,1.2614836716904507
2019-08-20,1.0605865168624284,1.261233451809086
2019-08-21,1.0613940836405964,1.260461940508212
2019-08-22,1.0613940836405964,1.2612543034658665
2019-08-23,1.0621347578247538,1.2612543034658665
2019-08-26,1.0621347578247538,1.2612543034658665
2019-08-27,1.0621347578247538,1.2607294886997618
2019-08-28,1.0622181336046173,1.260183681343013
2019-08-29,1.0622181336046173,1.260068340489429
2019-08-30,1.061698397682179,1.260474542480911
2019-09-02,1.062013179628975,1.2605239204029868
2019-09-03,1.0623375809064495,1.2597351939992958
2019-09-04,1.061550857366335,1.2588938114285884
2019-09-05,1.06029444428119,1.258900669939699
2019-09-06,1.0602676421611263,1.2577840707283114
2019-09-09,1.0593405461158474,1.2581418047073603
2019-09-10,1.0600788176258793,1.2588965077630667
2019-09-11,1.0607646687241195,1.2581139659831997
2019-09-12,1.059380639819403,1.2578285163542477
2019-09-13,1.0569751585850877,1.260716857099966
2019-09-16,1.0595099456644135,1.2607973201931024
2019-09-17,1.0590150009334063,1.2615797544091185
2019-09-18,1.0600769683880766,1.2621719167085539
2019-09-19,1.0600920258640094,1.2621719167085539
2019-09-20,1.0604718416373076,1.2621719167085539
2019-09-23,1.0608625532449691,1.2621719167085539
2019-09-24,1.0608625532449691,1.2621719167085539
2019-09-25,1.0608625532449691,1.2621719167085539
2019-09-26,1.0608625532449691,1.2621719167085539
2019-09-27,1.0608625532449691,1.2621719167085539
2019-09-30,1.0608625532449691,1.2621719167085539
2019-10-01,1.0608625532449691,1.2621719167085539
2019-10-02,1.0608625532449691,1.2621719167085539
2019-10-03,1.0608625532449691,1.2621719167085539
2019-10-04,1.0608625532449691,1.2621719167085539
2019-10-07,1.0608625532449691,1.2621719167085539
2019-10-08,1.0608625532449691,1.2621719167085539
2019-10-09,1.0608625532449691,1.2621719167085539
2019-10-10,1.0608625532449691,1.2621719167085539
2019-10-11,1.0608625532449691,1.2627744762217412
2019-10-14,1.0608625532449691,1.2609597308621696
2019-10-15,1.0608625532449691,1.2605162828625052
2019-10-16,1.0608625532449691,1.2599389511045882
2019-10-17,1.0608625532449691,1.259037249819655
2019-10-18,1.0607168167019454,1.2593935612491964
2019-10-21,1.0609951377856193,1.260576203520708
2019-10-22,1.0612449718593744,1.2601872687470872
2019-10-23,1.0614323474146905,1.2607767193974924
2019-10-24,1.0614323474146905,1.2610108360751573
2019-10-25,1.0614323474146905,1.2610108360751573
2019-10-28,1.0614323474146905,1.2609239513560493
2019-10-29,1.0613625399761055,1.2616820912212643
2019-10-30,1.061971666674368,1.2616820912212643
2019-10-31,1.061971666674368,1.2616820912212643
2019-11-01,1.061835805050124,1.2616820912212643
2019-11-04,1.062003019356886,1.2616820912212643
2019-11-05,1.062640523901416,1.2616820912212643
2019-11-06,1.062640523901416,1.2616820912212643
2019-11-07,1.062640523901416,1.2616820912212643
2019-11-08,1.062640523901416,1.2616820912212643
2019-11-11,1.062640523901416,1.2616820912212643
2019-11-12,1.062640523901416,1.2616820912212643
2019-11-13,1.062640523901416,1.2616820912212643
2019-11-14,1.062493619743216,1.2622076177018708
2019-11-15,1.0628894904528956,1.2622076177018708
2019-11-18,1.0628894904528956,1.2622076177018708
2019-11-19,1.0628894904528956,1.2623046571070935
2019-11-20,1.062962588687961,1.2623046571070935
2019-11-21,1.062962588687961,1.2623046571070935
2019-11-22,1.062962588687961,1.2626787797236878
2019-11-25,1.0632444092835047,1.2626787797236878
2019-11-26,1.0632444092835047,1.2633493537045968
2019-11-27,1.0635334643469558,1.2637780607355777
2019-11-28,1.063913813423495,1.2637780607355777
2019-11-29,1.0637133019292966,1.2640666100066478
2019-12-02,1.064388449529993,1.2634798565385497
2019-12-03,1.0639069264233396,1.2637578655356358
2019-12-04,1.0638728132202968,1.2637673687292426
2019-12-05,1.063849092124519,1.2633709929269803
2019-12-06,1.0645675039109057,1.263343178056001
2019-12-09,1.0645465610202074,1.263565697023835
2019-12-10,1.0647141041457953,1.2649667334737313
2019-12-11,1.0647141041457953,1.2653277511892354
2019-12-12,1.064267659958662,1.2660047983873757
2019-12-13,1.064823283210888,1.2660047983873757
2019-12-16,1.064823283210888,1.2660047983873757
2019-12-17,1.064823283210888,1.2660047983873757
2019-12-18,1.064823283210888,1.2660047983873757
2019-12-19,1.064823283210888,1.26571523034377
2019-12-20,1.064585647284514,1.2652620413675333
2019-12-23,1.064213734759743,1.2644719648798843
2019-12-24,1.0635789486148939,1.2645824151618354
2019-12-25,1.0636683942113254,1.2635397317488035
2019-12-26,1.0628218408197274,1.262828078784979
2019-12-27,1.0622378181174659,1.2625496893353712
2019-12-30,1.0620092971801478,1.2615043786120506
2019-12-31,1.0611601287249106,1.2615002398972675
2020-01-01,1.0611264662504576,1.262229393310071
2020-01-02,1.061720529166279,1.2628957019893248
2020-01-03,1.0622558741922292,1.2628957019893248
2020-01-06,1.0622558741922292,1.2633390679423817
2020-01-07,1.0622558741922292,1.2633390679423817
2020-01-08,1.0622558741922292,1.2633390679423817
2020-01-09,1.0622558741922292,1.2633390679423817
2020-01-10,1.0622558741922292,1.2633390679423817
2020-01-13,1.0622558741922292,1.2632836804995062
2020-01-14,1.0622144569830116,1.2634082116037386
2020-01-15,1.0623075779239746,1.2630478658522457
2020-01-16,1.0620381212636663,1.2633474995325322
2020-01-17,1.0620587508571502,1.2633474995325322
2020-01-20,1.0620587508571502,1.2637751144541864
2020-01-21,1.062378509556148,1.2637751144541864
2020-01-22,1.062378509556148,1.2637751144541864
2020-01-23,1.062378509556148,1.2637751144541864
2020-01-24,1.062378509556148,1.2637751144541864
2020-01-27,1.062378509556148,1.2637751144541864
2020-01-28,1.062378509556148,1.2637751144541864
2020-01-29,1.062378509556148,1.2637751144541864
2020-01-30,1.062378509556148,1.2637751144541864
2020-01-31,1.062378509556148,1.2637751144541864
2020-02-03,1.062378509556148,1.2643514336709736
2020-02-04,1.062378509556148,1.2643514336709736
2020-02-05,1.062378509556148,1.2643514336709736
2020-02-06,1.062378509556148,1.2643514336709736
2020-02-07,1.062378509556148,1.2640174772676744
2020-02-10,1.0620651733650037,1.264476667322211
2020-02-11,1.0624960106278272,1.2657498761097887
2020-02-12,1.0624960106278272,1.2657498761097887
2020-02-13,1.0624960106278272,1.2657708456614059
2020-02-14,1.062378379503443,1.2657708456614059
2020-02-17,1.0624371950656348,1.2657708456614059
2020-02-18,1.0619196181183446,1.2657708456614059
2020-02-19,1.061655578540282,1.2657708456614059
2020-02-20,1.061655578540282,1.2661119212295349
2020-02-21,1.0622953022833852,1.2659200662224623
2020-02-24,1.0622953022833852,1.2656719908528244
2020-02-25,1.0630455122330875,1.2651609115929514
2020-02-26,1.063109108957568,1.2660463940677393
2020-02-27,1.0635442209463444,1.2660463940677393
2020-02-28,1.063393532881872,1.2656905713035933
2020-03-02,1.0610902757060956,1.2645710175676077
2020-03-03,1.060061412426827,1.2661802599030723
2020-03-04,1.0609629390631037,1.265625340221166
2020-03-05,1.0596632629924596,1.2655965406134664
2020-03-06,1.0578274442514664,1.2586837089653797
2020-03-09,1.0524094506282808,1.2656463655652286
2020-03-10,1.0589149532176612,1.2642618956985097
2020-03-11,1.0579085579810492,1.2589492554021624
2020-03-12,1.0545825329385308,1.2570328392520962
2020-03-13,1.0530865649872914,1.2550283695686428
2020-03-16,1.0491993334454317,1.2482791246674507
2020-03-17,1.04149108861828,1.2356006934569521
2020-03-18,1.026658465131693,1.2335252576708096
2020-03-19,1.0249166420146187,1.2367601531602623
2020-03-20,1.0227784147956833,1.2381353989160984
2020-03-23,1.0241559748964897,1.2408212287397005
2020-03-24,1.026321992151633,1.2451329320974456
2020-03-25,1.0300323929255364,1.2506142459764105
2020-03-26,1.0342778785732003,1.2532027009430458
2020-03-27,1.0351422813941036,1.2540952198297035
2020-03-30,1.0358351757187956,1.255155437494323
2020-03-31,1.0341909809351202,1.255936361378278
2020-04-01,1.0347889738919092,1.255936361378278
2020-04-02,1.0340411968484293,1.255936361378278
2020-04-03,1.0365497944530082,1.255936361378278
2020-04-06,1.0365497944530082,1.2569726600469704
2020-04-07,1.0365497944530082,1.2569726600469704
2020-04-08,1.0365497944530082,1.2569726600469704
2020-04-09,1.0365497944530082,1.2569726600469704
2020-04-10,1.0365497944530082,1.2569726600469704
2020-04-13,1.0365497944530082,1.2561925881974938
2020-04-14,1.0365497944530082,1.2565329831863563
2020-04-15,1.0341926865583861,1.2576530341922862
2020-04-16,1.034786948198286,1.2576530341922862
2020-04-17,1.034786948198286,1.2576530341922862
2020-04-20,1.034786948198286,1.2570140858006693
2020-04-21,1.034786948198286,1.2570140858006693
2020-04-22,1.034786948198286,1.2589053636738916
2020-04-23,1.0362279714564204,1.2591322432011367
2020-04-24,1.0362279714564204,1.2591322432011367
2020-04-27,1.0362279714564204,1.2607478604045765
2020-04-28,1.0362279714564204,1.2620184130012828
2020-04-29,1.0362279714564204,1.2632747207684139
2020-04-30,1.0376986053698944,1.2632747207684139
2020-05-01,1.0376986053698944,1.2632747207684139
2020-05-04,1.0376986053698944,1.2632747207684139
2020-05-05,1.0375170411453716,1.2632747207684139
2020-05-06,1.0370364299628103,1.2662325967777956
2020-05-07,1.037207313938832,1.2662325967777956
2020-05-08,1.0376024831333823,1.264817089146126
2020-05-11,1.0376024831333823,1.2669452106554715
2020-05-12,1.0376024831333823,1.2669452106554715
2020-05-13,1.0376024831333823,1.2669452106554715
2020-05-14,1.0376024831333823,1.2669452106554715
2020-05-15,1.0381543800495174,1.2669452106554715
2020-05-18,1.0381543800495174,1.2670181264053193
2020-05-19,1.037534820498914,1.2670181264053193
2020-05-20,1.035791105434293,1.2670181264053193
2020-05-21,1.03637808659611,1.2670181264053193
2020-05-22,1.03637808659611,1.2670181264053193
2020-05-25,1.03637808659611,1.2670181264053193
2020-05-26,1.03637808659611,1.2670181264053193
2020-05-27,1.0361392151258124,1.2670181264053193
2020-05-28,1.0362443185727435,1.2670181264053193
2020-05-29,1.0362443185727435,1.2670181264053193
2020-06-01,1.0362443185727435,1.2659427716939633
2020-06-02,1.0341521073284132,1.2656859415039743
2020-06-03,1.0335501303733254,1.2656859415039743
2020-06-04,1.0320689172246436,1.2664675851151432
2020-06-05,1.0327660715104694,1.2664433888257929
2020-06-08,1.0327442053234988,1.2664433888257929
2020-06-09,1.0313602089363905,1.2654820027610532
2020-06-10,1.0305840509579463,1.2653657277846069
2020-06-11,1.030643167317275,1.267871115489507
2020-06-12,1.0321082491113425,1.2676921329595732
2020-06-15,1.0319760612802988,1.2682613693119602
2020-06-16,1.0319760612802988,1.268530097611196
2020-06-17,1.032174530991444,1.268530097611196
2020-06-18,1.032174530991444,1.268530097611196
2020-06-19,1.032174530991444,1.268530097611196
2020-06-22,1.032174530991444,1.267975554588351
2020-06-23,1.0317649723633626,1.2684701470141317
2020-06-24,1.0321302543830029,1.2684701470141317
2020-06-25,1.0321302543830029,1.2678347044083464
2020-06-26,1.0321302543830029,1.2685967722442326
2020-06-29,1.0321302543830029,1.2694457018015504
2020-06-30,1.0321302543830029,1.271366227442829
2020-07-01,1.0321302543830029,1.271366227442829
2020-07-02,1.0321302543830029,1.2723843027075288
2020-07-03,1.0321302543830029,1.2723843027075288
2020-07-06,1.0321302543830029,1.2706835921692095
2020-07-07,1.0321302543830029,1.2725390774209524
2020-07-08,1.0321302543830029,1.2712804399814446
2020-07-09,1.0321302543830029,1.271775976775212
2020-07-10,1.0319182032388126,1.2712046749750996
2020-07-13,1.0317667381358193,1.2718683084737599
2020-07-14,1.0329518874260337,1.2733139717891016
2020-07-15,1.0334517222659112,1.2721030747313156
2020-07-16,1.0328913013848364,1.2726896065470328
2020-07-17,1.0332699641423193,1.2742299299514093
2020-07-20,1.0332699641423193,1.278492380394439
2020-07-21,1.0332699641423193,1.278492380394439
2020-07-22,1.0332699641423193,1.277905996676023
2020-07-23,1.0332699641423193,1.277473924462453
2020-07-24,1.0332699641423193,1.2771961637537295
2020-07-27,1.0332699641423193,1.2771961637537295
2020-07-28,1.0336478890397105,1.2771961637537295
2020-07-29,1.0336478890397105,1.2771961637537295
2020-07-30,1.0328644289392033,1.2771961637537295
2020-07-31,1.0336640170316778,1.2771961637537295
2020-08-03,1.0339071706781513,1.2772348730589407
2020-08-04,1.0339371580624959,1.277934346857855
2020-08-05,1.0345678006378947,1.277934346857855
2020-08-06,1.0345678006378947,1.277934346857855
2020-08-07,1.0345678006378947,1.2773594267111545
2020-08-10,1.034049455100826,1.2773594267111545
2020-08-11,1.0340706120615224,1.2773594267111545
2020-08-12,1.0345360651968496,1.2773594267111545
2020-08-13,1.0348534196072998,1.277685839087849
2020-08-14,1.0351496170570533,1.277685839087849
2020-08-17,1.0351496170570533,1.277685839087849
2020-08-18,1.0351496170570533,1.277685839087849
2020-08-19,1.0351496170570533,1.277685839087849
2020-08-20,1.0351496170570533,1.277685839087849
2020-08-21,1.0351496170570533,1.277685839087849
2020-08-24,1.035186883589195,1.277685839087849
2020-08-25,1.0356903021922983,1.277685839087849
2020-08-26,1.0356903021922983,1.277685839087849
2020-08-27,1.0356903021922983,1.277685839087849
2020-08-28,1.0356903021922983,1.277685839087849
2020-08-31,1.0356903021922983,1.277685839087849
2020-09-01,1.0356903021922983,1.277685839087849
2020-09-02,1.0356903021922983,1.277685839087849
2020-09-03,1.0356903021922983,1.277685839087849
2020-09-04,1.0356903021922983,1.2782525136555563
2020-09-07,1.0360506544480903,1.2782525136555563
2020-09-08,1.0352380560191665,1.2782525136555563
2020-09-09,1.0363555838843308,1.2782525136555563
2020-09-10,1.0363555838843308,1.2782525136555563
2020-09-11,1.0363555838843308,1.2782525136555563
2020-09-14,1.0363555838843308,1.2782525136555563
2020-09-15,1.0363555838843308,1.2782525136555563
2020-09-16,1.0363555838843308,1.2782525136555563
2020-09-17,1.0363555838843308,1.2782525136555563
2020-09-18,1.0363555838843308,1.2782525136555563
2020-09-21,1.0363555838843308,1.2782525136555563
2020-09-22,1.0363555838843308,1.2782525136555563
2020-09-23,1.0363555838843308,1.278394588221771
2020-09-24,1.0348190149649141,1.278394588221771
2020-09-25,1.034450796282589,1.2796657841396168
2020-09-28,1.0355421314796427,1.2796657841396168
2020-09-29,1.0355421314796427,1.2796657841396168
2020-09-30,1.0355421314796427,1.2796657841396168
2020-10-01,1.0355421314796427,1.2796657841396168
2020-10-02,1.0355421314796427,1.2796657841396168
2020-10-05,1.0355421314796427,1.2796657841396168
2020-10-06,1.0355421314796427,1.2796657841396168
2020-10-07,1.0360922363131455,1.2796657841396168
2020-10-08,1.0360922363131455,1.2796657841396168
2020-10-09,1.0360922363131455,1.2796657841396168
2020-10-12,1.0360922363131455,1.2796657841396168
2020-10-13,1.0360922363131455,1.2796657841396168
2020-10-14,1.0360922363131455,1.2796657841396168
2020-10-15,1.0360922363131455,1.2796657841396168
2020-10-16,1.03589773018584,1.2796657841396168
2020-10-19,1.035792996117291,1.2796657841396168
2020-10-20,1.0354039838626798,1.2809889404186552
2020-10-21,1.0364363625383781,1.2809889404186552
2020-10-22,1.0364363625383781,1.2809889404186552
2020-10-23,1.0364363625383781,1.2809889404186552
2020-10-26,1.0366635697330209,1.280356902607289
2020-10-27,1.0361021129973296,1.280356902607289
2020-10-28,1.0361021129973296,1.280356902607289
2020-10-29,1.0360824315198247,1.280356902607289
2020-10-30,1.0361217826585627,1.280356902607289
2020-11-02,1.0371455267118814,1.280356902607289
2020-11-03,1.0371455267118814,1.280356902607289
2020-11-04,1.0371455267118814,1.280356902607289
2020-11-05,1.0380610103771013,1.280356902607289
2020-11-06,1.0379072003361334,1.285579152106094
2020-11-09,1.041782434522287,1.2856971293533224
2020-11-10,1.041604335080577,1.2856971293533224
2020-11-11,1.0412986470527592,1.2856971293533224
2020-11-12,1.0405075087455664,1.2857410874921489
2020-11-13,1.0405475983103025,1.286433849791322
2020-11-16,1.0411793934631708,1.286433849791322
2020-11-17,1.0408655140119474,1.286433849791322
2020-11-18,1.0411073678042093,1.286433849791322
2020-11-19,1.0411882815579643,1.286433849791322
2020-11-20,1.0409654964024548,1.286433849791322
2020-11-23,1.0410966998383229,1.2860917950637705
2020-11-24,1.0410966998383229,1.28587443809681
2020-11-25,1.0410966998383229,1.2860816299845854
2020-11-26,1.0410966998383229,1.2865257252048765
2020-11-27,1.0410966998383229,1.2864115384785952
2020-11-30,1.0410966998383229,1.2864115384785952
2020-12-01,1.040450292437375,1.2864115384785952
2020-12-02,1.039476543533555,1.2864115384785952
2020-12-03,1.0385313661369193,1.2864962170625813
2020-12-04,1.0387906956698822,1.2862371117443756
2020-12-07,1.0386026498805156,1.2862371117443756
2020-12-08,1.0386026498805156,1.2862371117443756
2020-12-09,1.0386026498805156,1.2862371117443756
2020-12-10,1.0386026498805156,1.286626382608785
2020-12-11,1.0386026498805156,1.286626382608785
2020-12-14,1.0386026498805156,1.286626382608785
2020-12-15,1.0386026498805156,1.286626382608785
2020-12-16,1.0386026498805156,1.286626382608785
2020-12-17,1.0386026498805156,1.2874908954742896
2020-12-18,1.0386026498805156,1.2880459049310977
2020-12-21,1.0386026498805156,1.2890233114231917
2020-12-22,1.0386026498805156,1.2900861213831405
2020-12-23,1.0395467734757216,1.2902166419045378
2020-12-24,1.0396627184786418,1.2904590371585611
2020-12-25,1.0398780449126361,1.2904590371585611
2020-12-28,1.0398780449126361,1.2913935588394305
2020-12-29,1.0407082064677486,1.2913935588394305
2020-12-30,1.0407082064677486,1.2913935588394305
2020-12-31,1.0407082064677486,1.2913935588394305
2021-01-01,1.0407082064677486,1.2913935588394305
2021-01-04,1.0407082064677486,1.2928088851532111
2021-01-05,1.041965480127303,1.2928088851532111
2021-01-06,1.041965480127303,1.2928088851532111
2021-01-07,1.041965480127303,1.2928088851532111
2021-01-08,1.041965480127303,1.2928088851532111
2021-01-11,1.041965480127303,1.2946307878347159
2021-01-12,1.0434757956491325,1.2946307878347159
2021-01-13,1.0434757956491325,1.2958975164745037
2021-01-14,1.0445819559800449,1.2944133717090762
2021-01-15,1.0433078019355773,1.2940825273807979
2021-01-18,1.0430106206562089,1.2955903963455768
2021-01-19,1.0443383192298303,1.294843575155331
2021-01-20,1.0438178780166787,1.2939732951985803
2021-01-21,1.0432458079814488,1.2951740496482114
2021-01-22,1.0444491511233716,1.2959843033018734
2021-01-25,1.044946878686665,1.2959843033018734
2021-01-26,1.0457809597417338,1.2959843033018734
2021-01-27,1.0457809597417338,1.2959843033018734
2021-01-28,1.0457809597417338,1.2959843033018734
2021-01-29,1.0453145670460176,1.296866074601139
2021-02-01,1.04594070280571,1.296866074601139
2021-02-02,1.0455541868717229,1.296866074601139
2021-02-03,1.0452496000305465,1.2962726609276225
2021-02-04,1.0442422026560343,1.2968694293812284
2021-02-05,1.0455497072230342,1.2969262644720478
2021-02-08,1.045708418642171,1.2976461756224293
2021-02-09,1.0462580671897515,1.2976461756224293
2021-02-10,1.0462580671897515,1.2976461756224293
2021-02-11,1.0462580671897515,1.2976461756224293
2021-02-12,1.0462580671897515,1.2976461756224293
2021-02-15,1.0462580671897515,1.2976461756224293
2021-02-16,1.0462580671897515,1.2976461756224293
2021-02-17,1.0462580671897515,1.2976461756224293
2021-02-18,1.0462580671897515,1.2976461756224293
2021-02-19,1.0462580671897515,1.2976461756224293
2021-02-22,1.0462580671897515,1.2976461756224293
2021-02-23,1.0462580671897515,1.2976461756224293
2021-02-24,1.045659476455795,1.2976461756224293
2021-02-25,1.0461260328769884,1.2976461756224293
2021-02-26,1.045448552081716,1.2976461756224293
2021-03-01,1.045448552081716,1.2976461756224293
2021-03-02,1.045448552081716,1.2976461756224293
2021-03-03,1.0458600146793797,1.2976461756224293
2021-03-04,1.044995685676441,1.29716771746979
2021-03-05,1.044110057495149,1.29716771746979
2021-03-08,1.042749289285409,1.29716771746979
2021-03-09,1.0434301713842327,1.29716771746979
2021-03-10,1.0434301713842327,1.29716771746979
2021-03-11,1.0442276826331538,1.29716771746979
2021-03-12,1.0442276826331538,1.29716771746979
2021-03-15,1.0442276826331538,1.29716771746979
2021-03-16,1.0442276826331538,1.29716771746979
2021-03-17,1.0437706559752191,1.29716771746979
2021-03-18,1.0446421951833735,1.29716771746979
2021-03-19,1.0447803660334467,1.2975037997431995
2021-03-22,1.0450852326583402,1.2975037997431995
2021-03-23,1.0450852326583402,1.2975037997431995
2021-03-24,1.0450852326583402,1.2969301680672227
2021-03-25,1.0443383913083775,1.2972813711341473
2021-03-26,1.0446569742927743,1.2969418748361201
2021-03-29,1.0443490107411906,1.2963799499290407
2021-03-30,1.043839277966156,1.2965321379247081
2021-03-31,1.0439773305927278,1.2965321379247081
2021-04-01,1.044081594723327,1.2964333717032122
2021-04-02,1.0440084778758574,1.2964333717032122
2021-04-05,1.0440084778758574,1.2964333717032122
2021-04-06,1.0440084778758574,1.2964333717032122
2021-04-07,1.0440084778758574,1.2964333717032122
2021-04-08,1.0440084778758574,1.2964333717032122
2021-04-09,1.0440084778758574,1.2964333717032122
2021-04-12,1.0440084778758574,1.2964333717032122
2021-04-13,1.0440084778758574,1.2964333717032122
2021-04-14,1.0437977215835361,1.2964333717032122
2021-04-15,1.0437398266442217,1.2964333717032122
2021-04-16,1.0437398266442217,1.2964333717032122
2021-04-19,1.042630263979462,1.296891916343601
2021-04-20,1.042863479522328,1.296891916343601
2021-04-21,1.0427830670428218,1.2977191554911975
2021-04-22,1.0444385872433795,1.2977191554911975
2021-04-23,1.0444385872433795,1.2977191554911975
2021-04-26,1.044478676933181,1.2983352636217598
2021-04-27,1.0449701047472653,1.2983352636217598
2021-04-28,1.0436983365534986,1.2983352636217598
2021-04-29,1.0439778130997328,1.298826848944833
2021-04-30,1.0443367339815999,1.2987323116519782
2021-05-03,1.0442510062276984,1.2994045785145194
2021-05-04,1.044572485304829,1.2994045785145194
2021-05-05,1.0441224145968462,1.2994045785145194
2021-05-06,1.0428579302267988,1.2992130138527773
2021-05-07,1.0426864747189957,1.2990880178103488
2021-05-10,1.0422833250507673,1.2990880178103488
2021-05-11,1.042503946354402,1.304196576132983
2021-05-12,1.0474455688161046,1.304196576132983
2021-05-13,1.04774561595476,1.3023160218380676
2021-05-14,1.0455600429961096,1.3022747742040246
2021-05-17,1.045524348929862,1.3022747742040246
2021-05-18,1.044847589433802,1.3022747742040246
2021-05-19,1.0457827739694965,1.3022747742040246
2021-05-20,1.0451131532866862,1.3022747742040246
2021-05-21,1.0457289660383242,1.3022747742040246
2021-05-24,1.0457289660383242,1.3022747742040246
2021-05-25,1.0457289660383242,1.3022747742040246
2021-05-26,1.0457289660383242,1.3022747742040246
2021-05-27,1.0457289660383242,1.302217956033489
2021-05-28,1.0456869034237417,1.302601199378166
2021-05-31,1.0459706193010134,1.302601199378166
2021-06-01,1.0459706193010134,1.302601199378166
2021-06-02,1.0459706193010134,1.302601199378166
2021-06-03,1.0459706193010134,1.302601199378166
2021-06-04,1.0459706193010134,1.302601199378166
2021-06-07,1.0459706193010134,1.302601199378166
2021-06-08,1.0459706193010134,1.302601199378166
2021-06-09,1.0459706193010134,1.302601199378166
2021-06-10,1.0459706193010134,1.302601199378166
2021-06-11,1.0459706193010134,1.302601199378166
2021-06-14,1.0459706193010134,1.302601199378166
2021-06-15,1.0459706193010134,1.302601199378166
2021-06-16,1.0459706193010134,1.302601199378166
2021-06-17,1.0451364655809294,1.302601199378166
2021-06-18,1.0451364655809294,1.302601199378166
2021-06-21,1.0474875529723815,1.302601199378166
2021-06-22,1.0474875529723815,1.302601199378166
2021-06-23,1.0474875529723815,1.302601199378166
2021-06-24,1.0474875529723815,1.302601199378166
2021-06-25,1.0477982476720082,1.302601199378166
2021-06-28,1.0477982476720082,1.302601199378166
2021-06-29,1.0477982476720082,1.302601199378166
2021-06-30,1.0477982476720082,1.302601199378166
2021-07-01,1.0477982476720082,1.302601199378166
2021-07-02,1.0477982476720082,1.302601199378166
2021-07-05,1.0477982476720082,1.302601199378166
2021-07-06,1.0477982476720082,1.302601199378166
2021-07-07,1.0477982476720082,1.302601199378166
2021-07-08,1.0477982476720082,1.3031995290654728
2021-07-09,1.048241192434102,1.3031995290654728
2021-07-12,1.048640777849708,1.3031995290654728
2021-07-13,1.048640777849708,1.3031995290654728
2021-07-14,1.048640777849708,1.3031995290654728
2021-07-15,1.048492592546467,1.3031995290654728
2021-07-16,1.0487466244948802,1.3031995290654728
2021-07-19,1.0481009599593296,1.3031995290654728
2021-07-20,1.0485137618755014,1.3031995290654728
2021-07-21,1.048376406876535,1.3031995290654728
2021-07-22,1.048618883842921,1.3031995290654728
2021-07-23,1.048618883842921,1.3031995290654728
2021-07-26,1.048618883842921,1.3031995290654728
2021-07-27,1.048471114099912,1.3028741528128966
2021-07-28,1.0483139632634106,1.3023883958722104
2021-07-29,1.047873795323016,1.301602934495566
2021-07-30,1.0475422556337177,1.3019235439968917
2021-08-02,1.0477919059367689,1.302652723220635
2021-08-03,1.0483685074785674,1.3029639915129239
2021-08-04,1.0491213330075422,1.3029987346560212
2021-08-05,1.0491528154557777,1.303832992856341
2021-08-06,1.0491528154557777,1.3041262122555894
2021-08-09,1.0491528154557777,1.3043264508514896
2021-08-10,1.0494501963006277,1.303703151352297
2021-08-11,1.0488935518262743,1.303703151352297
2021-08-12,1.049583033710334,1.303703151352297
2021-08-13,1.049583033710334,1.303703151352297
2021-08-16,1.049583033710334,1.303703151352297
2021-08-17,1.049583033710334,1.3032992958660647
2021-08-18,1.049268561917983,1.3016646427075058
2021-08-19,1.047995699901323,1.301376174503054
2021-08-20,1.0477710771925006,1.3028569779525723
2021-08-23,1.0489241404311218,1.3037993074204475
2021-08-24,1.049657907946608,1.3037993074204475
2021-08-25,1.049657907946608,1.3037993074204475
2021-08-26,1.049657907946608,1.3037993074204475
2021-08-27,1.049657907946608,1.3037993074204475
2021-08-30,1.0490445073240555,1.3037993074204475
2021-08-31,1.0494296658544955,1.3037993074204475
2021-09-01,1.049406841645284,1.3037993074204475
2021-09-02,1.049406841645284,1.3037993074204475
2021-09-03,1.049406841645284,1.3037993074204475
2021-09-06,1.0497820303693133,1.3037993074204475
2021-09-07,1.0497820303693133,1.3037993074204475
2021-09-08,1.0497820303693133,1.3037993074204475
2021-09-09,1.049678538646848,1.3037993074204475
2021-09-10,1.0495407827402197,1.3037993074204475
2021-09-13,1.0494376982116091,1.3037993074204475
2021-09-14,1.0498165468793805,1.3037993074204475
2021-09-15,1.0488275146242918,1.3037993074204475
2021-09-16,1.0496198887967285,1.3044716945082913
2021-09-17,1.0502257168410722,1.3044716945082913
2021-09-20,1.0502257168410722,1.3045982515461134
2021-09-21,1.0500276919716887,1.3045982515461134
2021-09-22,1.0496643532314893,1.3045982515461134
2021-09-23,1.0485416932959515,1.305644932343201
2021-09-24,1.0495443742858979,1.3060195397415422
2021-09-27,1.049808362589324,1.3072621890145342
2021-09-28,1.0506840657248828,1.3095856561511454
2021-09-29,1.0539945182554953,1.3085854312339407
2021-09-30,1.0532156690552472,1.3081773238871124
2021-10-01,1.0527140647163478,1.3071082199729396
2021-10-04,1.051636109170928,1.3069369167819316
2021-10-05,1.0514629091822327,1.3087316445305817
2021-10-06,1.052932356022713,1.3076087425280025
2021-10-07,1.0518656567430733,1.307704010125534
2021-10-08,1.0513043667166477,1.3075057928010831
2021-10-11,1.0513486476950629,1.3071098548088078
2021-10-12,1.0511358229619996,1.307062714058971
2021-10-13,1.0503012583020632,1.3057816376306823
2021-10-14,1.0484527359496711,1.3046566281827734
2021-10-15,1.0469892701147916,1.305353946766005
2021-10-18,1.0477640676548343,1.304114255895348
2021-10-19,1.0458071986005075,1.3034500593408735
2021-10-20,1.0446439504270664,1.3047603572679887
2021-10-21,1.0460598702659936,1.3047784644853857
2021-10-22,1.0459520286475759,1.3047784644853857
2021-10-25,1.0464140399378943,1.3047784644853857
2021-10-26,1.0464140399378943,1.3047784644853857
2021-10-27,1.0464140399378943,1.3047784644853857
2021-10-28,1.0464140399378943,1.3047784644853857
2021-10-29,1.0468952243440361,1.3047784644853857
2021-11-01,1.0468952243440361,1.3047784644853857
2021-11-02,1.0473565151138686,1.3047784644853857
2021-11-03,1.0473565151138686,1.3047784644853857
2021-11-04,1.0474258907978415,1.3047784644853857
2021-11-05,1.0474258907978415,1.3047784644853857
2021-11-08,1.0474258907978415,1.3047784644853857
2021-11-09,1.0474258907978415,1.3047784644853857
2021-11-10,1.0474258907978415,1.3044395629990606
2021-11-11,1.0471223950796038,1.304366941251991
2021-11-12,1.0474648740755301,1.3034349621645975
2021-11-15,1.046384180644599,1.302853988188041
2021-11-16,1.0444986566176706,1.3028418845635292
2021-11-17,1.0446407790255199,1.3034712730381324
2021-11-18,1.0460194415162012,1.3034712730381324
2021-11-19,1.0460194415162012,1.3028251785599185
2021-11-22,1.0452914724755222,1.3029592736403026
2021-11-23,1.0454115583540904,1.3029592736403026
2021-11-24,1.0454115583540904,1.3029592736403026
2021-11-25,1.0454115583540904,1.3029592736403026
2021-11-26,1.0454115583540904,1.3029592736403026
2021-11-29,1.0454115583540904,1.3029592736403026
2021-11-30,1.0454115583540904,1.3026128181077798
2021-12-01,1.04515933963808,1.3027702978952904
2021-12-02,1.0452739845089938,1.30245533832027
2021-12-03,1.045044694767166,1.30245533832027
2021-12-06,1.045858673350654,1.30245533832027
2021-12-07,1.045858673350654,1.30245533832027
2021-12-08,1.045858673350654,1.30245533832027
2021-12-09,1.045858673350654,1.30245533832027
2021-12-10,1.045858673350654,1.30245533832027
2021-12-13,1.045858673350654,1.30245533832027
2021-12-14,1.045858673350654,1.30245533832027
2021-12-15,1.045858673350654,1.30245533832027
2021-12-16,1.045858673350654,1.3032251049144246
2021-12-17,1.045858673350654,1.3032251049144246
2021-12-20,1.045858673350654,1.3032251049144246
2021-12-21,1.0454480456742086,1.3052184111549094
2021-12-22,1.0463163142983687,1.3060816975026606
2021-12-23,1.0467578068191281,1.3056470129339703
2021-12-24,1.0464193292198791,1.3059872008572928
2021-12-27,1.046684224732335,1.3059872008572928
2021-12-28,1.046684224732335,1.3059872008572928
2021-12-29,1.046999447346027,1.3059872008572928
2021-12-30,1.046999447346027,1.3059872008572928
2021-12-31,1.046999447346027,1.3059872008572928
2022-01-03,1.046999447346027,1.3059872008572928
2022-01-04,1.046999447346027,1.3059872008572928
2022-01-05,1.046999447346027,1.3059872008572928
2022-01-06,1.046999447346027,1.3059872008572928
2022-01-07,1.046999447346027,1.3059872008572928
2022-01-10,1.046999447346027,1.3059872008572928
2022-01-11,1.047171489000563,1.3059872008572928
2022-01-12,1.0483566785014566,1.305831411826179
2022-01-13,1.0483566785014566,1.3063575009697206
2022-01-14,1.0488283418666706,1.3063575009697206
2022-01-17,1.0488283418666706,1.3063575009697206
2022-01-18,1.0488283418666706,1.3063575009697206
2022-01-19,1.0488283418666706,1.3063575009697206
2022-01-20,1.0488283418666706,1.3063575009697206
2022-01-21,1.0488283418666706,1.3063575009697206
2022-01-24,1.0488283418666706,1.3063575009697206
2022-01-25,1.0488283418666706,1.3063575009697206
2022-01-26,1.0488283418666706,1.3063575009697206
2022-01-27,1.0488283418666706,1.3056234476108506
2022-01-28,1.0488283418666706,1.3062106902979467
2022-01-31,1.0493620246397717,1.3062106902979467
2022-02-01,1.0513755278096062,1.3062106902979467
2022-02-02,1.0513755278096062,1.3062106902979467
2022-02-03,1.05192877075069,1.3061025261777257
2022-02-04,1.0518317965903885,1.306186521562162
2022-02-07,1.0519071023559075,1.306186521562162
2022-02-08,1.0521979228536253,1.306186521562162
2022-02-09,1.0521979228536253,1.306186521562162
2022-02-10,1.0521979228536253,1.306186521562162
2022-02-11,1.053041085140178,1.3055433047230904
2022-02-14,1.053041085140178,1.3060412790501137
2022-02-15,1.053041085140178,1.3060412790501137
2022-02-16,1.053041085140178,1.3060412790501137
2022-02-17,1.053041085140178,1.3060412790501137
2022-02-18,1.053041085140178,1.3060412790501137
2022-02-21,1.053041085140178,1.3060412790501137
2022-02-22,1.053041085140178,1.305461734547835
2022-02-23,1.052305024983606,1.3070596398080516
2022-02-24,1.0537788453463341,1.3060244330893616
2022-02-25,1.052824027323248,1.3054329175362385
2022-02-28,1.052278445749191,1.305756475832971
2022-03-01,1.0525768782145735,1.3043831516480862
2022-03-02,1.0513650392494855,1.3032588729324048
2022-03-03,1.0504418683136825,1.3003573160229815
2022-03-04,1.047814906754531,1.299926048206928
2022-03-07,1.0474234065056487,1.3025448071687507
2022-03-08,1.0496346057583148,1.305579424720766
2022-03-09,1.051381370083707,1.3050639792339938
2022-03-10,1.050384057875645,1.3073910257070847
2022-03-11,1.0523333673217368,1.3061966039451265
2022-03-14,1.0525997531996767,1.3060528423712374
2022-03-15,1.0524919496887386,1.3071378711222592
2022-03-16,1.0532975449633977,1.3072652719802003
2022-03-17,1.0521522578348987,1.3072652719802003
2022-03-18,1.0515949456800453,1.3072652719802003
2022-03-21,1.051616911019828,1.3085489631692848
2022-03-22,1.0525248777257554,1.3079930019637793
2022-03-23,1.051223115034504,1.306147515122661
2022-03-24,1.0498605457694918,1.3052176023257436
2022-03-25,1.0492497008230506,1.3051680114090471
2022-03-28,1.0490655455964149,1.3057740609899833
2022-03-29,1.0495211894196108,1.307490539283829
2022-03-30,1.0499945528860561,1.3117577201388109
2022-03-31,1.0528937356394135,1.3124607334290905
2022-04-01,1.0534153209916843,1.3132440201177809
2022-04-04,1.054080003964288,1.3132440201177809
2022-04-05,1.0533234359406518,1.3132440201177809
2022-04-06,1.0531390774614413,1.3132440201177809
2022-04-07,1.0530012553511756,1.3132440201177809
2022-04-08,1.0530012553511756,1.311977062060938
2022-04-11,1.0520601285991293,1.311964963612308
2022-04-12,1.052051141582075,1.311674647162425
2022-04-13,1.051835487578323,1.3113613394307746
2022-04-14,1.0516027551004905,1.3106653093533198
2022-04-15,1.051085727308936,1.3100351160604466
2022-04-18,1.0506176046558773,1.3077712078425467
2022-04-19,1.0489359194757442,1.3089724025991172
2022-04-20,1.0498281956751971,1.308367754802098
2022-04-21,1.0493790488275434,1.30822935105396
2022-04-22,1.0492762392126136,1.3086437868065552
2022-04-25,1.049584092003529,1.3086437868065552
2022-04-26,1.049584092003529,1.3072802174085616
2022-04-27,1.048446686831375,1.3055830895240625
2022-04-28,1.0458736282879295,1.3094657039644049
2022-04-29,1.0476526847650676,1.3070650973289972
2022-05-02,1.0449252326651717,1.3081586099726485
2022-05-03,1.0466512676449566,1.3094712279006089
2022-05-04,1.0494474490506926,1.308809198089354
2022-05-05,1.048961539926016,1.3089577793982254
2022-05-06,1.048667841381128,1.3089577793982254
2022-05-09,1.0479271753445094,1.3084943455012477
2022-05-10,1.0468424826479312,1.3080574249186112
2022-05-11,1.047545844032932,1.305729337689571
2022-05-12,1.0440453290160259,1.3094167095013125
2022-05-13,1.047341104996203,1.3109179824923982
2022-05-16,1.0472916616432588,1.3126784823058189
2022-05-17,1.0484822707999752,1.3069648422505795
2022-05-18,1.0456341210926758,1.3134680228196816
2022-05-19,1.0482391784433316,1.3124150355767636
2022-05-20,1.0482391784433316,1.3152013232245183
2022-05-23,1.0501346163671725,1.3157788762229128
2022-05-24,1.0501346163671725,1.3158135317599542
2022-05-25,1.0501346163671725,1.3163104936754126
2022-05-26,1.0501346163671725,1.3163104936754126
2022-05-27,1.0501346163671725,1.3163104936754126
2022-05-30,1.0501346163671725,1.3163104936754126
2022-05-31,1.0501346163671725,1.3163104936754126
2022-06-01,1.0501346163671725,1.3163104936754126
2022-06-02,1.0501346163671725,1.3163104936754126
2022-06-03,1.0501346163671725,1.3163104936754126
2022-06-06,1.0501346163671725,1.3163104936754126
2022-06-07,1.0501346163671725,1.3163104936754126
2022-06-08,1.0501346163671725,1.3163104936754126
2022-06-09,1.0501346163671725,1.3163104936754126
2022-06-10,1.0501346163671725,1.3163104936754126
2022-06-13,1.0501346163671725,1.3163104936754126
2022-06-14,1.0501346163671725,1.3163104936754126
2022-06-15,1.0501346163671725,1.3163104936754126
2022-06-16,1.0501346163671725,1.318326098889077
2022-06-17,1.0533975772027375,1.3187517982338894
2022-06-20,1.0533975772027375,1.3191639812183786
2022-06-21,1.0533975772027375,1.3191639812183786
2022-06-22,1.0529075968074428,1.31923023740451
2022-06-23,1.0528096007283836,1.3191418093548954
2022-06-24,1.052340766911527,1.3189022104994337
2022-06-27,1.052144774753409,1.3197968142251286
2022-06-28,1.0522754361921542,1.3187363768717129
2022-06-29,1.0511360221874813,1.3189091043974361
2022-06-30,1.0513805917330703,1.319838443217882
2022-07-01,1.052175448818771,1.3195773811087936
2022-07-04,1.052175448818771,1.3173966564983866
2022-07-05,1.0510544515678797,1.3169081115076868
2022-07-06,1.0509012039677181,1.3169911195914035
2022-07-07,1.0509716431321157,1.317327451060758
2022-07-08,1.0512570479577796,1.3156335901041474
2022-07-11,1.0498196680660066,1.3164382120801636
2022-07-12,1.050502455779066,1.3167152077369786
2022-07-13,1.050737509303182,1.3162818515004422
2022-07-14,1.0503697710080517,1.3162818515004422
2022-07-15,1.0503697710080517,1.3162818515004422
2022-07-18,1.0503697710080517,1.3162818515004422
2022-07-19,1.0503697710080517,1.3162818515004422
2022-07-20,1.0503697710080517,1.3162818515004422
2022-07-21,1.0503697710080517,1.3162818515004422
2022-07-22,1.0503697710080517,1.3162818515004422
2022-07-25,1.0503697710080517,1.3162818515004422
2022-07-26,1.0503697710080517,1.3162818515004422
2022-07-27,1.0503697710080517,1.3162818515004422
2022-07-28,1.0503697710080517,1.3162818515004422
2022-07-29,1.049524270768212,1.3138439645017086
2022-08-01,1.0481207403700779,1.3151656590136254
2022-08-02,1.04905767452091,1.316379572108774
2022-08-03,1.0500311873483177,1.316379572108774
2022-08-04,1.049211052115673,1.3187774939699657
2022-08-05,1.050312786429072,1.3196779248395494
2022-08-08,1.0511085831336056,1.3196779248395494
2022-08-09,1.0511085831336056,1.3196779248395494
2022-08-10,1.0522722912142746,1.3198273129913418
2022-08-11,1.0523839597247682,1.32028696884301
2022-08-12,1.0527275551416717,1.32028696884301
2022-08-15,1.0526416562874459,1.3209968264548644
2022-08-16,1.0540476151495588,1.3209968264548644
2022-08-17,1.0533354209661232,1.3209968264548644
2022-08-18,1.0529727111594742,1.3181306223033402
2022-08-19,1.050650450684081,1.3152299909457132
2022-08-22,1.0482426024626261,1.3185544359672992
2022-08-23,1.0510374494037957,1.3187960508573318
2022-08-24,1.0509291755295287,1.3187960508573318
2022-08-25,1.0512086087528874,1.3187960508573318
2022-08-26,1.0512086087528874,1.3190506067287753
2022-08-29,1.0511351538445974,1.3190506067287753
2022-08-30,1.0511351538445974,1.3190506067287753
2022-08-31,1.0511351538445974,1.3190506067287753
2022-09-01,1.0495217331030444,1.3190506067287753
2022-09-02,1.0491000463410252,1.3190506067287753
2022-09-05,1.0491000463410252,1.3190506067287753
2022-09-06,1.0491000463410252,1.3190506067287753
2022-09-07,1.0480678810592108,1.3204455119849061
2022-09-08,1.0488162204275375,1.3204455119849061
2022-09-09,1.047331080255052,1.3204455119849061
2022-09-12,1.047331080255052,1.3204455119849061
2022-09-13,1.049579765192202,1.3204455119849061
2022-09-14,1.050052970391275,1.3204455119849061
2022-09-15,1.0490163003587512,1.3204455119849061
2022-09-16,1.0487158939468508,1.3204455119849061
2022-09-19,1.0486160187895355,1.3204455119849061
2022-09-20,1.0492766355648229,1.3204455119849061
2022-09-21,1.0491011526778022,1.3204455119849061
2022-09-22,1.0490141839465517,1.3204455119849061
2022-09-23,1.0490141839465517,1.3204455119849061
2022-09-26,1.044245577664837,1.3204986947369914
2022-09-27,1.0442931306743153,1.325271092237435
2022-09-28,1.04630748619767,1.325271092237435
2022-09-29,1.04630748619767,1.3246229833009164
2022-09-30,1.04630748619767,1.3297517142246034
2022-10-03,1.0516193002438619,1.3279485951522123
2022-10-04,1.0504733888953537,1.3295797666567948
2022-10-05,1.0532255549989906,1.3315108153240824
2022-10-06,1.0514588829864158,1.3305549397459653
2022-10-07,1.049810596974313,1.329458232135209
2022-10-10,1.047616016484713,1.3287558531004988
2022-10-11,1.047462606790943,1.3295379947047885
2022-10-12,1.0475624398140575,1.3302587532038168
2022-10-13,1.047895216557774,1.3320983115343248
2022-10-14,1.0476053522625897,1.3360232767950524
2022-10-17,1.0491361252836837,1.3368950998646514
2022-10-18,1.0497741600992891,1.3368950998646514
2022-10-19,1.0491252454490427,1.3371490773347168
2022-10-20,1.0493082726580865,1.3394117857043912
2022-10-21,1.0509388787022957,1.3391732027900878
2022-10-24,1.0519227577209134,1.3391732027900878
2022-10-25,1.0525363856701229,1.3415208567906918
2022-10-26,1.0513182497423106,1.34223099616913
2022-10-27,1.0513182497423106,1.3412899753526466
2022-10-28,1.0513182497423106,1.3427529746014906
2022-10-31,1.0513182497423106,1.3427529746014906
2022-11-01,1.0513182497423106,1.3427529746014906
2022-11-02,1.0513182497423106,1.3427529746014906
2022-11-03,1.0513182497423106,1.3427529746014906
2022-11-04,1.0513182497423106,1.3427529746014906
2022-11-07,1.0513260449916624,1.3427529746014906
2022-11-08,1.0505854963032413,1.3427529746014906
2022-11-09,1.0512013210020337,1.347046428695719
2022-11-10,1.0512013210020337,1.3446663770657186
2022-11-11,1.0494438793262986,1.345850918890788
2022-11-14,1.050318550759383,1.3451818721192208
2022-11-15,1.0498245233758816,1.3454231676761796
2022-11-16,1.0500026971863248,1.3461909262665022
2022-11-17,1.0505696138559169,1.346377381924152
2022-11-18,1.050707293618532,1.3483187143596824
2022-11-21,1.052140782911643,1.3483187143596824
2022-11-22,1.052140782911643,1.3539750381051034
2022-11-23,1.055338434614692,1.3539750381051034
2022-11-24,1.0558939577444943,1.3539750381051034
2022-11-25,1.055402024349257,1.3539750381051034
2022-11-28,1.053384590461844,1.3536380897721814
2022-11-29,1.0529780267378561,1.3536380897721814
2022-11-30,1.0548083352136655,1.3536380897721814
2022-12-01,1.0548083352136655,1.3536380897721814
2022-12-02,1.0549908211094474,1.3536380897721814
2022-12-05,1.0566502567486729,1.3536380897721814
2022-12-06,1.0566480260771107,1.3536380897721814
2022-12-07,1.0566480260771107,1.3536380897721814
2022-12-08,1.0566480260771107,1.3536380897721814
2022-12-09,1.0566480260771107,1.3536380897721814
2022-12-12,1.0566480260771107,1.3536380897721814
2022-12-13,1.0539884262459396,1.352491765306374
2022-12-14,1.0532712171964242,1.3553836732336044
2022-12-15,1.055080567513583,1.3559346048908643
2022-12-16,1.055425263262507,1.3561317804313573
2022-12-19,1.0555486280568587,1.355372074672399
2022-12-20,1.055073310760974,1.354828875389276
2022-12-21,1.0547334528471228,1.3543116361887697
2022-12-22,1.0547334528471228,1.3543116361887697
2022-12-23,1.0549093597926504,1.3547134683402362
2022-12-26,1.0552501602490874,1.3547134683402362
2022-12-27,1.0550891348189062,1.3547134683402362
2022-12-28,1.0559221084727752,1.3547134683402362
2022-12-29,1.0559221084727752,1.3547134683402362
2022-12-30,1.0559221084727752,1.3557300255964346
2023-01-02,1.056562659078173,1.3557300255964346
2023-01-03,1.0593656791891983,1.3567587303965938
2023-01-04,1.0593656791891983,1.3567587303965938
2023-01-05,1.0593656791891983,1.3611245656745712
2023-01-06,1.061190279551417,1.3611245656745712
2023-01-09,1.061190279551417,1.3611245656745712
2023-01-10,1.061190279551417,1.3611245656745712
2023-01-11,1.061190279551417,1.361887312928127
2023-01-12,1.061190279551417,1.3620899176673527
2023-01-13,1.061236356541348,1.3620899176673527
2023-01-16,1.0609623459155442,1.3631893341088004
2023-01-17,1.0625217673045926,1.3639302451889062
2023-01-18,1.0625217673045926,1.3639302451889062
2023-01-19,1.0625989676178882,1.3639302451889062
2023-01-20,1.0625989676178882,1.3639302451889062
2023-01-23,1.0625989676178882,1.3639302451889062
2023-01-24,1.0625989676178882,1.3647557434590736
2023-01-25,1.0625989676178882,1.3647557434590736
2023-01-26,1.0625989676178882,1.3647557434590736
2023-01-27,1.0625989676178882,1.3647557434590736
2023-01-30,1.0625989676178882,1.3647557434590736
2023-01-31,1.0625989676178882,1.3647557434590736
2023-02-01,1.0625989676178882,1.3647557434590736
2023-02-02,1.0625989676178882,1.3647557434590736
2023-02-03,1.0625989676178882,1.3643003442151338
2023-02-06,1.0625989676178882,1.3643003442151338
2023-02-07,1.0625989676178882,1.3643003442151338
2023-02-08,1.0625989676178882,1.3643003442151338
2023-02-09,1.0625989676178882,1.3643003442151338
2023-02-10,1.0625989676178882,1.3643003442151338
2023-02-13,1.0625989676178882,1.3643003442151338
2023-02-14,1.0625989676178882,1.3643003442151338
2023-02-15,1.0625989676178882,1.3643003442151338
2023-02-16,1.0625989676178882,1.3643003442151338
2023-02-17,1.0625989676178882,1.3643003442151338
2023-02-20,1.0625989676178882,1.3643003442151338
2023-02-21,1.0625989676178882,1.3643003442151338
2023-02-22,1.0625989676178882,1.3643003442151338
2023-02-23,1.0625989676178882,1.3643003442151338
2023-02-24,1.0625989676178882,1.3643003442151338
2023-02-27,1.0625989676178882,1.3643003442151338
2023-02-28,1.0633667487841785,1.3643003442151338
2023-03-01,1.0638772957951614,1.3643003442151338
2023-03-02,1.0638772957951614,1.3643003442151338
2023-03-03,1.0638772957951614,1.3643003442151338
2023-03-06,1.063239960429346,1.3643003442151338
2023-03-07,1.0609136863441206,1.3644151388359171
2023-03-08,1.0609933532648474,1.3644380977600734
2023-03-09,1.0610092866489929,1.3642085085185072
2023-03-10,1.060849952807539,1.3662288938442917
2023-03-13,1.0641330228170127,1.3665503187824846
2023-03-14,1.0643560901950482,1.3665503187824846
2023-03-15,1.065741159810696,1.3665503187824846
2023-03-16,1.0663363062521218,1.3665503187824846
2023-03-17,1.0663363062521218,1.3665503187824846
2023-03-20,1.066672024096727,1.3665503187824846
2023-03-21,1.065569151410113,1.3665503187824846
2023-03-22,1.066151801131343,1.3665273701615102
2023-03-23,1.0677923896130708,1.364564990297247
2023-03-24,1.066187816698632,1.364564990297247
2023-03-27,1.0660629631869398,1.364564990297247
2023-03-28,1.0660629631869398,1.364900597602475
2023-03-29,1.0656548941878763,1.364900597602475
2023-03-30,1.065443752678416,1.3647126260989273
2023-03-31,1.065236774955713,1.3647126260989273
2023-04-03,1.0655833537449975,1.3655942746772796
2023-04-04,1.0662371136931903,1.3660579531504677
2023-04-05,1.0666830732954176,1.3660579531504677
2023-04-06,1.066275125208409,1.365605066793698
2023-04-07,1.0660438370920986,1.365605066793698
2023-04-10,1.0654236785074966,1.3655230202893476
2023-04-11,1.0653630525063695,1.3661669962666292
2023-04-12,1.06631650639008,1.3668162931601209
2023-04-13,1.0685198196687906,1.3653759882937138
2023-04-14,1.0674555461187405,1.3653759882937138
2023-04-17,1.0663625805445682,1.3653759882937138
2023-04-18,1.0663625805445682,1.3653759882937138
2023-04-19,1.0663625805445682,1.3653759882937138
2023-04-20,1.0663625805445682,1.3653759882937138
2023-04-21,1.0663625805445682,1.3653759882937138
2023-04-24,1.0663625805445682,1.3662990292871209
2023-04-25,1.0663625805445682,1.3662990292871209
2023-04-26,1.0663625805445682,1.3664645677055363
2023-04-27,1.0665134868988042,1.3665794414192614
2023-04-28,1.066618206839358,1.3671291790509335
2023-05-01,1.066618206839358,1.3671291790509335
2023-05-02,1.066618206839358,1.3671291790509335
2023-05-03,1.066618206839358,1.3671291790509335
2023-05-04,1.066618206839358,1.3652994171782362
2023-05-05,1.0650275014398238,1.365499465952706
2023-05-08,1.0651631225099922,1.365611036798602
2023-05-09,1.06523582755793,1.3652276604353388
2023-05-10,1.064967439950013,1.367805350608106
2023-05-11,1.0675883399028336,1.3690907767988014
2023-05-12,1.0684882192212597,1.3690907767988014
2023-05-15,1.0684882192212597,1.370109497610783
2023-05-16,1.0692013879715068,1.3700156622038229
2023-05-17,1.0691356972747783,1.371824765712152
2023-05-18,1.0702435404705666,1.3711374777669612
2023-05-19,1.0685527289767611,1.3710904919424531
2023-05-22,1.0684364872937897,1.3710904919424531
2023-05-23,1.0699548776306917,1.3710904919424531
2023-05-24,1.0699548776306917,1.3714234962909164
2023-05-25,1.0699548776306917,1.3714502608362196
2023-05-26,1.0699788257059861,1.371651069805817
2023-05-29,1.0699788257059861,1.3712886009892342
2023-05-30,1.0699788257059861,1.3719030340613119
2023-05-31,1.0699788257059861,1.3705279196868883
2023-06-01,1.0677161641260446,1.3709864621430679
2023-06-02,1.0687223009859925,1.3709864621430679
2023-06-05,1.0689135741253457,1.3704357174716018
2023-06-06,1.068035676785175,1.3706331396578042
2023-06-07,1.0682063858963653,1.3706331396578042
2023-06-08,1.0680817514890064,1.3706331396578042
2023-06-09,1.0680817514890064,1.3704246200253225
2023-06-12,1.068203616557148,1.3700549068475543
2023-06-13,1.0674631472176,1.3700549068475543
2023-06-14,1.067506884800991,1.3700549068475543
2023-06-15,1.0665373373457472,1.370129841971484
2023-06-16,1.0663067935848582,1.370631332202036
2023-06-19,1.0667902733527894,1.370631332202036
2023-06-20,1.0672810150803995,1.3688787870372339
2023-06-21,1.0657534381815956,1.369383782063789
2023-06-22,1.0661557920543534,1.3709554697538637
2023-06-23,1.0674656109803538,1.3704952039385292
2023-06-26,1.0666617874064894,1.3701751423386541
2023-06-27,1.0660125079941567,1.372131728437164
2023-06-28,1.0685296638417732,1.372131728437164
2023-06-29,1.0690990490683001,1.372131728437164
2023-06-30,1.0690990490683001,1.372131728437164
2023-07-03,1.0690990490683001,1.372131728437164
2023-07-04,1.0690990490683001,1.372131728437164
2023-07-05,1.0690990490683001,1.372131728437164
2023-07-06,1.0690990490683001,1.370960682198905
2023-07-07,1.0664185156683794,1.3706651394433829
2023-07-10,1.0640195325016457,1.3706651394433829
2023-07-11,1.0610759557249432,1.3685316877294826
2023-07-12,1.051863206144188,1.3647648866211586
2023-07-13,1.0457710377463254,1.3655571555569403
2023-07-14,1.0474468137346507,1.365538717836358
2023-07-17,1.0473663923140422,1.3647402030440035
2023-07-18,1.0468082566477908,1.3650048172100688
2023-07-19,1.0476479076661116,1.3662121193427408
2023-07-20,1.0485343129044966,1.3662121193427408
2023-07-21,1.0485343129044966,1.3662121193427408
2023-07-24,1.0485343129044966,1.3662121193427408
2023-07-25,1.0485343129044966,1.3662121193427408
2023-07-26,1.0485343129044966,1.3662121193427408
2023-07-27,1.0485343129044966,1.3662121193427408
2023-07-28,1.0485343129044966,1.3662121193427408
2023-07-31,1.0485343129044966,1.3662121193427408
2023-08-01,1.0485343129044966,1.3662121193427408
2023-08-02,1.0485343129044966,1.3662121193427408
2023-08-03,1.0485343129044966,1.3662121193427408
2023-08-04,1.0485343129044966,1.3662121193427408
2023-08-07,1.0485343129044966,1.3662121193427408
2023-08-08,1.0483536541145728,1.3662121193427408
2023-08-09,1.0483536541145728,1.3667680768737724
2023-08-10,1.048761139594076,1.3667680768737724
2023-08-11,1.048761139594076,1.3667680768737724
2023-08-14,1.048761139594076,1.3667680768737724
2023-08-15,1.048761139594076,1.3667680768737724
2023-08-16,1.048761139594076,1.3667680768737724
2023-08-17,1.048761139594076,1.3667680768737724
2023-08-18,1.048761139594076,1.3667680768737724
2023-08-21,1.048761139594076,1.3667680768737724
2023-08-22,1.048761139594076,1.3667680768737724
2023-08-23,1.048761139594076,1.3667680768737724
2023-08-24,1.048761139594076,1.3667680768737724
2023-08-25,1.048761139594076,1.3667680768737724
2023-08-28,1.048761139594076,1.3667680768737724
2023-08-29,1.048761139594076,1.3667680768737724
2023-08-30,1.048761139594076,1.3667680768737724
2023-08-31,1.048761139594076,1.3667680768737724
2023-09-01,1.048761139594076,1.36698342839704
2023-09-04,1.0489482300288822,1.3659874276019277
2023-09-05,1.0480829367679028,1.3660547249529487
2023-09-06,1.0481414025287799,1.3660547249529487
2023-09-07,1.0481414025287799,1.3661087188710044
2023-09-08,1.0481883106975851,1.3661087188710044
2023-09-11,1.0481883106975851,1.3661087188710044
2023-09-12,1.0481883106975851,1.3661087188710044
2023-09-13,1.0481883106975851,1.3661087188710044
2023-09-14,1.0481883106975851,1.3662987096847958
2023-09-15,1.0483533685686517,1.3667736867192743
2023-09-18,1.0487660132463177,1.3667736867192743
2023-09-19,1.0487660132463177,1.3667736867192743
2023-09-20,1.0487660132463177,1.3667736867192743
2023-09-21,1.0487660132463177,1.3667736867192743
2023-09-22,1.0487660132463177,1.3667736867192743
2023-09-25,1.0487660132463177,1.3667736867192743
2023-09-26,1.0481224943502205,1.3676451651317134
2023-09-27,1.0488561478148266,1.3676451651317134
2023-09-28,1.047299754393484,1.3666910705443795
2023-09-29,1.0464188887055665,1.3696912122582654
2023-10-02,1.0490344535459766,1.3705935246556433
2023-10-03,1.0501554260643522,1.3706022578724795
2023-10-04,1.0499917449334548,1.3679177656955805
2023-10-05,1.0476901370122467,1.367651964640322
2023-10-06,1.0473289318211423,1.3669112067743268
2023-10-09,1.0460085555928564,1.365868343008088
2023-10-10,1.0443728615176389,1.3664655527727523
2023-10-11,1.0449309681688235,1.3664655527727523
2023-10-12,1.0449309681688235,1.3664655527727523
2023-10-13,1.0449309681688235,1.3664655527727523
2023-10-16,1.0449309681688235,1.3664655527727523
2023-10-17,1.0449309681688235,1.3664655527727523
2023-10-18,1.0449309681688235,1.3664655527727523
2023-10-19,1.0449309681688235,1.3664655527727523
2023-10-20,1.0449309681688235,1.3664655527727523
2023-10-23,1.0449309681688235,1.3664655527727523
2023-10-24,1.0449309681688235,1.3664655527727523
2023-10-25,1.0449309681688235,1.3664655527727523
2023-10-26,1.045156498951871,1.3664655527727523
2023-10-27,1.045156498951871,1.3664655527727523
2023-10-30,1.045156498951871,1.3664655527727523
2023-10-31,1.045156498951871,1.3664655527727523
2023-11-01,1.045156498951871,1.3664655527727523
2023-11-02,1.045156498951871,1.3664655527727523
2023-11-03,1.045156498951871,1.3664655527727523
2023-11-06,1.045156498951871,1.3664655527727523
2023-11-07,1.045156498951871,1.3664655527727523
2023-11-08,1.045156498951871,1.3664655527727523
2023-11-09,1.045156498951871,1.3663191651508562
2023-11-10,1.0450531435053674,1.3663191651508562
2023-11-13,1.0450531435053674,1.3663191651508562
2023-11-14,1.0450531435053674,1.3673121053750197
2023-11-15,1.0450531435053674,1.3673121053750197
2023-11-16,1.0450531435053674,1.3673121053750197
2023-11-17,1.0450531435053674,1.3669797675402806
2023-11-20,1.0447644191487409,1.3673635174912455
2023-11-21,1.045097808688288,1.3673635174912455
2023-11-22,1.045097808688288,1.3673635174912455
2023-11-23,1.045097808688288,1.3673635174912455
2023-11-24,1.045097808688288,1.3673635174912455
2023-11-27,1.045097808688288,1.3673635174912455
2023-11-28,1.0447052311391698,1.3676685527173633
2023-11-29,1.0448454374067122,1.3685103085269168
2023-11-30,1.0448454374067122,1.3685103085269168
2023-12-01,1.044245988840695,1.368945816867703
2023-12-04,1.0446206441944557,1.3695446408362837
2023-12-05,1.0451357953058769,1.3695446408362837
2023-12-06,1.0451451616897207,1.3695446408362837
2023-12-07,1.045201359992785,1.3704360932097177
2023-12-08,1.0457041867237091,1.3717515290290534
2023-12-11,1.046583003336965,1.3717515290290534
2023-12-12,1.0461770988142347,1.3689548729156717
2023-12-13,1.043455689972381,1.3666472777309329
2023-12-14,1.041620059326148,1.3666357357522037
2023-12-15,1.0415741170926416,1.3675319742292598
2023-12-18,1.0422535344705925,1.3651667277316943
2023-12-19,1.0410397527421393,1.3667484633365978
2023-12-20,1.042339473925014,1.3667484633365978
2023-12-21,1.0415339649144286,1.3666049054764544
2023-12-22,1.0416458245119378,1.3666049054764544
2023-12-25,1.0415240615219654,1.3666049054764544
2023-12-26,1.0409433457236361,1.3657903400479887
2023-12-27,1.040569422348013,1.3657903400479887
2023-12-28,1.0403061682006207,1.3659446567076334
2023-12-29,1.040418991406646,1.367282067757887
2024-01-01,1.040418991406646,1.367282067757887
2024-01-02,1.0413967925255316,1.367282067757887
2024-01-03,1.0413967925255316,1.367282067757887
2024-01-04,1.0413967925255316,1.367282067757887
2024-01-05,1.0413967925255316,1.367282067757887
2024-01-08,1.0413967925255316,1.367282067757887
2024-01-09,1.0413967925255316,1.3678409932130207
2024-01-10,1.0418813110700391,1.3678409932130207
2024-01-11,1.0418813110700391,1.3675615050149172
2024-01-12,1.041639029718012,1.3675481960531028
2024-01-15,1.0416274925107727,1.366550023917019
2024-01-16,1.0407622019678193,1.366550023917019
2024-01-17,1.0407622019678193,1.366550023917019
2024-01-18,1.0407622019678193,1.366550023917019
2024-01-19,1.0407622019678193,1.366550023917019
2024-01-22,1.0407622019678193,1.3671237916052508
2024-01-23,1.0407622019678193,1.3671237916052508
2024-01-24,1.0407622019678193,1.3669097179621097
2024-01-25,1.0406190185979007,1.366368998018819
2024-01-26,1.0405792454395901,1.367425782891484
2024-01-29,1.040626973229563,1.3673187460699134
2024-01-30,1.0409264210316127,1.3659882101993988
2024-01-31,1.0403278269834073,1.3686067091118406
2024-02-01,1.0416758326861282,1.3686067091118406
2024-02-02,1.0416758326861282,1.3665424522057228
2024-02-05,1.0393210031821303,1.3692411559732252
2024-02-06,1.0415155844660493,1.369577138547972
2024-02-07,1.0417403067465705,1.369577138547972
2024-02-08,1.0416680745849745,1.369577138547972
2024-02-09,1.0416680745849745,1.369577138547972
2024-02-12,1.0416680745849745,1.369577138547972
2024-02-13,1.0416680745849745,1.369577138547972
2024-02-14,1.0423148102949664,1.369577138547972
2024-02-15,1.0423148102949664,1.369577138547972
2024-02-16,1.0423148102949664,1.3696953182279423
2024-02-19,1.042402763615626,1.3700439628979322
2024-02-20,1.0428604238906438,1.3700915324396972
2024-02-21,1.0429909177356465,1.3700915324396972
2024-02-22,1.0429909177356465,1.3702895161396011
2024-02-23,1.0432203949119523,1.3703391469921329
2024-02-26,1.0428849462603011,1.3703391469921329
2024-02-27,1.0429525448409638,1.3703391469921329
2024-02-28,1.0429525448409638,1.3703391469921329
2024-02-29,1.0429695693603547,1.3703391469921329
2024-03-01,1.0434803049420842,1.3703885702076741
2024-03-04,1.043227079606595,1.3704545125502285
2024-03-05,1.0431561960451805,1.3704545125502285
2024-03-06,1.044496765407857,1.3704545125502285
2024-03-07,1.0448734621190203,1.3704545125502285
2024-03-08,1.0448734621190203,1.3704545125502285
2024-03-11,1.0448734621190203,1.3704545125502285
2024-03-12,1.0448734621190203,1.3704545125502285
2024-03-13,1.0448734621190203,1.3704545125502285
2024-03-14,1.0448734621190203,1.3704545125502285
2024-03-15,1.0448734621190203,1.3704545125502285
2024-03-18,1.0448734621190203,1.3704545125502285
2024-03-19,1.0448734621190203,1.3711346510870464
2024-03-20,1.0454969930958276,1.3702668881262787
2024-03-21,1.044508173263221,1.3679193136502326
2024-03-22,1.0424313630010524,1.3680256528233552
2024-03-25,1.0425435203667481,1.3671050112773462
2024-03-26,1.0418724992453263,1.366376605195763
2024-03-27,1.0413146265272522,1.3653406695293053
2024-03-28,1.0403081667375167,1.3660128215410638
2024-03-29,1.0408810324893674,1.3642150151453096
2024-04-01,1.0393895953841403,1.3650011371352253
2024-04-02,1.0400417520945426,1.3661126988886454
2024-04-03,1.0409638894546702,1.3661407590851191
2024-04-04,1.040987167833421,1.366185418758073
2024-04-05,1.0410242169247514,1.366185418758073
2024-04-08,1.0410242169247514,1.366185418758073
2024-04-09,1.0410242169247514,1.367837289091045
2024-04-10,1.0410242169247514,1.367837289091045
2024-04-11,1.0410242169247514,1.367837289091045
2024-04-12,1.0410242169247514,1.367837289091045
2024-04-15,1.0410242169247514,1.367837289091045
2024-04-16,1.0410242169247514,1.367837289091045
2024-04-17,1.0410242169247514,1.367837289091045
2024-04-18,1.0410242169247514,1.367837289091045
2024-04-19,1.0410242169247514,1.367837289091045
2024-04-22,1.0410242169247514,1.367837289091045
2024-04-23,1.0410242169247514,1.367837289091045
2024-04-24,1.0410242169247514,1.367837289091045
2024-04-25,1.0410242169247514,1.3680947270063395
2024-04-26,1.0413212472799012,1.3672337157018188
2024-04-29,1.0413212472799012,1.3680972951288892
2024-04-30,1.0418954437109211,1.3676667478187727
2024-05-01,1.0416091715729976,1.3675811195304017
2024-05-02,1.0415522370791506,1.3674222731899874
2024-05-03,1.041555297197304,1.3668857816875226
2024-05-06,1.040998963693734,1.367519356339385
2024-05-07,1.041882035340028,1.367519356339385
2024-05-08,1.041882035340028,1.3672014595125863
2024-05-09,1.041882035340028,1.3671892834775774
2024-05-10,1.041882035340028,1.3671892834775774
2024-05-13,1.041882035340028,1.3671892834775774
2024-05-14,1.041882035340028,1.3671892834775774
2024-05-15,1.041882035340028,1.3673695915025124
2024-05-16,1.0421986594293597,1.3669960725895056
2024-05-17,1.0419255904676048,1.3669361216897609
2024-05-20,1.0418854741123313,1.366900179459799
2024-05-21,1.041861423242826,1.3668043787627167
2024-05-22,1.0417973178696631,1.3670196591331414
2024-05-23,1.0419413734861782,1.3665638899577048
2024-05-24,1.0412646436778334,1.3660222546495762
2024-05-27,1.0408707674211473,1.3661052928704056
2024-05-28,1.0409493789927327,1.3681691108376057
2024-05-29,1.0420796550903693,1.3677974305073473
2024-05-30,1.0418309438910334,1.36767811747885
2024-05-31,1.0417511051586652,1.365745708186282
2024-06-03,1.0412249966096903,1.3665545756559696
2024-06-04,1.042196643145067,1.3659902318215156
2024-06-05,1.0415656459323719,1.3658075992933816
2024-06-06,1.0415656459323719,1.3666587139569488
2024-06-07,1.0415656459323719,1.3665152555100388
2024-06-10,1.0415656459323719,1.3664078645066882
2024-06-11,1.0415656459323719,1.3657167669662331
2024-06-12,1.0415656459323719,1.3661418360291389
2024-06-13,1.0415656459323719,1.3661418360291389
2024-06-14,1.0415656459323719,1.3661418360291389
2024-06-17,1.0415656459323719,1.3661418360291389
2024-06-18,1.0415656459323719,1.3661418360291389
2024-06-19,1.0415656459323719,1.3661418360291389
2024-06-20,1.0415656459323719,1.3661418360291389
2024-06-21,1.0415656459323719,1.3661418360291389
2024-06-24,1.0415656459323719,1.3661418360291389
2024-06-25,1.0415656459323719,1.3661418360291389
2024-06-26,1.0415656459323719,1.3661418360291389
2024-06-27,1.0415656459323719,1.3661418360291389
2024-06-28,1.0415656459323719,1.3661418360291389
2024-07-01,1.0415656459323719,1.3661418360291389
2024-07-02,1.0415798568579702,1.3661418360291389
2024-07-03,1.0415798568579702,1.3661418360291389
2024-07-04,1.0415798568579702,1.3661418360291389
2024-07-05,1.0415798568579702,1.3661418360291389
2024-07-08,1.0415798568579702,1.3661418360291389
2024-07-09,1.0415798568579702,1.3661418360291389
2024-07-10,1.0415798568579702,1.3661418360291389
2024-07-11,1.0414617165879774,1.3661095870312359
2024-07-12,1.0414345054471066,1.3655938301204433
2024-07-15,1.0411665238288472,1.3654124845904714
2024-07-16,1.0411155868895614,1.366063607581094
2024-07-17,1.042600600747048,1.3669886973896337
2024-07-18,1.0432558093876214,1.3662897774362277
2024-07-19,1.0423715471663482,1.3651330807791244
2024-07-22,1.0411415855779207,1.363173981656234
2024-07-23,1.0380570167910983,1.3600469141305764
2024-07-24,1.0354149898644545,1.3580883924565863
2024-07-25,1.0335536870408002,1.3581674003098447
2024-07-26,1.0336109809048277,1.358173746243104
2024-07-29,1.0334125127534364,1.357287716283812
2024-07-30,1.0329196295179202,1.3557003767161595
2024-07-31,1.031959407479251,1.3540664146959536
2024-08-01,1.0303610437225141,1.352208723960083
2024-08-02,1.030334078856666,1.3498577414273265
2024-08-05,1.0283830845838204,1.350017808323174
2024-08-06,1.0287446662195296,1.352370785307326
2024-08-07,1.030477224621096,1.3535929386754215
2024-08-08,1.0313313349143367,1.3535929386754215
2024-08-09,1.030874404273517,1.3541957279396837
2024-08-12,1.0313165952162455,1.3538240078933887
2024-08-13,1.0313165952162455,1.3543162857925362
2024-08-14,1.0313165952162455,1.3543162857925362
2024-08-15,1.0313165952162455,1.3543162857925362
2024-08-16,1.0313165952162455,1.3543162857925362
2024-08-19,1.0313165952162455,1.3543162857925362
2024-08-20,1.0313165952162455,1.3543162857925362
2024-08-21,1.031087807672377,1.354811548658791
2024-08-22,1.031520944556998,1.354811548658791
2024-08-23,1.0306028407592756,1.355215434492134
2024-08-26,1.030953519987732,1.355215434492134
2024-08-27,1.030953519987732,1.355215434492134
2024-08-28,1.0316800275295595,1.355215434492134
2024-08-29,1.0316800275295595,1.355215434492134
2024-08-30,1.0316800275295595,1.355215434492134
2024-09-02,1.0316800275295595,1.355215434492134
2024-09-03,1.0316800275295595,1.355215434492134
2024-09-04,1.0316800275295595,1.355215434492134
2024-09-05,1.0316800275295595,1.355215434492134
2024-09-06,1.0316800275295595,1.355215434492134
2024-09-09,1.0316800275295595,1.355215434492134
2024-09-10,1.0316800275295595,1.355215434492134
2024-09-11,1.0316800275295595,1.355215434492134
2024-09-12,1.0316800275295595,1.355215434492134
2024-09-13,1.0316800275295595,1.355215434492134
2024-09-16,1.0316800275295595,1.355215434492134
2024-09-17,1.0316800275295595,1.355215434492134
2024-09-18,1.0316800275295595,1.355215434492134
2024-09-19,1.0316800275295595,1.355215434492134
2024-09-20,1.0316800275295595,1.355215434492134
2024-09-23,1.0314806331073254,1.355215434492134
2024-09-24,1.0309764500189975,1.355215434492134
2024-09-25,1.0309764500189975,1.3551540811641176
2024-09-26,1.0316243974937491,1.3578105222340022
2024-09-27,1.0335715081956538,1.3578105222340022
2024-09-30,1.0335791460232207,1.3578105222340022
2024-10-01,1.0335791460232207,1.3575066685020138
2024-10-02,1.0331754094137908,1.3560774618483908
2024-10-03,1.0309968577981117,1.3544701678664393
2024-10-04,1.028391501376852,1.3550665924820555
2024-10-07,1.0285308911559963,1.3549572156579552
2024-10-08,1.0284332595325303,1.354637725324682
2024-10-09,1.0281999833829947,1.3550060259474432
2024-10-10,1.0284688984085888,1.3550060259474432
2024-10-11,1.0285306223061137,1.3550060259474432
2024-10-14,1.0284688984085888,1.3550060259474432
2024-10-15,1.0284688984085888,1.354654629379902
2024-10-16,1.028212325893871,1.354654629379902
2024-10-17,1.0280664255648087,1.355136593581862
2024-10-18,1.028426668849389,1.355136593581862
2024-10-21,1.028426668849389,1.355136593581862
2024-10-22,1.028426668849389,1.355136593581862
2024-10-23,1.028426668849389,1.355136593581862
2024-10-24,1.028426668849389,1.355136593581862
2024-10-25,1.028426668849389,1.355136593581862
2024-10-28,1.028012374929133,1.355136593581862
2024-10-29,1.0276477962793074,1.3553941822563123
2024-10-30,1.0278300856042202,1.3553941822563123
2024-10-31,1.0279958031723229,1.3553941822563123
2024-11-01,1.0279958031723229,1.3553941822563123
2024-11-04,1.0279958031723229,1.3553941822563123
2024-11-05,1.0279958031723229,1.3553941822563123
2024-11-06,1.0279958031723229,1.3553941822563123
2024-11-07,1.0279958031723229,1.3553941822563123
2024-11-08,1.0279958031723229,1.3553941822563123
2024-11-11,1.0283374292996206,1.356071421866697
2024-11-12,1.0287515852816367,1.3571749442775274
2024-11-13,1.0294264282777144,1.357401836735829
2024-11-14,1.029565181043263,1.356258780033022
2024-11-15,1.0288661614289458,1.3547977301121403
2024-11-18,1.027972677711398,1.354484893540846
2024-11-19,1.027781367080111,1.3558290594680567
2024-11-20,1.0286033721002552,1.3558290594680567
2024-11-21,1.0287021808878432,1.3550512066923177
2024-11-22,1.0280239862207898,1.3561207542589588
2024-11-25,1.0292091758275237,1.3560374128901296
2024-11-26,1.0291363994891987,1.3560374128901296
2024-11-27,1.0291363994891987,1.3560374128901296
2024-11-28,1.0291363994891987,1.3560374128901296
2024-11-29,1.0291363994891987,1.3560374128901296
2024-12-02,1.0291363994891987,1.3560374128901296
2024-12-03,1.0291363994891987,1.3560374128901296
2024-12-04,1.0291363994891987,1.3560374128901296
2024-12-05,1.0291363994891987,1.3560374128901296
2024-12-06,1.0291363994891987,1.3560374128901296
2024-12-09,1.029972683304396,1.3560374128901296
2024-12-10,1.029972683304396,1.3560374128901296
2024-12-11,1.029972683304396,1.3560374128901296
2024-12-12,1.029972683304396,1.3560374128901296
2024-12-13,1.029972683304396,1.3560374128901296
2024-12-16,1.029972683304396,1.3560374128901296
2024-12-17,1.029972683304396,1.3655895087089673
2024-12-18,1.0388723028767801,1.3663010131101747
2024-12-19,1.0382854764149405,1.3659710140574992
2024-12-20,1.0376592972094767,1.3656321820826975
2024-12-23,1.0376783112401164,1.3658026256839155
2024-12-24,1.0380979759689466,1.3653963311010608
2024-12-25,1.0380097355881184,1.3659033683226596
2024-12-26,1.0387079387624718,1.3650843560398902
2024-12-27,1.0385352664127843,1.366281125024024
2024-12-30,1.0388680424815404,1.3678448106562069
2024-12-31,1.040175783714596,1.3678323849648992
2025-01-01,1.0402099370004005,1.3678323849648992
2025-01-02,1.0403380118221672,1.3678323849648992
2025-01-03,1.0403380118221672,1.3678323849648992
2025-01-06,1.0403380118221672,1.3678323849648992
2025-01-07,1.0406640753769183,1.3675463557104168
2025-01-08,1.0404569480536132,1.3675463557104168
2025-01-09,1.0404569480536132,1.3675463557104168
2025-01-10,1.0404569480536132,1.3675463557104168
2025-01-13,1.0404569480536132,1.3675463557104168
2025-01-14,1.0404569480536132,1.3675463557104168
2025-01-15,1.0404569480536132,1.3675463557104168
2025-01-16,1.0404569480536132,1.3661244555194592
2025-01-17,1.0395847796914768,1.368601376172256
2025-01-20,1.0411040788959005,1.368601376172256
2025-01-21,1.0411040788959005,1.368601376172256
2025-01-22,1.0411040788959005,1.368601376172256
2025-01-23,1.0411040788959005,1.368601376172256
2025-01-24,1.0411040788959005,1.368601376172256
2025-01-27,1.0411040788959005,1.368601376172256
2025-01-28,1.0411040788959005,1.368601376172256
2025-01-29,1.0411040788959005,1.368601376172256
2025-01-30,1.0411040788959005,1.368601376172256
2025-01-31,1.0411040788959005,1.368601376172256
2025-02-03,1.0411040788959005,1.368601376172256
2025-02-04,1.0411040788959005,1.368601376172256
2025-02-05,1.0411040788959005,1.368601376172256
2025-02-06,1.0411040788959005,1.368601376172256
2025-02-07,1.0411040788959005,1.368601376172256
2025-02-10,1.0411040788959005,1.368601376172256
2025-02-11,1.0411040788959005,1.368601376172256
2025-02-12,1.0411040788959005,1.368601376172256
2025-02-13,1.0411040788959005,1.368601376172256
2025-02-14,1.0411040788959005,1.368601376172256
2025-02-17,1.0411040788959005,1.368601376172256
2025-02-18,1.0411040788959005,1.368601376172256
2025-02-19,1.0411040788959005,1.368601376172256
2025-02-20,1.0411040788959005,1.368601376172256
2025-02-21,1.0411040788959005,1.368601376172256
2025-02-24,1.0411040788959005,1.368601376172256
2025-02-25,1.0411040788959005,1.368601376172256
2025-02-26,1.0411040788959005,1.368601376172256
2025-02-27,1.0411040788959005,1.368601376172256
2025-02-28,1.0411040788959005,1.3697296786315032
2025-03-03,1.0424676161512527,1.3694357369228431
2025-03-04,1.0431006909144667,1.3703545342399541
2025-03-05,1.041366689822194,1.370006993008902
2025-03-06,1.0410815216828804,1.370006993008902
2025-03-07,1.0402096282914155,1.3709125016055888
2025-03-10,1.040533311726441,1.3703855782271994
2025-03-11,1.0388755868261164,1.3702410324682448
2025-03-12,1.0392248028225255,1.3702410324682448
2025-03-13,1.0392248028225255,1.3704456000947178
2025-03-14,1.0392248028225255,1.3675686840321284
2025-03-17,1.0360029478362123,1.367387833368863
2025-03-18,1.0359155402844828,1.3684673690606557
2025-03-19,1.0369079720397645,1.3688971702685562
2025-03-20,1.038489464879695,1.3688971702685562
2025-03-21,1.038585463472136,1.3688971702685562
2025-03-24,1.0386814620645772,1.3688971702685562
2025-03-25,1.038258091082599,1.3688971702685562
2025-03-26,1.0390395791464624,1.3688971702685562
2025-03-27,1.0387875828413042,1.3694514618036797
2025-03-28,1.0389824300775645,1.3694514618036797
2025-03-31,1.039744779080379,1.3693911661670348
2025-04-01,1.0395527818954968,1.3693911661670348
2025-04-02,1.0394567833030557,1.3693911661670348
2025-04-03,1.0394567833030557,1.3925874959976214
2025-04-04,1.0589267856877684,1.396021813700951
2025-04-07,1.0600589952005717,1.3947732107334492
2025-04-08,1.0578893599846988,1.3948959421212124
2025-04-09,1.0572940684840435,1.3873609011270438
2025-04-10,1.046639184535065,1.3814583922321082
2025-04-11,1.0384920654780707,1.375741004480067
2025-04-14,1.0341135363961647,1.3791509305767737
2025-04-15,1.0362494990752422,1.3759833957028795
2025-04-16,1.0327981246411948,1.374996747335218
2025-04-17,1.0325665669882473,1.3758220221586672
2025-04-18,1.0330303124380298,1.3733344905688727
2025-04-21,1.0290162921953903,1.3767834216112584
2025-04-22,1.0320986887615218,1.378861785445865
2025-04-23,1.0344616025200832,1.3775853926563153
2025-04-24,1.0344616025200832,1.3784133973404582
2025-04-25,1.0352102064403574,1.3780304374873116
2025-04-28,1.0352102064403574,1.3791731681680253
2025-04-29,1.0352102064403574,1.3791731681680253
2025-04-30,1.0352102064403574,1.3791731681680253
2025-05-01,1.0352102064403574,1.3791731681680253
2025-05-02,1.0352102064403574,1.3791731681680253
2025-05-05,1.0352102064403574,1.3791731681680253
2025-05-06,1.0352102064403574,1.3791731681680253
2025-05-07,1.0352102064403574,1.3791731681680253
2025-05-08,1.0352102064403574,1.3791731681680253
2025-05-09,1.0352102064403574,1.3791731681680253
2025-05-12,1.0352102064403574,1.3791731681680253
2025-05-13,1.0352102064403574,1.3791731681680253
2025-05-14,1.0352102064403574,1.3791731681680253
2025-05-15,1.0352102064403574,1.3791731681680253
2025-05-16,1.0352102064403574,1.3791731681680253
2025-05-19,1.0352102064403574,1.3791731681680253
2025-05-20,1.0352102064403574,1.3791731681680253
2025-05-21,1.0352102064403574,1.3791731681680253
2025-05-22,1.0352102064403574,1.3791731681680253
2025-05-23,1.0352102064403574,1.3791731681680253
2025-05-26,1.0350045930707057,1.3791731681680253
2025-05-27,1.0350045930707057,1.3791731681680253
2025-05-28,1.0350045930707057,1.3791731681680253
2025-05-29,1.0350045930707057,1.3791731681680253
2025-05-30,1.0350045930707057,1.3791731681680253
2025-06-02,1.0350045930707057,1.3791731681680253
2025-06-03,1.0350045930707057,1.3791731681680253
2025-06-04,1.0360048033668217,1.3791731681680253
2025-06-05,1.0364345454906252,1.3791731681680253
2025-06-06,1.0364345454906252,1.3791731681680253
2025-06-09,1.0364345454906252,1.3791731681680253
2025-06-10,1.0366978613231472,1.3791731681680253
2025-06-11,1.0366978613231472,1.3791731681680253
2025-06-12,1.0366978613231472,1.3791731681680253
2025-06-13,1.0366978613231472,1.3791731681680253
2025-06-16,1.0366978613231472,1.3791731681680253
2025-06-17,1.0366978613231472,1.3791731681680253
2025-06-18,1.0366978613231472,1.3791731681680253
2025-06-19,1.0366978613231472,1.3791731681680253
2025-06-20,1.0366978613231472,1.3791731681680253
2025-06-23,1.0368736728040095,1.3791731681680253
2025-06-24,1.0368736728040095,1.3791731681680253
2025-06-25,1.0368736728040095,1.3791731681680253
2025-06-26,1.0376183837510289,1.3791731681680253
2025-06-27,1.0376183837510289,1.3791731681680253
2025-06-30,1.0376183837510289,1.3791731681680253
2025-07-01,1.0376183837510289,1.3791731681680253
2025-07-02,1.0376183837510289,1.3791731681680253
2025-07-03,1.0376183837510289,1.3791731681680253
2025-07-04,1.0376183837510289,1.3791731681680253
2025-07-07,1.0376183837510289,1.3791731681680253
2025-07-08,1.0376183837510289,1.3791731681680253
2025-07-09,1.0376183837510289,1.3791731681680253
2025-07-10,1.0376183837510289,1.3791731681680253
2025-07-11,1.0376183837510289,1.3791731681680253
2025-07-14,1.0376183837510289,1.3791731681680253
2025-07-15,1.0376183837510289,1.3791731681680253
2025-07-16,1.0376183837510289,1.3791731681680253
2025-07-17,1.0376183837510289,1.3791731681680253
2025-07-18,1.038605268993199,1.3791731681680253
2025-07-21,1.038605268993199,1.3791731681680253
2025-07-22,1.038605268993199,1.3791731681680253
2025-07-23,1.038605268993199,1.3791731681680253
2025-07-24,1.038605268993199,1.3791731681680253
2025-07-25,1.038605268993199,1.3791731681680253
2025-07-28,1.038605268993199,1.3791137059058043
2025-07-29,1.038567135578762,1.3791137059058043
2025-07-30,1.038567135578762,1.3788523366593188
2025-07-31,1.0385270905343202,1.3788523366593188
2025-08-01,1.0385270905343202,1.3788523366593188
2025-08-04,1.0385270905343202,1.3788523366593188
2025-08-05,1.0385270905343202,1.3788523366593188
2025-08-06,1.0385270905343202,1.3788523366593188
2025-08-07,1.0385270905343202,1.3788523366593188
2025-08-08,1.0385270905343202,1.3788523366593188
2025-08-11,1.0385270905343202,1.3788523366593188
2025-08-12,1.0385270905343202,1.3788523366593188
2025-08-13,1.0385270905343202,1.3788523366593188
2025-08-14,1.0385270905343202,1.3788523366593188
2025-08-15,1.0385270905343202,1.3788523366593188
2025-08-18,1.0385270905343202,1.3781496957420925
2025-08-19,1.0385270905343202,1.37645366594189
2025-08-20,1.0385270905343202,1.3763325209561612
2025-08-21,1.0384162903220826,1.377495512819157
2025-08-22,1.0402462130992984,1.377495512819157
2025-08-25,1.039847332335243,1.37783576284679
2025-08-26,1.0403487370185163,1.3781041329977857
2025-08-27,1.0405404034494774,1.3781041329977857
2025-08-28,1.0405404034494774,1.3781041329977857
2025-08-29,1.0405404034494774,1.3781041329977857
2025-09-01,1.0406323614313087,1.3781041329977857
2025-09-02,1.0406323614313087,1.3781214436319684
2025-09-03,1.0408317405391887,1.3781214436319684
2025-09-04,1.0404919839458313,1.3798643940150703
2025-09-05,1.0417544092284112,1.3798643940150703
2025-09-08,1.0417544092284112,1.3798643940150703
2025-09-09,1.0418195612898353,1.3798643940150703
2025-09-10,1.0418195612898353,1.3798643940150703
2025-09-11,1.0418195612898353,1.3798643940150703
2025-09-12,1.0418195612898353,1.3798643940150703
2025-09-15,1.0418195612898353,1.3798643940150703
2025-09-16,1.0418195612898353,1.3798643940150703
2025-09-17,1.0418195612898353,1.3798643940150703
2025-09-18,1.0418195612898353,1.3798643940150703
2025-09-19,1.0418195612898353,1.3798643940150703
2025-09-22,1.0418195612898353,1.3798643940150703
2025-09-23,1.0418195612898353,1.3798643940150703
2025-09-24,1.0418195612898353,1.3788275816098083
2025-09-25,1.0410790835110824,1.3788758054426111
2025-09-26,1.0411135243380008,1.3797197225166618
2025-09-29,1.041716238809079,1.379799112401482
2025-09-30,1.04183332099773,1.380297685219225
2025-10-01,1.0420165526363645,1.380297685219225
2025-10-02,1.0418890293763445,1.380297685219225
2025-10-03,1.0425988148088052,1.38060985859358
2025-10-06,1.0427577131113126,1.3780526110672597
2025-10-07,1.0399929552594818,1.3765455325334628
2025-10-08,1.038177961120383,1.373243072689031
2025-10-09,1.035026696733371,1.375038780826687
2025-10-10,1.0362905838325116,1.3744187478225187
2025-10-13,1.035781703236939,1.3740048804682845
2025-10-14,1.0355247941703896,1.376292237798144
2025-10-15,1.0381164739753823,1.376801116881759
2025-10-16,1.039066506188961,1.3762226071205597
2025-10-17,1.0390258799261824,1.376531594223709
2025-10-20,1.0394160899279659,1.375529723383924
2025-10-21,1.0374975590463225,1.3756669567962418
2025-10-22,1.037579605956452,1.375754287149535
2025-10-23,1.037653970965607,1.375754287149535
2025-10-24,1.037653970965607,1.375754287149535
2025-10-27,1.037653970965607,1.376769497383306
2025-10-28,1.037653970965607,1.376769497383306
2025-10-29,1.037653970965607,1.3752520272523627
2025-10-30,1.0373223229812039,1.3752640539014955
2025-10-31,1.037330035725027,1.3752640539014955
2025-11-03,1.037330035725027,1.3752640539014955
2025-11-04,1.037330035725027,1.3756163356150708
2025-11-05,1.037620440795204,1.3756163356150708
2025-11-06,1.037620440795204,1.375338808086443
2025-11-07,1.037620440795204,1.3759190929190284
2025-11-10,1.037620440795204,1.3759190929190284
2025-11-11,1.037620440795204,1.3759190929190284
2025-11-12,1.037620440795204,1.3759190929190284
2025-11-13,1.037620440795204,1.376599212708741
2025-11-14,1.037620440795204,1.376599212708741
2025-11-17,1.037620440795204,1.376599212708741
2025-11-18,1.037620440795204,1.376599212708741
2025-11-19,1.037620440795204,1.376599212708741
2025-11-20,1.037620440795204,1.376599212708741
2025-11-21,1.037620440795204,1.3765469447852903
2025-11-24,1.037620440795204,1.3766689032733421
2025-11-25,1.037620440795204,1.3759197297038783
2025-11-26,1.037620440795204,1.3757106580100746
2025-11-27,1.037620440795204,1.3757106580100746
2025-11-28,1.037620440795204,1.3757106580100746
2025-12-01,1.037620440795204,1.3757106580100746
2025-12-02,1.037620440795204,1.3757106580100746
2025-12-03,1.037620440795204,1.3757106580100746
2025-12-04,1.037620440795204,1.3761993433304376
2025-12-05,1.037620440795204,1.3766880286508005
2025-12-08,1.037620440795204,1.376985519213608
2025-12-09,1.037620440795204,1.376985519213608
2025-12-10,1.037620440795204,1.3774403836953537
2025-12-11,1.037774554458799,1.3774403836953537
2025-12-12,1.0377837222555668,1.3774935190150492
2025-12-15,1.0377837222555668,1.3774935190150492
2025-12-16,1.0377837222555668,1.3774935190150492
2025-12-17,1.0380866554825383,1.3774935190150492
2025-12-18,1.0380866554825383,1.3774935190150492
2025-12-19,1.0380866554825383,1.3774935190150492
2025-12-22,1.0380866554825383,1.3774935190150492
2025-12-23,1.0380866554825383,1.3774935190150492
2025-12-24,1.0380866554825383,1.3774935190150492
2025-12-25,1.0380866554825383,1.3774935190150492
2025-12-26,1.0380866554825383,1.3774935190150492
2025-12-29,1.0380866554825383,1.3774935190150492
2025-12-30,1.0380866554825383,1.3774935190150492
2025-12-31,1.0380866554825383,1.3774935190150492
2026-01-01,1.0380866554825383,1.3774935190150492
2026-01-02,1.0380866554825383,1.3774935190150492
2026-01-05,1.0380866554825383,1.3774935190150492
2026-01-06,1.0380866554825383,1.3774935190150492
2026-01-07,1.0380866554825383,1.3774935190150492
2026-01-08,1.0380866554825383,1.3774935190150492
2026-01-09,1.0380866554825383,1.3774935190150492
2026-01-12,1.0380866554825383,1.3774935190150492
2026-01-13,1.0380866554825383,1.3774935190150492
2026-01-14,1.0380866554825383,1.3774935190150492
2026-01-15,1.0380866554825383,1.3774935190150492
2026-01-16,1.0380866554825383,1.3774935190150492
2026-01-19,1.0380866554825383,1.3774935190150492
2026-01-20,1.0380866554825383,1.3774935190150492
2026-01-21,1.0380866554825383,1.3774935190150492
2026-01-22,1.0380866554825383,1.3774935190150492
2026-01-23,1.0380866554825383,1.3774935190150492
2026-01-26,1.0370543234595444,1.3755681151551618
2026-01-27,1.03571636682448,1.3764474375480569
2026-01-28,1.036291583423172,1.3762692489070454
2026-01-29,1.035207976677402,1.380241377737331
2026-01-30,1.0389747824709685,1.380241377737331
2026-02-02,1.0400735325352684,1.380241377737331
2026-02-03,1.0378926531669217,1.3807607336777399
2026-02-04,1.0388033397970478,1.3807607336777399
2026-02-05,1.0399374243191362,1.3807607336777399
2026-02-06,1.0399374243191362,1.3807607336777399
2026-02-09,1.0386493788202709,1.3813406805910227
2026-02-10,1.0382283339356857,1.3813406805910227
2026-02-11,1.0382283339356857,1.3813406805910227
2026-02-12,1.0382283339356857,1.3813406805910227
2026-02-13,1.0382283339356857,1.3813406805910227
2026-02-16,1.0382283339356857,1.3813406805910227
2026-02-17,1.0382283339356857,1.3813406805910227
