Currency,Model,Observations,Signal_Triggers,Hit_Rate_Pct,Information_Coefficient,Sharpe_Ratio,Maximum_Drawdown_Pct,Strategy_Total_Return_Pct,Average_Adj_R2,Average_Train_RMSE,Average_Validation_RMSE,Test_RMSE,Generalization_Gap,Best_Params,Best_Validation_RMSE,Best_Alpha,Best_L1_Ratio,Best_N_Estimators,Best_Max_Depth,Best_Learning_Rate,Best_Subsample
GBP,ElasticNetCV,6427,224,46.42857142857143,0.006674144236986484,-0.1081248894952375,-17.83510178989587,-10.168756683012303,0.29122650952516405,0.45831496133982724,0.4586997353684875,0.48967518751793626,0.03136022617810902,"{""alpha"": 0.1873817422860383, ""l1_ratio"": 0.1}",0.27271465985563903,0.1873817422860383,0.1,,,,
GBP,OLS,6427,221,47.05882352941176,-0.004559717153877361,0.08040208391934339,-14.289112127092096,5.97867687108351,0.3092715440785373,0.45144561570833136,0.46360680685915306,0.48319276265955774,0.03174714695122638,{},0.279100955253597,,,,,,
GBP,LassoCV,6427,215,46.97674418604651,0.008349848413250639,-0.1652637150324078,-19.527426655117175,-14.453594021726424,0.2929252027818911,0.4576363617017437,0.4607188768128887,0.4900011584744057,0.03236479677266196,"{""alpha"": 0.05336699231206307}",0.2747255081362932,0.05336699231206307,,,,,
GBP,RidgeCV,6427,210,49.047619047619044,0.0008801900273018975,-0.1721514464676124,-19.53706475274547,-14.948288726518665,0.3016315051721401,0.45510030138523994,0.4585746593985323,0.48825971677870605,0.03315941539346612,"{""alpha"": 100.0}",0.27209755364767957,100.0,,,,,
GBP,LGBMRegressor,6427,206,46.601941747572816,-0.016680144933134664,0.07016499024975198,-11.091678509060742,5.0459522821550085,0.36511077053921465,0.43372732292843663,0.4709677308204856,0.5083930581560735,0.07466573522763686,"{""learning_rate"": 0.1, ""max_depth"": 3, ""n_estimators"": 200, ""subsample"": 0.8}",0.2704044707971581,,,200.0,3.0,0.1,0.8
GBP,XGBRegressor,6427,207,50.24154589371981,-0.022074084452359886,0.03742576931170022,-10.851819385152817,1.8177175093876397,0.40178623774346767,0.4190418085514032,0.4676155364882781,0.507907320568712,0.0888655120173088,"{""learning_rate"": 0.1, ""max_depth"": 2, ""n_estimators"": 200, ""subsample"": 0.8}",0.2772063307887249,,,200.0,2.0,0.1,0.8
