Date,Model,Signal,Forward_10d_Return,Hit,Attribution_Method,Largest_Attribution_Driver,Largest_Attribution_Value,Largest_Attribution_Abs,Driver_1_Name,Driver_1_Beta,Driver_1_SHAP,Driver_2_Name,Driver_2_Beta,Driver_2_SHAP,Driver_3_Name,Driver_3_Beta,Driver_3_SHAP,Dominant_Attribution_Method
2001-10-19,OLS,BUY,0.0207955338450802,True,BETA,5y yield,0.5226243543854523,0.5226243543854523,MSCI World - Wilshire,0.1684856781201729,,Gold,0.1417843234787503,,5y yield,0.5226243543854523,,
2002-01-25,OLS,BUY,0.0048288595369976,True,BETA,MSCI World - Wilshire,0.1861791600901101,0.1861791600901101,MSCI World - Wilshire,0.1861791600901101,,Gold,0.1527085663215026,,,,,
2002-02-06,OLS,BUY,0.010549419427924,True,BETA,MSCI World - Wilshire,0.2032416439975164,0.2032416439975164,MSCI World - Wilshire,0.2032416439975164,,Gold,0.1451148031973279,,,,,
2002-04-01,OLS,SELL,-0.0025673050235914,True,BETA,MSCI World - Wilshire,0.1532420468570577,0.1532420468570577,Gold,0.1241755331228107,,MSCI World - Wilshire,0.1532420468570577,,,,,
2002-07-24,OLS,SELL,-0.0211724313326551,True,BETA,Real 2y yield,0.3487181845850992,0.3487181845850992,Gold,0.1325847477143651,,MSCI World - Dow Jones,0.1098217334581528,,Real 2y yield,0.3487181845850992,,
2002-08-27,OLS,BUY,0.0134219442272609,True,BETA,Real 2y yield,0.2085533646054128,0.2085533646054128,Gold,0.1449459272340945,,MSCI World - Dow Jones,0.089672626130957,,Real 2y yield,0.2085533646054128,,
2002-11-25,OLS,BUY,0.0103507763082231,True,BETA,MSCI World - S&P500,0.2005637969300101,0.2005637969300101,MSCI World - S&P500,0.2005637969300101,,Gold,0.1050726630128811,,Real 2y yield,0.1235896173429741,,
2003-02-20,OLS,BUY,0.0053351744915892,True,BETA,MSCI World - S&P500,0.1772266451484414,0.1772266451484414,Gold,0.1635424351759277,,MSCI World - S&P500,0.1772266451484414,,Real 2y yield,0.0843041544961311,,
2003-05-20,OLS,SELL,-0.007433132273198,True,BETA,5y yield,0.2420328566344338,0.2420328566344338,Gold,0.1800054569639252,,MSCI World - Dow Jones,0.0990103968820653,,5y yield,0.2420328566344338,,
2003-07-15,OLS,BUY,0.0204248366013071,True,BETA,5y yield,0.3833073025295104,0.3833073025295104,Gold,0.1832575970459854,,MSCI World - S&P500,0.1651618402345347,,5y yield,0.3833073025295104,,
2003-07-18,OLS,BUY,0.0130768263548346,True,BETA,5y yield,0.6756899245064755,0.6756899245064755,Gold,0.1898916721106062,,MSCI World - S&P500,0.1453273694814605,,5y yield,0.6756899245064755,,
2003-09-29,OLS,SELL,-0.0002399664047033,True,BETA,MSCI World - S&P500,0.2176850247653076,0.2176850247653076,MSCI World - S&P500,0.2176850247653076,,Gold,0.1752746625101417,,,,,
2004-01-19,OLS,BUY,0.0203555206639376,True,BETA,Gold,0.1876565443688354,0.1876565443688354,Local Index,-0.101070313989721,,Gold,0.1876565443688354,,,,,
2004-03-10,OLS,BUY,0.0129250568591556,True,BETA,5y yield,1.397257027072884,1.397257027072884,Gold,0.2533682251433812,,MSCI World - S&P500,0.2136960209997039,,5y yield,1.397257027072884,,
2005-04-18,OLS,SELL,-0.0046223342788107,True,BETA,2y yield,2.119472846843278,2.119472846843278,Gold,0.3469687714329548,,MSCI World ex-US,0.1326802956476416,,2y yield,2.119472846843278,,
2005-09-01,OLS,SELL,-0.015373712042741,True,BETA,2y yield,2.338936056813872,2.338936056813872,Gold,0.3760489133566063,,MSCI World ex-US,0.1982435524223199,,2y yield,2.338936056813872,,
2005-12-14,OLS,SELL,-0.03175229823473,True,BETA,Real 2y yield,0.7096174104094773,0.7096174104094773,MSCI World ex-US,0.2932010067034431,,Gold,0.2181648291146423,,Real 2y yield,0.7096174104094773,,
2006-05-02,OLS,BUY,0.0262557077625571,True,BETA,2y yield,3.7885333802473817,3.7885333802473817,MSCI World ex-US,0.289780958603007,,2y yield,3.7885333802473817,,Gold,0.0841102023765478,,
2006-05-05,OLS,BUY,0.0109175002689039,True,BETA,2y yield,3.784042575810672,3.784042575810672,MSCI World ex-US,0.2872244628920425,,2y yield,3.784042575810672,,Gold,0.0844279693947696,,
2006-10-09,OLS,BUY,0.0035886448848418,True,BETA,2y yield,4.540118015144446,4.540118015144446,2y yield,4.540118015144446,,MSCI World - Dow Jones,0.2927837475939284,,BCOM Index,0.0712440565258208,,
2006-10-13,OLS,BUY,0.023279624939376,True,BETA,2y yield,4.681019769693841,4.681019769693841,2y yield,4.681019769693841,,MSCI World - Dow Jones,0.2951473675832702,,BCOM Index,0.0624401680507608,,
2006-12-01,OLS,SELL,-0.0146368545904205,True,BETA,2y yield,4.771581575036722,4.771581575036722,2y yield,4.771581575036722,,MSCI World - Dow Jones,0.2384153471108364,,Gold,0.075554137324519,,
2007-02-09,OLS,BUY,0.0073367195115694,True,BETA,2y yield,4.361036943493427,4.361036943493427,2y yield,4.361036943493427,,Gold,0.0937344026036278,,MSCI World - Dow Jones,0.2349327768550053,,
2007-03-13,OLS,BUY,0.0190254017625712,True,BETA,2y yield,3.9613472782496,3.9613472782496,Gold,0.1060018946760159,,MSCI World - Dow Jones,0.1981431980879958,,2y yield,3.9613472782496,,
2007-07-17,OLS,SELL,-0.0075243074217032,True,BETA,2y yield,3.5565354120931043,3.5565354120931043,Gold,0.115018775229718,,MSCI World ex-US,0.1215417551322657,,2y yield,3.5565354120931043,,
2007-08-14,OLS,BUY,0.0025539586358855,True,BETA,2y yield,2.6141885672421035,2.6141885672421035,Gold,0.1188081495989467,,MSCI World ex-US,0.1243356361911028,,2y yield,2.6141885672421035,,
2007-09-17,OLS,BUY,0.0244648318042812,True,BETA,5y yield,2.097801458024854,2.097801458024854,Gold,0.1473397045863015,,MSCI World ex-US,0.1094968957234233,,5y yield,2.097801458024854,,
2007-11-14,OLS,BUY,0.0146177459435756,True,BETA,5y yield,2.106557884522734,2.106557884522734,Gold,0.1931121920450812,,MSCI World ex-US,0.1033561942961004,,5y yield,2.106557884522734,,
2008-03-18,OLS,SELL,-0.015201355661882,True,BETA,Real 2y yield,0.6422601333756084,0.6422601333756084,Gold,0.1273183388919294,,MSCI World ex-US,0.1075445512887928,,Real 2y yield,0.6422601333756084,,
2008-06-27,OLS,SELL,-0.0031077694235589,True,BETA,6m1m forward OIS,0.4057985337491001,0.4057985337491001,Gold,0.1443301898918095,,6m1m forward OIS,0.4057985337491001,,MSCI World ex-US,0.0945170552026764,,
2008-07-15,OLS,SELL,-0.0135101450720375,True,BETA,6m1m forward OIS,0.3996997504062275,0.3996997504062275,Gold,0.147468184811634,,6m1m forward OIS,0.3996997504062275,,MSCI World ex-US,0.0942791518162834,,
2008-07-23,OLS,SELL,-0.0259064766191547,True,BETA,6m1m forward OIS,0.4033913133425895,0.4033913133425895,Gold,0.1490718912297612,,6m1m forward OIS,0.4033913133425895,,MSCI World ex-US,0.0929207839137469,,
2008-10-27,OLS,BUY,0.003343621399177,True,BETA,6m1m forward OIS,1.87125828082783,1.87125828082783,6m1m forward OIS,1.87125828082783,,Copper LME,0.0712127925072126,,MSCI World ex-US,0.0701976347109369,,
2008-11-25,OLS,SELL,-0.0466649431230609,True,BETA,6m1m forward OIS,1.8838078982382864,1.8838078982382864,6m1m forward OIS,1.8838078982382864,,MSCI World ex-US,0.1367671415734542,,Copper LME,0.0414651740999652,,
2008-12-16,OLS,SELL,-0.075219819010333,True,BETA,6m1m forward OIS,1.7079574631585075,1.7079574631585075,6m1m forward OIS,1.7079574631585075,,MSCI World ex-US,0.1652666452238417,,Copper LME,0.0319504364032842,,
2009-04-15,OLS,SELL,-0.01500300060012,True,BETA,Real 2y yield,1.0126006586257952,1.0126006586257952,MSCI World ex-US,0.1731845764983827,,BCOM Index,0.1033962589236051,,Real 2y yield,1.0126006586257952,,
2009-06-11,OLS,SELL,-0.0134410222409739,True,BETA,Real 2y yield,1.0781174952460144,1.0781174952460144,MSCI World ex-US,0.1690848618000226,,BCOM Index,0.1238442024440011,,Real 2y yield,1.0781174952460144,,
2009-07-21,OLS,BUY,0.0291633756607327,True,BETA,Real 2y yield,1.0990240785023355,1.0990240785023355,MSCI World ex-US,0.1717667928294461,,BCOM Index,0.1277769982231427,,Real 2y yield,1.0990240785023355,,
2009-10-12,OLS,BUY,0.0339894930058863,True,BETA,Real 2y yield,0.9158485332204483,0.9158485332204483,MSCI World ex-US,0.2333696476367101,,BCOM Index,0.1041143517139535,,Real 2y yield,0.9158485332204483,,
2009-10-21,OLS,SELL,-0.0032514450867052,True,BETA,2y yield,1.5740206461553194,1.5740206461553194,MSCI World ex-US,0.2021013503738292,,BCOM Index,0.1294000340069556,,2y yield,1.5740206461553194,,
2010-03-01,OLS,BUY,0.0044026415849509,True,BETA,MSCI World ex-US,0.2097680046841869,0.2097680046841869,MSCI World ex-US,0.2097680046841869,,Oil,0.0572937160633889,,JPMVG71M Index,0.0393559485170959,,
2010-03-08,OLS,BUY,0.002256737023762,True,BETA,6m1m forward OIS,0.8749575688249124,0.8749575688249124,MSCI World ex-US,0.1860631033511054,,Oil,0.0718522842617523,,6m1m forward OIS,0.8749575688249124,,
2010-07-30,OLS,SELL,-0.0061826757600866,True,BETA,6m1m forward OIS,0.9594380404362716,0.9594380404362716,Oil,0.0940689624882426,,MSCI World ex-US,0.1171312666225241,,6m1m forward OIS,0.9594380404362716,,
2010-09-14,OLS,BUY,0.0169251560589485,True,BETA,6m1m forward OIS,0.9562076319010824,0.9562076319010824,Oil,0.0982749997722564,,MSCI World ex-US,0.1148584009485639,,6m1m forward OIS,0.9562076319010824,,
2010-12-02,OLS,BUY,0.0020512820512819,True,BETA,6m1m forward OIS,0.8676049803170413,0.8676049803170413,Oil,0.085694462973099,,MSCI World ex-US,0.1324795744249528,,6m1m forward OIS,0.8676049803170413,,
2011-06-30,OLS,BUY,0.0054195477480845,True,BETA,1y1m forward OIS,2.6443476849031318,2.6443476849031318,MSCI World ex-US,0.2184715353236198,,1y1m forward OIS,2.6443476849031318,,Gold,0.123571215759823,,
2011-07-11,OLS,BUY,0.0232601999119883,True,BETA,1y1m forward OIS,2.7092016189961305,2.7092016189961305,MSCI World ex-US,0.1960984027668474,,1y1m forward OIS,2.7092016189961305,,BCOM Index,0.0803533767055406,,
2012-01-31,OLS,SELL,-0.0043147208121828,True,BETA,1y1m forward OIS,2.6738768063895018,2.6738768063895018,MSCI World ex-US,0.1656165835578257,,BCOM Index,0.030477390207878,,1y1m forward OIS,2.6738768063895018,,
2012-02-07,OLS,SELL,-0.0074232511323601,True,BETA,1y1m forward OIS,2.5461764016039425,2.5461764016039425,MSCI World ex-US,0.1661322498857537,,BCOM Index,0.0302335595143386,,1y1m forward OIS,2.5461764016039425,,
2012-05-30,OLS,BUY,0.0017444114226643,True,BETA,1y1m forward OIS,2.6504190455852075,2.6504190455852075,MSCI World ex-US,0.1749297766284127,,1y1m forward OIS,2.6504190455852075,,BCOM Index,0.0058497614094261,,
2012-11-13,OLS,BUY,0.0095142083044548,True,BETA,2y yield,3.724409103317696,3.724409103317696,MSCI World ex-US,0.2119996446471203,,Copper LME,0.0052256628887472,,2y yield,3.724409103317696,,
2013-07-05,OLS,BUY,0.0253190060443249,True,BETA,5y yield,3.524278989241543,3.524278989241543,Gold,0.1118727765715047,,Local - Wilshire,-0.178209142059098,,5y yield,3.524278989241543,,
2013-09-27,OLS,SELL,-0.0112770307949686,True,BETA,5y yield,3.714680816788476,3.714680816788476,Local - Wilshire,-0.1825730844410076,,Gold,0.1007618567770365,,5y yield,3.714680816788476,,
2013-12-13,OLS,BUY,0.0112269938650308,True,BETA,5y yield,3.398650913820527,3.398650913820527,Local - S&P500,-0.1798619444709479,,Gold,0.1107263204174309,,5y yield,3.398650913820527,,
2014-05-20,OLS,SELL,-0.0052856633804488,True,BETA,5y yield,2.3095861265804727,2.3095861265804727,Local - S&P500,-0.1915911068937104,,5y yield,2.3095861265804727,,Gold,0.0917306111802751,,
2014-09-04,OLS,BUY,0.003980160431082,True,BETA,5y yield,2.077927688585819,2.077927688585819,MSCI World ex-US,0.1636173569129852,,5y yield,2.077927688585819,,Gold,0.0501710024267176,,
2014-11-04,OLS,SELL,-0.0231206648753359,True,BETA,5y yield,1.4299871131388209,1.4299871131388209,Gold,0.0548557336735256,,5y yield,1.4299871131388209,,MSCI World ex-US,0.1458856201661461,,
2014-11-11,OLS,SELL,-0.0132546014196872,True,BETA,5y yield,1.42207909442803,1.42207909442803,Gold,0.0602205245788172,,5y yield,1.42207909442803,,MSCI World ex-US,0.1532122911931592,,
2015-01-22,OLS,BUY,0.0211858760826115,True,BETA,1y1m forward OIS,2.6570619142381,2.6570619142381,1y1m forward OIS,2.6570619142381,,Gold,0.0861654347571278,,MSCI World - Dow Jones,0.2261558012356897,,
2015-10-05,OLS,BUY,0.0210616664465865,True,BETA,Real 2y yield,1.4828907217271703,1.4828907217271703,Real 2y yield,1.4828907217271703,,Gold,0.1330084673294961,,MSCI World ex-US,0.1458552754178188,,
2016-01-27,OLS,BUY,0.0202332443445272,True,BETA,Real 2y yield,2.883180875884596,2.883180875884596,Real 2y yield,2.883180875884596,,Gold,0.1764615461661978,,MSCI World ex-US,0.1239208296252157,,
2016-02-23,OLS,BUY,0.0137640850092712,True,BETA,2y yield,6.245783095518798,6.245783095518798,2y yield,6.245783095518798,,Gold,0.1345546951920875,,MSCI World ex-US,0.1004256462094072,,
2016-03-22,OLS,SELL,-0.0033079954954956,True,BETA,2y yield,5.82835207354966,5.82835207354966,2y yield,5.82835207354966,,Gold,0.1253757063699184,,MSCI World ex-US,0.1309875154842649,,
2016-06-23,OLS,SELL,-0.1323519526786315,True,BETA,2y yield,5.825300990250127,5.825300990250127,2y yield,5.825300990250127,,BCOM Index,0.0951974999841151,,MSCI World ex-US,0.119958674581689,,
2017-08-23,OLS,BUY,0.018984375,True,BETA,5y yield,4.578341626428628,4.578341626428628,Local - Dow Jones,-0.4179991415593674,,Gold,0.2016514741606332,,5y yield,4.578341626428628,,
2017-09-21,OLS,SELL,-0.0339469808541973,True,BETA,5y yield,4.607636270134032,4.607636270134032,Local Index,-0.3604409047349155,,5y yield,4.607636270134032,,Gold,0.1480344589235445,,
2018-02-06,OLS,BUY,0.0033694171625204,True,BETA,Real 2y yield,1.721299405603028,1.721299405603028,Real 2y yield,1.721299405603028,,Local - S&P500,-0.3927111477636668,,Gold,0.2772301190457365,,
2018-02-09,OLS,BUY,0.0104144065957907,True,BETA,Real 2y yield,1.480791706846838,1.480791706846838,Real 2y yield,1.480791706846838,,Gold,0.2505107588697488,,Local Index,-0.2739113533294317,,
2018-04-17,OLS,SELL,-0.0471724524076149,True,BETA,Real 2y yield,1.7711221316594323,1.7711221316594323,Real 2y yield,1.7711221316594323,,Gold,0.2381608950627641,,Local Index,-0.2048052966422837,,
2018-07-10,OLS,SELL,-0.0098674299487796,True,BETA,10y yield,4.909665153590439,4.909665153590439,Gold,0.2222377407924587,,10y yield,4.909665153590439,,Local - Dow Jones,-0.224432219166399,,
2018-07-20,OLS,SELL,-0.0102771010962241,True,BETA,10y yield,4.728260807591617,4.728260807591617,Gold,0.2341619785552757,,10y yield,4.728260807591617,,Local - Dow Jones,-0.2225594410600599,,
2018-10-05,OLS,SELL,-0.0033536585365853,True,BETA,1y1m forward OIS,3.637360854163323,3.637360854163323,Gold,0.3034580961240952,,1y1m forward OIS,3.637360854163323,,Local - Dow Jones,-0.1831815730314043,,
2019-01-25,OLS,SELL,-0.0190966959684754,True,BETA,5y yield,3.826042928720705,3.826042928720705,Gold,0.2781666542438638,,5y yield,3.826042928720705,,MSCI World ex-US,0.1556280305153454,,
2019-11-26,OLS,BUY,0.0225400279807244,True,BETA,10y yield,5.372390491819693,5.372390491819693,Local - S&P500,-0.1886469586512575,,10y yield,5.372390491819693,,Copper LME,0.1047099024579631,,
2020-03-13,OLS,BUY,0.0148232611174459,True,BETA,10y yield,4.350737034805253,4.350737034805253,10y yield,4.350737034805253,,MSCI World - S&P500,0.0669416148838828,,Gold,0.040228745817603,,
2020-07-30,OLS,SELL,-0.0022144166157606,True,BETA,2y yield,6.094513668035144,6.094513668035144,MSCI World ex-US,0.1815694518442609,,2y yield,6.094513668035144,,Copper LME,0.101115001346252,,
2020-09-22,OLS,BUY,0.0116233409251551,True,BETA,2y yield,6.655712747379882,6.655712747379882,2y yield,6.655712747379882,,MSCI World ex-US,0.170968708932078,,Copper LME,0.0958369846613991,,
2021-04-30,OLS,BUY,0.0198958182607436,True,BETA,1y1m forward OIS,3.8359583850613737,3.8359583850613737,MSCI World ex-US,0.160756187618545,,Oil,0.0200255953865765,,1y1m forward OIS,3.8359583850613737,,
2021-06-25,OLS,BUY,0.0015851286115713,True,BETA,1y1m forward OIS,4.24201525503481,4.24201525503481,MSCI World ex-US,0.1477922371011872,,Gold,0.1772416425458395,,1y1m forward OIS,4.24201525503481,,
2021-07-01,OLS,BUY,0.0045035229171206,True,BETA,1y1m forward OIS,4.16473623474781,4.16473623474781,MSCI World ex-US,0.1530901967840057,,Gold,0.176902691809871,,1y1m forward OIS,4.16473623474781,,
2021-10-15,OLS,SELL,-0.0050178168860446,True,BETA,5y yield,2.8978360343513634,2.8978360343513634,MSCI World ex-US,0.2595056750018246,,Gold,0.1144697684700894,,5y yield,2.8978360343513634,,
2021-10-19,OLS,SELL,-0.0134087120388489,True,BETA,MSCI World ex-US,0.2549701692995301,0.2549701692995301,MSCI World ex-US,0.2549701692995301,,Gold,0.1298747863779525,,VIX Index,-0.0009107064648397,,
2022-01-10,OLS,SELL,-0.006555203653237,True,BETA,MSCI World ex-US,0.2168580729164321,0.2168580729164321,MSCI World ex-US,0.2168580729164321,,Gold,0.1082850048863589,,VIX Index,-0.0028534398343143,,
2022-03-15,OLS,BUY,0.0039104431835608,True,BETA,2y yield,2.3335454492700385,2.3335454492700385,MSCI World ex-US,0.2209400902337095,,Copper LME,0.0508527073062755,,2y yield,2.3335454492700385,,
2022-05-05,OLS,BUY,0.0084937712344279,True,BETA,MSCI World ex-US,0.2330793602529052,0.2330793602529052,MSCI World ex-US,0.2330793602529052,,Copper LME,0.0394815176540308,,MOVE Index,-0.0009184429589805,,
2022-06-16,OLS,SELL,-0.0140867875647668,True,BETA,MSCI World ex-US,0.2662014837716571,0.2662014837716571,MSCI World ex-US,0.2662014837716571,,Copper LME,0.0355655055751145,,Real 2y yield,0.2310973195132711,,
2022-09-23,OLS,BUY,0.0209043189980659,True,BETA,MSCI World ex-US,0.2620600231905877,0.2620600231905877,MSCI World ex-US,0.2620600231905877,,Copper LME,0.0210597882850635,,VIX Index,-0.0050359969744026,,
2022-10-26,OLS,SELL,-0.022967741935484,True,BETA,MSCI World ex-US,0.2923970803454751,0.2923970803454751,MSCI World ex-US,0.2923970803454751,,Gold,0.19699214699517,,,,,
2023-01-03,OLS,BUY,0.026570855614973,True,BETA,MSCI World ex-US,0.3439412077689491,0.3439412077689491,MSCI World ex-US,0.3439412077689491,,Gold,0.2457796744504412,,VIX Index,0.006998365829645,,
2023-01-05,OLS,BUY,0.0405609674168625,True,BETA,MSCI World ex-US,0.3453874806148789,0.3453874806148789,MSCI World ex-US,0.3453874806148789,,Gold,0.2432146037007602,,VIX Index,0.0075851806255151,,
2023-01-13,OLS,BUY,0.0126768626809521,True,BETA,MSCI World ex-US,0.3547049009060863,0.3547049009060863,MSCI World ex-US,0.3547049009060863,,Gold,0.2445750116876217,,VIX Index,0.0080468231226898,,
2023-04-28,OLS,SELL,-0.0086735099864724,True,BETA,MSCI World ex-US,0.3444806029551938,0.3444806029551938,MSCI World ex-US,0.3444806029551938,,Gold,0.3397836437356841,,,,,
2023-05-05,OLS,SELL,-0.0151155428933207,True,BETA,MSCI World ex-US,0.3413463875720976,0.3413463875720976,MSCI World ex-US,0.3413463875720976,,Gold,0.3369952841472107,,,,,
2023-07-13,OLS,SELL,-0.0258830694275273,True,BETA,MSCI World ex-US,0.3760488111128469,0.3760488111128469,MSCI World ex-US,0.3760488111128469,,BCOM Index,0.1812013811087119,,,,,
2024-02-16,OLS,BUY,0.0042056816378353,True,BETA,2y yield,2.075588658146744,2.075588658146744,Copper LME,0.136463959265182,,MSCI World ex-US,0.1957507488863721,,2y yield,2.075588658146744,,
2024-04-19,OLS,BUY,0.014308811641067,True,BETA,2y yield,1.9443951378876183,1.9443951378876183,MSCI World ex-US,0.2320375486741271,,2y yield,1.9443951378876183,,Gold,0.1529637106308403,,
2024-05-31,OLS,SELL,-0.0043164338408413,True,BETA,2y yield,2.125137564593478,2.125137564593478,MSCI World ex-US,0.2341229208706109,,2y yield,2.125137564593478,,Gold,0.1291159362302272,,
2024-06-11,OLS,SELL,-0.0042386185243328,True,BETA,2y yield,2.217963616710544,2.217963616710544,2y yield,2.217963616710544,,MSCI World ex-US,0.2308981714014709,,Gold,0.124848482175041,,
2024-06-17,OLS,SELL,-0.0043290043290044,True,BETA,2y yield,2.173880337500226,2.173880337500226,2y yield,2.173880337500226,,MSCI World ex-US,0.2328291795481257,,Gold,0.1195525810086297,,
2024-09-20,OLS,SELL,-0.0149388184070264,True,BETA,5y yield,2.928138053513369,2.928138053513369,5y yield,2.928138053513369,,MSCI World ex-US,0.217848432942665,,Gold,0.1092440592429983,,
2024-12-17,OLS,SELL,-0.0152635719905585,True,BETA,5y yield,3.535375522207647,3.535375522207647,5y yield,3.535375522207647,,MSCI World ex-US,0.1962940445858789,,Gold,0.1102804272338892,,
2025-07-30,OLS,BUY,0.0256100324847017,True,BETA,2y yield,1.5185416351745396,1.5185416351745396,MSCI World ex-US,0.1971771457288262,,Copper LME,0.1043748172497349,,2y yield,1.5185416351745396,,
2025-10-09,OLS,BUY,0.0016536380036078,True,BETA,2y yield,1.7646344306015358,1.7646344306015358,MSCI World ex-US,0.2376419204920564,,Copper LME,0.0725877332963992,,2y yield,1.7646344306015358,,
2025-11-04,OLS,BUY,0.0095230781046002,True,BETA,2y yield,1.5406913979472805,1.5406913979472805,MSCI World ex-US,0.2347116649112821,,Gold,0.1025816111096724,,2y yield,1.5406913979472805,,
2002-01-25,RidgeCV,BUY,0.0048288595369976,True,BETA,Gold,0.1107413301080263,0.1107413301080263,MSCI World - Wilshire,0.1031345189975275,,Gold,0.1107413301080263,,,,,
2002-04-01,RidgeCV,SELL,-0.0025673050235914,True,BETA,Gold,0.0943341628289868,0.0943341628289868,Gold,0.0943341628289868,,MSCI World - Wilshire,0.083541639434992,,,,,
2002-07-25,RidgeCV,SELL,-0.0331986872002019,True,BETA,Gold,0.0992170729626202,0.0992170729626202,Gold,0.0992170729626202,,MSCI World - Dow Jones,0.061854128056857,,Real 2y yield,0.0346802796661418,,
2002-08-27,RidgeCV,BUY,0.0134219442272609,True,BETA,Gold,0.0884508471748555,0.0884508471748555,Gold,0.0884508471748555,,MSCI World - Dow Jones,0.0599869618499244,,Real 2y yield,0.0205834909726452,,
2002-11-25,RidgeCV,BUY,0.0103507763082231,True,BETA,MSCI World - S&P500,0.1095731462749616,0.1095731462749616,MSCI World - S&P500,0.1095731462749616,,Gold,0.0827248261901594,,Real 2y yield,0.015527937458254,,
2003-02-20,RidgeCV,BUY,0.0053351744915892,True,BETA,Gold,0.1262571832298401,0.1262571832298401,Gold,0.1262571832298401,,MSCI World - S&P500,0.0983440271002216,,Real 2y yield,0.0160180332147269,,
2003-03-18,RidgeCV,BUY,0.0072764409267889,True,BETA,Gold,0.1309043126935541,0.1309043126935541,Gold,0.1309043126935541,,MSCI World - S&P500,0.0903164844345138,,2y yield,-0.0034817479737598,,
2003-05-20,RidgeCV,SELL,-0.007433132273198,True,BETA,Gold,0.1540203846136829,0.1540203846136829,Gold,0.1540203846136829,,MSCI World - Dow Jones,0.0734628622951456,,5y yield,0.0117181749796649,,
2003-07-15,RidgeCV,BUY,0.0204248366013071,True,BETA,Gold,0.1631230939672689,0.1631230939672689,Gold,0.1631230939672689,,MSCI World - S&P500,0.1035581758452447,,5y yield,0.0221747415016079,,
2003-07-18,RidgeCV,BUY,0.0130768263548346,True,BETA,Gold,0.1682098755309407,0.1682098755309407,Gold,0.1682098755309407,,MSCI World - S&P500,0.0918332928369863,,5y yield,0.043194755361193,,
2003-09-29,RidgeCV,SELL,-0.0002399664047033,True,BETA,Gold,0.1577326948840475,0.1577326948840475,MSCI World - S&P500,0.1341877411638924,,Gold,0.1577326948840475,,,,,
2003-10-01,RidgeCV,SELL,-0.000659235287067,True,BETA,Gold,0.1589326642100454,0.1589326642100454,MSCI World - S&P500,0.1265071035824674,,Gold,0.1589326642100454,,,,,
2004-01-19,RidgeCV,BUY,0.0203555206639376,True,BETA,Gold,0.1828887952593377,0.1828887952593377,Local Index,-0.1816785883805976,,Gold,0.1828887952593377,,,,,
2005-03-17,RidgeCV,SELL,-0.0180241013920631,True,BETA,Gold,0.2932626197227158,0.2932626197227158,Gold,0.2932626197227158,,MSCI World ex-US,0.1089698311975008,,2y yield,0.137360013314272,,
2005-04-18,RidgeCV,SELL,-0.0046223342788107,True,BETA,Gold,0.2916066465736391,0.2916066465736391,Gold,0.2916066465736391,,MSCI World ex-US,0.1117667744559411,,2y yield,0.1143613761482131,,
2005-05-26,RidgeCV,BUY,0.0002747252747252,True,BETA,Gold,0.2943624242468073,0.2943624242468073,Gold,0.2943624242468073,,MSCI World ex-US,0.1214690866382873,,2y yield,0.1255153842622535,,
2006-02-23,RidgeCV,SELL,-0.0089081772498857,True,BETA,MSCI World ex-US,0.1580747488316793,0.1580747488316793,MSCI World ex-US,0.1580747488316793,,Gold,0.0965517840327762,,2y yield,0.1179507681308449,,
2006-05-02,RidgeCV,BUY,0.0262557077625571,True,BETA,MSCI World ex-US,0.1627568633179154,0.1627568633179154,MSCI World ex-US,0.1627568633179154,,2y yield,0.1440279078846997,,Gold,0.0762982562396364,,
2006-07-25,RidgeCV,BUY,0.037190082644628,True,BETA,MSCI World - Dow Jones,0.1121791593255924,0.1121791593255924,Real 2y yield,0.0775202012838886,,MSCI World - Dow Jones,0.1121791593255924,,Gold,0.0812559694214555,,
2006-10-10,RidgeCV,BUY,0.0098689532438116,True,BETA,2y yield,0.1312185532068102,0.1312185532068102,2y yield,0.1312185532068102,,MSCI World - Dow Jones,0.1049326595847271,,BCOM Index,0.0624221220047771,,
2006-10-13,RidgeCV,BUY,0.023279624939376,True,BETA,2y yield,0.1341897634142973,0.1341897634142973,2y yield,0.1341897634142973,,MSCI World - Dow Jones,0.1033001307656478,,BCOM Index,0.0569899672507204,,
2006-10-17,RidgeCV,BUY,0.0196183246912919,True,BETA,2y yield,0.1666702068606298,0.1666702068606298,2y yield,0.1666702068606298,,MSCI World - Dow Jones,0.1215871215806295,,BCOM Index,0.0616179146774822,,
2006-11-30,RidgeCV,SELL,-0.0028485680858639,True,BETA,2y yield,0.1633252590975853,0.1633252590975853,2y yield,0.1633252590975853,,MSCI World - Dow Jones,0.100361119701203,,Gold,0.0863047837486107,,
2007-02-09,RidgeCV,BUY,0.0073367195115694,True,BETA,2y yield,0.1666565524860968,0.1666565524860968,2y yield,0.1666565524860968,,Gold,0.1239318367867039,,MSCI World - Dow Jones,0.1024262704721074,,
2007-03-05,RidgeCV,BUY,0.0123405363186668,True,BETA,2y yield,0.1608452402139292,0.1608452402139292,2y yield,0.1608452402139292,,Gold,0.1417294885476767,,MSCI World - Dow Jones,0.079127725010823,,
2007-03-08,RidgeCV,BUY,0.0189285899496967,True,BETA,2y yield,0.1577780717350938,0.1577780717350938,2y yield,0.1577780717350938,,Gold,0.1426019059692856,,MSCI World - Dow Jones,0.0868443126113109,,
2007-04-17,RidgeCV,SELL,-0.0040859036324679,True,BETA,Gold,0.1486061708168346,0.1486061708168346,Gold,0.1486061708168346,,2y yield,0.1268445486975001,,MSCI World - Dow Jones,0.0673618428028,,
2007-07-17,RidgeCV,SELL,-0.0075243074217032,True,BETA,Gold,0.1366437373287241,0.1366437373287241,Gold,0.1366437373287241,,MSCI World ex-US,0.0928047896573804,,2y yield,0.1271878070448558,,
2007-07-20,RidgeCV,SELL,-0.0073440007781722,True,BETA,Gold,0.1375476499698913,0.1375476499698913,Gold,0.1375476499698913,,MSCI World ex-US,0.0925060883773007,,2y yield,0.1251217920002306,,
2007-08-14,RidgeCV,BUY,0.0025539586358855,True,BETA,Gold,0.14349220195022,0.14349220195022,Gold,0.14349220195022,,MSCI World ex-US,0.0901824812066319,,2y yield,0.0992047219533813,,
2007-09-14,RidgeCV,BUY,0.0198764571086977,True,BETA,Gold,0.1626258224994092,0.1626258224994092,Gold,0.1626258224994092,,MSCI World ex-US,0.0806253709898527,,5y yield,0.0738035436525461,,
2007-11-08,RidgeCV,SELL,-0.0215895610913404,True,BETA,Gold,0.1759393631803902,0.1759393631803902,Gold,0.1759393631803902,,MSCI World ex-US,0.0749646101004192,,5y yield,0.0809613268609223,,
2007-11-14,RidgeCV,BUY,0.0146177459435756,True,BETA,Gold,0.1952209094784519,0.1952209094784519,Gold,0.1952209094784519,,MSCI World ex-US,0.0806297871570017,,5y yield,0.0789696680057934,,
2008-03-18,RidgeCV,SELL,-0.015201355661882,True,BETA,Gold,0.1364130728998437,0.1364130728998437,Gold,0.1364130728998437,,MSCI World ex-US,0.0921477881677655,,Real 2y yield,0.100790107338033,,
2008-07-15,RidgeCV,SELL,-0.0135101450720375,True,BETA,Gold,0.1663135817556695,0.1663135817556695,Gold,0.1663135817556695,,6m1m forward OIS,0.1115239202749081,,MSCI World ex-US,0.0772420532470221,,
2008-07-17,RidgeCV,SELL,-0.009831320491067,True,BETA,Gold,0.1660720682793051,0.1660720682793051,Gold,0.1660720682793051,,6m1m forward OIS,0.1209063660511829,,MSCI World ex-US,0.0775273621312147,,
2008-07-23,RidgeCV,SELL,-0.0259064766191547,True,BETA,Gold,0.1670909705476657,0.1670909705476657,Gold,0.1670909705476657,,6m1m forward OIS,0.1193747480099782,,MSCI World ex-US,0.0784174383290658,,
2008-12-16,RidgeCV,SELL,-0.075219819010333,True,BETA,6m1m forward OIS,0.2138051668632514,0.2138051668632514,6m1m forward OIS,0.2138051668632514,,MSCI World ex-US,0.2096985587085165,,Copper LME,0.1100684328629584,,
2009-07-21,RidgeCV,BUY,0.0291633756607327,True,BETA,MSCI World ex-US,0.2913131664125676,0.2913131664125676,MSCI World ex-US,0.2913131664125676,,BCOM Index,0.2372431925161399,,Real 2y yield,0.286250501689434,,
2009-10-12,RidgeCV,BUY,0.0339894930058863,True,BETA,MSCI World ex-US,0.5190538310857615,0.5190538310857615,MSCI World ex-US,0.5190538310857615,,BCOM Index,0.1974343701318705,,Real 2y yield,0.2415302929090774,,
2010-01-05,RidgeCV,BUY,0.0231365682841422,True,BETA,MSCI World ex-US,0.3767231740334033,0.3767231740334033,MSCI World ex-US,0.3767231740334033,,BCOM Index,0.2621626780028981,,6m1m forward OIS,0.17027347603078,,
2010-03-01,RidgeCV,BUY,0.0044026415849509,True,BETA,MSCI World ex-US,0.3757390228158188,0.3757390228158188,MSCI World ex-US,0.3757390228158188,,Oil,0.214192853077192,,JPMVG71M Index,0.0913897791752832,,
2010-03-08,RidgeCV,BUY,0.002256737023762,True,BETA,MSCI World ex-US,0.3211848238144024,0.3211848238144024,MSCI World ex-US,0.3211848238144024,,Oil,0.2547597486983315,,6m1m forward OIS,0.1465310667048554,,
2010-07-30,RidgeCV,SELL,-0.0061826757600866,True,BETA,Oil,0.1938211022933846,0.1938211022933846,Oil,0.1938211022933846,,MSCI World ex-US,0.1461852430343305,,6m1m forward OIS,0.1337899190501411,,
2010-09-14,RidgeCV,BUY,0.0169251560589485,True,BETA,Oil,0.1793368502180597,0.1793368502180597,Oil,0.1793368502180597,,MSCI World ex-US,0.1499294676490952,,6m1m forward OIS,0.1294226184765934,,
2010-12-02,RidgeCV,BUY,0.0020512820512819,True,BETA,MSCI World ex-US,0.1641743758745045,0.1641743758745045,Oil,0.1491211081832478,,MSCI World ex-US,0.1641743758745045,,6m1m forward OIS,0.0829360805857928,,
2011-04-21,RidgeCV,SELL,-0.0081099074018036,True,BETA,MSCI World ex-US,0.1673290603226229,0.1673290603226229,MSCI World ex-US,0.1673290603226229,,BCOM Index,0.1211862306072212,,1y1m forward OIS,0.1446437203579403,,
2011-04-27,RidgeCV,SELL,-0.0169603656702953,True,BETA,MSCI World ex-US,0.1761649048642122,0.1761649048642122,MSCI World ex-US,0.1761649048642122,,BCOM Index,0.111611813145574,,1y1m forward OIS,0.1575930044483057,,
2011-07-05,RidgeCV,BUY,0.0038602826723117,True,BETA,MSCI World ex-US,0.2142569851756155,0.2142569851756155,MSCI World ex-US,0.2142569851756155,,1y1m forward OIS,0.1459704594399535,,Gold,0.1085133837134574,,
2012-01-31,RidgeCV,SELL,-0.0043147208121828,True,BETA,MSCI World ex-US,0.1860563414684369,0.1860563414684369,MSCI World ex-US,0.1860563414684369,,BCOM Index,0.0446704252611929,,1y1m forward OIS,0.1385104111861498,,
2012-02-07,RidgeCV,SELL,-0.0074232511323601,True,BETA,MSCI World ex-US,0.1864671591849219,0.1864671591849219,MSCI World ex-US,0.1864671591849219,,BCOM Index,0.0448821031142549,,1y1m forward OIS,0.1318040279814479,,
2012-05-30,RidgeCV,BUY,0.0017444114226643,True,BETA,MSCI World ex-US,0.1831159404847999,0.1831159404847999,MSCI World ex-US,0.1831159404847999,,1y1m forward OIS,0.1056295035745385,,BCOM Index,0.0363990997093733,,
2012-12-31,RidgeCV,SELL,-0.010888957243925,True,BETA,MSCI World ex-US,0.2179844732107526,0.2179844732107526,MSCI World ex-US,0.2179844732107526,,Copper LME,0.0504247954951927,,2y yield,0.0997519607832301,,
2013-07-05,RidgeCV,BUY,0.0253190060443249,True,BETA,Gold,0.1465880416981634,0.1465880416981634,Gold,0.1465880416981634,,Local - Wilshire,-0.1257160878727414,,5y yield,0.1241502073974985,,
2013-09-25,RidgeCV,SELL,-0.0078975188110193,True,BETA,5y yield,0.1415835051826001,0.1415835051826001,Local - Wilshire,-0.1243430399220294,,Gold,0.1387532687617851,,5y yield,0.1415835051826001,,
2013-09-27,RidgeCV,SELL,-0.0112770307949686,True,BETA,5y yield,0.1421299836518047,0.1421299836518047,Local - Wilshire,-0.1256927627015095,,Gold,0.1390705587092867,,5y yield,0.1421299836518047,,
2014-09-04,RidgeCV,BUY,0.003980160431082,True,BETA,5y yield,0.0704928512107146,0.0704928512107146,MSCI World ex-US,0.0670996182086446,,5y yield,0.0704928512107146,,Gold,0.0452014519454462,,
2014-10-03,RidgeCV,BUY,0.0075126776435234,True,BETA,5y yield,0.0728427213262158,0.0728427213262158,5y yield,0.0728427213262158,,MSCI World ex-US,0.0696962992392373,,Gold,0.0352980371917625,,
2014-10-14,RidgeCV,BUY,0.0142102615694164,True,BETA,5y yield,0.0709015215832747,0.0709015215832747,5y yield,0.0709015215832747,,MSCI World ex-US,0.0700944925574374,,Gold,0.0478385586251108,,
2014-11-04,RidgeCV,SELL,-0.0231206648753359,True,BETA,MSCI World ex-US,0.0788536940433942,0.0788536940433942,Gold,0.0742619197883189,,5y yield,0.065829799760203,,MSCI World ex-US,0.0788536940433942,,
2015-01-22,RidgeCV,BUY,0.0211858760826115,True,BETA,1y1m forward OIS,0.0981944487817866,0.0981944487817866,1y1m forward OIS,0.0981944487817866,,Gold,0.0826168592229839,,MSCI World - Dow Jones,0.0624568345330868,,
2015-05-11,RidgeCV,SELL,-0.0074425766713718,True,BETA,Real 2y yield,0.128438634005352,0.128438634005352,Real 2y yield,0.128438634005352,,MSCI World ex-US,0.1087802139599999,,Gold,0.112106953522089,,
2015-10-05,RidgeCV,BUY,0.0210616664465865,True,BETA,Real 2y yield,0.1636621770015497,0.1636621770015497,Real 2y yield,0.1636621770015497,,Gold,0.1071164491819255,,MSCI World ex-US,0.0984557400238642,,
2016-01-27,RidgeCV,BUY,0.0202332443445272,True,BETA,Real 2y yield,0.2120620670596543,0.2120620670596543,Real 2y yield,0.2120620670596543,,Gold,0.1365644746322224,,MSCI World ex-US,0.0967591162503871,,
2016-02-23,RidgeCV,BUY,0.0137640850092712,True,BETA,2y yield,0.2073650940239853,0.2073650940239853,2y yield,0.2073650940239853,,Gold,0.1084419591081325,,MSCI World ex-US,0.0757033021284941,,
2016-03-22,RidgeCV,SELL,-0.0033079954954956,True,BETA,2y yield,0.1925783586436626,0.1925783586436626,2y yield,0.1925783586436626,,Gold,0.1008302992037407,,MSCI World ex-US,0.0949860452570291,,
2016-03-24,RidgeCV,SELL,-0.0068536705998728,True,BETA,2y yield,0.2071299947825298,0.2071299947825298,2y yield,0.2071299947825298,,BCOM Index,0.0957314788364854,,MSCI World ex-US,0.0581334156385747,,
2017-02-01,RidgeCV,SELL,-0.0156410458962004,True,BETA,MSCI World ex-US,0.4889125549089697,0.4889125549089697,MSCI World ex-US,0.4889125549089697,,2y yield,0.2721210939430359,,BCOM Index,0.071040722582702,,
2018-02-06,RidgeCV,BUY,0.0033694171625204,True,BETA,Local - S&P500,-0.218060821856184,0.218060821856184,Real 2y yield,0.1971474002228829,,Local - S&P500,-0.218060821856184,,Gold,0.1728368929986957,,
2018-05-29,RidgeCV,BUY,0.009283719526002,True,BETA,Local - Wilshire,-0.1560788308491939,0.1560788308491939,Gold,0.1200996130788987,,10y yield,0.154718142804391,,Local - Wilshire,-0.1560788308491939,,
2018-07-10,RidgeCV,SELL,-0.0098674299487796,True,BETA,Local - Dow Jones,-0.1561926922172853,0.1561926922172853,Gold,0.1321290193822751,,10y yield,0.1370898461063463,,Local - Dow Jones,-0.1561926922172853,,
2018-07-20,RidgeCV,SELL,-0.0102771010962241,True,BETA,Local - Dow Jones,-0.1552665752109458,0.1552665752109458,Gold,0.1386103875923474,,10y yield,0.1321984264777451,,Local - Dow Jones,-0.1552665752109458,,
2018-10-04,RidgeCV,SELL,-0.0002303970509177,True,BETA,Gold,0.1767907011024067,0.1767907011024067,Gold,0.1767907011024067,,1y1m forward OIS,0.1294350835064764,,Local - Dow Jones,-0.1408773955755087,,
2019-11-26,RidgeCV,BUY,0.0225400279807244,True,BETA,Local - S&P500,-0.2033668675772917,0.2033668675772917,Local - S&P500,-0.2033668675772917,,10y yield,0.1955089849673828,,Copper LME,0.1120262695684336,,
2020-07-30,RidgeCV,SELL,-0.0022144166157606,True,BETA,2y yield,0.2268825671531445,0.2268825671531445,MSCI World ex-US,0.1901658839097507,,2y yield,0.2268825671531445,,Copper LME,0.0851473561075944,,
2020-09-22,RidgeCV,BUY,0.0116233409251551,True,BETA,2y yield,0.2419049530733892,0.2419049530733892,2y yield,0.2419049530733892,,MSCI World ex-US,0.1808547062420754,,Copper LME,0.0847950543123793,,
2020-11-24,RidgeCV,SELL,-0.0001497342217565,True,BETA,2y yield,0.2550986755594877,0.2550986755594877,2y yield,0.2550986755594877,,Gold,0.164363942339384,,MSCI World ex-US,0.2068041518229036,,
2021-04-15,RidgeCV,BUY,0.0113875389860014,True,BETA,MSCI World ex-US,0.1628780535052324,0.1628780535052324,MSCI World ex-US,0.1628780535052324,,BCOM Index,0.1472070069301395,,1y1m forward OIS,0.1218002728478674,,
2021-04-30,RidgeCV,BUY,0.0198958182607436,True,BETA,MSCI World ex-US,0.1896187286435783,0.1896187286435783,MSCI World ex-US,0.1896187286435783,,Oil,0.0763029723825233,,1y1m forward OIS,0.1234853890647677,,
2021-06-25,RidgeCV,BUY,0.0015851286115713,True,BETA,Gold,0.1853294329074404,0.1853294329074404,MSCI World ex-US,0.1568114416959784,,Gold,0.1853294329074404,,1y1m forward OIS,0.1196420657816319,,
2021-07-01,RidgeCV,BUY,0.0045035229171206,True,BETA,Gold,0.1850874131687324,0.1850874131687324,MSCI World ex-US,0.1582964991190202,,Gold,0.1850874131687324,,1y1m forward OIS,0.1143282836848171,,
2021-08-17,RidgeCV,BUY,0.0010188487009676,True,BETA,MSCI World ex-US,0.2312539076431586,0.2312539076431586,MSCI World ex-US,0.2312539076431586,,Gold,0.1811354566913869,,1y1m forward OIS,0.1240380075366403,,
2021-08-19,RidgeCV,BUY,0.0142239167094362,True,BETA,MSCI World ex-US,0.2368081439924957,0.2368081439924957,MSCI World ex-US,0.2368081439924957,,Gold,0.1799534524963037,,1y1m forward OIS,0.127750983299401,,
2021-08-26,RidgeCV,BUY,0.0099999999999997,True,BETA,MSCI World ex-US,0.2413374065910138,0.2413374065910138,MSCI World ex-US,0.2413374065910138,,Gold,0.1768193150916246,,1y1m forward OIS,0.1248767976293299,,
2022-01-11,RidgeCV,SELL,-0.0098276494316097,True,BETA,MSCI World ex-US,0.1648454570771025,0.1648454570771025,MSCI World ex-US,0.1648454570771025,,Gold,0.0924161461574915,,VIX Index,-0.017871083865972,,
2022-03-10,RidgeCV,BUY,0.0077181720923122,True,BETA,MSCI World ex-US,0.158547593522657,0.158547593522657,MSCI World ex-US,0.158547593522657,,Copper LME,0.0607104495660192,,VIX Index,-0.0189534126529103,,
2022-05-05,RidgeCV,BUY,0.0084937712344279,True,BETA,MSCI World ex-US,0.1854345302799402,0.1854345302799402,MSCI World ex-US,0.1854345302799402,,Copper LME,0.055337990190241,,MOVE Index,-0.0267678704634776,,
2022-05-11,RidgeCV,BUY,0.0263651946779854,True,BETA,MSCI World ex-US,0.1868068946830383,0.1868068946830383,MSCI World ex-US,0.1868068946830383,,Copper LME,0.0531371044793698,,2y yield,0.0747283973560628,,
2022-09-26,RidgeCV,BUY,0.034240808307606,True,BETA,MSCI World ex-US,0.217489073885059,0.217489073885059,MSCI World ex-US,0.217489073885059,,Copper LME,0.0606961068178471,,VIX Index,-0.0146530533115661,,
2023-05-05,RidgeCV,SELL,-0.0151155428933207,True,BETA,MSCI World ex-US,0.3732401735132929,0.3732401735132929,MSCI World ex-US,0.3732401735132929,,Gold,0.3115146869585234,,,,,
2024-02-16,RidgeCV,BUY,0.0042056816378353,True,BETA,2y yield,0.181759449763542,0.181759449763542,Copper LME,0.1574021665369513,,MSCI World ex-US,0.1589517324119368,,2y yield,0.181759449763542,,
2024-03-22,RidgeCV,BUY,0.0029362748988175,True,BETA,2y yield,0.1729768029408664,0.1729768029408664,MSCI World ex-US,0.1490608447049672,,Copper LME,0.1238540185353082,,2y yield,0.1729768029408664,,
2024-05-31,RidgeCV,SELL,-0.0043164338408413,True,BETA,MSCI World ex-US,0.1880606226453181,0.1880606226453181,MSCI World ex-US,0.1880606226453181,,2y yield,0.1873006738191111,,Gold,0.102938041804654,,
2024-06-11,RidgeCV,SELL,-0.0042386185243328,True,BETA,2y yield,0.1904996109170461,0.1904996109170461,2y yield,0.1904996109170461,,MSCI World ex-US,0.1851925114359522,,Gold,0.0990684381192036,,
2024-06-17,RidgeCV,SELL,-0.0043290043290044,True,BETA,2y yield,0.1868060560628384,0.1868060560628384,2y yield,0.1868060560628384,,MSCI World ex-US,0.185562022087659,,Gold,0.09575342340365,,
2024-08-23,RidgeCV,SELL,-0.0064325715150597,True,BETA,5y yield,0.1959387952167412,0.1959387952167412,5y yield,0.1959387952167412,,MSCI World ex-US,0.1616109782609263,,Gold,0.0817764603075158,,
2024-09-20,RidgeCV,SELL,-0.0149388184070264,True,BETA,5y yield,0.1965440098033316,0.1965440098033316,5y yield,0.1965440098033316,,MSCI World ex-US,0.160167730049551,,Gold,0.0878067039640066,,
2024-12-17,RidgeCV,SELL,-0.0152635719905585,True,BETA,5y yield,0.2080923419651669,0.2080923419651669,5y yield,0.2080923419651669,,MSCI World ex-US,0.1447509715809139,,Gold,0.0917025470062944,,
2025-04-28,RidgeCV,SELL,-0.0197157949557323,True,BETA,MSCI World ex-US,0.1570181637282537,0.1570181637282537,MSCI World ex-US,0.1570181637282537,,Copper LME,0.0821709250289749,,2y yield,0.1198286803435219,,
2025-07-28,RidgeCV,BUY,0.0056903264450434,True,BETA,MSCI World ex-US,0.1760595780220699,0.1760595780220699,MSCI World ex-US,0.1760595780220699,,Copper LME,0.1264542830334417,,2y yield,0.1023561725720939,,
2025-07-30,RidgeCV,BUY,0.0256100324847017,True,BETA,MSCI World ex-US,0.174193639024792,0.174193639024792,MSCI World ex-US,0.174193639024792,,Copper LME,0.1295267225970718,,2y yield,0.1000272890708298,,
2025-10-09,RidgeCV,BUY,0.0016536380036078,True,BETA,MSCI World ex-US,0.2208055744970307,0.2208055744970307,MSCI World ex-US,0.2208055744970307,,Copper LME,0.088064930594428,,2y yield,0.0978814202719592,,
2025-11-04,RidgeCV,BUY,0.0095230781046002,True,BETA,MSCI World ex-US,0.216350431837673,0.216350431837673,MSCI World ex-US,0.216350431837673,,Gold,0.1167917536051872,,2y yield,0.0851200088211483,,
2002-04-01,LassoCV,SELL,-0.0025673050235914,True,BETA,Gold,0.0901066036840447,0.0901066036840447,Gold,0.0901066036840447,,MSCI World - Wilshire,0.0739019036620545,,,,,
2002-07-25,LassoCV,SELL,-0.0331986872002019,True,BETA,Gold,0.096861439061639,0.096861439061639,Gold,0.096861439061639,,MSCI World - Dow Jones,0.0553657290363518,,Real 2y yield,0.021948554126633,,
2002-08-27,LassoCV,BUY,0.0134219442272609,True,BETA,Gold,0.0,0.0,Gold,0.0,,MSCI World - Dow Jones,0.0,,Real 2y yield,0.0,,
2002-11-25,LassoCV,BUY,0.0103507763082231,True,BETA,MSCI World - S&P500,0.1127376978516957,0.1127376978516957,MSCI World - S&P500,0.1127376978516957,,Gold,0.0770667691674963,,Real 2y yield,0.0,,
2003-02-20,LassoCV,BUY,0.0053351744915892,True,BETA,Gold,0.1269019696336649,0.1269019696336649,Gold,0.1269019696336649,,MSCI World - S&P500,0.0989510684907341,,Real 2y yield,0.0,,
2003-03-18,LassoCV,BUY,0.0072764409267889,True,BETA,Gold,0.1321231765841996,0.1321231765841996,Gold,0.1321231765841996,,MSCI World - S&P500,0.0847168838167045,,2y yield,-0.0,,
2003-05-20,LassoCV,SELL,-0.007433132273198,True,BETA,Gold,0.1470841825948329,0.1470841825948329,Gold,0.1470841825948329,,MSCI World - Dow Jones,0.0668102428334949,,5y yield,0.0,,
2003-07-15,LassoCV,BUY,0.0204248366013071,True,BETA,Gold,0.155937122738013,0.155937122738013,Gold,0.155937122738013,,MSCI World - S&P500,0.0936650400109334,,5y yield,0.0089926415774177,,
2003-07-18,LassoCV,BUY,0.0130768263548346,True,BETA,Gold,0.1614363435363945,0.1614363435363945,Gold,0.1614363435363945,,MSCI World - S&P500,0.0812143017471287,,5y yield,0.0312391793146561,,
2003-09-29,LassoCV,SELL,-0.0002399664047033,True,BETA,Gold,0.1601546240735749,0.1601546240735749,MSCI World - S&P500,0.1406878942530565,,Gold,0.1601546240735749,,,,,
2003-10-01,LassoCV,SELL,-0.000659235287067,True,BETA,Gold,0.161538638783119,0.161538638783119,MSCI World - S&P500,0.1324184309868886,,Gold,0.161538638783119,,,,,
2004-01-19,LassoCV,BUY,0.0203555206639376,True,BETA,Gold,0.1828280951563307,0.1828280951563307,Local Index,-0.1814726625770982,,Gold,0.1828280951563307,,,,,
2005-03-17,LassoCV,SELL,-0.0180241013920631,True,BETA,Gold,0.3387012209552476,0.3387012209552476,Gold,0.3387012209552476,,MSCI World ex-US,0.0992985590387948,,2y yield,0.1496932929293244,,
2005-04-18,LassoCV,SELL,-0.0046223342788107,True,BETA,Gold,0.3421073104799157,0.3421073104799157,Gold,0.3421073104799157,,MSCI World ex-US,0.1032446834264337,,2y yield,0.1261698345617753,,
2005-07-08,LassoCV,BUY,0.0004027154527672,True,BETA,Gold,0.3419233833987166,0.3419233833987166,Gold,0.3419233833987166,,MSCI World ex-US,0.1149615194814166,,2y yield,0.1429219247587449,,
2005-12-12,LassoCV,SELL,-0.0244341853394888,True,BETA,MSCI World ex-US,0.1464686483266829,0.1464686483266829,MSCI World ex-US,0.1464686483266829,,Gold,0.1372125245035597,,Real 2y yield,0.0330512118477042,,
2005-12-14,LassoCV,SELL,-0.03175229823473,True,BETA,MSCI World ex-US,0.153930497500609,0.153930497500609,MSCI World ex-US,0.153930497500609,,Gold,0.1345551335667522,,Real 2y yield,0.0338524876878957,,
2006-10-10,LassoCV,BUY,0.0098689532438116,True,BETA,2y yield,0.1305758264826597,0.1305758264826597,2y yield,0.1305758264826597,,MSCI World - Dow Jones,0.1053353601037929,,BCOM Index,0.0350000625616173,,
2006-10-17,LassoCV,BUY,0.0196183246912919,True,BETA,2y yield,0.1705300859708135,0.1705300859708135,2y yield,0.1705300859708135,,MSCI World - Dow Jones,0.1232443050540071,,BCOM Index,0.052650384719684,,
2006-11-30,LassoCV,SELL,-0.0028485680858639,True,BETA,2y yield,0.1678257901652859,0.1678257901652859,2y yield,0.1678257901652859,,MSCI World - Dow Jones,0.0973015855522242,,Gold,0.0835841489194407,,
2007-02-09,LassoCV,BUY,0.0073367195115694,True,BETA,2y yield,0.1669450982757679,0.1669450982757679,2y yield,0.1669450982757679,,Gold,0.1240574576782636,,MSCI World - Dow Jones,0.1024979408976747,,
2007-03-05,LassoCV,BUY,0.0123405363186668,True,BETA,2y yield,0.1611213218901118,0.1611213218901118,2y yield,0.1611213218901118,,Gold,0.141953682912907,,MSCI World - Dow Jones,0.0790871404841576,,
2007-03-08,LassoCV,BUY,0.0189285899496967,True,BETA,2y yield,0.1580436955323091,0.1580436955323091,2y yield,0.1580436955323091,,Gold,0.1428196727421276,,MSCI World - Dow Jones,0.0868272517792219,,
2007-04-17,LassoCV,SELL,-0.0040859036324679,True,BETA,Gold,0.1538211113161665,0.1538211113161665,Gold,0.1538211113161665,,2y yield,0.128218048805961,,MSCI World - Dow Jones,0.0573871159464444,,
2007-07-17,LassoCV,SELL,-0.0075243074217032,True,BETA,Gold,0.1586416862500117,0.1586416862500117,Gold,0.1586416862500117,,MSCI World ex-US,0.0938733879049652,,2y yield,0.1383328939477774,,
2007-07-20,LassoCV,SELL,-0.0073440007781722,True,BETA,Gold,0.1597440118916589,0.1597440118916589,Gold,0.1597440118916589,,MSCI World ex-US,0.0934743563477933,,2y yield,0.1362130056804354,,
2007-08-14,LassoCV,BUY,0.0025539586358855,True,BETA,Gold,0.1674122885000294,0.1674122885000294,Gold,0.1674122885000294,,MSCI World ex-US,0.0901085159190099,,2y yield,0.1073624500185061,,
2007-09-14,LassoCV,BUY,0.0198764571086977,True,BETA,Gold,0.1929643226262892,0.1929643226262892,Gold,0.1929643226262892,,MSCI World ex-US,0.0768884979322975,,5y yield,0.0806989960683044,,
2007-11-14,LassoCV,BUY,0.0146177459435756,True,BETA,Gold,0.2089133174514452,0.2089133174514452,Gold,0.2089133174514452,,MSCI World ex-US,0.0714478585213132,,5y yield,0.0766716720115372,,
2008-03-18,LassoCV,SELL,-0.015201355661882,True,BETA,Gold,0.1275155810499253,0.1275155810499253,Gold,0.1275155810499253,,MSCI World ex-US,0.0873077278411727,,Real 2y yield,0.0859299356201355,,
2008-06-27,LassoCV,SELL,-0.0031077694235589,True,BETA,Gold,0.1627836431672358,0.1627836431672358,Gold,0.1627836431672358,,6m1m forward OIS,0.1051657693526008,,MSCI World ex-US,0.0762913063108649,,
2008-07-15,LassoCV,SELL,-0.0135101450720375,True,BETA,Gold,0.1662567167697547,0.1662567167697547,Gold,0.1662567167697547,,6m1m forward OIS,0.1113839356325376,,MSCI World ex-US,0.0772170769690348,,
2008-07-23,LassoCV,SELL,-0.0259064766191547,True,BETA,Gold,0.1670365774924519,0.1670365774924519,Gold,0.1670365774924519,,6m1m forward OIS,0.1192120754617617,,MSCI World ex-US,0.0783902810987324,,
2008-12-16,LassoCV,SELL,-0.075219819010333,True,BETA,6m1m forward OIS,0.2174959818524052,0.2174959818524052,6m1m forward OIS,0.2174959818524052,,MSCI World ex-US,0.2116769324461812,,Copper LME,0.1078527339966207,,
2009-06-11,LassoCV,SELL,-0.0134410222409739,True,BETA,MSCI World ex-US,0.2862797991717755,0.2862797991717755,MSCI World ex-US,0.2862797991717755,,BCOM Index,0.2124364805388559,,Real 2y yield,0.2599224494570861,,
2009-07-21,LassoCV,BUY,0.0291633756607327,True,BETA,MSCI World ex-US,0.2912947777644091,0.2912947777644091,MSCI World ex-US,0.2912947777644091,,BCOM Index,0.2371905028494166,,Real 2y yield,0.2860958684916211,,
2009-10-12,LassoCV,BUY,0.0339894930058863,True,BETA,MSCI World ex-US,0.5189843743483901,0.5189843743483901,MSCI World ex-US,0.5189843743483901,,BCOM Index,0.1973723472959631,,Real 2y yield,0.2413378125347174,,
2010-01-05,LassoCV,BUY,0.0231365682841422,True,BETA,MSCI World ex-US,0.3300023378858873,0.3300023378858873,MSCI World ex-US,0.3300023378858873,,BCOM Index,0.2250935864272371,,6m1m forward OIS,0.1086976354358395,,
2010-03-01,LassoCV,BUY,0.0044026415849509,True,BETA,MSCI World ex-US,0.3368984304913215,0.3368984304913215,MSCI World ex-US,0.3368984304913215,,Oil,0.1397362126311016,,JPMVG71M Index,0.0,,
2010-09-14,LassoCV,BUY,0.0169251560589485,True,BETA,Oil,0.1382924752641498,0.1382924752641498,Oil,0.1382924752641498,,MSCI World ex-US,0.1375856423979974,,6m1m forward OIS,0.0728029871974264,,
2010-12-02,LassoCV,BUY,0.0020512820512819,True,BETA,MSCI World ex-US,0.157873994158602,0.157873994158602,Oil,0.1115613533444361,,MSCI World ex-US,0.157873994158602,,6m1m forward OIS,0.0,,
2011-04-21,LassoCV,SELL,-0.0081099074018036,True,BETA,MSCI World ex-US,0.164393987364042,0.164393987364042,MSCI World ex-US,0.164393987364042,,BCOM Index,0.1115015401784872,,1y1m forward OIS,0.1241977834273536,,
2011-04-27,LassoCV,SELL,-0.0169603656702953,True,BETA,MSCI World ex-US,0.1729639934192048,0.1729639934192048,MSCI World ex-US,0.1729639934192048,,BCOM Index,0.1016276561852021,,1y1m forward OIS,0.1381804659069964,,
2011-06-30,LassoCV,BUY,0.0054195477480845,True,BETA,MSCI World ex-US,0.2341070170107521,0.2341070170107521,MSCI World ex-US,0.2341070170107521,,1y1m forward OIS,0.1483114408391426,,Gold,0.1029224784835216,,
2011-07-05,LassoCV,BUY,0.0038602826723117,True,BETA,MSCI World ex-US,0.2287862787611805,0.2287862787611805,MSCI World ex-US,0.2287862787611805,,1y1m forward OIS,0.1466737071495231,,Gold,0.1003518933835144,,
2011-07-11,LassoCV,BUY,0.0232601999119883,True,BETA,MSCI World ex-US,0.2064561006889113,0.2064561006889113,MSCI World ex-US,0.2064561006889113,,1y1m forward OIS,0.152505442717052,,BCOM Index,0.0754215518466586,,
2012-01-06,LassoCV,BUY,0.0097238428626993,True,BETA,MSCI World ex-US,0.1699826770275841,0.1699826770275841,MSCI World ex-US,0.1699826770275841,,BCOM Index,0.0267415206724774,,1y1m forward OIS,0.0787616778875391,,
2012-01-10,LassoCV,BUY,0.0091707569103591,True,BETA,MSCI World ex-US,0.1705431640627298,0.1705431640627298,MSCI World ex-US,0.1705431640627298,,BCOM Index,0.02494346409324,,1y1m forward OIS,0.0780191337951033,,
2012-01-31,LassoCV,SELL,-0.0043147208121828,True,BETA,MSCI World ex-US,0.1864202602710794,0.1864202602710794,MSCI World ex-US,0.1864202602710794,,BCOM Index,0.0443965342653453,,1y1m forward OIS,0.1388771347953183,,
2012-05-30,LassoCV,BUY,0.0017444114226643,True,BETA,MSCI World ex-US,0.2011584447522283,0.2011584447522283,MSCI World ex-US,0.2011584447522283,,1y1m forward OIS,0.117226528596833,,BCOM Index,0.020671470936356,,
2013-07-04,LassoCV,BUY,0.0102839702760084,True,BETA,Gold,0.1412519708625461,0.1412519708625461,Local - Wilshire,-0.1021222473405416,,Gold,0.1412519708625461,,5y yield,0.1117913093073608,,
2013-09-25,LassoCV,SELL,-0.0078975188110193,True,BETA,5y yield,0.1437608265978923,0.1437608265978923,Local - Wilshire,-0.126223601507883,,Gold,0.1411537291447801,,5y yield,0.1437608265978923,,
2013-09-27,LassoCV,SELL,-0.0112770307949686,True,BETA,5y yield,0.1443123588367366,0.1443123588367366,Local - Wilshire,-0.1276271901777904,,Gold,0.1414547898059478,,5y yield,0.1443123588367366,,
2014-09-04,LassoCV,BUY,0.003980160431082,True,BETA,5y yield,0.0330726331670539,0.0330726331670539,MSCI World ex-US,0.0261171579689012,,5y yield,0.0330726331670539,,Gold,0.0,,
2014-10-03,LassoCV,BUY,0.0075126776435234,True,BETA,5y yield,0.0356329073525955,0.0356329073525955,5y yield,0.0356329073525955,,MSCI World ex-US,0.0323432578055333,,Gold,0.0,,
2014-10-14,LassoCV,BUY,0.0142102615694164,True,BETA,MSCI World ex-US,0.0363039088762915,0.0363039088762915,5y yield,0.0344465281830594,,MSCI World ex-US,0.0363039088762915,,Gold,0.0,,
2014-11-04,LassoCV,SELL,-0.0231206648753359,True,BETA,MSCI World ex-US,0.0710824655071015,0.0710824655071015,Gold,0.063857087113952,,5y yield,0.0543347136738358,,MSCI World ex-US,0.0710824655071015,,
2015-01-22,LassoCV,BUY,0.0211858760826115,True,BETA,1y1m forward OIS,0.0938407618650471,0.0938407618650471,1y1m forward OIS,0.0938407618650471,,Gold,0.0774338409175642,,MSCI World - Dow Jones,0.0546302752490478,,
2015-05-11,LassoCV,SELL,-0.0074425766713718,True,BETA,Real 2y yield,0.1282508980836562,0.1282508980836562,Real 2y yield,0.1282508980836562,,MSCI World ex-US,0.1087151338878722,,Gold,0.1120204560692732,,
2015-10-05,LassoCV,BUY,0.0210616664465865,True,BETA,Real 2y yield,0.1716150601311958,0.1716150601311958,Real 2y yield,0.1716150601311958,,Gold,0.1042184023114169,,MSCI World ex-US,0.0956659346226714,,
2016-01-27,LassoCV,BUY,0.0202332443445272,True,BETA,Real 2y yield,0.2657171022559189,0.2657171022559189,Real 2y yield,0.2657171022559189,,Gold,0.1520149698176591,,MSCI World ex-US,0.1029626072500838,,
2016-02-23,LassoCV,BUY,0.0137640850092712,True,BETA,2y yield,0.2322948998668819,0.2322948998668819,2y yield,0.2322948998668819,,Gold,0.1181093497643735,,MSCI World ex-US,0.0812234913144247,,
2016-03-22,LassoCV,SELL,-0.0033079954954956,True,BETA,2y yield,0.1644924192650358,0.1644924192650358,2y yield,0.1644924192650358,,Gold,0.0609828022607018,,MSCI World ex-US,0.0632115551626969,,
2016-03-24,LassoCV,SELL,-0.0068536705998728,True,BETA,2y yield,0.173902580398519,0.173902580398519,2y yield,0.173902580398519,,BCOM Index,0.0697220357724112,,MSCI World ex-US,0.0353516394735581,,
2017-02-01,LassoCV,SELL,-0.0156410458962004,True,BETA,MSCI World ex-US,0.4888423550723325,0.4888423550723325,MSCI World ex-US,0.4888423550723325,,2y yield,0.2720165475276516,,BCOM Index,0.0709475748691843,,
2018-02-05,LassoCV,BUY,0.002937173149939,True,BETA,Real 2y yield,0.2166431528361018,0.2166431528361018,Real 2y yield,0.2166431528361018,,Local - S&P500,-0.2121904396930786,,Gold,0.1795294389482187,,
2018-05-25,LassoCV,BUY,0.0072131640243444,True,BETA,Local - Wilshire,-0.1336208056704706,0.1336208056704706,Gold,0.0907554374660025,,10y yield,0.1292587616559598,,Local - Wilshire,-0.1336208056704706,,
2018-05-29,LassoCV,BUY,0.009283719526002,True,BETA,Local - Wilshire,-0.1281924205803794,0.1281924205803794,Gold,0.0869594814572877,,10y yield,0.1230490646161036,,Local - Wilshire,-0.1281924205803794,,
2018-07-10,LassoCV,SELL,-0.0098674299487796,True,BETA,Local - Dow Jones,-0.1275566432027426,0.1275566432027426,Gold,0.0982598044916479,,10y yield,0.1029672238117138,,Local - Dow Jones,-0.1275566432027426,,
2018-07-20,LassoCV,SELL,-0.0102771010962241,True,BETA,Local - Dow Jones,-0.1257019887189604,0.1257019887189604,Gold,0.105878257214813,,10y yield,0.0967989872381949,,Local - Dow Jones,-0.1257019887189604,,
2018-10-04,LassoCV,SELL,-0.0002303970509177,True,BETA,Gold,0.1672945412079366,0.1672945412079366,Gold,0.1672945412079366,,1y1m forward OIS,0.1166574531250018,,Local - Dow Jones,-0.132939554820565,,
2019-11-26,LassoCV,BUY,0.0225400279807244,True,BETA,Local - S&P500,-0.203199475217582,0.203199475217582,Local - S&P500,-0.203199475217582,,10y yield,0.1953974104094552,,Copper LME,0.1118840050119539,,
2020-07-30,LassoCV,SELL,-0.0022144166157606,True,BETA,2y yield,0.2406048560481599,0.2406048560481599,MSCI World ex-US,0.201538501437879,,2y yield,0.2406048560481599,,Copper LME,0.0755417989178767,,
2020-09-22,LassoCV,BUY,0.0116233409251551,True,BETA,2y yield,0.1966456487827226,0.1966456487827226,2y yield,0.1966456487827226,,MSCI World ex-US,0.1684624710465017,,Copper LME,0.0543362850363088,,
2020-11-24,LassoCV,SELL,-0.0001497342217565,True,BETA,2y yield,0.2475240338505214,0.2475240338505214,2y yield,0.2475240338505214,,Gold,0.1620628604160591,,MSCI World ex-US,0.2032898822799257,,
2021-04-15,LassoCV,BUY,0.0113875389860014,True,BETA,MSCI World ex-US,0.1903886959473355,0.1903886959473355,MSCI World ex-US,0.1903886959473355,,BCOM Index,0.1567804040981358,,1y1m forward OIS,0.1416186765290626,,
2021-04-30,LassoCV,BUY,0.0198958182607436,True,BETA,MSCI World ex-US,0.2325914930236718,0.2325914930236718,MSCI World ex-US,0.2325914930236718,,Oil,0.0686196649707873,,1y1m forward OIS,0.1439358427937204,,
2021-06-18,LassoCV,BUY,0.0010137581462708,True,BETA,Gold,0.2021977019945856,0.2021977019945856,MSCI World ex-US,0.1651587516431245,,Gold,0.2021977019945856,,1y1m forward OIS,0.1527929023866679,,
2021-07-01,LassoCV,BUY,0.0045035229171206,True,BETA,Gold,0.2020442513393911,0.2020442513393911,MSCI World ex-US,0.1863496123922211,,Gold,0.2020442513393911,,1y1m forward OIS,0.1299098456141434,,
2021-08-17,LassoCV,BUY,0.0010188487009676,True,BETA,MSCI World ex-US,0.2310763446327971,0.2310763446327971,MSCI World ex-US,0.2310763446327971,,Gold,0.1810162080069419,,1y1m forward OIS,0.1238877619632779,,
2021-08-26,LassoCV,BUY,0.0099999999999997,True,BETA,MSCI World ex-US,0.2411740256251101,0.2411740256251101,MSCI World ex-US,0.2411740256251101,,Gold,0.1766989875035036,,1y1m forward OIS,0.1247220375981672,,
2021-08-30,LassoCV,BUY,0.0056686046511629,True,BETA,MSCI World ex-US,0.244462389662277,0.244462389662277,MSCI World ex-US,0.244462389662277,,Gold,0.1754380120243049,,1y1m forward OIS,0.1196462578289473,,
2022-01-11,LassoCV,SELL,-0.0098276494316097,True,BETA,MSCI World ex-US,0.1763191863336843,0.1763191863336843,MSCI World ex-US,0.1763191863336843,,Gold,0.083525860237412,,VIX Index,-0.0,,
2022-03-10,LassoCV,BUY,0.0077181720923122,True,BETA,MSCI World ex-US,0.1668218380535329,0.1668218380535329,MSCI World ex-US,0.1668218380535329,,Copper LME,0.0518498169290084,,VIX Index,-0.0111727094305303,,
2022-05-05,LassoCV,BUY,0.0084937712344279,True,BETA,MSCI World ex-US,0.1855051008583594,0.1855051008583594,MSCI World ex-US,0.1855051008583594,,Copper LME,0.0552616430418573,,MOVE Index,-0.026674365068348,,
2022-05-11,LassoCV,BUY,0.0263651946779854,True,BETA,MSCI World ex-US,0.1868629477409318,0.1868629477409318,MSCI World ex-US,0.1868629477409318,,Copper LME,0.0530580505310093,,2y yield,0.074706709197771,,
2022-09-26,LassoCV,BUY,0.034240808307606,True,BETA,MSCI World ex-US,0.2337909884131566,0.2337909884131566,MSCI World ex-US,0.2337909884131566,,Copper LME,0.0556118083575747,,VIX Index,-0.0091951766099282,,
2023-05-05,LassoCV,SELL,-0.0151155428933207,True,BETA,MSCI World ex-US,0.373163760737977,0.373163760737977,MSCI World ex-US,0.373163760737977,,Gold,0.3114535341612809,,,,,
2023-11-27,LassoCV,SELL,-0.0057020669992871,True,BETA,5y yield,0.1443810288920317,0.1443810288920317,Copper LME,0.1370528431342878,,MSCI World ex-US,0.1394021274381055,,5y yield,0.1443810288920317,,
2024-02-16,LassoCV,BUY,0.0042056816378353,True,BETA,2y yield,0.1902841095068813,0.1902841095068813,Copper LME,0.1600724020025235,,MSCI World ex-US,0.1625541861874187,,2y yield,0.1902841095068813,,
2024-05-31,LassoCV,SELL,-0.0043164338408413,True,BETA,MSCI World ex-US,0.1768781926783582,0.1768781926783582,MSCI World ex-US,0.1768781926783582,,2y yield,0.1702045385734535,,Gold,0.093861523705294,,
2024-06-11,LassoCV,SELL,-0.0042386185243328,True,BETA,MSCI World ex-US,0.1741435228625622,0.1741435228625622,2y yield,0.1739840914512426,,MSCI World ex-US,0.1741435228625622,,Gold,0.091148959665027,,
2024-06-17,LassoCV,SELL,-0.0043290043290044,True,BETA,MSCI World ex-US,0.1751449464529023,0.1751449464529023,2y yield,0.1697850064019361,,MSCI World ex-US,0.1751449464529023,,Gold,0.0876668182696156,,
2024-08-23,LassoCV,SELL,-0.0064325715150597,True,BETA,5y yield,0.2004517736067084,0.2004517736067084,5y yield,0.2004517736067084,,MSCI World ex-US,0.1631639838352666,,Gold,0.0797456915852761,,
2024-09-20,LassoCV,SELL,-0.0149388184070264,True,BETA,5y yield,0.2008722935564799,0.2008722935564799,5y yield,0.2008722935564799,,MSCI World ex-US,0.1616186832831798,,Gold,0.0859670488367155,,
2024-12-17,LassoCV,SELL,-0.0152635719905585,True,BETA,5y yield,0.2079514417376703,0.2079514417376703,5y yield,0.2079514417376703,,MSCI World ex-US,0.1446636196782025,,Gold,0.0916533723345559,,
2025-04-28,LassoCV,SELL,-0.0197157949557323,True,BETA,MSCI World ex-US,0.1543002800494207,0.1543002800494207,MSCI World ex-US,0.1543002800494207,,Copper LME,0.0737262909376958,,2y yield,0.1059183858572135,,
2025-07-28,LassoCV,BUY,0.0056903264450434,True,BETA,MSCI World ex-US,0.1795662806666218,0.1795662806666218,MSCI World ex-US,0.1795662806666218,,Copper LME,0.1278849417871009,,2y yield,0.1044534760122209,,
2025-07-30,LassoCV,BUY,0.0256100324847017,True,BETA,MSCI World ex-US,0.1776033498505972,0.1776033498505972,MSCI World ex-US,0.1776033498505972,,Copper LME,0.1311255577177553,,2y yield,0.1020892346246532,,
2025-10-09,LassoCV,BUY,0.0016536380036078,True,BETA,MSCI World ex-US,0.2196939373378416,0.2196939373378416,MSCI World ex-US,0.2196939373378416,,Copper LME,0.0727381783908677,,2y yield,0.0818403257955439,,
2025-11-04,LassoCV,BUY,0.0095230781046002,True,BETA,MSCI World ex-US,0.2100173614384068,0.2100173614384068,MSCI World ex-US,0.2100173614384068,,Gold,0.1089478399927492,,2y yield,0.0686969605675003,,
2001-10-22,ElasticNetCV,BUY,0.0235038237564022,True,BETA,Gold,0.0866682302571143,0.0866682302571143,MSCI World - Wilshire,0.0847457542314089,,Gold,0.0866682302571143,,5y yield,0.0256375064262745,,
2002-04-01,ElasticNetCV,SELL,-0.0025673050235914,True,BETA,Gold,0.0745752157875166,0.0745752157875166,Gold,0.0745752157875166,,MSCI World - Wilshire,0.0529327796235267,,,,,
2002-07-25,ElasticNetCV,SELL,-0.0331986872002019,True,BETA,Gold,0.0791624390392215,0.0791624390392215,Gold,0.0791624390392215,,MSCI World - Dow Jones,0.0466682818868979,,Real 2y yield,0.0170116456479955,,
2002-08-27,ElasticNetCV,BUY,0.0134219442272609,True,BETA,Gold,0.0919215111730146,0.0919215111730146,Gold,0.0919215111730146,,MSCI World - Dow Jones,0.0571813599980356,,Real 2y yield,0.0065169296896066,,
2002-11-25,ElasticNetCV,BUY,0.0103507763082231,True,BETA,MSCI World - S&P500,0.1040787034500061,0.1040787034500061,MSCI World - S&P500,0.1040787034500061,,Gold,0.0646635813973325,,Real 2y yield,0.0,,
2003-02-20,ElasticNetCV,BUY,0.0053351744915892,True,BETA,Gold,0.1164287535388711,0.1164287535388711,Gold,0.1164287535388711,,MSCI World - S&P500,0.0902663782083271,,Real 2y yield,0.0,,
2003-03-18,ElasticNetCV,BUY,0.0072764409267889,True,BETA,Gold,0.1228608313685456,0.1228608313685456,Gold,0.1228608313685456,,MSCI World - S&P500,0.0770309755523683,,2y yield,0.0,,
2003-05-20,ElasticNetCV,SELL,-0.007433132273198,True,BETA,Gold,0.1473260071279513,0.1473260071279513,Gold,0.1473260071279513,,MSCI World - Dow Jones,0.0697083743676369,,5y yield,0.0082968561995414,,
2003-07-18,ElasticNetCV,BUY,0.0130768263548346,True,BETA,Gold,0.161263057564254,0.161263057564254,Gold,0.161263057564254,,MSCI World - S&P500,0.0857598685322842,,5y yield,0.0385525943891686,,
2003-09-29,ElasticNetCV,SELL,-0.0002399664047033,True,BETA,Gold,0.1585338129303083,0.1585338129303083,MSCI World - S&P500,0.1355548278537346,,Gold,0.1585338129303083,,,,,
2003-10-01,ElasticNetCV,SELL,-0.000659235287067,True,BETA,Gold,0.1598306975787966,0.1598306975787966,MSCI World - S&P500,0.1275567364610082,,Gold,0.1598306975787966,,,,,
2004-01-19,ElasticNetCV,BUY,0.0203555206639376,True,BETA,Gold,0.1828727319440781,0.1828727319440781,Local Index,-0.1816245295438792,,Gold,0.1828727319440781,,,,,
2005-03-17,ElasticNetCV,SELL,-0.0180241013920631,True,BETA,Gold,0.3143471674771181,0.3143471674771181,Gold,0.3143471674771181,,MSCI World ex-US,0.1008279068192787,,2y yield,0.1391227963756074,,
2005-04-18,ElasticNetCV,SELL,-0.0046223342788107,True,BETA,Gold,0.3143815878052092,0.3143815878052092,Gold,0.3143815878052092,,MSCI World ex-US,0.1041244302109208,,2y yield,0.1152114613759547,,
2005-12-14,ElasticNetCV,SELL,-0.03175229823473,True,BETA,MSCI World ex-US,0.1592713704059306,0.1592713704059306,MSCI World ex-US,0.1592713704059306,,Gold,0.138540453772189,,Real 2y yield,0.0666463481968842,,
2005-12-16,ElasticNetCV,SELL,-0.0280911552346569,True,BETA,MSCI World ex-US,0.1621371110462996,0.1621371110462996,MSCI World ex-US,0.1621371110462996,,Gold,0.1307770855428372,,Real 2y yield,0.0690543606459919,,
2006-02-21,ElasticNetCV,SELL,-0.0056707526635353,True,BETA,MSCI World ex-US,0.1398296857087988,0.1398296857087988,MSCI World ex-US,0.1398296857087988,,Gold,0.0889319976704016,,2y yield,0.0941627646523087,,
2006-05-02,ElasticNetCV,BUY,0.0262557077625571,True,BETA,MSCI World ex-US,0.143092269547468,0.143092269547468,MSCI World ex-US,0.143092269547468,,2y yield,0.1161306550423936,,Gold,0.0700540231247676,,
2006-07-25,ElasticNetCV,BUY,0.037190082644628,True,BETA,MSCI World - Dow Jones,0.1179734624161554,0.1179734624161554,Real 2y yield,0.0751694232324318,,MSCI World - Dow Jones,0.1179734624161554,,Gold,0.0799877320988871,,
2006-10-10,ElasticNetCV,BUY,0.0098689532438116,True,BETA,2y yield,0.1409418095202029,0.1409418095202029,2y yield,0.1409418095202029,,MSCI World - Dow Jones,0.1095941856792654,,BCOM Index,0.057122994036182,,
2006-10-17,ElasticNetCV,BUY,0.0196183246912919,True,BETA,2y yield,0.1439417202192106,0.1439417202192106,2y yield,0.1439417202192106,,MSCI World - Dow Jones,0.1093302336471168,,BCOM Index,0.0475385548001864,,
2006-11-30,ElasticNetCV,SELL,-0.0028485680858639,True,BETA,2y yield,0.1421625646671539,0.1421625646671539,2y yield,0.1421625646671539,,MSCI World - Dow Jones,0.0865801437481437,,Gold,0.0789997352275608,,
2007-02-09,ElasticNetCV,BUY,0.0073367195115694,True,BETA,2y yield,0.1670025585459059,0.1670025585459059,2y yield,0.1670025585459059,,Gold,0.1240932112305277,,MSCI World - Dow Jones,0.1025556625820836,,
2007-03-05,ElasticNetCV,BUY,0.0123405363186668,True,BETA,2y yield,0.1611746826591437,0.1611746826591437,2y yield,0.1611746826591437,,Gold,0.1419952588438984,,MSCI World - Dow Jones,0.0791432139256621,,
2007-03-08,ElasticNetCV,BUY,0.0189285899496967,True,BETA,2y yield,0.1580975524653465,0.1580975524653465,2y yield,0.1580975524653465,,Gold,0.1428619501633893,,MSCI World - Dow Jones,0.0868808063306865,,
2007-04-17,ElasticNetCV,SELL,-0.0040859036324679,True,BETA,Gold,0.1471011671513825,0.1471011671513825,Gold,0.1471011671513825,,2y yield,0.1235146955380595,,MSCI World - Dow Jones,0.0577348710015334,,
2007-07-17,ElasticNetCV,SELL,-0.0075243074217032,True,BETA,Gold,0.1439217164259059,0.1439217164259059,Gold,0.1439217164259059,,MSCI World ex-US,0.091260878610806,,2y yield,0.1305215392459189,,
2007-07-20,ElasticNetCV,SELL,-0.0073440007781722,True,BETA,Gold,0.1449178730007846,0.1449178730007846,Gold,0.1449178730007846,,MSCI World ex-US,0.0909141119777391,,2y yield,0.128393245543014,,
2007-08-14,ElasticNetCV,BUY,0.0025539586358855,True,BETA,Gold,0.1513649857821246,0.1513649857821246,Gold,0.1513649857821246,,MSCI World ex-US,0.0887073058240894,,2y yield,0.101017935229227,,
2007-09-14,ElasticNetCV,BUY,0.0198764571086977,True,BETA,Gold,0.1734251706081818,0.1734251706081818,Gold,0.1734251706081818,,MSCI World ex-US,0.0777466698741549,,5y yield,0.0748014436300229,,
2007-11-07,ElasticNetCV,SELL,-0.0181126693605895,True,BETA,Gold,0.1578192759830001,0.1578192759830001,Gold,0.1578192759830001,,MSCI World ex-US,0.0654783562315741,,5y yield,0.0639460079424373,,
2008-03-18,ElasticNetCV,SELL,-0.015201355661882,True,BETA,Gold,0.1301223990870982,0.1301223990870982,Gold,0.1301223990870982,,MSCI World ex-US,0.0899446029044941,,Real 2y yield,0.0925674119466814,,
2008-07-15,ElasticNetCV,SELL,-0.0135101450720375,True,BETA,Gold,0.1662984197061268,0.1662984197061268,Gold,0.1662984197061268,,6m1m forward OIS,0.1114962143854152,,MSCI World ex-US,0.0772401719940252,,
2008-07-23,ElasticNetCV,SELL,-0.0259064766191547,True,BETA,Gold,0.1670759017611803,0.1670759017611803,Gold,0.1670759017611803,,6m1m forward OIS,0.1193406342591378,,MSCI World ex-US,0.0784155338812662,,
2008-12-16,ElasticNetCV,SELL,-0.075219819010333,True,BETA,MSCI World ex-US,0.2076525524188754,0.2076525524188754,6m1m forward OIS,0.2032172408006043,,MSCI World ex-US,0.2076525524188754,,Copper LME,0.1084823382245691,,
2009-06-11,ElasticNetCV,SELL,-0.0134410222409739,True,BETA,MSCI World ex-US,0.2862921537563417,0.2862921537563417,MSCI World ex-US,0.2862921537563417,,BCOM Index,0.212471198721794,,Real 2y yield,0.2600198848984259,,
2009-07-21,ElasticNetCV,BUY,0.0291633756607327,True,BETA,MSCI World ex-US,0.2913076749540446,0.2913076749540446,MSCI World ex-US,0.2913076749540446,,BCOM Index,0.2372268410221569,,Real 2y yield,0.2861949458793389,,
2009-10-12,ElasticNetCV,BUY,0.0339894930058863,True,BETA,MSCI World ex-US,0.5189888095999521,0.5189888095999521,MSCI World ex-US,0.5189888095999521,,BCOM Index,0.197443143676851,,Real 2y yield,0.2414693750236,,
2010-01-05,ElasticNetCV,BUY,0.0231365682841422,True,BETA,MSCI World ex-US,0.2875278140592578,0.2875278140592578,MSCI World ex-US,0.2875278140592578,,BCOM Index,0.2362071920428466,,6m1m forward OIS,0.1329446968346366,,
2010-03-01,ElasticNetCV,BUY,0.0044026415849509,True,BETA,MSCI World ex-US,0.2788539275726304,0.2788539275726304,MSCI World ex-US,0.2788539275726304,,Oil,0.1832212405079601,,JPMVG71M Index,0.0200295516370088,,
2010-09-14,ElasticNetCV,BUY,0.0169251560589485,True,BETA,Oil,0.1494545166879208,0.1494545166879208,Oil,0.1494545166879208,,MSCI World ex-US,0.1406296608318984,,6m1m forward OIS,0.0999743142897555,,
2010-12-02,ElasticNetCV,BUY,0.0020512820512819,True,BETA,MSCI World ex-US,0.1518142041165492,0.1518142041165492,Oil,0.1285279645695896,,MSCI World ex-US,0.1518142041165492,,6m1m forward OIS,0.0501062080173649,,
2011-04-21,ElasticNetCV,SELL,-0.0081099074018036,True,BETA,MSCI World ex-US,0.1628851000835088,0.1628851000835088,MSCI World ex-US,0.1628851000835088,,BCOM Index,0.1167012613183771,,1y1m forward OIS,0.131427072489988,,
2011-04-27,ElasticNetCV,SELL,-0.0169603656702953,True,BETA,MSCI World ex-US,0.1704177168553714,0.1704177168553714,MSCI World ex-US,0.1704177168553714,,BCOM Index,0.1079195237971414,,1y1m forward OIS,0.1441703577765072,,
2011-06-24,ElasticNetCV,BUY,0.0062660567704744,True,BETA,MSCI World ex-US,0.1745325300297031,0.1745325300297031,MSCI World ex-US,0.1745325300297031,,1y1m forward OIS,0.1276314143717123,,BCOM Index,0.0886309278055569,,
2011-06-30,ElasticNetCV,BUY,0.0054195477480845,True,BETA,MSCI World ex-US,0.1930448896810174,0.1930448896810174,MSCI World ex-US,0.1930448896810174,,1y1m forward OIS,0.1212455770570198,,Gold,0.0930324727293141,,
2011-07-05,ElasticNetCV,BUY,0.0038602826723117,True,BETA,MSCI World ex-US,0.1887741160142669,0.1887741160142669,MSCI World ex-US,0.1887741160142669,,1y1m forward OIS,0.1196471193705035,,Gold,0.0900285980134275,,
2011-07-11,ElasticNetCV,BUY,0.0232601999119883,True,BETA,MSCI World ex-US,0.1658914026679254,0.1658914026679254,MSCI World ex-US,0.1658914026679254,,1y1m forward OIS,0.1229862449198077,,BCOM Index,0.0796307927692301,,
2012-01-06,ElasticNetCV,BUY,0.0097238428626993,True,BETA,MSCI World ex-US,0.1529016210412587,0.1529016210412587,MSCI World ex-US,0.1529016210412587,,BCOM Index,0.0334327344235743,,1y1m forward OIS,0.0653012582060824,,
2012-01-10,ElasticNetCV,BUY,0.0091707569103591,True,BETA,MSCI World ex-US,0.153211185624737,0.153211185624737,MSCI World ex-US,0.153211185624737,,BCOM Index,0.031972483942966,,1y1m forward OIS,0.064700950540521,,
2012-01-31,ElasticNetCV,SELL,-0.0043147208121828,True,BETA,MSCI World ex-US,0.1864223934786413,0.1864223934786413,MSCI World ex-US,0.1864223934786413,,BCOM Index,0.0444656324377798,,1y1m forward OIS,0.1389884467736316,,
2012-05-30,ElasticNetCV,BUY,0.0017444114226643,True,BETA,MSCI World ex-US,0.1925443289736561,0.1925443289736561,MSCI World ex-US,0.1925443289736561,,1y1m forward OIS,0.107148657092694,,BCOM Index,0.0258071524049373,,
2013-06-17,ElasticNetCV,SELL,-0.0320590293238343,True,BETA,Gold,0.1229984803200584,0.1229984803200584,Gold,0.1229984803200584,,Local - Wilshire,-0.0841726698913663,,5y yield,0.0828203207527807,,
2013-07-05,ElasticNetCV,BUY,0.0253190060443249,True,BETA,Gold,0.1398199067656298,0.1398199067656298,Gold,0.1398199067656298,,Local - Wilshire,-0.1205206417853928,,5y yield,0.1175556599641722,,
2013-09-25,ElasticNetCV,SELL,-0.0078975188110193,True,BETA,5y yield,0.1423294382863244,0.1423294382863244,Local - Wilshire,-0.1248346241039375,,Gold,0.1395677817118044,,5y yield,0.1423294382863244,,
2013-09-27,ElasticNetCV,SELL,-0.0112770307949686,True,BETA,5y yield,0.142879668249859,0.142879668249859,Local - Wilshire,-0.126211696997321,,Gold,0.1398798939658032,,5y yield,0.142879668249859,,
2014-07-01,ElasticNetCV,SELL,-0.0004081632653062,True,BETA,5y yield,0.0331896944616613,0.0331896944616613,5y yield,0.0331896944616613,,Local - S&P500,-0.0230167583159252,,Gold,0.0125080519694132,,
2014-09-04,ElasticNetCV,BUY,0.003980160431082,True,BETA,5y yield,0.0687114985925581,0.0687114985925581,MSCI World ex-US,0.0635788859510628,,5y yield,0.0687114985925581,,Gold,0.0338516031494675,,
2014-10-14,ElasticNetCV,BUY,0.0142102615694164,True,BETA,5y yield,0.0693177549471306,0.0693177549471306,5y yield,0.0693177549471306,,MSCI World ex-US,0.0675895381934073,,Gold,0.0367637586542054,,
2014-11-04,ElasticNetCV,SELL,-0.0231206648753359,True,BETA,MSCI World ex-US,0.0548615355322876,0.0548615355322876,Gold,0.0456152317422511,,5y yield,0.0399631603489784,,MSCI World ex-US,0.0548615355322876,,
2015-01-22,ElasticNetCV,BUY,0.0211858760826115,True,BETA,1y1m forward OIS,0.0768771352507786,0.0768771352507786,1y1m forward OIS,0.0768771352507786,,Gold,0.0630656001139322,,MSCI World - Dow Jones,0.044644667863885,,
2015-05-11,ElasticNetCV,SELL,-0.0074425766713718,True,BETA,Real 2y yield,0.1283978378870196,0.1283978378870196,Real 2y yield,0.1283978378870196,,MSCI World ex-US,0.1087677264977833,,Gold,0.1120896401346214,,
2015-10-05,ElasticNetCV,BUY,0.0210616664465865,True,BETA,Real 2y yield,0.1235606738398346,0.1235606738398346,Real 2y yield,0.1235606738398346,,Gold,0.0905972166690542,,MSCI World ex-US,0.0866140590829904,,
2016-01-27,ElasticNetCV,BUY,0.0202332443445272,True,BETA,Real 2y yield,0.2548369016843833,0.2548369016843833,Real 2y yield,0.2548369016843833,,Gold,0.1485100139102865,,MSCI World ex-US,0.1013130454079268,,
2016-02-23,ElasticNetCV,BUY,0.0137640850092712,True,BETA,2y yield,0.2276221186041164,0.2276221186041164,2y yield,0.2276221186041164,,Gold,0.1155089069435101,,MSCI World ex-US,0.0795725974162065,,
2016-03-22,ElasticNetCV,SELL,-0.0033079954954956,True,BETA,2y yield,0.1674748041788538,0.1674748041788538,2y yield,0.1674748041788538,,Gold,0.0827319446325592,,MSCI World ex-US,0.0790815371703204,,
2016-03-24,ElasticNetCV,SELL,-0.0068536705998728,True,BETA,2y yield,0.1787431761002676,0.1787431761002676,2y yield,0.1787431761002676,,BCOM Index,0.0816746501465789,,MSCI World ex-US,0.0490495469535778,,
2017-02-01,ElasticNetCV,SELL,-0.0156410458962004,True,BETA,MSCI World ex-US,0.4888464491279014,0.4888464491279014,MSCI World ex-US,0.4888464491279014,,2y yield,0.2720909322287378,,BCOM Index,0.0710479809896981,,
2018-02-05,ElasticNetCV,BUY,0.002937173149939,True,BETA,Real 2y yield,0.2094014656893772,0.2094014656893772,Real 2y yield,0.2094014656893772,,Local - S&P500,-0.2075976082054917,,Gold,0.1755989037067505,,
2018-05-29,ElasticNetCV,BUY,0.009283719526002,True,BETA,Local - Wilshire,-0.1369686950239249,0.1369686950239249,Gold,0.1030196651764623,,10y yield,0.1323768892522157,,Local - Wilshire,-0.1369686950239249,,
2018-07-10,ElasticNetCV,SELL,-0.0098674299487796,True,BETA,Local - Dow Jones,-0.1371361206290966,0.1371361206290966,Gold,0.1123062406920068,,10y yield,0.1160893747333384,,Local - Dow Jones,-0.1371361206290966,,
2018-07-20,ElasticNetCV,SELL,-0.0102771010962241,True,BETA,Local - Dow Jones,-0.1358245459774009,0.1358245459774009,Gold,0.1183402135943192,,10y yield,0.1113739597465921,,Local - Dow Jones,-0.1358245459774009,,
2018-10-04,ElasticNetCV,SELL,-0.0002303970509177,True,BETA,Gold,0.1391461618544072,0.1391461618544072,Gold,0.1391461618544072,,1y1m forward OIS,0.0947516585278438,,Local - Dow Jones,-0.1158447386582862,,
2018-12-10,ElasticNetCV,BUY,0.0115436669055011,True,BETA,Gold,0.154451738732509,0.154451738732509,Gold,0.154451738732509,,1y1m forward OIS,0.0963655968491469,,MSCI World ex-US,0.0654741066234856,,
2019-01-25,ElasticNetCV,SELL,-0.0190966959684754,True,BETA,Gold,0.1663813938661181,0.1663813938661181,Gold,0.1663813938661181,,5y yield,0.1396753455832687,,MSCI World ex-US,0.0895532821346814,,
2019-11-26,ElasticNetCV,BUY,0.0225400279807244,True,BETA,Local - S&P500,-0.2033194231971764,0.2033194231971764,Local - S&P500,-0.2033194231971764,,10y yield,0.1954785201520657,,Copper LME,0.1119976730418446,,
2020-07-30,ElasticNetCV,SELL,-0.0022144166157606,True,BETA,2y yield,0.1909596403086874,0.1909596403086874,MSCI World ex-US,0.1728535649314102,,2y yield,0.1909596403086874,,Copper LME,0.0744031578400137,,
2020-09-22,ElasticNetCV,BUY,0.0116233409251551,True,BETA,2y yield,0.1996335405411363,0.1996335405411363,2y yield,0.1996335405411363,,MSCI World ex-US,0.1629028360597414,,Copper LME,0.0750700593334418,,
2020-11-24,ElasticNetCV,SELL,-0.0001497342217565,True,BETA,2y yield,0.2426231599819648,0.2426231599819648,2y yield,0.2426231599819648,,Gold,0.1611626063192675,,MSCI World ex-US,0.2012101537656638,,
2021-04-15,ElasticNetCV,BUY,0.0113875389860014,True,BETA,MSCI World ex-US,0.1725540103526615,0.1725540103526615,MSCI World ex-US,0.1725540103526615,,BCOM Index,0.1504377966506708,,1y1m forward OIS,0.1266932737084842,,
2021-04-30,ElasticNetCV,BUY,0.0198958182607436,True,BETA,MSCI World ex-US,0.2072127153015684,0.2072127153015684,MSCI World ex-US,0.2072127153015684,,Oil,0.067996308395879,,1y1m forward OIS,0.1290989465047691,,
2021-06-18,ElasticNetCV,BUY,0.0010137581462708,True,BETA,Gold,0.1914832613486275,0.1914832613486275,MSCI World ex-US,0.1484916579728785,,Gold,0.1914832613486275,,1y1m forward OIS,0.1387088125838012,,
2021-06-25,ElasticNetCV,BUY,0.0015851286115713,True,BETA,Gold,0.1921404091975124,0.1921404091975124,MSCI World ex-US,0.1658686518170267,,Gold,0.1921404091975124,,1y1m forward OIS,0.1241589992333767,,
2021-07-01,ElasticNetCV,BUY,0.0045035229171206,True,BETA,Gold,0.1917644792261003,0.1917644792261003,MSCI World ex-US,0.1675963822369817,,Gold,0.1917644792261003,,1y1m forward OIS,0.1181528948920558,,
2021-08-17,ElasticNetCV,BUY,0.0010188487009676,True,BETA,MSCI World ex-US,0.2033086411934734,0.2033086411934734,MSCI World ex-US,0.2033086411934734,,Gold,0.1663690556909217,,1y1m forward OIS,0.1080124536762487,,
2021-08-19,ElasticNetCV,BUY,0.0142239167094362,True,BETA,MSCI World ex-US,0.2086034288785833,0.2086034288785833,MSCI World ex-US,0.2086034288785833,,Gold,0.165130418453947,,1y1m forward OIS,0.1111147368736536,,
2021-08-26,ElasticNetCV,BUY,0.0099999999999997,True,BETA,MSCI World ex-US,0.2142759944823192,0.2142759944823192,MSCI World ex-US,0.2142759944823192,,Gold,0.1625245351905055,,1y1m forward OIS,0.1084910483218796,,
2022-01-11,ElasticNetCV,SELL,-0.0098276494316097,True,BETA,MSCI World ex-US,0.1595180717792811,0.1595180717792811,MSCI World ex-US,0.1595180717792811,,Gold,0.0687192655175232,,VIX Index,-0.0,,
2022-03-10,ElasticNetCV,BUY,0.0077181720923122,True,BETA,MSCI World ex-US,0.1575520339106443,0.1575520339106443,MSCI World ex-US,0.1575520339106443,,Copper LME,0.0449512407652778,,VIX Index,-0.0073192314177265,,
2022-05-05,ElasticNetCV,BUY,0.0084937712344279,True,BETA,MSCI World ex-US,0.1768013045449921,0.1768013045449921,MSCI World ex-US,0.1768013045449921,,Copper LME,0.0516457938915171,,MOVE Index,-0.0216102981791866,,
2022-05-11,ElasticNetCV,BUY,0.0263651946779854,True,BETA,MSCI World ex-US,0.1773464215368453,0.1773464215368453,MSCI World ex-US,0.1773464215368453,,Copper LME,0.0493820048267076,,2y yield,0.070458935876524,,
2022-09-26,ElasticNetCV,BUY,0.034240808307606,True,BETA,MSCI World ex-US,0.2259203347296923,0.2259203347296923,MSCI World ex-US,0.2259203347296923,,Copper LME,0.0560081748502674,,VIX Index,-0.0101529656787172,,
2023-05-05,ElasticNetCV,SELL,-0.0151155428933207,True,BETA,MSCI World ex-US,0.3732064314924636,0.3732064314924636,MSCI World ex-US,0.3732064314924636,,Gold,0.3114932897104941,,,,,
2023-11-24,ElasticNetCV,SELL,-0.0042846941204475,True,BETA,MSCI World ex-US,0.0788785075241048,0.0788785075241048,Copper LME,0.0748149473193783,,MSCI World ex-US,0.0788785075241048,,5y yield,0.0739616406363801,,
2024-04-22,ElasticNetCV,BUY,0.0171659919028339,True,BETA,2y yield,0.1675341740971304,0.1675341740971304,MSCI World ex-US,0.1484207829333768,,2y yield,0.1675341740971304,,Copper LME,0.0969629411016144,,
2024-05-31,ElasticNetCV,SELL,-0.0043164338408413,True,BETA,MSCI World ex-US,0.1670309757034877,0.1670309757034877,MSCI World ex-US,0.1670309757034877,,2y yield,0.1566796216756606,,Gold,0.0923032583482632,,
2024-06-11,ElasticNetCV,SELL,-0.0042386185243328,True,BETA,MSCI World ex-US,0.1645422016717481,0.1645422016717481,2y yield,0.1602913009754169,,MSCI World ex-US,0.1645422016717481,,Gold,0.0902661905812508,,
2024-06-17,ElasticNetCV,SELL,-0.0043290043290044,True,BETA,MSCI World ex-US,0.165981443490989,0.165981443490989,2y yield,0.1562313776818545,,MSCI World ex-US,0.165981443490989,,Gold,0.0867571227904929,,
2024-09-20,ElasticNetCV,SELL,-0.0149388184070264,True,BETA,5y yield,0.182084307141629,0.182084307141629,5y yield,0.182084307141629,,MSCI World ex-US,0.1525934367640316,,Gold,0.0850359525878472,,
2024-12-17,ElasticNetCV,SELL,-0.0152635719905585,True,BETA,5y yield,0.2080506999113952,0.2080506999113952,5y yield,0.2080506999113952,,MSCI World ex-US,0.144730269407871,,Gold,0.0916957129210768,,
2025-04-28,ElasticNetCV,SELL,-0.0197157949557323,True,BETA,MSCI World ex-US,0.1532896763667189,0.1532896763667189,MSCI World ex-US,0.1532896763667189,,Copper LME,0.0790419749637056,,2y yield,0.1115980655005489,,
2025-07-28,ElasticNetCV,BUY,0.0056903264450434,True,BETA,MSCI World ex-US,0.1716840753364985,0.1716840753364985,MSCI World ex-US,0.1716840753364985,,Copper LME,0.120811699902921,,2y yield,0.0948643395512145,,
2025-07-30,ElasticNetCV,BUY,0.0256100324847017,True,BETA,MSCI World ex-US,0.1698248707624184,0.1698248707624184,MSCI World ex-US,0.1698248707624184,,Copper LME,0.123782495403237,,2y yield,0.0924992750697528,,
2025-11-04,ElasticNetCV,BUY,0.0095230781046002,True,BETA,MSCI World ex-US,0.2014651396093355,0.2014651396093355,MSCI World ex-US,0.2014651396093355,,Gold,0.1062429280194777,,2y yield,0.0652538718878691,,
2001-10-19,XGBRegressor,BUY,0.0207955338450802,True,SHAP,MSCI World - Wilshire,-0.1042226776480674,0.1042226776480674,MSCI World - Wilshire,,-0.1042226776480674,Gold,,-0.060382317751646,5y yield,,-0.0001693284139037,
2002-04-01,XGBRegressor,SELL,-0.0025673050235914,True,SHAP,Gold,0.1112247481942176,0.1112247481942176,Gold,,0.1112247481942176,MSCI World - Wilshire,,0.0027581918984651,,,,
2002-07-15,XGBRegressor,SELL,-0.0031226102472596,True,SHAP,MSCI World - Wilshire,-0.1656337529420852,0.1656337529420852,Gold,,0.1011929214000701,MSCI World - Wilshire,,-0.1656337529420852,5y yield,,0.1213346868753433,
2002-08-27,XGBRegressor,BUY,0.0134219442272609,True,SHAP,MSCI World - Dow Jones,0.0773379653692245,0.0773379653692245,Gold,,0.0573477335274219,MSCI World - Dow Jones,,0.0773379653692245,Real 2y yield,,-0.0372860506176948,
2002-11-25,XGBRegressor,BUY,0.0103507763082231,True,SHAP,MSCI World - S&P500,-0.0821107104420661,0.0821107104420661,MSCI World - S&P500,,-0.0821107104420661,Gold,,0.005581215955317,Real 2y yield,,-0.0031338520348072,
2003-01-29,XGBRegressor,SELL,-0.0191770845976452,True,SHAP,MSCI World - S&P500,-0.1229668706655502,0.1229668706655502,Gold,,-0.0231576021760702,MSCI World - S&P500,,-0.1229668706655502,Real 2y yield,,-0.0039061675779521,
2003-02-20,XGBRegressor,BUY,0.0053351744915892,True,SHAP,Gold,0.159105435013771,0.159105435013771,Gold,,0.159105435013771,MSCI World - S&P500,,0.0061831474304199,Real 2y yield,,-0.0016416005091741,
2003-02-28,XGBRegressor,BUY,0.0071228694988552,True,SHAP,Gold,0.0445350930094718,0.0445350930094718,Gold,,0.0445350930094718,MSCI World - S&P500,,-0.0129975145682692,Real 2y yield,,0.0131249027326703,
2003-03-18,XGBRegressor,BUY,0.0072764409267889,True,SHAP,Gold,0.0564851090312004,0.0564851090312004,Gold,,0.0564851090312004,MSCI World - S&P500,,-0.0358906537294387,2y yield,,0.0086223874241113,
2003-08-21,XGBRegressor,BUY,0.0023437005130804,True,SHAP,Gold,-0.1359542459249496,0.1359542459249496,MSCI World - S&P500,,0.0167318955063819,Gold,,-0.1359542459249496,,,,
2004-01-06,XGBRegressor,SELL,-0.0005489378053467,True,SHAP,Gold,-0.1291871517896652,0.1291871517896652,Local Index,,0.1228552237153053,Gold,,-0.1291871517896652,,,,
2004-01-19,XGBRegressor,BUY,0.0203555206639376,True,SHAP,Local Index,-0.0942930728197097,0.0942930728197097,Local Index,,-0.0942930728197097,Gold,,0.0317736007273197,,,,
2005-04-18,XGBRegressor,SELL,-0.0046223342788107,True,SHAP,MSCI World ex-US,-0.4252293407917022,0.4252293407917022,Gold,,0.1683445274829864,MSCI World ex-US,,-0.4252293407917022,2y yield,,-0.2572071552276611,
2005-06-07,XGBRegressor,SELL,-0.0030514385353095,True,SHAP,Gold,-0.1781969517469406,0.1781969517469406,Gold,,-0.1781969517469406,MSCI World ex-US,,0.0696648135781288,2y yield,,-0.0604975298047065,
2005-07-07,XGBRegressor,BUY,0.0039546079779917,True,SHAP,MSCI World ex-US,-0.1303611099720001,0.1303611099720001,Gold,,-0.0098497150465846,MSCI World ex-US,,-0.1303611099720001,2y yield,,-0.0707025527954101,
2005-09-01,XGBRegressor,SELL,-0.015373712042741,True,SHAP,Gold,0.4089506268501282,0.4089506268501282,Gold,,0.4089506268501282,MSCI World ex-US,,-0.138782262802124,2y yield,,0.0899995863437652,
2005-12-08,XGBRegressor,SELL,-0.0090131203650882,True,SHAP,Gold,0.2088674157857895,0.2088674157857895,MSCI World ex-US,,-0.0667754933238029,Gold,,0.2088674157857895,Real 2y yield,,0.119429275393486,
2005-12-12,XGBRegressor,SELL,-0.0244341853394888,True,SHAP,MSCI World ex-US,0.2787204086780548,0.2787204086780548,MSCI World ex-US,,0.2787204086780548,Gold,,0.2471816539764404,Real 2y yield,,-0.0157549865543842,
2006-08-07,XGBRegressor,SELL,-0.006868347926388,True,SHAP,MSCI World - Dow Jones,-0.2132889181375503,0.2132889181375503,Real 2y yield,,-0.1324900835752487,MSCI World - Dow Jones,,-0.2132889181375503,Gold,,0.0205538552254438,
2006-10-17,XGBRegressor,BUY,0.0196183246912919,True,SHAP,MSCI World - Dow Jones,-0.0555027648806571,0.0555027648806571,2y yield,,-0.0004835698055103,MSCI World - Dow Jones,,-0.0555027648806571,BCOM Index,,-0.0404808148741722,
2006-12-01,XGBRegressor,SELL,-0.0146368545904205,True,SHAP,2y yield,0.2060781419277191,0.2060781419277191,2y yield,,0.2060781419277191,MSCI World - Dow Jones,,-0.0415829755365848,Gold,,0.0604412890970706,
2007-02-09,XGBRegressor,BUY,0.0073367195115694,True,SHAP,MSCI World - Dow Jones,0.0785750150680542,0.0785750150680542,2y yield,,-0.0524136088788509,Gold,,0.0711323022842407,MSCI World - Dow Jones,,0.0785750150680542,
2007-03-13,XGBRegressor,BUY,0.0190254017625712,True,SHAP,2y yield,0.4907255470752716,0.4907255470752716,Gold,,-0.1315380185842514,MSCI World - Dow Jones,,0.1022863835096359,2y yield,,0.4907255470752716,
2007-07-17,XGBRegressor,SELL,-0.0075243074217032,True,SHAP,2y yield,0.1052942723035812,0.1052942723035812,Gold,,0.0128546273335814,MSCI World ex-US,,-0.0821138471364975,2y yield,,0.1052942723035812,
2007-09-17,XGBRegressor,BUY,0.0244648318042812,True,SHAP,Gold,0.2211712598800659,0.2211712598800659,Gold,,0.2211712598800659,MSCI World ex-US,,-0.1383153647184372,5y yield,,-0.0940181761980056,
2007-11-02,XGBRegressor,SELL,-0.0165605705260135,True,SHAP,Gold,0.2786653339862823,0.2786653339862823,Gold,,0.2786653339862823,MSCI World ex-US,,-0.1654577255249023,5y yield,,-0.0730004981160163,
2007-11-06,XGBRegressor,SELL,-0.0100589165109928,True,SHAP,Gold,0.3201097846031189,0.3201097846031189,Gold,,0.3201097846031189,MSCI World ex-US,,0.0357339233160018,5y yield,,-0.1393958926200866,
2007-11-21,XGBRegressor,SELL,-0.0187857073690325,True,SHAP,MSCI World ex-US,-0.3038712441921234,0.3038712441921234,Gold,,-0.1538963466882705,MSCI World ex-US,,-0.3038712441921234,VIX Index,,-0.1666401475667953,
2007-11-28,XGBRegressor,SELL,-0.0170004322143784,True,SHAP,MSCI World ex-US,0.1908629983663559,0.1908629983663559,Gold,,-0.1037126183509826,MSCI World ex-US,,0.1908629983663559,5y yield,,-0.054165132343769,
2008-03-25,XGBRegressor,SELL,-0.0180467620519467,True,SHAP,Gold,0.1575947105884552,0.1575947105884552,Gold,,0.1575947105884552,MSCI World ex-US,,0.1145825311541557,Real 2y yield,,0.0900055915117263,
2008-06-10,XGBRegressor,BUY,0.0084424887433485,True,SHAP,Gold,-0.2659111022949219,0.2659111022949219,Gold,,-0.2659111022949219,MSCI World ex-US,,-0.1512446105480194,6m1m forward OIS,,-0.0380971319973468,
2008-06-12,XGBRegressor,BUY,0.0218865598027127,True,SHAP,MSCI World ex-US,-0.2062520682811737,0.2062520682811737,Gold,,-0.18582084774971,MSCI World ex-US,,-0.2062520682811737,6m1m forward OIS,,0.019629506394267,
2008-07-23,XGBRegressor,SELL,-0.0259064766191547,True,SHAP,Gold,-0.4080392718315124,0.4080392718315124,Gold,,-0.4080392718315124,6m1m forward OIS,,-0.0368971563875675,MSCI World ex-US,,0.0098653268069028,
2008-12-15,XGBRegressor,SELL,-0.0597151443878217,True,SHAP,6m1m forward OIS,-0.3033440709114074,0.3033440709114074,6m1m forward OIS,,-0.3033440709114074,MSCI World ex-US,,0.0216686744242906,Copper LME,,-0.2458687424659729,
2009-04-15,XGBRegressor,SELL,-0.01500300060012,True,SHAP,Real 2y yield,0.1135161742568016,0.1135161742568016,MSCI World ex-US,,-0.018030920997262,BCOM Index,,-0.0445482395589351,Real 2y yield,,0.1135161742568016,
2009-06-11,XGBRegressor,SELL,-0.0134410222409739,True,SHAP,MSCI World ex-US,0.2129660248756408,0.2129660248756408,MSCI World ex-US,,0.2129660248756408,BCOM Index,,0.0436074919998645,Real 2y yield,,0.0987084284424781,
2009-06-19,XGBRegressor,SELL,-0.0097611252576694,True,SHAP,MSCI World ex-US,0.1760908663272857,0.1760908663272857,MSCI World ex-US,,0.1760908663272857,BCOM Index,,-0.0948463976383209,Real 2y yield,,0.0178456362336874,
2009-06-23,XGBRegressor,SELL,-0.0192038893953205,True,SHAP,MSCI World ex-US,-0.0982678309082984,0.0982678309082984,MSCI World ex-US,,-0.0982678309082984,BCOM Index,,0.0883735418319702,Real 2y yield,,0.0435372814536094,
2009-07-24,XGBRegressor,BUY,0.0157068062827225,True,SHAP,Real 2y yield,0.056177545338869,0.056177545338869,MSCI World ex-US,,-0.0522432811558246,BCOM Index,,0.0521517395973205,Real 2y yield,,0.056177545338869,
2009-10-12,XGBRegressor,BUY,0.0339894930058863,True,SHAP,MSCI World ex-US,0.3102722764015198,0.3102722764015198,MSCI World ex-US,,0.3102722764015198,BCOM Index,,0.2720008790493011,Real 2y yield,,-0.0735581517219543,
2009-10-21,XGBRegressor,SELL,-0.0032514450867052,True,SHAP,BCOM Index,0.2484080940485,0.2484080940485,MSCI World ex-US,,-0.1586106419563293,BCOM Index,,0.2484080940485,2y yield,,0.1016945615410804,
2010-06-28,XGBRegressor,SELL,-0.0048328368090035,True,SHAP,MSCI World ex-US,0.1594013273715973,0.1594013273715973,Oil,,-0.1454314738512039,MSCI World ex-US,,0.1594013273715973,6m1m forward OIS,,0.0431869402527809,
2010-07-30,XGBRegressor,SELL,-0.0061826757600866,True,SHAP,MSCI World ex-US,-0.0560086779296398,0.0560086779296398,Oil,,0.020048938691616,MSCI World ex-US,,-0.0560086779296398,6m1m forward OIS,,-0.0457187555730342,
2010-09-14,XGBRegressor,BUY,0.0169251560589485,True,SHAP,6m1m forward OIS,-0.0846528336405754,0.0846528336405754,Oil,,-0.0099236816167831,MSCI World ex-US,,-0.0013268280308693,6m1m forward OIS,,-0.0846528336405754,
2011-04-21,XGBRegressor,SELL,-0.0081099074018036,True,SHAP,MSCI World ex-US,0.1403592377901077,0.1403592377901077,MSCI World ex-US,,0.1403592377901077,BCOM Index,,-0.0570296123623847,1y1m forward OIS,,-0.1325990706682205,
2011-04-27,XGBRegressor,SELL,-0.0169603656702953,True,SHAP,1y1m forward OIS,0.3911142647266388,0.3911142647266388,MSCI World ex-US,,-0.0168238505721092,BCOM Index,,-0.0251654386520385,1y1m forward OIS,,0.3911142647266388,
2011-07-07,XGBRegressor,BUY,0.0223488168273444,True,SHAP,BCOM Index,0.1869716942310333,0.1869716942310333,MSCI World ex-US,,0.1726796180009842,1y1m forward OIS,,-0.036337461322546,BCOM Index,,0.1869716942310333,
2011-07-11,XGBRegressor,BUY,0.0232601999119883,True,SHAP,MSCI World ex-US,-0.5167976021766663,0.5167976021766663,MSCI World ex-US,,-0.5167976021766663,1y1m forward OIS,,-0.0441144481301307,BCOM Index,,-0.0400313735008239,
2011-07-29,XGBRegressor,SELL,-0.0090101059296238,True,SHAP,MSCI World ex-US,-0.1090394780039787,0.1090394780039787,MSCI World ex-US,,-0.1090394780039787,1y1m forward OIS,,0.0063068624585866,BCOM Index,,-0.0760945901274681,
2012-01-17,XGBRegressor,BUY,0.0277143788718616,True,SHAP,MSCI World ex-US,0.2158535718917846,0.2158535718917846,MSCI World ex-US,,0.2158535718917846,BCOM Index,,0.0328725390136241,1y1m forward OIS,,-0.0195587612688541,
2012-05-30,XGBRegressor,BUY,0.0017444114226643,True,SHAP,MSCI World ex-US,-0.3483739793300628,0.3483739793300628,MSCI World ex-US,,-0.3483739793300628,1y1m forward OIS,,-0.0541736893355846,BCOM Index,,-0.0343380123376846,
2012-11-13,XGBRegressor,BUY,0.0095142083044548,True,SHAP,2y yield,0.1627780199050903,0.1627780199050903,MSCI World ex-US,,0.021575266495347,Copper LME,,-0.0017270124517381,2y yield,,0.1627780199050903,
2012-11-19,XGBRegressor,BUY,0.011440065371802,True,SHAP,MSCI World ex-US,0.7104626297950745,0.7104626297950745,MSCI World ex-US,,0.7104626297950745,Copper LME,,-0.0884496867656707,2y yield,,0.1225731372833252,
2013-03-01,XGBRegressor,BUY,0.0050538635456842,True,SHAP,2y yield,-0.1989620178937912,0.1989620178937912,Copper LME,,-0.1375904083251953,MSCI World ex-US,,-0.193154290318489,2y yield,,-0.1989620178937912,
2013-04-05,XGBRegressor,SELL,-0.0068466353677621,True,SHAP,5y yield,-0.0754180252552032,0.0754180252552032,Copper LME,,0.0233303848654031,MSCI World ex-US,,-0.0247222539037466,5y yield,,-0.0754180252552032,
2013-06-17,XGBRegressor,SELL,-0.0320590293238343,True,SHAP,Local - Wilshire,0.0986553579568862,0.0986553579568862,Gold,,-0.0954096093773841,Local - Wilshire,,0.0986553579568862,5y yield,,-0.0048323217779397,
2013-07-02,XGBRegressor,BUY,0.0002639218791238,True,SHAP,5y yield,-0.0617786049842834,0.0617786049842834,Gold,,-0.0043839123100042,Local - Wilshire,,0.056032758206129,5y yield,,-0.0617786049842834,
2013-07-04,XGBRegressor,BUY,0.0102839702760084,True,SHAP,Local - Wilshire,-0.3060063421726227,0.3060063421726227,Local - Wilshire,,-0.3060063421726227,Gold,,-0.0889486521482467,5y yield,,-0.2486423701047897,
2013-09-25,XGBRegressor,SELL,-0.0078975188110193,True,SHAP,Gold,0.1802775263786316,0.1802775263786316,Local - Wilshire,,-0.0196600127965211,Gold,,0.1802775263786316,5y yield,,0.071041002869606,
2013-09-27,XGBRegressor,SELL,-0.0112770307949686,True,SHAP,Gold,0.1918050050735473,0.1918050050735473,Local - Wilshire,,0.0135772358626127,Gold,,0.1918050050735473,5y yield,,0.0687443241477012,
2014-05-20,XGBRegressor,SELL,-0.0052856633804488,True,SHAP,5y yield,0.1170727908611297,0.1170727908611297,Local - S&P500,,0.01465745549649,5y yield,,0.1170727908611297,Gold,,0.0395584180951118,
2014-09-04,XGBRegressor,BUY,0.003980160431082,True,SHAP,MSCI World ex-US,-0.0547365918755531,0.0547365918755531,MSCI World ex-US,,-0.0547365918755531,5y yield,,-0.0300788208842277,Gold,,-0.0215452816337347,
2014-11-04,XGBRegressor,SELL,-0.0231206648753359,True,SHAP,5y yield,-0.0904294550418853,0.0904294550418853,Gold,,0.0019885117653757,5y yield,,-0.0904294550418853,MSCI World ex-US,,0.0488479547202587,
2015-01-22,XGBRegressor,BUY,0.0211858760826115,True,SHAP,Gold,0.1801309734582901,0.1801309734582901,1y1m forward OIS,,-0.0286751501262187,Gold,,0.1801309734582901,MSCI World - Dow Jones,,-0.1058843433856964,
2015-02-18,XGBRegressor,SELL,-0.011077999481731,True,SHAP,1y1m forward OIS,0.1898342818021774,0.1898342818021774,1y1m forward OIS,,0.1898342818021774,Gold,,0.0372156910598278,MSCI World ex-US,,0.0498628057539463,
2015-10-05,XGBRegressor,BUY,0.0210616664465865,True,SHAP,MSCI World ex-US,0.2984719276428222,0.2984719276428222,Real 2y yield,,0.087129920721054,Gold,,-0.147097960114479,MSCI World ex-US,,0.2984719276428222,
2016-01-27,XGBRegressor,BUY,0.0202332443445272,True,SHAP,MSCI World ex-US,0.1166169568896293,0.1166169568896293,Real 2y yield,,0.0799566134810447,Gold,,0.0612645410001277,MSCI World ex-US,,0.1166169568896293,
2016-01-29,XGBRegressor,BUY,0.0181830946363379,True,SHAP,Real 2y yield,-0.0976676493883133,0.0976676493883133,Real 2y yield,,-0.0976676493883133,Gold,,0.0460353568196296,MSCI World ex-US,,0.0761937946081161,
2016-02-22,XGBRegressor,BUY,0.0081272084805654,True,SHAP,Gold,-0.1562931090593338,0.1562931090593338,2y yield,,-0.1070166304707527,Gold,,-0.1562931090593338,MSCI World ex-US,,0.0452355705201625,
2016-03-28,XGBRegressor,SELL,-0.0010523361863337,True,SHAP,MSCI World ex-US,0.0848957821726799,0.0848957821726799,2y yield,,0.0024993778206408,Gold,,0.0730920881032943,MSCI World ex-US,,0.0848957821726799,
2016-06-23,XGBRegressor,SELL,-0.1323519526786315,True,SHAP,BCOM Index,0.0893513932824134,0.0893513932824134,2y yield,,0.0282607786357402,BCOM Index,,0.0893513932824134,MSCI World ex-US,,0.0453051067888736,
2016-10-11,XGBRegressor,BUY,0.0053617091479007,True,SHAP,MSCI World ex-US,-0.193844199180603,0.193844199180603,MSCI World ex-US,,-0.193844199180603,2y yield,,-0.1813332736492157,BCOM Index,,-0.0803349167108535,
2016-12-02,XGBRegressor,SELL,-0.0183046586534683,True,SHAP,MSCI World ex-US,0.0460877753794193,0.0460877753794193,MSCI World ex-US,,0.0460877753794193,2y yield,,0.0386057011783123,Copper LME,,-0.028698805719614,
2017-04-27,XGBRegressor,SELL,-0.0013949163050217,True,SHAP,MSCI World ex-US,-0.1369613707065582,0.1369613707065582,MSCI World ex-US,,-0.1369613707065582,2y yield,,0.0590732730925083,Oil,,0.0138784730806946,
2018-02-05,XGBRegressor,BUY,0.002937173149939,True,SHAP,Real 2y yield,0.4429397881031036,0.4429397881031036,Real 2y yield,,0.4429397881031036,Local - S&P500,,-0.1811970919370651,Gold,,0.090661771595478,
2018-03-02,XGBRegressor,BUY,0.0101434574699319,True,SHAP,Local - S&P500,0.7891401052474976,0.7891401052474976,Real 2y yield,,0.0521607734262943,Gold,,0.0476142205297946,Local - S&P500,,0.7891401052474976,
2018-07-10,XGBRegressor,SELL,-0.0098674299487796,True,SHAP,10y yield,0.1349959671497345,0.1349959671497345,Gold,,-0.026195254176855,10y yield,,0.1349959671497345,Local - Dow Jones,,0.0975873619318008,
2018-10-05,XGBRegressor,SELL,-0.0033536585365853,True,SHAP,Local - Dow Jones,0.1546985805034637,0.1546985805034637,Gold,,0.0382809415459632,1y1m forward OIS,,0.1132021024823188,Local - Dow Jones,,0.1546985805034637,
2018-12-10,XGBRegressor,BUY,0.0115436669055011,True,SHAP,MSCI World ex-US,-0.4082865118980407,0.4082865118980407,Gold,,-0.1460745483636856,1y1m forward OIS,,0.0286123882979154,MSCI World ex-US,,-0.4082865118980407,
2019-01-23,XGBRegressor,SELL,-0.0104828219450608,True,SHAP,5y yield,0.1209794953465461,0.1209794953465461,Gold,,-0.0813373178243637,5y yield,,0.1209794953465461,MSCI World ex-US,,0.0034132658038288,
2019-03-13,XGBRegressor,SELL,-0.0111710901184586,True,SHAP,Gold,0.2116136401891708,0.2116136401891708,5y yield,,0.1286554336547851,Gold,,0.2116136401891708,MSCI World ex-US,,0.0182626936584711,
2019-11-26,XGBRegressor,BUY,0.0225400279807244,True,SHAP,10y yield,-0.1005217134952545,0.1005217134952545,Local - S&P500,,-0.064186967909336,10y yield,,-0.1005217134952545,Copper LME,,-0.0173380337655544,
2020-08-28,XGBRegressor,SELL,-0.0417134726278738,True,SHAP,MSCI World ex-US,-0.0307091865688562,0.0307091865688562,MSCI World ex-US,,-0.0307091865688562,2y yield,,-0.0158526562154293,Copper LME,,0.0150707121938467,
2021-01-25,XGBRegressor,BUY,0.0048263254113347,True,SHAP,MSCI EM,0.1591369211673736,0.1591369211673736,MSCI EM,,0.1591369211673736,Copper LME,,0.0097809489816427,2y yield,,-0.0333108976483345,
2021-02-03,XGBRegressor,BUY,0.0153879973620574,True,SHAP,MSCI EM,0.0982794165611267,0.0982794165611267,MSCI EM,,0.0982794165611267,Copper LME,,0.0270781330764293,2y yield,,0.026777109131217,
2021-04-19,XGBRegressor,SELL,-0.0053625053625053,True,SHAP,BCOM Index,0.1393022388219833,0.1393022388219833,MSCI World ex-US,,0.012408310547471,BCOM Index,,0.1393022388219833,1y1m forward OIS,,-0.0149488085880875,
2021-07-01,XGBRegressor,BUY,0.0045035229171206,True,SHAP,MSCI World ex-US,0.0815262347459793,0.0815262347459793,MSCI World ex-US,,0.0815262347459793,Gold,,0.0186973977833986,1y1m forward OIS,,0.0401736125349998,
2022-01-11,XGBRegressor,SELL,-0.0098276494316097,True,SHAP,Gold,0.1096635982394218,0.1096635982394218,MSCI World ex-US,,0.09323101490736,Gold,,0.1096635982394218,VIX Index,,0.0025394298136234,
2022-03-15,XGBRegressor,BUY,0.0039104431835608,True,SHAP,Copper LME,-0.0435782484710216,0.0435782484710216,MSCI World ex-US,,0.0067876661196351,Copper LME,,-0.0435782484710216,2y yield,,0.0242776684463024,
2022-05-05,XGBRegressor,BUY,0.0084937712344279,True,SHAP,MSCI World ex-US,-0.1774166226387024,0.1774166226387024,MSCI World ex-US,,-0.1774166226387024,Copper LME,,0.0203612744808197,MOVE Index,,0.0405463390052318,
2022-09-26,XGBRegressor,BUY,0.034240808307606,True,SHAP,MSCI World ex-US,-0.3734476566314697,0.3734476566314697,MSCI World ex-US,,-0.3734476566314697,Copper LME,,-0.0620817169547081,VIX Index,,-0.2695018947124481,
2022-10-26,XGBRegressor,SELL,-0.022967741935484,True,SHAP,MSCI World ex-US,0.3377873003482818,0.3377873003482818,MSCI World ex-US,,0.3377873003482818,Gold,,-0.0357103683054447,,,,
2023-07-11,XGBRegressor,SELL,-0.0023969689940461,True,SHAP,MSCI World ex-US,0.1732658892869949,0.1732658892869949,MSCI World ex-US,,0.1732658892869949,BCOM Index,,0.1102584898471832,6m1m forward OIS,,-0.0343135222792625,
2024-02-13,XGBRegressor,BUY,0.0073856416772553,True,SHAP,Copper LME,0.2547194957733154,0.2547194957733154,Copper LME,,0.2547194957733154,MSCI World ex-US,,-0.1906212568283081,2y yield,,-0.0277515389025211,
2024-02-15,XGBRegressor,BUY,0.0019841269841269,True,SHAP,MSCI World ex-US,0.185310423374176,0.185310423374176,Copper LME,,0.1664978712797165,MSCI World ex-US,,0.185310423374176,2y yield,,0.0278272107243537,
2024-07-12,XGBRegressor,SELL,-0.0093162919618109,True,SHAP,2y yield,0.1960533559322357,0.1960533559322357,MSCI World ex-US,,0.0737138241529464,2y yield,,0.1960533559322357,Gold,,-0.0446166843175888,
2024-07-19,XGBRegressor,SELL,-0.0087501935883538,True,SHAP,MSCI World ex-US,-0.1716753244400024,0.1716753244400024,MSCI World ex-US,,-0.1716753244400024,2y yield,,-0.0365984253585338,Gold,,-0.165319561958313,
2024-12-17,XGBRegressor,SELL,-0.0152635719905585,True,SHAP,5y yield,0.2516785562038421,0.2516785562038421,5y yield,,0.2516785562038421,MSCI World ex-US,,-0.1123669445514679,Gold,,-0.0099436789751052,
2025-03-11,XGBRegressor,SELL,-0.0005404988031811,True,SHAP,2y yield,-0.3627938032150268,0.3627938032150268,MSCI World ex-US,,-0.2267153263092041,2y yield,,-0.3627938032150268,Copper LME,,0.0914420410990715,
2025-03-17,XGBRegressor,SELL,-0.0056958128078816,True,SHAP,MSCI World ex-US,0.2425363212823867,0.2425363212823867,MSCI World ex-US,,0.2425363212823867,2y yield,,-0.0686039850115776,Copper LME,,0.0711122527718544,
2025-07-30,XGBRegressor,BUY,0.0256100324847017,True,SHAP,2y yield,-0.2894036769866943,0.2894036769866943,MSCI World ex-US,,0.0082190558314323,Copper LME,,-0.0802148729562759,2y yield,,-0.2894036769866943,
2025-10-09,XGBRegressor,BUY,0.0016536380036078,True,SHAP,MSCI World ex-US,-0.2160265296697616,0.2160265296697616,MSCI World ex-US,,-0.2160265296697616,Copper LME,,0.1690419763326645,2y yield,,-0.0136345876380801,
2025-10-13,XGBRegressor,BUY,0.0002250056251404,True,SHAP,Gold,0.3921661674976349,0.3921661674976349,MSCI World ex-US,,-0.0508617088198661,Gold,,0.3921661674976349,2y yield,,-0.0093823689967393,
2025-11-12,XGBRegressor,BUY,0.0082235589735781,True,SHAP,MSCI World ex-US,0.2563066184520721,0.2563066184520721,MSCI World ex-US,,0.2563066184520721,Gold,,0.076880544424057,2y yield,,0.0219113137573003,
2001-10-22,LGBMRegressor,BUY,0.0235038237564022,True,SHAP,Gold,-0.0642618785355949,0.0642618785355949,MSCI World - Wilshire,,-0.0411545199544535,Gold,,-0.0642618785355949,5y yield,,-0.011567668003389,
2002-04-01,LGBMRegressor,SELL,-0.0025673050235914,True,SHAP,Gold,0.021198215933136,0.021198215933136,Gold,,0.021198215933136,MSCI World - Wilshire,,-0.003605665912175,,,,
2002-06-04,LGBMRegressor,BUY,0.0224233696770213,True,SHAP,Gold,0.1236035505279181,0.1236035505279181,Gold,,0.1236035505279181,MSCI World - Wilshire,,-0.030642354293511,5y yield,,-0.0438481409115251,
2002-06-06,LGBMRegressor,BUY,0.0261590084229268,True,SHAP,MSCI World - Wilshire,0.1365217544456052,0.1365217544456052,MSCI World - Wilshire,,0.1365217544456052,Gold,,0.0914522829261663,2y yield,,0.0755442563533385,
2002-07-15,LGBMRegressor,SELL,-0.0031226102472596,True,SHAP,MSCI World - Wilshire,-0.1403711764398056,0.1403711764398056,Gold,,0.100944220160193,MSCI World - Wilshire,,-0.1403711764398056,5y yield,,0.1118917577695405,
2002-08-27,LGBMRegressor,BUY,0.0134219442272609,True,SHAP,Gold,0.0778200682848958,0.0778200682848958,Gold,,0.0778200682848958,MSCI World - Dow Jones,,0.0658696572791359,Real 2y yield,,0.0678981666883654,
2002-11-26,LGBMRegressor,BUY,0.0122406906326504,True,SHAP,MSCI World - S&P500,0.1483313499681308,0.1483313499681308,MSCI World - S&P500,,0.1483313499681308,Gold,,-0.0340890371864647,Real 2y yield,,-0.0047977311736871,
2003-01-29,LGBMRegressor,SELL,-0.0191770845976452,True,SHAP,MSCI World - S&P500,-0.0955159869094822,0.0955159869094822,Gold,,-0.02139153521549,MSCI World - S&P500,,-0.0955159869094822,Real 2y yield,,-0.0009636688229556,
2003-02-20,LGBMRegressor,BUY,0.0053351744915892,True,SHAP,Gold,0.1205678136679998,0.1205678136679998,Gold,,0.1205678136679998,MSCI World - S&P500,,0.0111349632666008,Real 2y yield,,0.001569099708202,
2003-05-20,LGBMRegressor,SELL,-0.007433132273198,True,SHAP,5y yield,-0.1564851050330684,0.1564851050330684,Gold,,0.1413177253702851,MSCI World - Dow Jones,,-0.0560033772080217,5y yield,,-0.1564851050330684,
2003-06-17,LGBMRegressor,SELL,-0.0135287485907553,True,SHAP,Gold,0.2284630340790355,0.2284630340790355,Gold,,0.2284630340790355,MSCI World - Dow Jones,,-0.0303622892183293,,,,
2003-08-21,LGBMRegressor,BUY,0.0023437005130804,True,SHAP,Gold,-0.1910043626843665,0.1910043626843665,MSCI World - S&P500,,0.0256687343348696,Gold,,-0.1910043626843665,,,,
2003-08-29,LGBMRegressor,BUY,0.0160360017747351,True,SHAP,Gold,0.3074378929173497,0.3074378929173497,MSCI World - S&P500,,-0.0165685166469197,Gold,,0.3074378929173497,,,,
2004-01-05,LGBMRegressor,SELL,-0.0129517905573697,True,SHAP,Gold,0.2315061013990817,0.2315061013990817,Local Index,,-0.0685699513279396,Gold,,0.2315061013990817,,,,
2004-01-19,LGBMRegressor,BUY,0.0203555206639376,True,SHAP,Gold,0.0417343380936251,0.0417343380936251,Local Index,,-0.0376788612500498,Gold,,0.0417343380936251,,,,
2004-06-10,LGBMRegressor,SELL,-0.0098204112636319,True,SHAP,2y yield,-0.1201522470441412,0.1201522470441412,Gold,,0.0766120686066106,MSCI World - S&P500,,-0.0499274585745751,2y yield,,-0.1201522470441412,
2004-07-16,LGBMRegressor,SELL,-0.0284021141423308,True,SHAP,MSCI World ex-US,0.1267530832931093,0.1267530832931093,Gold,,0.0604370306587458,MSCI World ex-US,,0.1267530832931093,5y yield,,0.1128257606683191,
2005-04-18,LGBMRegressor,SELL,-0.0046223342788107,True,SHAP,Gold,0.2682891585308435,0.2682891585308435,Gold,,0.2682891585308435,MSCI World ex-US,,-0.2473794462864119,2y yield,,-0.2509420645811989,
2005-06-07,LGBMRegressor,SELL,-0.0030514385353095,True,SHAP,Gold,-0.2606324158836132,0.2606324158836132,Gold,,-0.2606324158836132,MSCI World ex-US,,0.0570930826346947,2y yield,,-0.0193250229117831,
2005-07-08,LGBMRegressor,BUY,0.0004027154527672,True,SHAP,Gold,-0.129556150481885,0.129556150481885,Gold,,-0.129556150481885,MSCI World ex-US,,0.0537596046866706,2y yield,,-0.0171646506125609,
2005-12-08,LGBMRegressor,SELL,-0.0090131203650882,True,SHAP,Gold,0.0398928021627166,0.0398928021627166,MSCI World ex-US,,-0.0113315303359214,Gold,,0.0398928021627166,Real 2y yield,,0.0100568826766301,
2005-12-12,LGBMRegressor,SELL,-0.0244341853394888,True,SHAP,Gold,0.0591322958473956,0.0591322958473956,MSCI World ex-US,,0.0540090802019678,Gold,,0.0591322958473956,Real 2y yield,,-0.0054526374228054,
2006-08-04,LGBMRegressor,SELL,-0.0139420305047434,True,SHAP,MSCI World - Dow Jones,0.3459172354878719,0.3459172354878719,Real 2y yield,,0.1975292943522143,MSCI World - Dow Jones,,0.3459172354878719,Gold,,-0.0111475966565423,
2006-08-29,LGBMRegressor,SELL,-0.0123801496154252,True,SHAP,2y yield,0.2143048271329307,0.2143048271329307,2y yield,,0.2143048271329307,MSCI World - Dow Jones,,-0.0759280021206601,Gold,,-0.0056913807514703,
2006-10-17,LGBMRegressor,BUY,0.0196183246912919,True,SHAP,MSCI World - Dow Jones,-0.0653815018474823,0.0653815018474823,2y yield,,0.0058440301757702,MSCI World - Dow Jones,,-0.0653815018474823,BCOM Index,,-0.0393611990018954,
2006-10-23,LGBMRegressor,BUY,0.012808880824038,True,SHAP,2y yield,-0.1123689327299302,0.1123689327299302,2y yield,,-0.1123689327299302,MSCI World - Dow Jones,,-0.0996223556125378,BCOM Index,,0.0106823580480671,
2007-03-13,LGBMRegressor,BUY,0.0190254017625712,True,SHAP,2y yield,0.3873905862047188,0.3873905862047188,Gold,,-0.1332621024638112,MSCI World - Dow Jones,,0.1466269463093796,2y yield,,0.3873905862047188,
2007-07-17,LGBMRegressor,SELL,-0.0075243074217032,True,SHAP,2y yield,0.0625961093785831,0.0625961093785831,Gold,,0.0033357820205747,MSCI World ex-US,,-0.0608614321056271,2y yield,,0.0625961093785831,
2007-11-02,LGBMRegressor,SELL,-0.0165605705260135,True,SHAP,Gold,0.2317278247754232,0.2317278247754232,Gold,,0.2317278247754232,MSCI World ex-US,,-0.1011867987224292,5y yield,,-0.0499330581812294,
2007-11-06,LGBMRegressor,SELL,-0.0100589165109928,True,SHAP,Gold,0.2015392464326869,0.2015392464326869,Gold,,0.2015392464326869,MSCI World ex-US,,0.0274320625812784,5y yield,,-0.094393811658027,
2007-11-21,LGBMRegressor,SELL,-0.0187857073690325,True,SHAP,MSCI World ex-US,-0.2877485258932843,0.2877485258932843,Gold,,-0.12312109105521,MSCI World ex-US,,-0.2877485258932843,VIX Index,,-0.0971953340592915,
2007-11-26,LGBMRegressor,SELL,-0.0120708802085848,True,SHAP,5y yield,0.17249097808111,0.17249097808111,Gold,,-0.0327810813473969,MSCI World ex-US,,0.0325935986478367,5y yield,,0.17249097808111,
2007-11-28,LGBMRegressor,SELL,-0.0170004322143784,True,SHAP,MSCI World ex-US,0.237831763239955,0.237831763239955,Gold,,-0.0759102705493689,MSCI World ex-US,,0.237831763239955,5y yield,,-0.0366347346518108,
2008-03-18,LGBMRegressor,SELL,-0.015201355661882,True,SHAP,Gold,-0.2961628753621019,0.2961628753621019,Gold,,-0.2961628753621019,MSCI World ex-US,,0.0476070854748376,Real 2y yield,,-0.0347431419268542,
2008-03-25,LGBMRegressor,SELL,-0.0180467620519467,True,SHAP,Gold,0.0638936834941034,0.0638936834941034,Gold,,0.0638936834941034,MSCI World ex-US,,0.026342127557157,Real 2y yield,,0.0323606773330317,
2008-06-10,LGBMRegressor,BUY,0.0084424887433485,True,SHAP,Gold,-0.1916601183993036,0.1916601183993036,Gold,,-0.1916601183993036,MSCI World ex-US,,-0.1880767583279612,6m1m forward OIS,,-0.036393021099688,
2008-07-23,LGBMRegressor,SELL,-0.0259064766191547,True,SHAP,Gold,-0.3236843625416406,0.3236843625416406,Gold,,-0.3236843625416406,6m1m forward OIS,,-0.0202529653677794,MSCI World ex-US,,0.0136423973856023,
2008-12-16,LGBMRegressor,SELL,-0.075219819010333,True,SHAP,Copper LME,-0.6252849893148779,0.6252849893148779,6m1m forward OIS,,0.2316866347889583,MSCI World ex-US,,-0.0611851878640151,Copper LME,,-0.6252849893148779,
2009-06-19,LGBMRegressor,SELL,-0.0097611252576694,True,SHAP,MSCI World ex-US,0.143515657856964,0.143515657856964,MSCI World ex-US,,0.143515657856964,BCOM Index,,-0.0780934705722014,Real 2y yield,,0.0585094737135978,
2009-06-23,LGBMRegressor,SELL,-0.0192038893953205,True,SHAP,MSCI World ex-US,-0.1100853936025134,0.1100853936025134,MSCI World ex-US,,-0.1100853936025134,BCOM Index,,0.0755863433310176,Real 2y yield,,0.0668016199365271,
2009-10-12,LGBMRegressor,BUY,0.0339894930058863,True,SHAP,MSCI World ex-US,0.3082272312041555,0.3082272312041555,MSCI World ex-US,,0.3082272312041555,BCOM Index,,0.1767703226258943,Real 2y yield,,-0.0624555705370087,
2009-10-21,LGBMRegressor,SELL,-0.0032514450867052,True,SHAP,BCOM Index,0.2225603879514169,0.2225603879514169,MSCI World ex-US,,-0.2089131901754624,BCOM Index,,0.2225603879514169,2y yield,,0.0787767750896454,
2010-01-05,LGBMRegressor,BUY,0.0231365682841422,True,SHAP,MSCI World ex-US,-0.0790996924097418,0.0790996924097418,MSCI World ex-US,,-0.0790996924097418,BCOM Index,,0.0610576923703621,6m1m forward OIS,,0.0238160937471255,
2010-08-02,LGBMRegressor,SELL,-0.0140366337256876,True,SHAP,Oil,0.3330695013125901,0.3330695013125901,Oil,,0.3330695013125901,MSCI World ex-US,,0.0958273330720231,6m1m forward OIS,,0.09479190842634,
2010-09-14,LGBMRegressor,BUY,0.0169251560589485,True,SHAP,6m1m forward OIS,-0.0510915410347586,0.0510915410347586,Oil,,-0.005334698260133,MSCI World ex-US,,0.0171571506115436,6m1m forward OIS,,-0.0510915410347586,
2011-07-06,LGBMRegressor,BUY,0.009372656835791,True,SHAP,MSCI World ex-US,-0.1127602726145721,0.1127602726145721,MSCI World ex-US,,-0.1127602726145721,1y1m forward OIS,,-0.0368800579375981,Copper LME,,0.0188186692878916,
2011-07-11,LGBMRegressor,BUY,0.0232601999119883,True,SHAP,MSCI World ex-US,-0.2836986668770372,0.2836986668770372,MSCI World ex-US,,-0.2836986668770372,1y1m forward OIS,,-0.0434980692401301,BCOM Index,,-0.0633722241539546,
2011-07-29,LGBMRegressor,SELL,-0.0090101059296238,True,SHAP,MSCI World ex-US,-0.1338903101292527,0.1338903101292527,MSCI World ex-US,,-0.1338903101292527,1y1m forward OIS,,0.0358131435139928,BCOM Index,,-0.0228031907132805,
2012-03-30,LGBMRegressor,SELL,-0.0100574712643678,True,SHAP,1y1m forward OIS,-0.1034582332013519,0.1034582332013519,MSCI World ex-US,,0.0949216561706342,1y1m forward OIS,,-0.1034582332013519,BCOM Index,,0.0235600165201496,
2012-05-30,LGBMRegressor,BUY,0.0017444114226643,True,SHAP,MSCI World ex-US,-0.2733212348023884,0.2733212348023884,MSCI World ex-US,,-0.2733212348023884,1y1m forward OIS,,-0.0306615998077375,BCOM Index,,-0.0015281916643887,
2012-11-13,LGBMRegressor,BUY,0.0095142083044548,True,SHAP,2y yield,0.0983710212888486,0.0983710212888486,MSCI World ex-US,,0.0428780650199984,Copper LME,,0.0075623887698901,2y yield,,0.0983710212888486,
2013-04-05,LGBMRegressor,SELL,-0.0068466353677621,True,SHAP,5y yield,-0.0642194815788993,0.0642194815788993,Copper LME,,-0.0086664330653361,MSCI World ex-US,,0.0022853431348875,5y yield,,-0.0642194815788993,
2013-06-17,LGBMRegressor,SELL,-0.0320590293238343,True,SHAP,Gold,-0.0943254137796031,0.0943254137796031,Gold,,-0.0943254137796031,Local - Wilshire,,0.0788377709572217,5y yield,,-0.0427553128466921,
2013-07-04,LGBMRegressor,BUY,0.0102839702760084,True,SHAP,Local - Wilshire,-0.2393994952041455,0.2393994952041455,Local - Wilshire,,-0.2393994952041455,Gold,,-0.0799712084605384,5y yield,,-0.1942138220644887,
2013-09-25,LGBMRegressor,SELL,-0.0078975188110193,True,SHAP,Gold,0.1454736130454763,0.1454736130454763,Local - Wilshire,,-0.0320781723738588,Gold,,0.1454736130454763,5y yield,,0.0502642676130744,
2013-09-27,LGBMRegressor,SELL,-0.0112770307949686,True,SHAP,Gold,0.1386738279768908,0.1386738279768908,Local - Wilshire,,-0.0110737459014626,Gold,,0.1386738279768908,5y yield,,0.0442454726988431,
2014-03-18,LGBMRegressor,BUY,0.002229855963358,True,SHAP,Gold,-0.0037184731476726,0.0037184731476726,Local - S&P500,,-0.0007590719148269,Gold,,-0.0037184731476726,5y yield,,0.0026423957785362,
2014-09-08,LGBMRegressor,BUY,0.0159587680079482,True,SHAP,5y yield,-0.0590526077758002,0.0590526077758002,5y yield,,-0.0590526077758002,MSCI World ex-US,,-0.0458786195709583,Gold,,-0.021181750116219,
2014-10-03,LGBMRegressor,BUY,0.0075126776435234,True,SHAP,5y yield,0.105959653513718,0.105959653513718,5y yield,,0.105959653513718,MSCI World ex-US,,-0.0141589298094592,Gold,,-0.0277157752481023,
2014-11-04,LGBMRegressor,SELL,-0.0231206648753359,True,SHAP,5y yield,-0.0085065508058731,0.0085065508058731,Gold,,0.0,5y yield,,-0.0085065508058731,MSCI World ex-US,,0.0020424661106472,
2015-01-22,LGBMRegressor,BUY,0.0211858760826115,True,SHAP,Gold,0.1593753684297033,0.1593753684297033,1y1m forward OIS,,-0.013671848348529,Gold,,0.1593753684297033,MSCI World - Dow Jones,,-0.0913226712098117,
2015-02-18,LGBMRegressor,SELL,-0.011077999481731,True,SHAP,1y1m forward OIS,0.1428432609972916,0.1428432609972916,1y1m forward OIS,,0.1428432609972916,Gold,,0.0336094983344005,MSCI World ex-US,,0.0447967596533902,
2015-10-05,LGBMRegressor,BUY,0.0210616664465865,True,SHAP,MSCI World ex-US,0.2115337346488561,0.2115337346488561,Real 2y yield,,0.1265346355698984,Gold,,-0.0425006050682208,MSCI World ex-US,,0.2115337346488561,
2016-01-27,LGBMRegressor,BUY,0.0202332443445272,True,SHAP,MSCI World ex-US,0.1191505061141837,0.1191505061141837,Real 2y yield,,0.0791539595156125,Gold,,0.0489975973324551,MSCI World ex-US,,0.1191505061141837,
2016-01-29,LGBMRegressor,BUY,0.0181830946363379,True,SHAP,Real 2y yield,-0.1044714573911324,0.1044714573911324,Real 2y yield,,-0.1044714573911324,Gold,,0.0267482618269837,MSCI World ex-US,,0.0922807950938077,
2016-02-23,LGBMRegressor,BUY,0.0137640850092712,True,SHAP,2y yield,0.1206214076552494,0.1206214076552494,2y yield,,0.1206214076552494,Gold,,0.1099911124516099,MSCI World ex-US,,-0.0224834880913465,
2016-03-22,LGBMRegressor,SELL,-0.0033079954954956,True,SHAP,2y yield,-0.1411599903491961,0.1411599903491961,2y yield,,-0.1411599903491961,Gold,,0.1132483392353285,MSCI World ex-US,,0.0434527141482757,
2016-03-24,LGBMRegressor,SELL,-0.0068536705998728,True,SHAP,MSCI World ex-US,-0.0642318509897714,0.0642318509897714,2y yield,,0.0133256995677989,BCOM Index,,-0.0497612381422997,MSCI World ex-US,,-0.0642318509897714,
2016-03-28,LGBMRegressor,SELL,-0.0010523361863337,True,SHAP,MSCI World ex-US,0.1246928634743001,0.1246928634743001,2y yield,,0.022672805946294,Gold,,0.0827298663655311,MSCI World ex-US,,0.1246928634743001,
2016-06-23,LGBMRegressor,SELL,-0.1323519526786315,True,SHAP,BCOM Index,0.0690202437965453,0.0690202437965453,2y yield,,0.0048946332550762,BCOM Index,,0.0690202437965453,MSCI World ex-US,,0.0621278362086863,
2016-10-11,LGBMRegressor,BUY,0.0053617091479007,True,SHAP,2y yield,-0.678739520567516,0.678739520567516,MSCI World ex-US,,-0.1734817310690873,2y yield,,-0.678739520567516,BCOM Index,,-0.0099554451777727,
2016-12-01,LGBMRegressor,SELL,-0.0137399729965849,True,SHAP,MSCI World ex-US,0.0421050296129802,0.0421050296129802,MSCI World ex-US,,0.0421050296129802,2y yield,,0.0328530810836583,Copper LME,,-0.025894475282797,
2018-02-09,LGBMRegressor,BUY,0.0104144065957907,True,SHAP,Local Index,0.3132232571710711,0.3132232571710711,Real 2y yield,,0.1323388125052232,Gold,,0.0043252515258303,Local Index,,0.3132232571710711,
2018-05-29,LGBMRegressor,BUY,0.009283719526002,True,SHAP,10y yield,0.144759709525254,0.144759709525254,Gold,,-0.0123190241674642,10y yield,,0.144759709525254,Local - Wilshire,,0.0071086369502593,
2018-07-10,LGBMRegressor,SELL,-0.0098674299487796,True,SHAP,10y yield,0.1422736876227384,0.1422736876227384,Gold,,-0.0386818588734757,10y yield,,0.1422736876227384,Local - Dow Jones,,0.1255914869121372,
2018-07-20,LGBMRegressor,SELL,-0.0102771010962241,True,SHAP,10y yield,-0.0429779272167339,0.0429779272167339,Gold,,0.0268861088376157,10y yield,,-0.0429779272167339,Local - Dow Jones,,0.0349918896492135,
2018-10-05,LGBMRegressor,SELL,-0.0033536585365853,True,SHAP,Local - Dow Jones,0.1268096275445153,0.1268096275445153,Gold,,0.0120969560430409,1y1m forward OIS,,0.0456965970725005,Local - Dow Jones,,0.1268096275445153,
2018-12-11,LGBMRegressor,BUY,0.0150556578841996,True,SHAP,1y1m forward OIS,-0.1895823976618694,0.1895823976618694,Gold,,0.0286933868894785,1y1m forward OIS,,-0.1895823976618694,MSCI World ex-US,,0.0582176600624863,
2019-03-28,LGBMRegressor,BUY,0.0010732904017172,True,SHAP,5y yield,-0.1639071758134742,0.1639071758134742,Gold,,-0.1342342907019012,5y yield,,-0.1639071758134742,MSCI World ex-US,,-0.0976677863007027,
2019-08-08,LGBMRegressor,BUY,0.009725541910492,True,SHAP,Local - S&P500,0.2157975248601921,0.2157975248601921,5y yield,,0.1646862465730199,Local - S&P500,,0.2157975248601921,Gold,,0.0117156783785222,
2019-11-26,LGBMRegressor,BUY,0.0225400279807244,True,SHAP,Copper LME,-0.0941347593838207,0.0941347593838207,Local - S&P500,,-0.0754193139183126,10y yield,,-0.0660473505204891,Copper LME,,-0.0941347593838207,
2020-08-28,LGBMRegressor,SELL,-0.0417134726278738,True,SHAP,MSCI World ex-US,-0.0067477578858931,0.0067477578858931,MSCI World ex-US,,-0.0067477578858931,2y yield,,-0.0020127874784744,Copper LME,,0.0063981827690293,
2021-07-01,LGBMRegressor,BUY,0.0045035229171206,True,SHAP,MSCI World ex-US,0.1056568265689791,0.1056568265689791,MSCI World ex-US,,0.1056568265689791,Gold,,0.0264693077247105,1y1m forward OIS,,0.042492577303756,
2021-08-19,LGBMRegressor,BUY,0.0142239167094362,True,SHAP,MSCI World ex-US,-0.1710307049892382,0.1710307049892382,MSCI World ex-US,,-0.1710307049892382,Gold,,-0.0708517711681916,1y1m forward OIS,,-0.1338223446142322,
2021-08-26,LGBMRegressor,BUY,0.0099999999999997,True,SHAP,1y1m forward OIS,-0.0360399301379276,0.0360399301379276,MSCI World ex-US,,-0.0317236781700977,Gold,,0.027819645821539,1y1m forward OIS,,-0.0360399301379276,
2022-01-11,LGBMRegressor,SELL,-0.0098276494316097,True,SHAP,Gold,0.0703938175987091,0.0703938175987091,MSCI World ex-US,,0.0321250500209314,Gold,,0.0703938175987091,VIX Index,,0.0,
2022-03-15,LGBMRegressor,BUY,0.0039104431835608,True,SHAP,Copper LME,-0.0624693751126149,0.0624693751126149,MSCI World ex-US,,0.0217892833352237,Copper LME,,-0.0624693751126149,2y yield,,0.0065471646295502,
2022-05-05,LGBMRegressor,BUY,0.0084937712344279,True,SHAP,MSCI World ex-US,-0.1515893186916884,0.1515893186916884,MSCI World ex-US,,-0.1515893186916884,Copper LME,,0.0678722795437167,MOVE Index,,-0.0016460548186267,
2022-10-26,LGBMRegressor,SELL,-0.022967741935484,True,SHAP,MSCI World ex-US,0.3376415145300631,0.3376415145300631,MSCI World ex-US,,0.3376415145300631,Gold,,-0.0080101473256373,,,,
2023-05-05,LGBMRegressor,SELL,-0.0151155428933207,True,SHAP,Gold,-0.7393230573643661,0.7393230573643661,MSCI World ex-US,,0.1540961128799545,Gold,,-0.7393230573643661,,,,
2023-06-14,LGBMRegressor,SELL,-0.0022109917877447,True,SHAP,MSCI World ex-US,0.1277084385308646,0.1277084385308646,MSCI World ex-US,,0.1277084385308646,Gold,,-0.0380577600892648,,,,
2024-02-13,LGBMRegressor,BUY,0.0073856416772553,True,SHAP,MSCI World ex-US,-0.1762009578884278,0.1762009578884278,Copper LME,,0.1753976898445196,MSCI World ex-US,,-0.1762009578884278,2y yield,,-0.0630717073268845,
2024-02-15,LGBMRegressor,BUY,0.0019841269841269,True,SHAP,MSCI World ex-US,0.2448944697335981,0.2448944697335981,Copper LME,,0.2251751581094755,MSCI World ex-US,,0.2448944697335981,2y yield,,0.0245204212962138,
2024-12-17,LGBMRegressor,SELL,-0.0152635719905585,True,SHAP,5y yield,0.2669185469802674,0.2669185469802674,5y yield,,0.2669185469802674,MSCI World ex-US,,-0.1090240769522096,Gold,,0.0080707534037301,
2025-03-11,LGBMRegressor,SELL,-0.0005404988031811,True,SHAP,2y yield,-0.3970420661803347,0.3970420661803347,MSCI World ex-US,,-0.2321539755029168,2y yield,,-0.3970420661803347,Copper LME,,0.04716254064393,
2025-07-30,LGBMRegressor,BUY,0.0256100324847017,True,SHAP,2y yield,-0.1368795745911291,0.1368795745911291,MSCI World ex-US,,-0.0616441226410408,Copper LME,,-0.0393438820291464,2y yield,,-0.1368795745911291,
2001-10-22,SGDRegressor,BUY,0.023503823756402253,True,BETA,MSCI World - Wilshire,0.10104990689664374,0.10104990689664374,MSCI World - Wilshire,0.10104990689664374,,Gold,0.09597910409900855,,5y yield,0.020096026110142075,,BETA
2002-04-01,SGDRegressor,SELL,-0.002567305023591482,True,BETA,Gold,0.0963593453600273,0.0963593453600273,Gold,0.0963593453600273,,MSCI World - Wilshire,0.07224670366727168,,,,,BETA
2002-07-25,SGDRegressor,SELL,-0.033198687200201915,True,BETA,Gold,0.09818380277147162,0.09818380277147162,Gold,0.09818380277147162,,MSCI World - Dow Jones,0.05083849309414405,,Real 2y yield,0.020370023831750166,,BETA
2002-08-27,SGDRegressor,BUY,0.013421944227260951,True,BETA,Gold,0.11237180261552211,0.11237180261552211,Gold,0.11237180261552211,,MSCI World - Dow Jones,0.0634936468241526,,Real 2y yield,0.004645027350158416,,BETA
2002-11-25,SGDRegressor,BUY,0.01035077630822312,True,BETA,MSCI World - S&P500,0.10762197371917792,0.10762197371917792,MSCI World - S&P500,0.10762197371917792,,Gold,0.07882710086593622,,Real 2y yield,-0.00023225961037290376,,BETA
2003-02-20,SGDRegressor,BUY,0.005335174491589267,True,BETA,Gold,0.12694374818994678,0.12694374818994678,Gold,0.12694374818994678,,MSCI World - S&P500,0.10519193958249275,,Real 2y yield,0.002785918612031227,,BETA
2003-05-20,SGDRegressor,SELL,-0.007433132273198084,True,BETA,Gold,0.14631222250998807,0.14631222250998807,Gold,0.14631222250998807,,MSCI World - Dow Jones,0.07099914081086757,,5y yield,1.1260865414246562e-05,,BETA
2003-07-15,SGDRegressor,BUY,0.020424836601307117,True,BETA,Gold,0.15759022268536235,0.15759022268536235,Gold,0.15759022268536235,,MSCI World - S&P500,0.09060943657703018,,5y yield,0.012793556053375796,,BETA
2003-07-18,SGDRegressor,BUY,0.013076826354834648,True,BETA,Gold,0.1625312935990515,0.1625312935990515,Gold,0.1625312935990515,,MSCI World - S&P500,0.07606297446714871,,5y yield,0.033166367841988405,,BETA
2003-09-29,SGDRegressor,SELL,-0.00023996640470336228,True,BETA,Gold,0.16244811955099675,0.16244811955099675,MSCI World - S&P500,0.13817502948566618,,Gold,0.16244811955099675,,,,,BETA
2003-10-01,SGDRegressor,SELL,-0.0006592352870670171,True,BETA,Gold,0.16377630547067035,0.16377630547067035,MSCI World - S&P500,0.1304082068059384,,Gold,0.16377630547067035,,,,,BETA
2004-01-19,SGDRegressor,BUY,0.020355520663937643,True,BETA,Local Index,-0.1868937135292991,0.1868937135292991,Local Index,-0.1868937135292991,,Gold,0.17902674198749247,,,,,BETA
2004-03-10,SGDRegressor,BUY,0.012925056859155681,True,BETA,Gold,0.25463818918438424,0.25463818918438424,Gold,0.25463818918438424,,MSCI World - S&P500,0.11511154984613468,,5y yield,0.10124295501347536,,BETA
2005-03-17,SGDRegressor,SELL,-0.01802410139206312,True,BETA,Gold,0.3344410585426371,0.3344410585426371,Gold,0.3344410585426371,,MSCI World ex-US,0.09940630633176793,,2y yield,0.14748308630021476,,BETA
2005-04-18,SGDRegressor,SELL,-0.004622334278810758,True,BETA,Gold,0.3457674119557145,0.3457674119557145,Gold,0.3457674119557145,,MSCI World ex-US,0.09977569759724128,,2y yield,0.12943810449090526,,BETA
2005-05-31,SGDRegressor,SELL,-0.006108634637609356,True,BETA,Gold,0.34795979972526864,0.34795979972526864,Gold,0.34795979972526864,,MSCI World ex-US,0.11043086283492544,,2y yield,0.14321147613497534,,BETA
2005-12-14,SGDRegressor,SELL,-0.031752298234730025,True,BETA,MSCI World ex-US,0.17762371999357007,0.17762371999357007,MSCI World ex-US,0.17762371999357007,,Gold,0.15807877277738502,,Real 2y yield,0.08173428828128923,,BETA
2006-02-23,SGDRegressor,SELL,-0.008908177249885796,True,BETA,MSCI World ex-US,0.15513216239535732,0.15513216239535732,MSCI World ex-US,0.15513216239535732,,Gold,0.09666899135503695,,2y yield,0.108678738227176,,BETA
2006-05-02,SGDRegressor,BUY,0.026255707762557146,True,BETA,MSCI World ex-US,0.16001567592229096,0.16001567592229096,MSCI World ex-US,0.16001567592229096,,2y yield,0.14019073026431708,,Gold,0.07232497795074638,,BETA
2006-07-25,SGDRegressor,BUY,0.037190082644628086,True,BETA,MSCI World - Dow Jones,0.12892617508755194,0.12892617508755194,Real 2y yield,0.09972232240431377,,MSCI World - Dow Jones,0.12892617508755194,,Gold,0.07786710303004606,,BETA
2006-10-10,SGDRegressor,BUY,0.009868953243811651,True,BETA,2y yield,0.15802699920423088,0.15802699920423088,2y yield,0.15802699920423088,,MSCI World - Dow Jones,0.11755518082554499,,BCOM Index,0.06221393145034524,,BETA
2006-10-13,SGDRegressor,BUY,0.023279624939376076,True,BETA,2y yield,0.16205751296344306,0.16205751296344306,2y yield,0.16205751296344306,,MSCI World - Dow Jones,0.11526306923092486,,BCOM Index,0.05291633055854928,,BETA
2006-10-18,SGDRegressor,BUY,0.02178800856531038,True,BETA,2y yield,0.1613034911832199,0.1613034911832199,2y yield,0.1613034911832199,,MSCI World - Dow Jones,0.1179053667769719,,BCOM Index,0.04755954845527748,,BETA
2006-11-30,SGDRegressor,SELL,-0.0028485680858639784,True,BETA,2y yield,0.15896444612163435,0.15896444612163435,2y yield,0.15896444612163435,,MSCI World - Dow Jones,0.09189171208733327,,Gold,0.0777100211192768,,BETA
2007-02-09,SGDRegressor,BUY,0.007336719511569445,True,BETA,2y yield,0.16521786182106202,0.16521786182106202,2y yield,0.16521786182106202,,Gold,0.12239817975556389,,MSCI World - Dow Jones,0.10645881425087532,,BETA
2007-03-07,SGDRegressor,BUY,0.0180031039834454,True,BETA,2y yield,0.1562400974448595,0.1562400974448595,2y yield,0.1562400974448595,,Gold,0.13962781068278773,,MSCI World - Dow Jones,0.09220836977179864,,BETA
2007-04-17,SGDRegressor,SELL,-0.004085903632467969,True,BETA,Gold,0.14925594103103215,0.14925594103103215,Gold,0.14925594103103215,,2y yield,0.1175876745548276,,MSCI World - Dow Jones,0.05893584340200987,,BETA
2007-07-17,SGDRegressor,SELL,-0.007524307421703291,True,BETA,Gold,0.16405771272660932,0.16405771272660932,Gold,0.16405771272660932,,MSCI World ex-US,0.08628027177618158,,2y yield,0.1375707458261339,,BETA
2007-07-20,SGDRegressor,SELL,-0.0073440007781722105,True,BETA,Gold,0.16444531004767063,0.16444531004767063,Gold,0.16444531004767063,,MSCI World ex-US,0.08683878560256686,,2y yield,0.13527463456362462,,BETA
2007-08-14,SGDRegressor,BUY,0.0025539586358855892,True,BETA,Gold,0.16757889501303047,0.16757889501303047,Gold,0.16757889501303047,,MSCI World ex-US,0.09269153122069489,,2y yield,0.10917225436578798,,BETA
2007-09-14,SGDRegressor,BUY,0.019876457108697787,True,BETA,Gold,0.18964184483193197,0.18964184483193197,Gold,0.18964184483193197,,MSCI World ex-US,0.07445720280784236,,5y yield,0.08326575153370676,,BETA
2007-11-14,SGDRegressor,BUY,0.014617745943575677,True,BETA,Gold,0.21551955466669373,0.21551955466669373,Gold,0.21551955466669373,,MSCI World ex-US,0.06805621428723259,,5y yield,0.07605109301193065,,BETA
2008-03-18,SGDRegressor,SELL,-0.015201355661882077,True,BETA,Gold,0.11393995033479225,0.11393995033479225,Gold,0.11393995033479225,,MSCI World ex-US,0.08205479853095778,,Real 2y yield,0.09499400886598747,,BETA
2008-06-27,SGDRegressor,SELL,-0.003107769423558948,True,BETA,Gold,0.1672895474221705,0.1672895474221705,Gold,0.1672895474221705,,6m1m forward OIS,0.0981214326365337,,MSCI World ex-US,0.08238113810857481,,BETA
2008-07-15,SGDRegressor,SELL,-0.013510145072037516,True,BETA,Gold,0.17290498277667873,0.17290498277667873,Gold,0.17290498277667873,,6m1m forward OIS,0.10246630062886306,,MSCI World ex-US,0.08263577792169022,,BETA
2008-07-23,SGDRegressor,SELL,-0.025906476619154795,True,BETA,Gold,0.17342724134910142,0.17342724134910142,Gold,0.17342724134910142,,6m1m forward OIS,0.11112662467634597,,MSCI World ex-US,0.08271256806650384,,BETA
2008-12-16,SGDRegressor,SELL,-0.07521981901033303,True,BETA,MSCI World ex-US,0.22389480719100155,0.22389480719100155,6m1m forward OIS,0.22106478883011108,,MSCI World ex-US,0.22389480719100155,,Copper LME,0.09430249168620759,,BETA
2009-07-21,SGDRegressor,BUY,0.029163375660732793,True,BETA,MSCI World ex-US,0.38961877341804935,0.38961877341804935,MSCI World ex-US,0.38961877341804935,,BCOM Index,0.23807111410019516,,Real 2y yield,0.2910667178162382,,BETA
2009-10-12,SGDRegressor,BUY,0.033989493005886384,True,BETA,MSCI World ex-US,0.5185405710961571,0.5185405710961571,MSCI World ex-US,0.5185405710961571,,BCOM Index,0.20222333165760986,,Real 2y yield,0.24860625895888103,,BETA
2010-01-05,SGDRegressor,BUY,0.023136568284142234,True,BETA,MSCI World ex-US,0.3866154637905558,0.3866154637905558,MSCI World ex-US,0.3866154637905558,,BCOM Index,0.24661682440790983,,6m1m forward OIS,0.1505719301553045,,BETA
2010-03-01,SGDRegressor,BUY,0.0044026415849509615,True,BETA,MSCI World ex-US,0.3966037419628397,0.3966037419628397,MSCI World ex-US,0.3966037419628397,,Oil,0.20124221849051893,,JPMVG71M Index,0.06356262751471471,,BETA
2010-03-08,SGDRegressor,BUY,0.0022567370237620565,True,BETA,MSCI World ex-US,0.3304336274464416,0.3304336274464416,MSCI World ex-US,0.3304336274464416,,Oil,0.24908598798089102,,6m1m forward OIS,0.12119997476558589,,BETA
2010-07-30,SGDRegressor,SELL,-0.006182675760086687,True,BETA,Oil,0.2207796814037663,0.2207796814037663,Oil,0.2207796814037663,,MSCI World ex-US,0.11202785814968912,,6m1m forward OIS,0.12700623666909697,,BETA
2010-09-14,SGDRegressor,BUY,0.01692515605894851,True,BETA,Oil,0.19848787433675386,0.19848787433675386,Oil,0.19848787433675386,,MSCI World ex-US,0.1266526599801994,,6m1m forward OIS,0.12295323939798178,,BETA
2010-11-26,SGDRegressor,BUY,0.013468445356593195,True,BETA,Oil,0.1609582172588785,0.1609582172588785,Oil,0.1609582172588785,,MSCI World ex-US,0.14276181300537147,,6m1m forward OIS,0.07651110089847768,,BETA
2010-12-17,SGDRegressor,BUY,0.005085946050344514,True,BETA,MSCI World ex-US,0.17065919122954043,0.17065919122954043,Oil,0.14266765887714877,,MSCI World ex-US,0.17065919122954043,,6m1m forward OIS,0.1111289703443976,,BETA
2011-04-21,SGDRegressor,SELL,-0.008109907401803618,True,BETA,MSCI World ex-US,0.17420336365876757,0.17420336365876757,MSCI World ex-US,0.17420336365876757,,BCOM Index,0.11537702987716407,,1y1m forward OIS,0.13426847093822983,,BETA
2011-04-27,SGDRegressor,SELL,-0.016960365670295352,True,BETA,MSCI World ex-US,0.18844808731440443,0.18844808731440443,MSCI World ex-US,0.18844808731440443,,BCOM Index,0.10239100354796796,,1y1m forward OIS,0.1490210052364209,,BETA
2011-06-30,SGDRegressor,BUY,0.005419547748084508,True,BETA,MSCI World ex-US,0.23413691811544787,0.23413691811544787,MSCI World ex-US,0.23413691811544787,,1y1m forward OIS,0.14526167648424956,,Gold,0.09160902135856402,,BETA
2011-07-05,SGDRegressor,BUY,0.0038602826723117545,True,BETA,MSCI World ex-US,0.22829074467292476,0.22829074467292476,MSCI World ex-US,0.22829074467292476,,1y1m forward OIS,0.14251334472166396,,Gold,0.0877961675005253,,BETA
2011-07-11,SGDRegressor,BUY,0.023260199911988355,True,BETA,MSCI World ex-US,0.20443534320520437,0.20443534320520437,MSCI World ex-US,0.20443534320520437,,1y1m forward OIS,0.14966127314820415,,BCOM Index,0.06808063664741029,,BETA
2012-01-31,SGDRegressor,SELL,-0.004314720812182871,True,BETA,MSCI World ex-US,0.21429858189092799,0.21429858189092799,MSCI World ex-US,0.21429858189092799,,BCOM Index,0.034234900427897424,,1y1m forward OIS,0.13446728836558858,,BETA
2012-02-07,SGDRegressor,SELL,-0.007423251132360198,True,BETA,MSCI World ex-US,0.21432615194900917,0.21432615194900917,MSCI World ex-US,0.21432615194900917,,BCOM Index,0.03479187602255159,,1y1m forward OIS,0.12873894234702835,,BETA
2012-05-30,SGDRegressor,BUY,0.0017444114226643492,True,BETA,MSCI World ex-US,0.2386597931764679,0.2386597931764679,MSCI World ex-US,0.2386597931764679,,1y1m forward OIS,0.1095202571674981,,BCOM Index,0.018713008344940194,,BETA
2012-07-04,SGDRegressor,BUY,0.004105458977484044,True,BETA,MSCI World ex-US,0.24501791406415765,0.24501791406415765,MSCI World ex-US,0.24501791406415765,,BCOM Index,0.028467767129647527,,1y1m forward OIS,0.06509669425020961,,BETA
2013-07-04,SGDRegressor,BUY,0.01028397027600847,True,BETA,Gold,0.13869899975914754,0.13869899975914754,Local - Wilshire,-0.09911708923442715,,Gold,0.13869899975914754,,5y yield,0.11013444764651538,,BETA
2013-09-25,SGDRegressor,SELL,-0.0078975188110193,True,BETA,5y yield,0.1465385116779713,0.1465385116779713,Local - Wilshire,-0.1286729874041245,,Gold,0.135514387364981,,5y yield,0.1465385116779713,,BETA
2013-09-27,SGDRegressor,SELL,-0.011277030794968668,True,BETA,5y yield,0.1481343654423254,0.1481343654423254,Local - Wilshire,-0.1302053968305069,,Gold,0.13608658930163373,,5y yield,0.1481343654423254,,BETA
2014-09-04,SGDRegressor,BUY,0.003980160431082069,True,BETA,5y yield,0.0908520046017836,0.0908520046017836,MSCI World ex-US,0.08704616692627469,,5y yield,0.0908520046017836,,Gold,0.04080282968256081,,BETA
2014-11-04,SGDRegressor,SELL,-0.023120664875335928,True,BETA,MSCI World ex-US,0.06863441221448663,0.06863441221448663,Gold,0.05557185041296791,,5y yield,0.05275960143290535,,MSCI World ex-US,0.06863441221448663,,BETA
2015-01-22,SGDRegressor,BUY,0.021185876082611577,True,BETA,1y1m forward OIS,0.09098663426606833,0.09098663426606833,1y1m forward OIS,0.09098663426606833,,Gold,0.06076068668309313,,MSCI World - Dow Jones,0.04989738990864936,,BETA
2015-10-05,SGDRegressor,BUY,0.02106166644658658,True,BETA,Real 2y yield,0.1900399297943681,0.1900399297943681,Real 2y yield,0.1900399297943681,,Gold,0.1081061887926608,,MSCI World ex-US,0.10575034011670047,,BETA
2016-01-27,SGDRegressor,BUY,0.020233244344527224,True,BETA,Real 2y yield,0.26035602153301873,0.26035602153301873,Real 2y yield,0.26035602153301873,,Gold,0.14683615026844593,,MSCI World ex-US,0.10368693579003671,,BETA
2016-02-23,SGDRegressor,BUY,0.013764085009271287,True,BETA,2y yield,0.2302255835772496,0.2302255835772496,2y yield,0.2302255835772496,,Gold,0.12074439447959046,,MSCI World ex-US,0.08053661559645735,,BETA
2016-03-22,SGDRegressor,SELL,-0.0033079954954956525,True,BETA,2y yield,0.19307283376421527,0.19307283376421527,2y yield,0.19307283376421527,,Gold,0.08682464773414945,,MSCI World ex-US,0.0865926150491214,,BETA
2016-12-02,SGDRegressor,SELL,-0.01830465865346831,True,BETA,MSCI World ex-US,0.3980435997684872,0.3980435997684872,MSCI World ex-US,0.3980435997684872,,2y yield,0.29712602932907556,,Copper LME,0.09132564926418503,,BETA
2017-02-01,SGDRegressor,SELL,-0.015641045896200412,True,BETA,MSCI World ex-US,0.5317285230148253,0.5317285230148253,MSCI World ex-US,0.5317285230148253,,2y yield,0.2808145752288635,,BCOM Index,0.06852707402610912,,BETA
2017-08-23,SGDRegressor,BUY,0.018984375000000053,True,BETA,Local - Dow Jones,-0.31608023060923485,0.31608023060923485,Local - Dow Jones,-0.31608023060923485,,Gold,0.17273417894639811,,5y yield,0.17655705011853126,,BETA
2017-09-21,SGDRegressor,SELL,-0.03394698085419734,True,BETA,Local Index,-0.25770596735942713,0.25770596735942713,Local Index,-0.25770596735942713,,5y yield,0.175559896670467,,Gold,0.11918698602885518,,BETA
2018-02-06,SGDRegressor,BUY,0.0033694171625204827,True,BETA,Local - S&P500,-0.2231983293256475,0.2231983293256475,Real 2y yield,0.2027256028328542,,Local - S&P500,-0.2231983293256475,,Gold,0.1759080139743051,,BETA
2018-05-29,SGDRegressor,BUY,0.009283719526002043,True,BETA,10y yield,0.17084188312508744,0.17084188312508744,Gold,0.10886461215118254,,10y yield,0.17084188312508744,,Local - Wilshire,-0.13997563074878594,,BETA
2018-07-10,SGDRegressor,SELL,-0.009867429948779649,True,BETA,10y yield,0.14574218227407484,0.14574218227407484,Gold,0.12317977333879922,,10y yield,0.14574218227407484,,Local - Dow Jones,-0.14345739240257863,,BETA
2018-07-20,SGDRegressor,SELL,-0.01027710109622415,True,BETA,Local - Dow Jones,-0.1423949128782869,0.1423949128782869,Gold,0.13034556425150942,,10y yield,0.13959496983095887,,Local - Dow Jones,-0.1423949128782869,,BETA
2018-10-04,SGDRegressor,SELL,-0.0002303970509177633,True,BETA,Gold,0.15810102054096095,0.15810102054096095,Gold,0.15810102054096095,,1y1m forward OIS,0.12828543646181462,,Local - Dow Jones,-0.11660990520061618,,BETA
2019-06-10,SGDRegressor,BUY,0.00457232952305886,True,BETA,Gold,0.16197771400805924,0.16197771400805924,Gold,0.16197771400805924,,5y yield,0.13918284618141938,,MSCI World ex-US,0.1340228215811731,,BETA
2019-11-26,SGDRegressor,BUY,0.02254002798072441,True,BETA,Local - S&P500,-0.20522223866320952,0.20522223866320952,Local - S&P500,-0.20522223866320952,,10y yield,0.19921736340866386,,Copper LME,0.11669031822734652,,BETA
2020-11-24,SGDRegressor,SELL,-0.00014973422175657003,True,BETA,MSCI World ex-US,0.23536693973966208,0.23536693973966208,2y yield,0.22246731721467267,,Gold,0.16519858067150722,,MSCI World ex-US,0.23536693973966208,,BETA
2021-04-14,SGDRegressor,BUY,0.01132157631177888,True,BETA,MSCI World ex-US,0.19131818925353294,0.19131818925353294,MSCI World ex-US,0.19131818925353294,,BCOM Index,0.163156216093122,,1y1m forward OIS,0.14204234930730822,,BETA
2021-04-30,SGDRegressor,BUY,0.019895818260743603,True,BETA,MSCI World ex-US,0.23226439674903182,0.23226439674903182,MSCI World ex-US,0.23226439674903182,,Oil,0.07347449746001987,,1y1m forward OIS,0.14444141532882668,,BETA
2021-06-18,SGDRegressor,BUY,0.0010137581462708045,True,BETA,Gold,0.20093931028873604,0.20093931028873604,MSCI World ex-US,0.1693515459566543,,Gold,0.20093931028873604,,1y1m forward OIS,0.15349368595168153,,BETA
2021-07-01,SGDRegressor,BUY,0.004503522917120639,True,BETA,Gold,0.200505401414418,0.200505401414418,MSCI World ex-US,0.19097575857990276,,Gold,0.200505401414418,,1y1m forward OIS,0.13049888675399007,,BETA
2021-08-17,SGDRegressor,BUY,0.0010188487009676894,True,BETA,MSCI World ex-US,0.22857599761121605,0.22857599761121605,MSCI World ex-US,0.22857599761121605,,Gold,0.17385861387306578,,1y1m forward OIS,0.12411057795587417,,BETA
2021-08-26,SGDRegressor,BUY,0.009999999999999787,True,BETA,MSCI World ex-US,0.23969888419529797,0.23969888419529797,MSCI World ex-US,0.23969888419529797,,Gold,0.17007508894536802,,1y1m forward OIS,0.12353658404591487,,BETA
2021-08-31,SGDRegressor,BUY,0.003998545983278756,True,BETA,MSCI World ex-US,0.24234940043439693,0.24234940043439693,MSCI World ex-US,0.24234940043439693,,Gold,0.1694839542549244,,1y1m forward OIS,0.11779028222467064,,BETA
2022-01-11,SGDRegressor,SELL,-0.009827649431609742,True,BETA,MSCI World ex-US,0.1693403075905865,0.1693403075905865,MSCI World ex-US,0.1693403075905865,,Gold,0.08342310353189807,,VIX Index,-0.0016411198799600305,,BETA
2022-03-10,SGDRegressor,BUY,0.007718172092312292,True,BETA,MSCI World ex-US,0.16713593985485908,0.16713593985485908,MSCI World ex-US,0.16713593985485908,,Copper LME,0.04114109148914729,,VIX Index,-0.008078533641441813,,BETA
2022-05-05,SGDRegressor,BUY,0.00849377123442796,True,BETA,MSCI World ex-US,0.20158653227920365,0.20158653227920365,MSCI World ex-US,0.20158653227920365,,Copper LME,0.038917673422410204,,MOVE Index,-0.04071171295190976,,BETA
2023-05-05,SGDRegressor,SELL,-0.015115542893320733,True,BETA,MSCI World ex-US,0.3900332332759071,0.3900332332759071,MSCI World ex-US,0.3900332332759071,,Gold,0.3018960505808004,,,,,BETA
2024-02-16,SGDRegressor,BUY,0.004205681637835301,True,BETA,2y yield,0.18545533773966405,0.18545533773966405,Copper LME,0.15365109027441778,,MSCI World ex-US,0.16428444825485652,,2y yield,0.18545533773966405,,BETA
2024-03-22,SGDRegressor,BUY,0.002936274898817537,True,BETA,2y yield,0.1827617278378398,0.1827617278378398,MSCI World ex-US,0.14809924239034658,,Copper LME,0.11737278638667839,,2y yield,0.1827617278378398,,BETA
2024-04-22,SGDRegressor,BUY,0.017165991902833966,True,BETA,2y yield,0.18277826597682784,0.18277826597682784,MSCI World ex-US,0.1486956199666833,,2y yield,0.18277826597682784,,Copper LME,0.10031645375550614,,BETA
2024-06-03,SGDRegressor,SELL,-0.008041848844472232,True,BETA,MSCI World ex-US,0.1742540332785987,0.1742540332785987,2y yield,0.17140685579775625,,MSCI World ex-US,0.1742540332785987,,Gold,0.08627396316875548,,BETA
2024-06-11,SGDRegressor,SELL,-0.004238618524332827,True,BETA,2y yield,0.17458994112653353,0.17458994112653353,2y yield,0.17458994112653353,,MSCI World ex-US,0.1720335854015206,,Gold,0.08286183333020677,,BETA
2024-06-17,SGDRegressor,SELL,-0.0043290043290044045,True,BETA,MSCI World ex-US,0.17360206329589853,0.17360206329589853,2y yield,0.17066833082623822,,MSCI World ex-US,0.17360206329589853,,Gold,0.07802020091196026,,BETA
2024-09-20,SGDRegressor,SELL,-0.014938818407026488,True,BETA,5y yield,0.19235267913364812,0.19235267913364812,5y yield,0.19235267913364812,,MSCI World ex-US,0.16033241117253033,,Gold,0.073986599116219,,BETA
2024-12-17,SGDRegressor,SELL,-0.0152635719905585,True,BETA,5y yield,0.2099942105507708,0.2099942105507708,5y yield,0.2099942105507708,,MSCI World ex-US,0.14883850485178438,,Gold,0.08808939222329722,,BETA
2025-04-28,SGDRegressor,SELL,-0.01971579495573239,True,BETA,MSCI World ex-US,0.15349213386183266,0.15349213386183266,MSCI World ex-US,0.15349213386183266,,Copper LME,0.08964620358368805,,2y yield,0.1217464049757945,,BETA
2025-07-30,SGDRegressor,BUY,0.025610032484701728,True,BETA,MSCI World ex-US,0.18334900578165264,0.18334900578165264,MSCI World ex-US,0.18334900578165264,,Copper LME,0.1402140443040511,,2y yield,0.10566860946846722,,BETA
2025-10-09,SGDRegressor,BUY,0.001653638003607849,True,BETA,MSCI World ex-US,0.22613043025205884,0.22613043025205884,MSCI World ex-US,0.22613043025205884,,Copper LME,0.08866357913454422,,2y yield,0.09185953448390512,,BETA
2025-11-04,SGDRegressor,BUY,0.009523078104600291,True,BETA,MSCI World ex-US,0.2216306887966714,0.2216306887966714,MSCI World ex-US,0.2216306887966714,,Gold,0.11345050587781012,,2y yield,0.06493675284348774,,BETA
2001-12-17,StackedEnsemble,SELL,-0.003152412280701844,True,STACK,LGBMRegressor,0.5607346765801604,0.5607346765801604,ElasticNetCV,0.4936864167394308,,XGBRegressor,0.17881479828167937,,LGBMRegressor,0.5607346765801604,,STACK
2002-01-25,StackedEnsemble,BUY,0.004828859536997632,True,STACK,ElasticNetCV,0.4123755291586361,0.4123755291586361,ElasticNetCV,0.4123755291586361,,XGBRegressor,0.061036325541979235,,LGBMRegressor,0.10995151890189955,,STACK
2002-07-15,StackedEnsemble,SELL,-0.003122610247259683,True,STACK,ElasticNetCV,0.2675938845115491,0.2675938845115491,ElasticNetCV,0.2675938845115491,,XGBRegressor,0.1931367129178808,,LGBMRegressor,0.2596229615808801,,STACK
2002-08-27,StackedEnsemble,BUY,0.013421944227260951,True,STACK,LGBMRegressor,0.5633164625038488,0.5633164625038488,ElasticNetCV,0.08875973666331459,,XGBRegressor,0.3069159810615692,,LGBMRegressor,0.5633164625038488,,STACK
2002-11-04,StackedEnsemble,BUY,0.015606936416185047,True,STACK,LGBMRegressor,0.4960045965353116,0.4960045965353116,ElasticNetCV,0.19985684076042456,,XGBRegressor,0.3329152161417727,,LGBMRegressor,0.4960045965353116,,STACK
2002-11-26,StackedEnsemble,BUY,0.01224069063265043,True,STACK,LGBMRegressor,0.6444979542696359,0.6444979542696359,ElasticNetCV,0.26479342713596254,,XGBRegressor,0.1452599324657663,,LGBMRegressor,0.6444979542696359,,STACK
2003-01-28,StackedEnsemble,SELL,-0.012321581066243703,True,STACK,ElasticNetCV,0.6418512472907208,0.6418512472907208,ElasticNetCV,0.6418512472907208,,XGBRegressor,0.2594598338891439,,LGBMRegressor,0.36053880449126535,,STACK
2003-02-21,StackedEnsemble,BUY,0.015389487017099412,True,STACK,LGBMRegressor,0.5520595164680755,0.5520595164680755,ElasticNetCV,0.25907161298870607,,XGBRegressor,0.3568700888968176,,LGBMRegressor,0.5520595164680755,,STACK
2003-02-28,StackedEnsemble,BUY,0.007122869498855211,True,STACK,LGBMRegressor,0.41711736014280326,0.41711736014280326,ElasticNetCV,0.398883045955719,,XGBRegressor,0.3502846289771637,,LGBMRegressor,0.41711736014280326,,STACK
2003-03-12,StackedEnsemble,SELL,-0.023689922480620185,True,STACK,LGBMRegressor,0.46637095744461143,0.46637095744461143,ElasticNetCV,0.27454355891098975,,XGBRegressor,0.38145457168842933,,LGBMRegressor,0.46637095744461143,,STACK
2003-05-20,StackedEnsemble,SELL,-0.007433132273198084,True,STACK,ElasticNetCV,0.5493109695123842,0.5493109695123842,ElasticNetCV,0.5493109695123842,,XGBRegressor,0.3828346987754681,,LGBMRegressor,0.13841327276597237,,STACK
2003-08-27,StackedEnsemble,BUY,0.012786259541984757,True,STACK,XGBRegressor,0.6448283273905646,0.6448283273905646,ElasticNetCV,0.3859291716936472,,XGBRegressor,0.6448283273905646,,LGBMRegressor,0.09090194573193369,,STACK
2004-01-05,StackedEnsemble,SELL,-0.012951790557369725,True,STACK,ElasticNetCV,0.7081656733216644,0.7081656733216644,ElasticNetCV,0.7081656733216644,,XGBRegressor,0.27330057565025223,,LGBMRegressor,0.16417288961083323,,STACK
2004-01-16,StackedEnsemble,BUY,0.014010897364616914,True,STACK,ElasticNetCV,0.4540758368725479,0.4540758368725479,ElasticNetCV,0.4540758368725479,,XGBRegressor,0.24663977703076112,,LGBMRegressor,0.3037799848430007,,STACK
2004-03-09,StackedEnsemble,BUY,0.013139885026006048,True,STACK,XGBRegressor,0.5272834387786677,0.5272834387786677,ElasticNetCV,0.3933358987424024,,XGBRegressor,0.5272834387786677,,LGBMRegressor,0.44588286036634783,,STACK
2005-04-18,StackedEnsemble,SELL,-0.004622334278810758,True,STACK,ElasticNetCV,0.6102894303017249,0.6102894303017249,ElasticNetCV,0.6102894303017249,,XGBRegressor,0.38326230587626253,,LGBMRegressor,0.2495934841000117,,STACK
2005-09-01,StackedEnsemble,SELL,-0.015373712042741072,True,STACK,ElasticNetCV,0.5479238616095004,0.5479238616095004,ElasticNetCV,0.5479238616095004,,XGBRegressor,0.2299785705024853,,LGBMRegressor,0.3725505157540506,,STACK
2005-12-28,StackedEnsemble,BUY,0.027726001863932925,True,STACK,ElasticNetCV,0.37702101213116623,0.37702101213116623,ElasticNetCV,0.37702101213116623,,XGBRegressor,0.2338055820367674,,LGBMRegressor,0.3278632425478957,,STACK
2006-01-23,StackedEnsemble,SELL,-0.022265734265734305,True,STACK,ElasticNetCV,0.35737703483755023,0.35737703483755023,ElasticNetCV,0.35737703483755023,,XGBRegressor,0.22293826090726265,,LGBMRegressor,0.3496417149073637,,STACK
2006-05-02,StackedEnsemble,BUY,0.026255707762557146,True,STACK,ElasticNetCV,0.4851462462868125,0.4851462462868125,ElasticNetCV,0.4851462462868125,,XGBRegressor,0.18688436535896583,,LGBMRegressor,0.2208586970465442,,STACK
2006-07-17,StackedEnsemble,BUY,0.027111746590409158,True,STACK,XGBRegressor,0.4252437559767999,0.4252437559767999,ElasticNetCV,0.348974997074805,,XGBRegressor,0.4252437559767999,,LGBMRegressor,0.2803047901436141,,STACK
2006-10-10,StackedEnsemble,BUY,0.009868953243811651,True,STACK,ElasticNetCV,0.5646177970906265,0.5646177970906265,ElasticNetCV,0.5646177970906265,,XGBRegressor,0.20757208057386128,,LGBMRegressor,0.12663603434669687,,STACK
2006-11-30,StackedEnsemble,SELL,-0.0028485680858639784,True,STACK,ElasticNetCV,1.1401925670050186,1.1401925670050186,ElasticNetCV,1.1401925670050186,,XGBRegressor,0.19404935102249102,,LGBMRegressor,-0.20364041092463211,,STACK
2007-02-09,StackedEnsemble,BUY,0.007336719511569445,True,STACK,ElasticNetCV,0.7856774404900633,0.7856774404900633,ElasticNetCV,0.7856774404900633,,XGBRegressor,0.09600707630977569,,LGBMRegressor,0.051837762817657014,,STACK
2007-03-05,StackedEnsemble,BUY,0.012340536318666828,True,STACK,ElasticNetCV,0.9340922080731573,0.9340922080731573,ElasticNetCV,0.9340922080731573,,XGBRegressor,0.17759482889367886,,LGBMRegressor,-0.09083570778234666,,STACK
2007-04-17,StackedEnsemble,SELL,-0.004085903632467969,True,STACK,ElasticNetCV,0.8549058383184484,0.8549058383184484,ElasticNetCV,0.8549058383184484,,XGBRegressor,0.1376430137369079,,LGBMRegressor,0.1043254054300813,,STACK
2007-07-18,StackedEnsemble,SELL,-0.009888932190179167,True,STACK,ElasticNetCV,0.40464033017356343,0.40464033017356343,ElasticNetCV,0.40464033017356343,,XGBRegressor,0.14176978067425652,,LGBMRegressor,0.2549017475397985,,STACK
2007-07-20,StackedEnsemble,SELL,-0.0073440007781722105,True,STACK,LGBMRegressor,0.34896578428011876,0.34896578428011876,ElasticNetCV,0.3136004143790682,,XGBRegressor,0.23783594345372194,,LGBMRegressor,0.34896578428011876,,STACK
2007-09-17,StackedEnsemble,BUY,0.024464831804281273,True,STACK,ElasticNetCV,0.3436702882593967,0.3436702882593967,ElasticNetCV,0.3436702882593967,,XGBRegressor,0.235160213515168,,LGBMRegressor,0.2840423585682301,,STACK
2007-11-02,StackedEnsemble,SELL,-0.016560570526013563,True,STACK,LGBMRegressor,0.5137976042406375,0.5137976042406375,ElasticNetCV,0.3678175883565365,,XGBRegressor,0.026171893307807025,,LGBMRegressor,0.5137976042406375,,STACK
2007-11-07,StackedEnsemble,SELL,-0.01811266936058953,True,STACK,XGBRegressor,0.3870752233269521,0.3870752233269521,ElasticNetCV,0.3294091035373864,,XGBRegressor,0.3870752233269521,,LGBMRegressor,0.18932777563588274,,STACK
2008-03-18,StackedEnsemble,SELL,-0.015201355661882077,True,STACK,ElasticNetCV,0.6230682947492223,0.6230682947492223,ElasticNetCV,0.6230682947492223,,XGBRegressor,0.2687627128203309,,LGBMRegressor,0.24268056573792926,,STACK
2008-10-27,StackedEnsemble,BUY,0.003343621399177099,True,STACK,ElasticNetCV,0.9328093489018844,0.9328093489018844,ElasticNetCV,0.9328093489018844,,XGBRegressor,0.44092151437652466,,LGBMRegressor,-0.08037363806663728,,STACK
2008-11-25,StackedEnsemble,SELL,-0.04666494312306091,True,STACK,XGBRegressor,1.0481661818309804,1.0481661818309804,ElasticNetCV,0.7944012814629032,,XGBRegressor,1.0481661818309804,,LGBMRegressor,-0.534464382283925,,STACK
2008-12-15,StackedEnsemble,SELL,-0.05971514438782177,True,STACK,XGBRegressor,0.9447442687031626,0.9447442687031626,ElasticNetCV,0.363113443034484,,XGBRegressor,0.9447442687031626,,LGBMRegressor,-0.16321410343983478,,STACK
2009-07-21,StackedEnsemble,BUY,0.029163375660732793,True,STACK,ElasticNetCV,0.818265800370679,0.818265800370679,ElasticNetCV,0.818265800370679,,XGBRegressor,0.47975089270315746,,LGBMRegressor,-0.011985672769216318,,STACK
2009-10-12,StackedEnsemble,BUY,0.033989493005886384,True,STACK,ElasticNetCV,0.6932819330087968,0.6932819330087968,ElasticNetCV,0.6932819330087968,,XGBRegressor,0.032245900773072135,,LGBMRegressor,0.22691049459286528,,STACK
2009-10-22,StackedEnsemble,SELL,-0.0024663137632339183,True,STACK,ElasticNetCV,0.991107393727081,0.991107393727081,ElasticNetCV,0.991107393727081,,XGBRegressor,-0.05022390003248562,,LGBMRegressor,0.20981721524812197,,STACK
2010-01-05,StackedEnsemble,BUY,0.023136568284142234,True,STACK,ElasticNetCV,0.7961899245790828,0.7961899245790828,ElasticNetCV,0.7961899245790828,,XGBRegressor,0.20407325112691263,,LGBMRegressor,0.039601744492467714,,STACK
2010-03-01,StackedEnsemble,BUY,0.0044026415849509615,True,STACK,LGBMRegressor,0.6000208889321266,0.6000208889321266,ElasticNetCV,0.4932258226508884,,XGBRegressor,0.0018273442846723454,,LGBMRegressor,0.6000208889321266,,STACK
2010-07-30,StackedEnsemble,SELL,-0.006182675760086687,True,STACK,ElasticNetCV,0.32277829316836953,0.32277829316836953,ElasticNetCV,0.32277829316836953,,XGBRegressor,0.2950268799947252,,LGBMRegressor,0.2960276119027393,,STACK
2010-09-14,StackedEnsemble,BUY,0.01692515605894851,True,STACK,LGBMRegressor,0.5929659402928036,0.5929659402928036,ElasticNetCV,0.48249159639274614,,XGBRegressor,-0.03220954632330894,,LGBMRegressor,0.5929659402928036,,STACK
2010-11-26,StackedEnsemble,BUY,0.013468445356593195,True,STACK,XGBRegressor,1.1885417742509081,1.1885417742509081,ElasticNetCV,0.4025181820612369,,XGBRegressor,1.1885417742509081,,LGBMRegressor,-0.26626930829282114,,STACK
2010-12-22,StackedEnsemble,BUY,0.008384245417912384,True,STACK,ElasticNetCV,0.3914035941454161,0.3914035941454161,ElasticNetCV,0.3914035941454161,,XGBRegressor,0.13182103945054457,,LGBMRegressor,0.29655184622302816,,STACK
2011-03-02,StackedEnsemble,SELL,-0.01843797856049001,True,STACK,ElasticNetCV,0.6575419359483219,0.6575419359483219,ElasticNetCV,0.6575419359483219,,XGBRegressor,0.2336028227744761,,LGBMRegressor,0.14694524845264542,,STACK
2011-03-14,StackedEnsemble,SELL,-0.011130348750927554,True,STACK,ElasticNetCV,0.5149634456034231,0.5149634456034231,ElasticNetCV,0.5149634456034231,,XGBRegressor,0.223467029345783,,LGBMRegressor,0.3683795877526046,,STACK
2011-07-05,StackedEnsemble,BUY,0.0038602826723117545,True,STACK,XGBRegressor,1.0901868658287506,1.0901868658287506,ElasticNetCV,0.20861694917118292,,XGBRegressor,1.0901868658287506,,LGBMRegressor,-0.16678967124376912,,STACK
2012-01-31,StackedEnsemble,SELL,-0.004314720812182871,True,STACK,ElasticNetCV,0.680175191422764,0.680175191422764,ElasticNetCV,0.680175191422764,,XGBRegressor,0.04362724445060683,,LGBMRegressor,0.4231121109121241,,STACK
2012-05-30,StackedEnsemble,BUY,0.0017444114226643492,True,STACK,ElasticNetCV,0.5627135624746987,0.5627135624746987,ElasticNetCV,0.5627135624746987,,XGBRegressor,0.40764175310885714,,LGBMRegressor,0.2559043672491439,,STACK
2012-10-09,StackedEnsemble,SELL,-0.003124414172342771,True,STACK,ElasticNetCV,0.45956212580311356,0.45956212580311356,ElasticNetCV,0.45956212580311356,,XGBRegressor,0.40692102814812886,,LGBMRegressor,0.06067882314929831,,STACK
2012-10-25,StackedEnsemble,SELL,-0.008313686561608025,True,STACK,ElasticNetCV,0.4658917673062189,0.4658917673062189,ElasticNetCV,0.4658917673062189,,XGBRegressor,0.38228475804164763,,LGBMRegressor,0.06211625013265642,,STACK
2013-07-04,StackedEnsemble,BUY,0.01028397027600847,True,STACK,ElasticNetCV,0.5680216829023174,0.5680216829023174,ElasticNetCV,0.5680216829023174,,XGBRegressor,0.08611918733756306,,LGBMRegressor,0.3939593479237637,,STACK
2013-09-27,StackedEnsemble,SELL,-0.011277030794968668,True,STACK,ElasticNetCV,1.0290138343770379,1.0290138343770379,ElasticNetCV,1.0290138343770379,,XGBRegressor,-0.032048199891816224,,LGBMRegressor,0.09285882240574887,,STACK
2014-02-03,StackedEnsemble,BUY,0.025084329960134877,True,STACK,ElasticNetCV,0.7693622120490481,0.7693622120490481,ElasticNetCV,0.7693622120490481,,XGBRegressor,0.6507828817095992,,LGBMRegressor,-0.6387295530111872,,STACK
2014-02-25,StackedEnsemble,SELL,-0.0038367004376236302,True,STACK,ElasticNetCV,0.9228546668762924,0.9228546668762924,ElasticNetCV,0.9228546668762924,,XGBRegressor,-0.09424367654026614,,LGBMRegressor,0.12683092132878143,,STACK
2014-02-28,StackedEnsemble,SELL,-0.005852493281576554,True,STACK,ElasticNetCV,0.9796361991208086,0.9796361991208086,ElasticNetCV,0.9796361991208086,,XGBRegressor,0.1094292001858559,,LGBMRegressor,-0.15339747507449736,,STACK
2014-05-20,StackedEnsemble,SELL,-0.005285663380448891,True,STACK,ElasticNetCV,0.7729250578484518,0.7729250578484518,ElasticNetCV,0.7729250578484518,,XGBRegressor,0.2589453730644698,,LGBMRegressor,-0.11914941554335798,,STACK
2014-09-04,StackedEnsemble,BUY,0.003980160431082069,True,STACK,LGBMRegressor,0.49825550327803114,0.49825550327803114,ElasticNetCV,0.2718724996829474,,XGBRegressor,0.15708713337834723,,LGBMRegressor,0.49825550327803114,,STACK
2014-11-04,StackedEnsemble,SELL,-0.023120664875335928,True,STACK,XGBRegressor,0.45881750074569017,0.45881750074569017,ElasticNetCV,0.38784413534385026,,XGBRegressor,0.45881750074569017,,LGBMRegressor,0.3723518068391526,,STACK
2015-01-22,StackedEnsemble,BUY,0.021185876082611577,True,STACK,XGBRegressor,0.6284701811214453,0.6284701811214453,ElasticNetCV,0.4948610683585025,,XGBRegressor,0.6284701811214453,,LGBMRegressor,0.3479372427494499,,STACK
2015-10-01,StackedEnsemble,BUY,0.02167735113343472,True,STACK,XGBRegressor,0.6390187657023515,0.6390187657023515,ElasticNetCV,0.1480620793202055,,XGBRegressor,0.6390187657023515,,LGBMRegressor,0.5469517326057061,,STACK
2016-01-27,StackedEnsemble,BUY,0.020233244344527224,True,STACK,XGBRegressor,0.3834747076078162,0.3834747076078162,ElasticNetCV,0.3637923172396408,,XGBRegressor,0.3834747076078162,,LGBMRegressor,0.13764342379377512,,STACK
2016-02-23,StackedEnsemble,BUY,0.013764085009271287,True,STACK,ElasticNetCV,0.46274966291786346,0.46274966291786346,ElasticNetCV,0.46274966291786346,,XGBRegressor,0.21740335163189403,,LGBMRegressor,0.19589326900803591,,STACK
2016-03-22,StackedEnsemble,SELL,-0.0033079954954956525,True,STACK,ElasticNetCV,0.5198850073244142,0.5198850073244142,ElasticNetCV,0.5198850073244142,,XGBRegressor,0.1384265860632021,,LGBMRegressor,0.25138930938599446,,STACK
2016-09-01,StackedEnsemble,SELL,-0.002185709978896555,True,STACK,ElasticNetCV,3.073197953547573,3.073197953547573,ElasticNetCV,3.073197953547573,,XGBRegressor,-0.3418982241805153,,LGBMRegressor,-0.42281857277691826,,STACK
2017-05-02,StackedEnsemble,SELL,-0.0017002859571837448,True,STACK,ElasticNetCV,0.12948830766517958,0.12948830766517958,ElasticNetCV,0.12948830766517958,,XGBRegressor,0.04058553930741889,,LGBMRegressor,0.05858508213071149,,STACK
2017-09-15,StackedEnsemble,SELL,-0.01441812564366618,True,STACK,ElasticNetCV,0.6448713373076763,0.6448713373076763,ElasticNetCV,0.6448713373076763,,XGBRegressor,0.10836283516483333,,LGBMRegressor,0.24409393868293627,,STACK
2017-11-30,StackedEnsemble,SELL,-0.006950092421441845,True,STACK,ElasticNetCV,0.464203124407788,0.464203124407788,ElasticNetCV,0.464203124407788,,XGBRegressor,0.24234063697925082,,LGBMRegressor,0.32683551307918635,,STACK
2017-12-07,StackedEnsemble,SELL,-0.006531096927415714,True,STACK,ElasticNetCV,0.5194899518079722,0.5194899518079722,ElasticNetCV,0.5194899518079722,,XGBRegressor,0.20800215770854263,,LGBMRegressor,0.2465709978192325,,STACK
2018-02-05,StackedEnsemble,BUY,0.002937173149939021,True,STACK,ElasticNetCV,0.47153145058227564,0.47153145058227564,ElasticNetCV,0.47153145058227564,,XGBRegressor,0.45008994751308595,,LGBMRegressor,0.17844373976120695,,STACK
2018-02-09,StackedEnsemble,BUY,0.010414406595790737,True,STACK,ElasticNetCV,0.5276877540930193,0.5276877540930193,ElasticNetCV,0.5276877540930193,,XGBRegressor,0.4213726500167707,,LGBMRegressor,0.12441150690373186,,STACK
2018-05-23,StackedEnsemble,BUY,0.00494493144526853,True,STACK,ElasticNetCV,0.5236791258652755,0.5236791258652755,ElasticNetCV,0.5236791258652755,,XGBRegressor,0.07751877425911503,,LGBMRegressor,0.3346943781199822,,STACK
2018-07-10,StackedEnsemble,SELL,-0.009867429948779649,True,STACK,ElasticNetCV,0.7111522671716167,0.7111522671716167,ElasticNetCV,0.7111522671716167,,XGBRegressor,0.08677045656659917,,LGBMRegressor,0.13308781735503747,,STACK
2018-07-20,StackedEnsemble,SELL,-0.01027710109622415,True,STACK,ElasticNetCV,0.8208763834758781,0.8208763834758781,ElasticNetCV,0.8208763834758781,,XGBRegressor,0.06137360199221475,,LGBMRegressor,0.03885510967395435,,STACK
2018-10-05,StackedEnsemble,SELL,-0.0033536585365853133,True,STACK,ElasticNetCV,0.8944871000975094,0.8944871000975094,ElasticNetCV,0.8944871000975094,,XGBRegressor,0.19705310286929553,,LGBMRegressor,-0.02220640223007842,,STACK
2018-11-07,StackedEnsemble,SELL,-0.02651226573213461,True,STACK,ElasticNetCV,0.6670485478746749,0.6670485478746749,ElasticNetCV,0.6670485478746749,,XGBRegressor,0.5248014197025718,,LGBMRegressor,-0.04580350242224028,,STACK
2019-01-23,StackedEnsemble,SELL,-0.010482821945060894,True,STACK,ElasticNetCV,0.9227064629612697,0.9227064629612697,ElasticNetCV,0.9227064629612697,,XGBRegressor,0.3786117011091275,,LGBMRegressor,-0.054178517401675286,,STACK
2019-03-13,StackedEnsemble,SELL,-0.011171090118458626,True,STACK,ElasticNetCV,0.9291464212961619,0.9291464212961619,ElasticNetCV,0.9291464212961619,,XGBRegressor,0.4051303689111254,,LGBMRegressor,-0.11928466986656654,,STACK
2019-03-28,StackedEnsemble,BUY,0.0010732904017172196,True,STACK,ElasticNetCV,0.9431952413523976,0.9431952413523976,ElasticNetCV,0.9431952413523976,,XGBRegressor,0.3284238196636263,,LGBMRegressor,-0.2098643961710094,,STACK
2019-10-18,StackedEnsemble,SELL,-0.0029266789895255885,True,STACK,XGBRegressor,0.5833973282437213,0.5833973282437213,ElasticNetCV,0.4629279974775606,,XGBRegressor,0.5833973282437213,,LGBMRegressor,0.31491035892354297,,STACK
2019-11-26,StackedEnsemble,BUY,0.02254002798072441,True,STACK,ElasticNetCV,0.987481343968286,0.987481343968286,ElasticNetCV,0.987481343968286,,XGBRegressor,0.16470808104739348,,LGBMRegressor,0.12232483384336813,,STACK
2020-02-20,StackedEnsemble,BUY,0.005589194224499439,True,STACK,ElasticNetCV,0.6032756051600902,0.6032756051600902,ElasticNetCV,0.6032756051600902,,XGBRegressor,0.28916680459098565,,LGBMRegressor,-0.04647504499735985,,STACK
2020-02-24,StackedEnsemble,BUY,0.014933457134014283,True,STACK,ElasticNetCV,0.4882395221734629,0.4882395221734629,ElasticNetCV,0.4882395221734629,,XGBRegressor,0.2593794614070431,,LGBMRegressor,0.040173638364236305,,STACK
2020-07-30,StackedEnsemble,SELL,-0.002214416615760606,True,STACK,ElasticNetCV,0.46443731450902964,0.46443731450902964,ElasticNetCV,0.46443731450902964,,XGBRegressor,0.4308030181878998,,LGBMRegressor,0.25772185836718453,,STACK
2021-01-19,StackedEnsemble,BUY,0.0027879677182685025,True,STACK,ElasticNetCV,0.5954720627403732,0.5954720627403732,ElasticNetCV,0.5954720627403732,,XGBRegressor,0.235733419906696,,LGBMRegressor,0.19854185055788484,,STACK
2021-02-01,StackedEnsemble,BUY,0.0175656883554125,True,STACK,ElasticNetCV,0.5427742669004864,0.5427742669004864,ElasticNetCV,0.5427742669004864,,XGBRegressor,0.1576869618803578,,LGBMRegressor,0.251963052288142,,STACK
2021-04-16,StackedEnsemble,SELL,-0.0007229612492769544,True,STACK,XGBRegressor,0.6978045079977073,0.6978045079977073,ElasticNetCV,0.3968828356774001,,XGBRegressor,0.6978045079977073,,LGBMRegressor,0.010617685673801159,,STACK
2022-03-15,StackedEnsemble,BUY,0.003910443183560819,True,STACK,ElasticNetCV,0.7049869429768951,0.7049869429768951,ElasticNetCV,0.7049869429768951,,XGBRegressor,-0.019408401898157634,,LGBMRegressor,0.287144424499811,,STACK
2022-05-05,StackedEnsemble,BUY,0.00849377123442796,True,STACK,LGBMRegressor,0.5781582396468307,0.5781582396468307,ElasticNetCV,0.4489617840993927,,XGBRegressor,0.13026527923335837,,LGBMRegressor,0.5781582396468307,,STACK
2022-06-16,StackedEnsemble,SELL,-0.01408678756476689,True,STACK,XGBRegressor,0.5902789578387668,0.5902789578387668,ElasticNetCV,0.33280641375815956,,XGBRegressor,0.5902789578387668,,LGBMRegressor,0.41680839783714074,,STACK
2022-06-23,StackedEnsemble,SELL,-0.019331158238172996,True,STACK,XGBRegressor,0.5730678020286333,0.5730678020286333,ElasticNetCV,0.24222919102800186,,XGBRegressor,0.5730678020286333,,LGBMRegressor,0.4356215650034272,,STACK
2023-01-13,StackedEnsemble,BUY,0.012676862680952139,True,STACK,ElasticNetCV,1.7795912681214332,1.7795912681214332,ElasticNetCV,1.7795912681214332,,XGBRegressor,0.05354044694780612,,LGBMRegressor,-0.1923693817495441,,STACK
2023-05-05,StackedEnsemble,SELL,-0.015115542893320733,True,STACK,ElasticNetCV,1.0576039156061985,1.0576039156061985,ElasticNetCV,1.0576039156061985,,XGBRegressor,0.2905691804399656,,LGBMRegressor,-0.1422540691426916,,STACK
2023-06-15,StackedEnsemble,SELL,-0.01337609511889859,True,STACK,ElasticNetCV,0.9867814016507063,0.9867814016507063,ElasticNetCV,0.9867814016507063,,XGBRegressor,0.36667570987546555,,LGBMRegressor,-0.0727571076225907,,STACK
2024-02-16,StackedEnsemble,BUY,0.004205681637835301,True,STACK,ElasticNetCV,0.7179370053053482,0.7179370053053482,ElasticNetCV,0.7179370053053482,,XGBRegressor,0.28520904579172895,,LGBMRegressor,0.13030160244663216,,STACK
2024-04-29,StackedEnsemble,SELL,-0.0003183952877496843,True,STACK,LGBMRegressor,0.5851441879027142,0.5851441879027142,ElasticNetCV,0.3233934794576545,,XGBRegressor,0.1041728517268475,,LGBMRegressor,0.5851441879027142,,STACK
2024-08-01,StackedEnsemble,BUY,0.00910589528220429,True,STACK,ElasticNetCV,0.560663519713288,0.560663519713288,ElasticNetCV,0.560663519713288,,XGBRegressor,0.2826233630220416,,LGBMRegressor,0.14830068675631977,,STACK
2024-08-06,StackedEnsemble,BUY,0.027027027027026973,True,STACK,ElasticNetCV,0.5509479162030605,0.5509479162030605,ElasticNetCV,0.5509479162030605,,XGBRegressor,0.2300323557065037,,LGBMRegressor,0.20454569721297536,,STACK
2024-09-20,StackedEnsemble,SELL,-0.014938818407026488,True,STACK,ElasticNetCV,0.4791241086800041,0.4791241086800041,ElasticNetCV,0.4791241086800041,,XGBRegressor,0.2504534525293011,,LGBMRegressor,0.19303173263481518,,STACK
2024-12-17,StackedEnsemble,SELL,-0.0152635719905585,True,STACK,ElasticNetCV,0.627376640884232,0.627376640884232,ElasticNetCV,0.627376640884232,,XGBRegressor,0.23381475075878697,,LGBMRegressor,0.31393925028549924,,STACK
2024-12-27,StackedEnsemble,SELL,-0.029495945301319826,True,STACK,ElasticNetCV,0.6262511426065638,0.6262511426065638,ElasticNetCV,0.6262511426065638,,XGBRegressor,0.41044769950353693,,LGBMRegressor,0.10143461273955072,,STACK
2025-07-28,StackedEnsemble,BUY,0.005690326445043414,True,STACK,ElasticNetCV,0.8623154578593627,0.8623154578593627,ElasticNetCV,0.8623154578593627,,XGBRegressor,0.2899061112172419,,LGBMRegressor,-0.07210429495343834,,STACK
2025-07-30,StackedEnsemble,BUY,0.025610032484701728,True,STACK,ElasticNetCV,0.8517736542583628,0.8517736542583628,ElasticNetCV,0.8517736542583628,,XGBRegressor,0.2655265919465249,,LGBMRegressor,0.009471933725271641,,STACK
2025-10-09,StackedEnsemble,BUY,0.001653638003607849,True,STACK,ElasticNetCV,0.5324847533719648,0.5324847533719648,ElasticNetCV,0.5324847533719648,,XGBRegressor,0.20419316133677173,,LGBMRegressor,0.29708611923834044,,STACK
2025-11-04,StackedEnsemble,BUY,0.009523078104600291,True,STACK,ElasticNetCV,0.576513827037536,0.576513827037536,ElasticNetCV,0.576513827037536,,XGBRegressor,0.16497470137933457,,LGBMRegressor,0.29922347829379825,,STACK
