Currency,Model,Observations,Signal_Triggers,Hit_Rate_Pct,Information_Coefficient,Sharpe_Ratio,Maximum_Drawdown_Pct,Strategy_Total_Return_Pct,Average_Adj_R2,Average_Train_RMSE,Average_Validation_RMSE,Test_RMSE,Generalization_Gap,Best_Params,Best_Validation_RMSE,Best_Alpha,Best_L1_Ratio,Best_N_Estimators,Best_Max_Depth,Best_Learning_Rate,Best_Subsample
CAD,OLS,6424,231,51.94805194805194,-0.05624151804642176,0.03824162359376304,-19.33048236618272,1.7734778828252695,0.3562269052254453,0.39463557192233517,0.40539423621502463,0.42414485407359465,0.029509282151259475,{},0.21927183951273424,,,,,,
CAD,RidgeCV,6424,237,54.008438818565395,-0.046260801382348574,0.12321347733525169,-11.988345984468395,8.609250956844683,0.3500793948320237,0.3974418361557079,0.40368819933055466,0.4306300518175631,0.0331882156618552,"{""alpha"": 8.111308307896856}",0.22007293479165554,8.111308307896856,,,,,
CAD,ElasticNetCV,6424,242,52.066115702479344,-0.04258134659819816,0.2109688093863208,-11.620694620925853,16.733222030417117,0.3433877188234815,0.3994065857054809,0.4037189985027394,0.4331107887047384,0.033704202999257526,"{""alpha"": 0.1873817422860383, ""l1_ratio"": 0.1}",0.21731951798465887,0.1873817422860383,0.1,,,,
CAD,LassoCV,6424,243,55.55555555555556,-0.038001641333228225,0.07910664574377237,-14.179743975004255,5.146256287264772,0.3450596972037511,0.3989781849315523,0.4051392340269369,0.43441445870780776,0.03543627377625547,"{""alpha"": 0.01519911082952933}",0.21897622593296498,0.01519911082952933,,,,,
CAD,LGBMRegressor,6424,192,46.35416666666667,-0.030972832728887508,-0.26705080833752526,-28.03077276111896,-18.545259800235836,0.4159841993944997,0.37441379326194146,0.4155058872579191,0.45068787302914,0.07627407976719852,"{""learning_rate"": 0.03, ""max_depth"": 3, ""n_estimators"": 200, ""subsample"": 0.8}",0.2270922648090141,,,200.0,3.0,0.03,0.8
CAD,XGBRegressor,6424,228,50.43859649122807,-0.03868157358154419,0.07489857935857114,-16.879223032889755,4.776342526023591,0.4509133301151564,0.3622408920844667,0.4106283523268322,0.447307186008696,0.08506629392422932,"{""learning_rate"": 0.1, ""max_depth"": 3, ""n_estimators"": 200, ""subsample"": 1.0}",0.21885832477071143,,,200.0,3.0,0.1,1.0
