Date,Model,Signal,Forward_10d_Return,Hit,Attribution_Method,Largest_Attribution_Driver,Largest_Attribution_Value,Largest_Attribution_Abs,Driver_1_Name,Driver_1_Beta,Driver_1_SHAP,Driver_2_Name,Driver_2_Beta,Driver_2_SHAP,Driver_3_Name,Driver_3_Beta,Driver_3_SHAP,Dominant_Attribution_Method
2001-10-05,OLS,BUY,0.0077464788732395,True,BETA,Gold,-0.0578591784085753,0.0578591784085753,MSCI EM,-0.057775200232398,,Gold,-0.0578591784085753,,,,,
2001-10-15,OLS,BUY,0.0107816711590296,True,BETA,Gold,-0.0605136253869228,0.0605136253869228,MSCI EM,-0.0601108883179154,,Gold,-0.0605136253869228,,,,,
2002-03-15,OLS,BUY,0.0077720207253886,True,BETA,Local - Wilshire,0.0603791717699394,0.0603791717699394,Local - Wilshire,0.0603791717699394,,,,,,,,
2002-03-20,OLS,BUY,0.0065839453026084,True,BETA,Local - Wilshire,0.0609986709684004,0.0609986709684004,Local - Wilshire,0.0609986709684004,,,,,,,,
2002-09-12,OLS,SELL,-0.007374724235739,True,BETA,2y yield,0.7335412047294168,0.7335412047294168,MSCI World ex-US,-0.0864572609541025,,Gold,-0.1044781143475402,,2y yield,0.7335412047294168,,
2003-01-29,OLS,BUY,0.0081627279310119,True,BETA,MSCI World ex-US,-0.0788794572177274,0.0788794572177274,MSCI World ex-US,-0.0788794572177274,,Copper LME,-0.0417155750728403,,VIX Index,0.0052936568573297,,
2003-05-06,OLS,SELL,-0.0325220762438079,True,BETA,BCOM Index,-0.0945999985719695,0.0945999985719695,VIX Index,0.0110381993776559,,MSCI World ex-US,-0.063671830786051,,BCOM Index,-0.0945999985719695,,
2003-05-22,OLS,SELL,-0.0237418978952734,True,BETA,Gold,-0.1272702506460623,0.1272702506460623,Gold,-0.1272702506460623,,MSCI World ex-US,-0.0850926009845364,,VIX Index,0.0118079751049581,,
2003-07-15,OLS,SELL,-0.0041663673586666,True,BETA,Gold,-0.1471896650466082,0.1471896650466082,Gold,-0.1471896650466082,,MSCI World ex-US,-0.0840504210173511,,VIX Index,0.0035091403601885,,
2003-11-03,OLS,SELL,-0.0195829284699903,True,BETA,2y yield,1.331859393490685,1.331859393490685,MSCI World - Dow Jones,-0.201785685206982,,Gold,-0.1351163713388264,,2y yield,1.331859393490685,,
2003-11-05,OLS,SELL,-0.0221106280917404,True,BETA,2y yield,1.3472640321102307,1.3472640321102307,MSCI World - Dow Jones,-0.2092119462855347,,Gold,-0.1420415101666047,,2y yield,1.3472640321102307,,
2003-12-16,OLS,SELL,-0.0256931886678721,True,BETA,2y yield,1.2906524858424904,1.2906524858424904,MSCI World - Dow Jones,-0.245361786085243,,Gold,-0.1736267300107129,,2y yield,1.2906524858424904,,
2004-03-17,OLS,SELL,-0.0218154650728428,True,BETA,5y yield,1.9526637764385173,1.9526637764385173,Gold,-0.2378334090657454,,MSCI World - Dow Jones,-0.287991449703006,,5y yield,1.9526637764385173,,
2004-03-22,OLS,SELL,-0.0151424287856072,True,BETA,5y yield,2.022524129594361,2.022524129594361,Gold,-0.2398791041764146,,MSCI World - Dow Jones,-0.2953560301703499,,5y yield,2.022524129594361,,
2004-03-24,OLS,SELL,-0.0245901639344263,True,BETA,5y yield,1.9797679252312737,1.9797679252312737,Gold,-0.2350957130655258,,MSCI World - Dow Jones,-0.3173831241203065,,5y yield,1.9797679252312737,,
2004-04-06,OLS,BUY,0.0372974625496789,True,BETA,5y yield,1.9930208601089476,1.9930208601089476,Gold,-0.2414124486524736,,MSCI World - Dow Jones,-0.3099112445348191,,5y yield,1.9930208601089476,,
2004-07-16,OLS,BUY,0.0150960658737417,True,BETA,5y yield,2.2503362562353195,2.2503362562353195,Gold,-0.2167435367439929,,MSCI World - Dow Jones,-0.2477899788833292,,5y yield,2.2503362562353195,,
2004-09-21,OLS,SELL,-0.0201211932877561,True,BETA,5y yield,2.252394313153115,2.252394313153115,Gold,-0.2407676005262315,,MSCI World ex-US,-0.1061459008755184,,5y yield,2.252394313153115,,
2004-12-22,OLS,SELL,-0.0127275656516836,True,BETA,10y yield,2.0813864885436426,2.0813864885436426,Gold,-0.2613401506079502,,MSCI World ex-US,-0.0606103517029631,,10y yield,2.0813864885436426,,
2005-04-26,OLS,SELL,-0.0069873905710385,True,BETA,Gold,-0.2756252473657831,0.2756252473657831,Gold,-0.2756252473657831,,MSCI World ex-US,-0.141872191130304,,,,,
2005-07-08,OLS,BUY,0.0003281378178834,True,BETA,Gold,-0.28747156842339,0.28747156842339,Gold,-0.28747156842339,,MSCI World ex-US,-0.1815949791986921,,,,,
2005-07-12,OLS,BUY,0.0221040385574207,True,BETA,Gold,-0.2849993333253552,0.2849993333253552,Gold,-0.2849993333253552,,MSCI World ex-US,-0.1815034549035455,,,,,
2005-10-06,OLS,SELL,-0.0022860045720092,True,BETA,Gold,-0.281129580265734,0.281129580265734,Gold,-0.281129580265734,,MSCI World ex-US,-0.2126999116381469,,,,,
2005-10-14,OLS,SELL,-0.0079204583754635,True,BETA,Gold,-0.254941435269667,0.254941435269667,Gold,-0.254941435269667,,MSCI World ex-US,-0.2385112587799318,,,,,
2006-01-06,OLS,SELL,-0.0112378828171912,True,BETA,MSCI World ex-US,-0.2891955631609675,0.2891955631609675,MSCI World ex-US,-0.2891955631609675,,Oil,-0.0634514689152224,,,,,
2006-04-03,OLS,SELL,-0.0217762596071734,True,BETA,5y yield,1.904576104604229,1.904576104604229,MSCI World ex-US,-0.259707703316319,,Oil,-0.0668230745232745,,5y yield,1.904576104604229,,
2006-05-30,OLS,BUY,0.0134716912434005,True,BETA,MSCI World ex-US,-0.2025889245549438,0.2025889245549438,Oil,-0.0691874386496545,,MSCI World ex-US,-0.2025889245549438,,,,,
2006-06-12,OLS,BUY,0.0220120065490267,True,BETA,2y yield,2.2213935358196477,2.2213935358196477,Oil,-0.0672916191219981,,MSCI World ex-US,-0.2051290879957267,,2y yield,2.2213935358196477,,
2006-07-24,OLS,SELL,-0.0191026989134245,True,BETA,2y yield,1.945165173147632,1.945165173147632,Oil,-0.0748663508348172,,MSCI World ex-US,-0.1637490071383967,,2y yield,1.945165173147632,,
2006-11-17,OLS,SELL,-0.0015697218104124,True,BETA,2y yield,2.396658398713161,2.396658398713161,BCOM Index,-0.0996510064687734,,MSCI World ex-US,-0.1179448490956741,,2y yield,2.396658398713161,,
2006-11-21,OLS,SELL,-0.0034022507197069,True,BETA,2y yield,2.300585285999099,2.300585285999099,BCOM Index,-0.0983934130219888,,MSCI World ex-US,-0.1197368442284746,,2y yield,2.300585285999099,,
2007-01-03,OLS,SELL,-0.0005113345832622,True,BETA,5y yield,3.0683552468620525,3.0683552468620525,Gold,-0.0926285617680145,,MSCI World ex-US,-0.0683156292976455,,5y yield,3.0683552468620525,,
2007-10-31,OLS,BUY,0.025660057257979,True,BETA,Gold,-0.2013270514170948,0.2013270514170948,Gold,-0.2013270514170948,,MSCI World ex-US,-0.1086061566822217,,,,,
2007-12-10,OLS,SELL,-0.0232327243844321,True,BETA,Gold,-0.2404855661926942,0.2404855661926942,Gold,-0.2404855661926942,,MSCI World ex-US,-0.1195011667943797,,VIX Index,0.0089198342001788,,
2008-08-08,OLS,SELL,-0.0184681728695979,True,BETA,10y yield,-2.807620952665997,2.807620952665997,MSCI World ex-US,-0.1739227233216185,,Gold,-0.1689213862401035,,10y yield,-2.807620952665997,,
2008-08-21,OLS,BUY,0.0255033557046981,True,BETA,6m1m forward OIS,0.3031978537153542,0.3031978537153542,MSCI World ex-US,-0.1818858815881921,,Copper LME,-0.0574129692646269,,6m1m forward OIS,0.3031978537153542,,
2008-08-26,OLS,BUY,0.0217453505007152,True,BETA,6m1m forward OIS,0.3647633962085164,0.3647633962085164,MSCI World ex-US,-0.1797440737974493,,Gold,-0.1558416582129793,,6m1m forward OIS,0.3647633962085164,,
2008-11-03,OLS,BUY,0.037413238530557,True,BETA,10y yield,-2.241396329621051,2.241396329621051,MSCI World ex-US,-0.1638156019019429,,Copper LME,-0.065006594112011,,10y yield,-2.241396329621051,,
2009-02-10,OLS,SELL,-0.0012059816690787,True,BETA,10y yield,-2.3345234606176115,2.3345234606176115,MSCI World ex-US,-0.1751821478260756,,BCOM Index,-0.1685006640269178,,10y yield,-2.3345234606176115,,
2009-06-02,OLS,BUY,0.0502219755826858,True,BETA,5y yield,-0.5480885926145334,0.5480885926145334,BCOM Index,-0.1936040938697142,,MSCI World ex-US,-0.1779892142643562,,5y yield,-0.5480885926145334,,
2009-08-11,OLS,SELL,-0.0135245529636016,True,BETA,5y yield,-0.5317538012168813,0.5317538012168813,BCOM Index,-0.2113615493635507,,MSCI World ex-US,-0.1765825129256825,,5y yield,-0.5317538012168813,,
2009-10-26,OLS,SELL,-0.0128157156220767,True,BETA,5y yield,-0.7661112680281068,0.7661112680281068,MSCI World ex-US,-0.1840252575171191,,BCOM Index,-0.2377272322511417,,5y yield,-0.7661112680281068,,
2009-10-28,OLS,SELL,-0.0334844140227545,True,BETA,5y yield,-0.5332813695430872,0.5332813695430872,MSCI World ex-US,-0.1876570694578176,,BCOM Index,-0.2470441952196594,,5y yield,-0.5332813695430872,,
2009-10-30,OLS,SELL,-0.0306047197640116,True,BETA,5y yield,-0.4715605440927689,0.4715605440927689,MSCI World ex-US,-0.1915250025866487,,BCOM Index,-0.24315584236085,,5y yield,-0.4715605440927689,,
2010-05-20,OLS,SELL,-0.0280321435245748,True,BETA,2y yield,3.642961950350302,3.642961950350302,Local Index,-0.2447958624923923,,Oil,-0.1436384386128286,,2y yield,3.642961950350302,,
2010-05-26,OLS,SELL,-0.0247432306255835,True,BETA,2y yield,3.04624706311675,3.04624706311675,Local Index,-0.2004074100706517,,BCOM Index,-0.2795234106611098,,2y yield,3.04624706311675,,
2010-08-30,OLS,SELL,-0.0311291387604943,True,BETA,2y yield,4.292119828937064,4.292119828937064,Local Index,-0.3498685963141145,,BCOM Index,-0.2488077711392231,,2y yield,4.292119828937064,,
2010-09-02,OLS,SELL,-0.024610414291144,True,BETA,2y yield,4.318357267645287,4.318357267645287,Local Index,-0.353342454256792,,BCOM Index,-0.2510182440687021,,2y yield,4.318357267645287,,
2010-09-07,OLS,SELL,-0.0202290076335879,True,BETA,2y yield,4.396084585270125,4.396084585270125,Local Index,-0.3513235284624814,,BCOM Index,-0.2501024322850444,,2y yield,4.396084585270125,,
2010-11-23,OLS,SELL,-0.0120035132233824,True,BETA,1y1m forward OIS,3.387610199496098,3.387610199496098,Local Index,-0.3587859472733719,,Oil,-0.1115156256705393,,1y1m forward OIS,3.387610199496098,,
2010-11-26,OLS,SELL,-0.0119455595809262,True,BETA,1y1m forward OIS,3.35522676778657,3.35522676778657,Local Index,-0.3402872657623284,,Oil,-0.1272920963685634,,1y1m forward OIS,3.35522676778657,,
2010-11-30,OLS,SELL,-0.019680436477007,True,BETA,1y1m forward OIS,3.3936511219503678,3.3936511219503678,Local Index,-0.3391099533571012,,Oil,-0.1280163338998906,,1y1m forward OIS,3.3936511219503678,,
2010-12-08,OLS,BUY,0.0019778481012657,True,BETA,1y1m forward OIS,3.474971356526742,3.474971356526742,Local Index,-0.3132110214915384,,Oil,-0.1422795395709951,,1y1m forward OIS,3.474971356526742,,
2011-04-29,OLS,BUY,0.0248650936408845,True,BETA,1y1m forward OIS,4.420458630320116,4.420458630320116,1y1m forward OIS,4.420458630320116,,Local Index,-0.2254453647997016,,Oil,-0.1184292590115085,,
2011-05-03,OLS,BUY,0.0204702918328782,True,BETA,1y1m forward OIS,4.246961056449139,4.246961056449139,1y1m forward OIS,4.246961056449139,,Local Index,-0.2371557338827994,,Oil,-0.1182605455406581,,
2011-05-05,OLS,BUY,0.0007239631813011,True,BETA,1y1m forward OIS,4.386416128576594,4.386416128576594,1y1m forward OIS,4.386416128576594,,MSCI World ex-US,-0.1381816637438342,,Oil,-0.1317693587374436,,
2011-05-24,OLS,SELL,-0.0022524828504146,True,BETA,1y1m forward OIS,3.774715954599234,3.774715954599234,1y1m forward OIS,3.774715954599234,,MSCI World ex-US,-0.1661256844845884,,Oil,-0.1022999499425562,,
2012-06-14,OLS,BUY,0.0103657344025034,True,BETA,2y yield,6.045345787344275,6.045345787344275,2y yield,6.045345787344275,,BCOM Index,-0.1044931177793418,,MSCI World ex-US,-0.1603107596179816,,
2012-09-13,OLS,BUY,0.0124935467217346,True,BETA,2y yield,6.0408566981708365,6.0408566981708365,2y yield,6.0408566981708365,,MSCI World ex-US,-0.17307844431411,,Oil,-0.0847953977869233,,
2012-09-19,OLS,BUY,0.0134427911749615,True,BETA,2y yield,5.718182740204065,5.718182740204065,2y yield,5.718182740204065,,MSCI World ex-US,-0.1708243035479325,,Oil,-0.0902462763573154,,
2012-12-27,OLS,SELL,-0.0120578778135048,True,BETA,2y yield,5.6422706471606014,5.6422706471606014,MSCI World ex-US,-0.1165847056181271,,2y yield,5.6422706471606014,,Copper LME,-0.0562570342235453,,
2013-01-14,OLS,BUY,0.022974484090678,True,BETA,2y yield,5.682754045540886,5.682754045540886,MSCI World ex-US,-0.116526896703476,,2y yield,5.682754045540886,,Copper LME,-0.0608507330520522,,
2013-11-29,OLS,SELL,-0.0027322404371583,True,BETA,5y yield,5.491275685511663,5.491275685511663,BCOM Index,-0.1527055060768436,,MSCI World ex-US,-0.0894525453775851,,5y yield,5.491275685511663,,
2013-12-13,OLS,BUY,0.0114312706660368,True,BETA,5y yield,5.483244528196441,5.483244528196441,BCOM Index,-0.1563251564483837,,MSCI World ex-US,-0.0907822003810225,,5y yield,5.483244528196441,,
2013-12-23,OLS,BUY,0.0048090523338049,True,BETA,5y yield,5.249115650262382,5.249115650262382,BCOM Index,-0.1632914277214575,,MSCI World ex-US,-0.0787377647079839,,5y yield,5.249115650262382,,
2014-01-22,OLS,SELL,-0.0003607828988905,True,BETA,5y yield,4.87752596300238,4.87752596300238,BCOM Index,-0.1478033003873608,,5y yield,4.87752596300238,,MSCI World ex-US,-0.0820738360661001,,
2014-04-07,OLS,BUY,0.0031890660592255,True,BETA,10y yield,4.894964281982215,4.894964281982215,Gold,-0.0652013078155705,,10y yield,4.894964281982215,,MSCI World ex-US,-0.1182237055735608,,
2014-10-14,OLS,SELL,-0.0115959989377709,True,BETA,2y yield,7.235129856911945,7.235129856911945,2y yield,7.235129856911945,,MSCI World ex-US,-0.1434168810582106,,Gold,-0.0582754971509602,,
2015-05-07,OLS,BUY,0.0056883759274524,True,BETA,1y1m forward OIS,5.413408957300114,5.413408957300114,1y1m forward OIS,5.413408957300114,,BCOM Index,-0.2652021112729817,,MSCI World ex-US,-0.1799197564758697,,
2015-06-17,OLS,BUY,0.0296041871115471,True,BETA,1y1m forward OIS,5.400512330163207,5.400512330163207,1y1m forward OIS,5.400512330163207,,BCOM Index,-0.2779543940211996,,MSCI World ex-US,-0.1623954202481858,,
2015-11-17,OLS,BUY,0.0027775692515576,True,BETA,Real 2y yield,3.497041294995353,3.497041294995353,Real 2y yield,3.497041294995353,,BCOM Index,-0.2772700746351343,,MSCI World ex-US,-0.1305623023986929,,
2015-11-24,OLS,BUY,0.0210447200300638,True,BETA,Real 2y yield,3.4775160443576665,3.4775160443576665,Real 2y yield,3.4775160443576665,,BCOM Index,-0.2776180709461956,,MSCI World ex-US,-0.1321242821593817,,
2015-12-02,OLS,BUY,0.0327512553398785,True,BETA,Real 2y yield,3.439214563878843,3.439214563878843,Real 2y yield,3.439214563878843,,BCOM Index,-0.2878138162091832,,MSCI World ex-US,-0.1180547064229382,,
2016-01-13,OLS,SELL,-0.0170153417015341,True,BETA,Real 2y yield,3.33973489557096,3.33973489557096,BCOM Index,-0.2816053920087645,,Real 2y yield,3.33973489557096,,MSCI World ex-US,-0.1295497658597031,,
2016-05-20,OLS,SELL,-0.0134217951651032,True,BETA,1y1m forward OIS,5.237901831059754,5.237901831059754,BCOM Index,-0.2990980706061895,,Local Index,-0.0923964472658244,,1y1m forward OIS,5.237901831059754,,
2016-09-16,OLS,SELL,-0.0064335452618831,True,BETA,1y1m forward OIS,5.27929267018266,5.27929267018266,BCOM Index,-0.298050903333543,,Local Index,-0.1697975745319314,,1y1m forward OIS,5.27929267018266,,
2016-09-26,OLS,SELL,-0.0038557496030845,True,BETA,1y1m forward OIS,5.353463516429933,5.353463516429933,BCOM Index,-0.2922456400463538,,Local Index,-0.1809064447450511,,1y1m forward OIS,5.353463516429933,,
2017-05-24,OLS,BUY,0.0076079659879166,True,BETA,2y yield,8.833046607292102,8.833046607292102,Oil,-0.0782684175527066,,MSCI World ex-US,-0.2185610936444741,,2y yield,8.833046607292102,,
2017-05-26,OLS,BUY,0.0017849174475679,True,BETA,2y yield,9.01795629666901,9.01795629666901,MSCI World ex-US,-0.2177515411132881,,Oil,-0.0786030320443491,,2y yield,9.01795629666901,,
2017-08-08,OLS,SELL,-0.0080524196731665,True,BETA,2y yield,10.936781067123109,10.936781067123109,2y yield,10.936781067123109,,Oil,-0.0692290900210439,,MSCI World ex-US,-0.2025954803635609,,
2017-08-14,OLS,SELL,-0.0168212545197297,True,BETA,2y yield,10.95780940799868,10.95780940799868,2y yield,10.95780940799868,,Oil,-0.0692192081698955,,MSCI World ex-US,-0.2024500736726983,,
2017-10-25,OLS,SELL,-0.0052360112535168,True,BETA,Real 2y yield,3.460659425919574,3.460659425919574,Real 2y yield,3.460659425919574,,Oil,-0.0759216559926523,,MSCI World ex-US,-0.200054997334384,,
2018-06-19,OLS,SELL,-0.0110642781875658,True,BETA,10y yield,8.678901848847644,8.678901848847644,10y yield,8.678901848847644,,Gold,-0.1921886547287454,,Local - Wilshire,0.3767423683752262,,
2018-07-30,OLS,BUY,0.0075176434489105,True,BETA,6m1m forward OIS,5.857112620432494,5.857112620432494,6m1m forward OIS,5.857112620432494,,Gold,-0.2875618769777367,,Local - Wilshire,0.3326289928820457,,
2018-08-22,OLS,BUY,0.013926290682465,True,BETA,6m1m forward OIS,5.785054033106139,5.785054033106139,6m1m forward OIS,5.785054033106139,,Gold,-0.2886376541802553,,Local - S&P500,0.3089908741959725,,
2018-08-28,OLS,BUY,0.0104392205381997,True,BETA,10y yield,8.086105449863416,8.086105449863416,10y yield,8.086105449863416,,Gold,-0.2398240284971083,,Local - S&P500,0.3155903982317479,,
2018-10-01,OLS,BUY,0.0138130170126422,True,BETA,10y yield,7.954654450777209,7.954654450777209,10y yield,7.954654450777209,,Gold,-0.2610201011528524,,Local - S&P500,0.3169768172197383,,
2018-10-10,OLS,SELL,-0.0008417508417507,True,BETA,10y yield,8.154445137794323,8.154445137794323,10y yield,8.154445137794323,,Gold,-0.2517988238885769,,Local - S&P500,0.3158877836005047,,
2018-12-21,OLS,SELL,-0.0167622408469343,True,BETA,10y yield,6.147863708042166,6.147863708042166,Gold,-0.2740218442901816,,10y yield,6.147863708042166,,Local - Dow Jones,0.2497178423328891,,
2019-03-21,OLS,SELL,-0.0003741394791978,True,BETA,1y1m forward OIS,3.370986126150694,3.370986126150694,Gold,-0.2405029191413632,,MSCI World ex-US,-0.215123683356433,,1y1m forward OIS,3.370986126150694,,
2019-07-18,OLS,BUY,0.0142012742765025,True,BETA,1y1m forward OIS,2.83072167097905,2.83072167097905,MSCI World ex-US,-0.1792680548767426,,Copper LME,-0.084265594245889,,1y1m forward OIS,2.83072167097905,,
2019-08-14,OLS,SELL,-0.000976049252947,True,BETA,1y1m forward OIS,2.8602676165464103,2.8602676165464103,Copper LME,-0.0955975971281588,,MSCI World ex-US,-0.1607201424368106,,1y1m forward OIS,2.8602676165464103,,
2019-09-04,OLS,BUY,0.004915305505142,True,BETA,Real 2y yield,0.8564222755242061,0.8564222755242061,Copper LME,-0.0836035550957287,,MSCI World ex-US,-0.1687032979754091,,Real 2y yield,0.8564222755242061,,
2019-09-06,OLS,BUY,0.0068321566841267,True,BETA,Real 2y yield,0.8582936005551959,0.8582936005551959,Copper LME,-0.0860713319194216,,MSCI World ex-US,-0.1667546627833045,,Real 2y yield,0.8582936005551959,,
2019-11-25,OLS,SELL,-0.0045116174148431,True,BETA,Real 2y yield,1.8081897266955207,1.8081897266955207,Real 2y yield,1.8081897266955207,,BCOM Index,-0.1732065664973512,,MSCI World ex-US,-0.1834041283885574,,
2020-02-25,OLS,BUY,0.0337374802319452,True,BETA,Real 2y yield,1.6708592774959063,1.6708592774959063,Real 2y yield,1.6708592774959063,,Local - S&P500,0.1687725073453488,,BCOM Index,-0.1478073277145408,,
2020-03-17,OLS,SELL,-0.0098577665117589,True,BETA,Real 2y yield,1.5010913903693457,1.5010913903693457,Crude oil WCS,-0.0223692884067217,,Real 2y yield,1.5010913903693457,,MSCI World ex-US,-0.119627501706728,,
2020-04-20,OLS,SELL,-0.0043819351190896,True,BETA,Real 2y yield,1.8203461751246104,1.8203461751246104,MSCI World ex-US,-0.1413354545639017,,Copper LME,-0.0930947332387193,,Real 2y yield,1.8203461751246104,,
2020-08-07,OLS,SELL,-0.0154662283323371,True,BETA,2y yield,2.8573280751484638,2.8573280751484638,MSCI World ex-US,-0.1529959246771148,,Copper LME,-0.0976099228904353,,2y yield,2.8573280751484638,,
2020-10-28,OLS,SELL,-0.0195151242212715,True,BETA,2y yield,2.312745664477104,2.312745664477104,MSCI World ex-US,-0.1506132127382957,,Copper LME,-0.1036906363989202,,2y yield,2.312745664477104,,
2020-11-12,OLS,SELL,-0.0094361159729091,True,BETA,2y yield,2.1706452462938817,2.1706452462938817,MSCI World ex-US,-0.1544045312586182,,Copper LME,-0.1045854768302567,,2y yield,2.1706452462938817,,
2020-11-20,OLS,SELL,-0.0237495227185949,True,BETA,2y yield,2.0908852090499024,2.0908852090499024,MSCI World ex-US,-0.1548865147733828,,Copper LME,-0.1042497067321635,,2y yield,2.0908852090499024,,
2021-03-12,OLS,BUY,0.0081763527054108,True,BETA,3m1m forward OIS,1.5716511970141125,1.5716511970141125,Local Index,-0.1150166540018788,,BCOM Index,-0.2169569257544908,,3m1m forward OIS,1.5716511970141125,,
2021-05-20,OLS,BUY,0.0038139457756405,True,BETA,10y yield,4.147894069999188,4.147894069999188,Local Index,-0.2227317210372764,,Oil,-0.041002499531149,,10y yield,4.147894069999188,,
2021-06-18,OLS,SELL,-0.0114721219414359,True,BETA,10y yield,5.251623864924073,5.251623864924073,Local Index,-0.2016152312735412,,Oil,-0.0412088048350631,,10y yield,5.251623864924073,,
2021-09-17,OLS,SELL,-0.009088060169226,True,BETA,10y yield,4.774081135939539,4.774081135939539,Local Index,-0.268033344511716,,Crude oil WCS,-0.0336198425240423,,10y yield,4.774081135939539,,
2021-09-21,OLS,SELL,-0.0184867394695787,True,BETA,10y yield,4.570332844537527,4.570332844537527,Local Index,-0.2694295572020894,,Crude oil WCS,-0.034511959645078,,10y yield,4.570332844537527,,
2022-01-24,OLS,BUY,0.0022946668776704,True,BETA,MSCI World ex-US,-0.2852876480402402,0.2852876480402402,MSCI World ex-US,-0.2852876480402402,,Oil,-0.0613154350952662,,VIX Index,0.0001910317486066,,
2022-05-04,OLS,BUY,0.0112183258805993,True,BETA,MSCI World ex-US,-0.245711345571725,0.245711345571725,MSCI World ex-US,-0.245711345571725,,Copper LME,-0.0642410147892403,,Real 2y yield,0.211374755828445,,
2022-05-31,OLS,BUY,0.0239582509686091,True,BETA,Real 2y yield,0.3635762796853028,0.3635762796853028,MSCI World ex-US,-0.2492000618110086,,Copper LME,-0.0683211185369284,,Real 2y yield,0.3635762796853028,,
2023-02-14,OLS,BUY,0.0232436080077977,True,BETA,5y yield,2.1933405388757845,2.1933405388757845,Local Index,-0.3340591518096399,,Gold,-0.0902222081224856,,5y yield,2.1933405388757845,,
2023-03-08,OLS,SELL,-0.0053603766751177,True,BETA,5y yield,1.98726458760828,1.98726458760828,Local Index,-0.3022651064515885,,Gold,-0.1547345522337014,,5y yield,1.98726458760828,,
2023-04-24,OLS,SELL,-0.0123329148511928,True,BETA,5y yield,2.317111875580324,2.317111875580324,Local Index,-0.3163699839933575,,BCOM Index,-0.0748471805318901,,5y yield,2.317111875580324,,
2023-05-09,OLS,BUY,0.0089659294680215,True,BETA,5y yield,2.3749982071621343,2.3749982071621343,Local Index,-0.3234161051706317,,BCOM Index,-0.0713346133858653,,5y yield,2.3749982071621343,,
2023-06-15,OLS,BUY,0.0021931483022006,True,BETA,5y yield,2.551483146862471,2.551483146862471,Local Index,-0.3256772353400753,,BCOM Index,-0.0810042660867377,,5y yield,2.551483146862471,,
2023-12-21,OLS,BUY,0.0050440412557404,True,BETA,3m1m forward OIS,1.5251431329269842,1.5251431329269842,BCOM Index,-0.1708247463656851,,MSCI World ex-US,-0.1677902366517826,,3m1m forward OIS,1.5251431329269842,,
2024-06-03,OLS,BUY,0.0071182211785425,True,BETA,6m1m forward OIS,2.1205086897954413,2.1205086897954413,Local Index,-0.2373843313467293,,6m1m forward OIS,2.1205086897954413,,Gold,-0.0645491779443685,,
2024-07-26,OLS,SELL,-0.0076611737496385,True,BETA,5y yield,2.6475360762327647,2.6475360762327647,Local Index,-0.2184695281578411,,5y yield,2.6475360762327647,,Gold,-0.0557870076388065,,
2024-12-17,OLS,BUY,0.0051712089447937,True,BETA,5y yield,3.548859078719829,3.548859078719829,Local Index,-0.1801227599798377,,5y yield,3.548859078719829,,Gold,-0.0570133904427674,,
2025-06-03,OLS,SELL,-0.0029883381924199,True,BETA,5y yield,3.222063598423724,3.222063598423724,Copper LME,-0.0877717675368499,,5y yield,3.222063598423724,,MSCI World ex-US,-0.0472942403265319,,
2001-10-15,RidgeCV,BUY,0.0107816711590296,True,BETA,MSCI EM,-0.0689329290292858,0.0689329290292858,MSCI EM,-0.0689329290292858,,Gold,-0.05659203098872,,,,,
2002-03-20,RidgeCV,BUY,0.0065839453026084,True,BETA,Local - Wilshire,0.0682369843388351,0.0682369843388351,Local - Wilshire,0.0682369843388351,,,,,,,,
2002-07-26,RidgeCV,SELL,-0.009136160292357,True,BETA,Local Index,-0.0491858613146216,0.0491858613146216,Local Index,-0.0491858613146216,,VIX Index,0.03307138914021,,Gold,-0.0321726557733259,,
2002-10-28,RidgeCV,BUY,0.0079604545162739,True,BETA,MSCI World ex-US,-0.0924313917090549,0.0924313917090549,MSCI World ex-US,-0.0924313917090549,,Copper LME,-0.0157451008223505,,VIX Index,0.0245202820064904,,
2003-01-24,RidgeCV,BUY,0.0007899934167214,True,BETA,MSCI World ex-US,-0.0880689962013772,0.0880689962013772,MSCI World ex-US,-0.0880689962013772,,Copper LME,-0.0416271306669631,,VIX Index,0.0370960600198644,,
2003-01-29,RidgeCV,BUY,0.0081627279310119,True,BETA,MSCI World ex-US,-0.0871861297218406,0.0871861297218406,MSCI World ex-US,-0.0871861297218406,,Copper LME,-0.0451645921390906,,VIX Index,0.0365241441048628,,
2003-05-06,RidgeCV,SELL,-0.0325220762438079,True,BETA,MSCI World ex-US,-0.060070540300532,0.060070540300532,VIX Index,0.0558952666384332,,MSCI World ex-US,-0.060070540300532,,BCOM Index,-0.0598020471221655,,
2003-05-15,RidgeCV,SELL,-0.0102151706150837,True,BETA,MSCI World ex-US,-0.0630121994690003,0.0630121994690003,MSCI World ex-US,-0.0630121994690003,,VIX Index,0.0625057447936337,,BCOM Index,-0.0589747759112356,,
2003-05-22,RidgeCV,SELL,-0.0237418978952734,True,BETA,Gold,-0.0769438791296284,0.0769438791296284,Gold,-0.0769438791296284,,MSCI World ex-US,-0.0734224515215377,,VIX Index,0.0600782328214459,,
2003-11-03,RidgeCV,SELL,-0.0195829284699903,True,BETA,MSCI World - Dow Jones,-0.1163559878685412,0.1163559878685412,MSCI World - Dow Jones,-0.1163559878685412,,Gold,-0.1148383455218042,,2y yield,0.0604984551667951,,
2003-11-05,RidgeCV,SELL,-0.0221106280917404,True,BETA,MSCI World - Dow Jones,-0.1221144990283847,0.1221144990283847,MSCI World - Dow Jones,-0.1221144990283847,,Gold,-0.1199978127899688,,2y yield,0.0611704258400631,,
2003-12-19,RidgeCV,SELL,-0.036144578313253,True,BETA,MSCI World - Dow Jones,-0.1582850285168427,0.1582850285168427,MSCI World - Dow Jones,-0.1582850285168427,,Gold,-0.1513229694624835,,5y yield,0.0578898667901409,,
2004-01-28,RidgeCV,SELL,-0.010473176612417,True,BETA,MSCI World - Dow Jones,-0.2143278464537043,0.2143278464537043,MSCI World - Dow Jones,-0.2143278464537043,,Gold,-0.1882944223678475,,5y yield,0.0850675877357285,,
2004-02-02,RidgeCV,SELL,-0.0178464755077658,True,BETA,Gold,-0.1972791638077074,0.1972791638077074,MSCI World - Dow Jones,-0.1836960925343293,,Gold,-0.1972791638077074,,5y yield,0.0930296614141753,,
2004-03-24,RidgeCV,SELL,-0.0245901639344263,True,BETA,Gold,-0.2444665742202533,0.2444665742202533,Gold,-0.2444665742202533,,MSCI World - Dow Jones,-0.161186245907114,,5y yield,0.1031992316385,,
2004-04-06,RidgeCV,BUY,0.0372974625496789,True,BETA,Gold,-0.2306948044816183,0.2306948044816183,Gold,-0.2306948044816183,,MSCI World - Dow Jones,-0.1343353524435935,,5y yield,0.0955743879075504,,
2004-07-19,RidgeCV,BUY,0.0189674952198852,True,BETA,Gold,-0.233937764129692,0.233937764129692,Gold,-0.233937764129692,,MSCI World - Dow Jones,-0.1028041095028451,,5y yield,0.127571114041947,,
2004-09-21,RidgeCV,SELL,-0.0201211932877561,True,BETA,Gold,-0.2194545752769376,0.2194545752769376,Gold,-0.2194545752769376,,MSCI World ex-US,-0.0908474695647489,,5y yield,0.1090631584418856,,
2004-12-22,RidgeCV,SELL,-0.0127275656516836,True,BETA,Gold,-0.2351221752572032,0.2351221752572032,Gold,-0.2351221752572032,,MSCI World ex-US,-0.0595603480148789,,10y yield,0.0590593996939619,,
2005-04-26,RidgeCV,SELL,-0.0069873905710385,True,BETA,Gold,-0.2721234672655516,0.2721234672655516,Gold,-0.2721234672655516,,MSCI World ex-US,-0.1078597999997562,,,,,
2005-07-12,RidgeCV,BUY,0.0221040385574207,True,BETA,Gold,-0.2545363774728884,0.2545363774728884,Gold,-0.2545363774728884,,MSCI World ex-US,-0.1366232881004084,,,,,
2005-10-06,RidgeCV,SELL,-0.0022860045720092,True,BETA,Gold,-0.2190625398614252,0.2190625398614252,Gold,-0.2190625398614252,,MSCI World ex-US,-0.1475443042178157,,,,,
2005-12-05,RidgeCV,BUY,0.0101970273072935,True,BETA,MSCI World ex-US,-0.1582309266899528,0.1582309266899528,MSCI World ex-US,-0.1582309266899528,,Gold,-0.1112611088972587,,,,,
2006-01-06,RidgeCV,SELL,-0.0112378828171912,True,BETA,MSCI World ex-US,-0.1671988000531802,0.1671988000531802,MSCI World ex-US,-0.1671988000531802,,Oil,-0.1242604092780989,,,,,
2006-03-21,RidgeCV,SELL,-0.00111635895234,True,BETA,MSCI World ex-US,-0.1463034407499073,0.1463034407499073,MSCI World ex-US,-0.1463034407499073,,Oil,-0.1215183566761231,,5y yield,0.0581881219353017,,
2006-03-24,RidgeCV,SELL,-0.0155875299760191,True,BETA,MSCI World ex-US,-0.1454984140435957,0.1454984140435957,MSCI World ex-US,-0.1454984140435957,,Oil,-0.1232444584587377,,5y yield,0.0578805192801063,,
2006-04-03,RidgeCV,SELL,-0.0217762596071734,True,BETA,MSCI World ex-US,-0.1504134494280816,0.1504134494280816,MSCI World ex-US,-0.1504134494280816,,Oil,-0.1238871176158576,,5y yield,0.0576698899055665,,
2006-05-30,RidgeCV,BUY,0.0134716912434005,True,BETA,Oil,-0.1315507480761762,0.1315507480761762,Oil,-0.1315507480761762,,MSCI World ex-US,-0.1269734871344401,,,,,
2006-06-12,RidgeCV,BUY,0.0220120065490267,True,BETA,MSCI World ex-US,-0.130174894739999,0.130174894739999,Oil,-0.1280421438439932,,MSCI World ex-US,-0.130174894739999,,2y yield,0.0710919645137556,,
2006-07-17,RidgeCV,SELL,-0.0048381421534131,True,BETA,Oil,-0.1356890278431149,0.1356890278431149,Oil,-0.1356890278431149,,MSCI World ex-US,-0.112575332551215,,2y yield,0.0664091276510037,,
2006-07-24,RidgeCV,SELL,-0.0191026989134245,True,BETA,Oil,-0.1340171901232058,0.1340171901232058,Oil,-0.1340171901232058,,MSCI World ex-US,-0.1131136464602029,,2y yield,0.0664967508780644,,
2006-10-16,RidgeCV,SELL,-0.0104606188466948,True,BETA,Oil,-0.1071156656044485,0.1071156656044485,Oil,-0.1071156656044485,,MSCI World ex-US,-0.1008928232594241,,2y yield,0.0596765505445759,,
2006-11-17,RidgeCV,SELL,-0.0015697218104124,True,BETA,BCOM Index,-0.1018298730405362,0.1018298730405362,BCOM Index,-0.1018298730405362,,MSCI World ex-US,-0.0891185928813761,,2y yield,0.0681779083352902,,
2006-11-21,RidgeCV,SELL,-0.0034022507197069,True,BETA,BCOM Index,-0.1006933272687087,0.1006933272687087,BCOM Index,-0.1006933272687087,,MSCI World ex-US,-0.0901071401152532,,2y yield,0.0652106879557767,,
2007-01-03,RidgeCV,SELL,-0.0005113345832622,True,BETA,Gold,-0.1070357156786465,0.1070357156786465,Gold,-0.1070357156786465,,MSCI World ex-US,-0.055891035144857,,5y yield,0.0747158498173936,,
2007-10-30,RidgeCV,BUY,0.0052410901467505,True,BETA,Gold,-0.3321647555813671,0.3321647555813671,Gold,-0.3321647555813671,,Local - Wilshire,0.1949811801878087,,,,,
2007-12-10,RidgeCV,SELL,-0.0232327243844321,True,BETA,Gold,-0.2935187960673431,0.2935187960673431,Gold,-0.2935187960673431,,MSCI World ex-US,-0.0913851670415379,,VIX Index,0.0202014608634328,,
2008-05-08,RidgeCV,SELL,-0.0320487613055446,True,BETA,Gold,-0.2080911282459523,0.2080911282459523,Gold,-0.2080911282459523,,Local Index,-0.1408289048066726,,VIX Index,0.0517798455970118,,
2008-05-29,RidgeCV,BUY,0.0367520502176774,True,BETA,Gold,-0.2038992934271283,0.2038992934271283,Gold,-0.2038992934271283,,Local Index,-0.1210150943124066,,10y yield,-0.0762558685622425,,
2008-08-08,RidgeCV,SELL,-0.0184681728695979,True,BETA,Gold,-0.1893376062305855,0.1893376062305855,MSCI World ex-US,-0.1773199275131738,,Gold,-0.1893376062305855,,10y yield,-0.0987807827201229,,
2008-08-21,RidgeCV,BUY,0.0255033557046981,True,BETA,MSCI World ex-US,-0.1558501499224771,0.1558501499224771,MSCI World ex-US,-0.1558501499224771,,Copper LME,-0.0854761147333763,,6m1m forward OIS,0.0618240043792745,,
2008-08-26,RidgeCV,BUY,0.0217453505007152,True,BETA,Gold,-0.1569207777874676,0.1569207777874676,MSCI World ex-US,-0.1499374151296064,,Gold,-0.1569207777874676,,6m1m forward OIS,0.0715728773357167,,
2008-09-18,RidgeCV,BUY,0.0174429568168961,True,BETA,MSCI World ex-US,-0.1443120359163258,0.1443120359163258,MSCI World ex-US,-0.1443120359163258,,Copper LME,-0.1047849599731709,,10y yield,-0.0614202698080698,,
2008-10-21,RidgeCV,SELL,-0.0526315789473684,True,BETA,Copper LME,-0.1339310277097128,0.1339310277097128,Copper LME,-0.1339310277097128,,MSCI World ex-US,-0.1317207114268889,,10y yield,-0.0830950491170794,,
2009-02-27,RidgeCV,SELL,-0.0035258168142285,True,BETA,MSCI World ex-US,-0.2872682406164688,0.2872682406164688,MSCI World ex-US,-0.2872682406164688,,BCOM Index,-0.2223366264555683,,10y yield,-0.1151741537875659,,
2009-03-09,RidgeCV,SELL,-0.0610974485090685,True,BETA,MSCI World ex-US,-0.2972216374459933,0.2972216374459933,MSCI World ex-US,-0.2972216374459933,,BCOM Index,-0.231053776780663,,10y yield,-0.122058563777013,,
2009-05-29,RidgeCV,BUY,0.0251946862116354,True,BETA,MSCI World ex-US,-0.3100151496029114,0.3100151496029114,BCOM Index,-0.3062112869929455,,MSCI World ex-US,-0.3100151496029114,,10y yield,-0.0646744513008131,,
2009-10-09,RidgeCV,BUY,0.0111303012857417,True,BETA,MSCI World ex-US,-0.5100587839782552,0.5100587839782552,MSCI World ex-US,-0.5100587839782552,,BCOM Index,-0.3962548039202843,,1y1m forward OIS,0.1058692847094745,,
2010-02-11,RidgeCV,BUY,0.0103819411372509,True,BETA,Local Index,-0.5465486723124653,0.5465486723124653,Local Index,-0.5465486723124653,,Oil,-0.3962954368796026,,6m1m forward OIS,0.1443384594672092,,
2010-03-15,RidgeCV,BUY,0.0017659177867161,True,BETA,Local Index,-0.5275150152885364,0.5275150152885364,Local Index,-0.5275150152885364,,Oil,-0.4919163736601274,,2y yield,0.1783218450544047,,
2010-03-30,RidgeCV,SELL,-0.0186256249387314,True,BETA,Local Index,-0.4364081485252856,0.4364081485252856,Local Index,-0.4364081485252856,,Oil,-0.3999724254539145,,Real 2y yield,0.1321068730103615,,
2010-08-27,RidgeCV,SELL,-0.0131328511610202,True,BETA,Local Index,-0.4448572565415817,0.4448572565415817,Local Index,-0.4448572565415817,,BCOM Index,-0.362410344824956,,2y yield,0.1852897020909673,,
2010-09-07,RidgeCV,SELL,-0.0202290076335879,True,BETA,Local Index,-0.4261169119193311,0.4261169119193311,Local Index,-0.4261169119193311,,BCOM Index,-0.3631605366183518,,2y yield,0.1906236514102824,,
2010-11-30,RidgeCV,SELL,-0.019680436477007,True,BETA,Local Index,-0.2959614385559984,0.2959614385559984,Local Index,-0.2959614385559984,,Oil,-0.2612484797476355,,1y1m forward OIS,0.2213442384260129,,
2010-12-08,RidgeCV,BUY,0.0019778481012657,True,BETA,Local Index,-0.2983995495907826,0.2983995495907826,Local Index,-0.2983995495907826,,Oil,-0.29505095203411,,1y1m forward OIS,0.2373681296366591,,
2011-04-29,RidgeCV,BUY,0.0248650936408845,True,BETA,1y1m forward OIS,0.3136050321811099,0.3136050321811099,1y1m forward OIS,0.3136050321811099,,Local Index,-0.1823639154191707,,Oil,-0.2081198921835269,,
2011-05-03,RidgeCV,BUY,0.0204702918328782,True,BETA,1y1m forward OIS,0.3033763692038543,0.3033763692038543,1y1m forward OIS,0.3033763692038543,,Local Index,-0.1895662508948918,,Oil,-0.2070471746754796,,
2011-05-05,RidgeCV,BUY,0.0007239631813011,True,BETA,1y1m forward OIS,0.3013887311339964,0.3013887311339964,1y1m forward OIS,0.3013887311339964,,MSCI World ex-US,-0.1733245297832784,,Oil,-0.2175437055131147,,
2011-05-24,RidgeCV,SELL,-0.0022524828504146,True,BETA,1y1m forward OIS,0.2287310773869402,0.2287310773869402,1y1m forward OIS,0.2287310773869402,,MSCI World ex-US,-0.1834817482572772,,Oil,-0.1708652999569336,,
2012-02-03,RidgeCV,BUY,0.0034225890879806,True,BETA,2y yield,0.2506575180078371,0.2506575180078371,2y yield,0.2506575180078371,,MSCI World ex-US,-0.1737432102171752,,BCOM Index,-0.141484647451962,,
2012-09-11,RidgeCV,BUY,0.0078108941418293,True,BETA,2y yield,0.2441575133935473,0.2441575133935473,2y yield,0.2441575133935473,,MSCI World ex-US,-0.2351052171577467,,Oil,-0.1525021817303592,,
2012-09-13,RidgeCV,BUY,0.0124935467217346,True,BETA,MSCI World ex-US,-0.2483020082510564,0.2483020082510564,2y yield,0.2350069399651432,,MSCI World ex-US,-0.2483020082510564,,Oil,-0.1468401624831694,,
2012-09-19,RidgeCV,BUY,0.0134427911749615,True,BETA,MSCI World ex-US,-0.2453866053236745,0.2453866053236745,2y yield,0.2195980811552651,,MSCI World ex-US,-0.2453866053236745,,Oil,-0.1562579299436888,,
2012-12-28,RidgeCV,SELL,-0.0122367101303911,True,BETA,2y yield,0.1865508274362621,0.1865508274362621,MSCI World ex-US,-0.1391246095622666,,2y yield,0.1865508274362621,,Copper LME,-0.0995599489566131,,
2013-01-08,RidgeCV,BUY,0.005270092226614,True,BETA,2y yield,0.2144995200829106,0.2144995200829106,MSCI World ex-US,-0.1551992114464309,,2y yield,0.2144995200829106,,Copper LME,-0.1034831745815308,,
2013-01-24,RidgeCV,SELL,-0.0046878116896069,True,BETA,2y yield,0.2211489129053213,0.2211489129053213,MSCI World ex-US,-0.1528084222036055,,2y yield,0.2211489129053213,,Copper LME,-0.1031788730784621,,
2013-02-25,RidgeCV,SELL,-0.0002923406743324,True,BETA,2y yield,0.2263430730220827,0.2263430730220827,2y yield,0.2263430730220827,,MSCI World ex-US,-0.1138261458959974,,Copper LME,-0.1263916783969794,,
2013-04-03,RidgeCV,BUY,0.011827321111768,True,BETA,2y yield,0.2310520703523312,0.2310520703523312,2y yield,0.2310520703523312,,MSCI World ex-US,-0.1001264684432994,,Copper LME,-0.0965012044969736,,
2013-04-12,RidgeCV,BUY,0.0030584056827149,True,BETA,2y yield,0.2300886910620094,0.2300886910620094,2y yield,0.2300886910620094,,MSCI World ex-US,-0.1039173050077084,,Copper LME,-0.0915735410611982,,
2013-04-30,RidgeCV,BUY,0.010622456070684,True,BETA,2y yield,0.2086270306389563,0.2086270306389563,2y yield,0.2086270306389563,,MSCI World ex-US,-0.1053690118630578,,BCOM Index,-0.1233069238588084,,
2013-05-22,RidgeCV,SELL,-0.0021221182598629,True,BETA,2y yield,0.2133597819308401,0.2133597819308401,2y yield,0.2133597819308401,,MSCI World ex-US,-0.1144405557956173,,BCOM Index,-0.1160967554189217,,
2013-08-26,RidgeCV,SELL,-0.0125702314065327,True,BETA,BCOM Index,-0.1316610172584532,0.1316610172584532,BCOM Index,-0.1316610172584532,,MSCI World ex-US,-0.0754710092731901,,2y yield,0.1077024036884142,,
2013-11-29,RidgeCV,SELL,-0.0027322404371583,True,BETA,5y yield,0.1044073385411587,0.1044073385411587,BCOM Index,-0.1004208827077652,,MSCI World ex-US,-0.069129441660939,,5y yield,0.1044073385411587,,
2013-12-13,RidgeCV,BUY,0.0114312706660368,True,BETA,BCOM Index,-0.1142438593808079,0.1142438593808079,BCOM Index,-0.1142438593808079,,MSCI World ex-US,-0.0755277823626909,,5y yield,0.113015659197723,,
2013-12-23,RidgeCV,BUY,0.0048090523338049,True,BETA,BCOM Index,-0.1195892830081716,0.1195892830081716,BCOM Index,-0.1195892830081716,,MSCI World ex-US,-0.0643758714198436,,5y yield,0.1096633619500769,,
2014-01-22,RidgeCV,SELL,-0.0003607828988905,True,BETA,BCOM Index,-0.1036064458322483,0.1036064458322483,BCOM Index,-0.1036064458322483,,5y yield,0.1013591302819432,,MSCI World ex-US,-0.066835837456996,,
2014-04-09,RidgeCV,BUY,0.0140637926279987,True,BETA,10y yield,0.0952335208341109,0.0952335208341109,Gold,-0.0824969949305319,,10y yield,0.0952335208341109,,MSCI World ex-US,-0.0816925618778062,,
2014-10-14,RidgeCV,SELL,-0.0115959989377709,True,BETA,2y yield,0.0999896259683088,0.0999896259683088,2y yield,0.0999896259683088,,MSCI World ex-US,-0.0875222695047875,,Gold,-0.0631913216309442,,
2015-10-15,RidgeCV,BUY,0.0239427860696517,True,BETA,Real 2y yield,0.242654911444938,0.242654911444938,Real 2y yield,0.242654911444938,,BCOM Index,-0.2127587472989763,,MSCI World ex-US,-0.1033411716881271,,
2016-01-13,RidgeCV,SELL,-0.0170153417015341,True,BETA,BCOM Index,-0.2229948214280081,0.2229948214280081,BCOM Index,-0.2229948214280081,,Real 2y yield,0.1662297198451165,,MSCI World ex-US,-0.1004657558503598,,
2016-09-05,RidgeCV,BUY,0.0212716584158416,True,BETA,BCOM Index,-0.290535248583775,0.290535248583775,BCOM Index,-0.290535248583775,,Local Index,-0.1298392810196252,,1y1m forward OIS,0.1667231596038446,,
2017-01-05,RidgeCV,BUY,0.0070321361058602,True,BETA,BCOM Index,-0.2570179892557098,0.2570179892557098,Local Index,-0.201961932559071,,BCOM Index,-0.2570179892557098,,1y1m forward OIS,0.2075043131035802,,
2017-01-09,RidgeCV,BUY,0.0016646489104115,True,BETA,BCOM Index,-0.2579111733641227,0.2579111733641227,Local Index,-0.1931627705960083,,BCOM Index,-0.2579111733641227,,1y1m forward OIS,0.2018010239877607,,
2017-01-31,RidgeCV,BUY,0.0035303146584806,True,BETA,Oil,-0.2504936780832989,0.2504936780832989,Local Index,-0.2237558644003655,,Oil,-0.2504936780832989,,1y1m forward OIS,0.2022732755776724,,
2017-08-08,RidgeCV,SELL,-0.0080524196731665,True,BETA,2y yield,0.2491730097045933,0.2491730097045933,2y yield,0.2491730097045933,,Oil,-0.1598187026243789,,MSCI World ex-US,-0.1560525630588297,,
2017-10-25,RidgeCV,SELL,-0.0052360112535168,True,BETA,Real 2y yield,0.2510900588277623,0.2510900588277623,Real 2y yield,0.2510900588277623,,Oil,-0.1483388933656951,,MSCI World ex-US,-0.1327513283211313,,
2017-11-10,RidgeCV,BUY,0.002365557483047,True,BETA,5y yield,0.238024412019385,0.238024412019385,5y yield,0.238024412019385,,Gold,-0.0500314850494079,,MSCI World ex-US,-0.096306433786362,,
2017-12-01,RidgeCV,BUY,0.0142688214426487,True,BETA,5y yield,0.2329298199274241,0.2329298199274241,5y yield,0.2329298199274241,,Gold,-0.0498190156785675,,MSCI World ex-US,-0.1000453575752961,,
2018-06-19,RidgeCV,SELL,-0.0110642781875658,True,BETA,10y yield,0.2037340178350694,0.2037340178350694,10y yield,0.2037340178350694,,Gold,-0.1274518978749521,,Local - Wilshire,0.1735769486648161,,
2018-08-22,RidgeCV,BUY,0.013926290682465,True,BETA,6m1m forward OIS,0.2430357166857393,0.2430357166857393,6m1m forward OIS,0.2430357166857393,,Gold,-0.1830103709606396,,Local - S&P500,0.1444711227577738,,
2018-10-10,RidgeCV,SELL,-0.0008417508417507,True,BETA,10y yield,0.1685766199324805,0.1685766199324805,10y yield,0.1685766199324805,,Gold,-0.1475247949680587,,Local - S&P500,0.1398119489469188,,
2018-12-21,RidgeCV,SELL,-0.0167622408469343,True,BETA,Gold,-0.1533640001402678,0.1533640001402678,Gold,-0.1533640001402678,,10y yield,0.1230631905420053,,Local - Dow Jones,0.1378961535044465,,
2019-03-21,RidgeCV,SELL,-0.0003741394791978,True,BETA,Gold,-0.1387814458181476,0.1387814458181476,Gold,-0.1387814458181476,,MSCI World ex-US,-0.129573069102694,,1y1m forward OIS,0.1148947112686169,,
2019-07-12,RidgeCV,BUY,0.0105925698495548,True,BETA,MSCI World ex-US,-0.1157177893371716,0.1157177893371716,MSCI World ex-US,-0.1157177893371716,,Copper LME,-0.0971043493686335,,1y1m forward OIS,0.1004896193516278,,
2019-07-18,RidgeCV,BUY,0.0142012742765025,True,BETA,MSCI World ex-US,-0.1166102778238575,0.1166102778238575,MSCI World ex-US,-0.1166102778238575,,Copper LME,-0.0960765741446297,,1y1m forward OIS,0.0999796366395585,,
2019-09-04,RidgeCV,BUY,0.004915305505142,True,BETA,Real 2y yield,0.1133565616456884,0.1133565616456884,Copper LME,-0.0943455051545267,,MSCI World ex-US,-0.108570702782142,,Real 2y yield,0.1133565616456884,,
2019-09-06,RidgeCV,BUY,0.0068321566841267,True,BETA,Real 2y yield,0.1138208178021779,0.1138208178021779,Copper LME,-0.0967227375125305,,MSCI World ex-US,-0.1070482825724105,,Real 2y yield,0.1138208178021779,,
2019-10-17,RidgeCV,BUY,0.0020552637588489,True,BETA,MSCI World ex-US,-0.1409002723672705,0.1409002723672705,MSCI World ex-US,-0.1409002723672705,,Copper LME,-0.0662921772203811,,Real 2y yield,0.123593396790526,,
2020-01-20,RidgeCV,BUY,0.0182403433476394,True,BETA,Real 2y yield,0.1622395600370048,0.1622395600370048,Real 2y yield,0.1622395600370048,,Local - S&P500,0.1283122608864261,,BCOM Index,-0.1167035518741554,,
2020-01-23,RidgeCV,BUY,0.0119600822731773,True,BETA,Real 2y yield,0.1614061062987004,0.1614061062987004,Real 2y yield,0.1614061062987004,,Local - S&P500,0.125390795204853,,BCOM Index,-0.1179986962358817,,
2020-06-08,RidgeCV,BUY,0.0104618143775221,True,BETA,MSCI World ex-US,-0.1501466426007459,0.1501466426007459,MSCI World ex-US,-0.1501466426007459,,Copper LME,-0.1152038879194477,,2y yield,0.1073514006398436,,
2020-08-04,RidgeCV,SELL,-0.0113371874765373,True,BETA,MSCI World ex-US,-0.1746980865830881,0.1746980865830881,MSCI World ex-US,-0.1746980865830881,,Copper LME,-0.0976052591748393,,2y yield,0.1082903984552544,,
2020-10-28,RidgeCV,SELL,-0.0195151242212715,True,BETA,MSCI World ex-US,-0.1784074409131164,0.1784074409131164,MSCI World ex-US,-0.1784074409131164,,Copper LME,-0.1138562451463744,,2y yield,0.1003307484998094,,
2020-11-12,RidgeCV,SELL,-0.0094361159729091,True,BETA,MSCI World ex-US,-0.1855134523946849,0.1855134523946849,MSCI World ex-US,-0.1855134523946849,,Copper LME,-0.1153129222249147,,2y yield,0.0958168562583603,,
2020-11-17,RidgeCV,SELL,-0.0128958412819534,True,BETA,MSCI World ex-US,-0.1858560140855495,0.1858560140855495,MSCI World ex-US,-0.1858560140855495,,Copper LME,-0.1158342315276833,,2y yield,0.0991778261331789,,
2020-11-20,RidgeCV,SELL,-0.0237495227185949,True,BETA,MSCI World ex-US,-0.1857396088027379,0.1857396088027379,MSCI World ex-US,-0.1857396088027379,,Copper LME,-0.1169016671199459,,2y yield,0.0954337578450516,,
2021-03-11,RidgeCV,BUY,0.0063831484879917,True,BETA,Local Index,-0.2474355811588701,0.2474355811588701,Local Index,-0.2474355811588701,,BCOM Index,-0.203501764166652,,VIX Index,0.0056645777521913,,
2021-06-18,RidgeCV,SELL,-0.0114721219414359,True,BETA,Local Index,-0.2541627015281538,0.2541627015281538,Local Index,-0.2541627015281538,,Oil,-0.129833247964781,,10y yield,0.1119067676087758,,
2021-09-17,RidgeCV,SELL,-0.009088060169226,True,BETA,Local Index,-0.2886444770890286,0.2886444770890286,Local Index,-0.2886444770890286,,Crude oil WCS,-0.1636641542927578,,10y yield,0.0884399721499595,,
2021-12-17,RidgeCV,SELL,-0.0195515555900379,True,BETA,MSCI World ex-US,-0.2281398902717151,0.2281398902717151,MSCI World ex-US,-0.2281398902717151,,Oil,-0.1557893201110515,,VIX Index,0.0150263498105877,,
2022-05-10,RidgeCV,SELL,-0.0159668381054731,True,BETA,MSCI World ex-US,-0.2020143873622806,0.2020143873622806,MSCI World ex-US,-0.2020143873622806,,Copper LME,-0.0883513354127447,,5y yield,0.0581339760932229,,
2022-06-17,RidgeCV,SELL,-0.0100537221795854,True,BETA,MSCI World ex-US,-0.1963054066240898,0.1963054066240898,MSCI World ex-US,-0.1963054066240898,,Copper LME,-0.0871727472973974,,Real 2y yield,0.0515424465939696,,
2022-08-26,RidgeCV,SELL,-0.0001534566101434,True,BETA,MSCI World ex-US,-0.1968828952087865,0.1968828952087865,MSCI World ex-US,-0.1968828952087865,,Copper LME,-0.0660216008124604,,Real 2y yield,0.0270470675802066,,
2023-02-14,RidgeCV,BUY,0.0232436080077977,True,BETA,Local Index,-0.2755659947705794,0.2755659947705794,Local Index,-0.2755659947705794,,Gold,-0.0866357589375873,,5y yield,0.0786068497902554,,
2023-04-25,RidgeCV,SELL,-0.0178322448081015,True,BETA,Local Index,-0.2854398788960418,0.2854398788960418,Local Index,-0.2854398788960418,,BCOM Index,-0.1045984582578415,,5y yield,0.0849405022978759,,
2023-05-09,RidgeCV,BUY,0.0089659294680215,True,BETA,Local Index,-0.2943092514415162,0.2943092514415162,Local Index,-0.2943092514415162,,BCOM Index,-0.0975573094982993,,5y yield,0.0896522273390675,,
2023-05-16,RidgeCV,BUY,0.0089007565643079,True,BETA,Local Index,-0.2953543732937313,0.2953543732937313,Local Index,-0.2953543732937313,,BCOM Index,-0.0981675853023173,,5y yield,0.0962486945851124,,
2023-06-15,RidgeCV,BUY,0.0021931483022006,True,BETA,Local Index,-0.307930099583864,0.307930099583864,Local Index,-0.307930099583864,,BCOM Index,-0.1118377536473386,,5y yield,0.1036736529625992,,
2023-09-01,RidgeCV,SELL,-0.004929370217775,True,BETA,Local Index,-0.2557619198476417,0.2557619198476417,BCOM Index,-0.1641000979208934,,Local Index,-0.2557619198476417,,5y yield,0.1252254705208428,,
2023-12-21,RidgeCV,BUY,0.0050440412557404,True,BETA,MSCI World ex-US,-0.1514022860786963,0.1514022860786963,BCOM Index,-0.1411883986173011,,MSCI World ex-US,-0.1514022860786963,,3m1m forward OIS,0.0982860419634602,,
2023-12-26,RidgeCV,BUY,0.0147783251231528,True,BETA,MSCI World ex-US,-0.1453533258302857,0.1453533258302857,BCOM Index,-0.1393867174548621,,MSCI World ex-US,-0.1453533258302857,,3m1m forward OIS,0.0956763607566492,,
2024-05-31,RidgeCV,BUY,0.0077781039037276,True,BETA,Local Index,-0.1678658597192141,0.1678658597192141,Local Index,-0.1678658597192141,,6m1m forward OIS,0.1273529967350054,,Gold,-0.0543429688980957,,
2024-07-26,RidgeCV,SELL,-0.0076611737496385,True,BETA,Local Index,-0.1531709613946207,0.1531709613946207,Local Index,-0.1531709613946207,,5y yield,0.093731891277393,,Gold,-0.045320663163258,,
2024-07-31,RidgeCV,SELL,-0.0066628041714948,True,BETA,Local Index,-0.1516949672403744,0.1516949672403744,Local Index,-0.1516949672403744,,5y yield,0.0933141207870945,,Gold,-0.0448200726173957,,
2024-12-17,RidgeCV,BUY,0.0051712089447937,True,BETA,Local Index,-0.1091606767013348,0.1091606767013348,Local Index,-0.1091606767013348,,5y yield,0.1044342638259564,,Gold,-0.0495731295306971,,
2025-06-03,RidgeCV,SELL,-0.0029883381924199,True,BETA,5y yield,0.1027643165183906,0.1027643165183906,Copper LME,-0.1018586332368074,,5y yield,0.1027643165183906,,MSCI World ex-US,-0.0464055403205753,,
2025-12-23,RidgeCV,BUY,0.0092781998831092,True,BETA,Real 2y yield,0.0971179011256844,0.0971179011256844,Real 2y yield,0.0971179011256844,,Gold,-0.0864887355426205,,MSCI World ex-US,-0.0722824816123803,,
2026-01-29,RidgeCV,BUY,0.0088954781319496,True,BETA,Real 2y yield,0.1260562070319416,0.1260562070319416,Real 2y yield,0.1260562070319416,,Gold,-0.087440908699474,,MSCI World ex-US,-0.0865447980222711,,
2001-10-15,LassoCV,BUY,0.0107816711590296,True,BETA,MSCI EM,-0.0688188877491431,0.0688188877491431,MSCI EM,-0.0688188877491431,,Gold,-0.0565010760273432,,,,,
2002-03-20,LassoCV,BUY,0.0065839453026084,True,BETA,Local - Wilshire,0.0680799695171287,0.0680799695171287,Local - Wilshire,0.0680799695171287,,,,,,,,
2002-03-22,LassoCV,BUY,0.0067841744864316,True,BETA,Local - Wilshire,0.0662193728817435,0.0662193728817435,Local - Wilshire,0.0662193728817435,,,,,,,,
2002-07-26,LassoCV,SELL,-0.009136160292357,True,BETA,Local Index,0.0,0.0,Local Index,0.0,,VIX Index,0.0,,Gold,0.0,,
2002-08-01,LassoCV,SELL,-0.0201131363922061,True,BETA,Local Index,0.0,0.0,Local Index,0.0,,VIX Index,0.0,,Gold,0.0,,
2002-08-05,LassoCV,SELL,-0.0143375907838717,True,BETA,Local Index,0.0,0.0,Local Index,0.0,,VIX Index,0.0,,Gold,0.0,,
2002-10-28,LassoCV,BUY,0.0079604545162739,True,BETA,MSCI World ex-US,-0.0923878122477476,0.0923878122477476,MSCI World ex-US,-0.0923878122477476,,Copper LME,-0.0156758626943039,,VIX Index,0.0244651522123203,,
2003-01-24,LassoCV,BUY,0.0007899934167214,True,BETA,MSCI World ex-US,-0.0880357097317036,0.0880357097317036,MSCI World ex-US,-0.0880357097317036,,Copper LME,-0.0415362445157974,,VIX Index,0.0370358329645702,,
2003-01-29,LassoCV,BUY,0.0081627279310119,True,BETA,MSCI World ex-US,-0.0871544223818148,0.0871544223818148,MSCI World ex-US,-0.0871544223818148,,Copper LME,-0.0450742243624989,,VIX Index,0.0364632415369792,,
2003-05-06,LassoCV,SELL,-0.0325220762438079,True,BETA,BCOM Index,-0.0686924206153612,0.0686924206153612,VIX Index,0.0620774612761685,,MSCI World ex-US,-0.0656382314553089,,BCOM Index,-0.0686924206153612,,
2003-05-15,LassoCV,SELL,-0.0102151706150837,True,BETA,VIX Index,0.0698839448872639,0.0698839448872639,MSCI World ex-US,-0.0690956444804912,,VIX Index,0.0698839448872639,,BCOM Index,-0.0668753147608523,,
2003-05-22,LassoCV,SELL,-0.0237418978952734,True,BETA,Gold,-0.0907266653642092,0.0907266653642092,Gold,-0.0907266653642092,,MSCI World ex-US,-0.0861240043755004,,VIX Index,0.0632401544108421,,
2003-06-02,LassoCV,SELL,-0.0183412495432956,True,BETA,BCOM Index,-0.0839440037301341,0.0839440037301341,BCOM Index,-0.0839440037301341,,MSCI World ex-US,-0.06345517729427,,VIX Index,0.057910278363444,,
2003-11-03,LassoCV,SELL,-0.0195829284699903,True,BETA,Gold,-0.1147480748137657,0.1147480748137657,MSCI World - Dow Jones,-0.1130589990865694,,Gold,-0.1147480748137657,,2y yield,0.0526887785324399,,
2003-11-05,LassoCV,SELL,-0.0221106280917404,True,BETA,MSCI World - Dow Jones,-0.1201156522876883,0.1201156522876883,MSCI World - Dow Jones,-0.1201156522876883,,Gold,-0.1200996618404199,,2y yield,0.0533543650491579,,
2003-12-19,LassoCV,SELL,-0.036144578313253,True,BETA,MSCI World - Dow Jones,-0.164816791383298,0.164816791383298,MSCI World - Dow Jones,-0.164816791383298,,Gold,-0.1519805148664312,,5y yield,0.049421359898712,,
2004-01-28,LassoCV,SELL,-0.010473176612417,True,BETA,MSCI World - Dow Jones,-0.2142021203578494,0.2142021203578494,MSCI World - Dow Jones,-0.2142021203578494,,Gold,-0.1882432249852158,,5y yield,0.0849863334035452,,
2004-02-02,LassoCV,SELL,-0.0178464755077658,True,BETA,Gold,-0.1972214142470656,0.1972214142470656,MSCI World - Dow Jones,-0.183582528383129,,Gold,-0.1972214142470656,,5y yield,0.0929428061602939,,
2004-03-24,LassoCV,SELL,-0.0245901639344263,True,BETA,Gold,-0.2444008780389054,0.2444008780389054,Gold,-0.2444008780389054,,MSCI World - Dow Jones,-0.1610614765520798,,5y yield,0.1031068728576119,,
2004-04-06,LassoCV,BUY,0.0372974625496789,True,BETA,Gold,-0.2443488149821686,0.2443488149821686,Gold,-0.2443488149821686,,MSCI World - Dow Jones,-0.1283276316459748,,5y yield,0.0914153393553593,,
2004-07-16,LassoCV,BUY,0.0150960658737417,True,BETA,Gold,-0.2169975372884691,0.2169975372884691,Gold,-0.2169975372884691,,MSCI World - Dow Jones,-0.0910887598842551,,5y yield,0.1068390249949557,,
2004-09-21,LassoCV,SELL,-0.0201211932877561,True,BETA,Gold,-0.2147934358190282,0.2147934358190282,Gold,-0.2147934358190282,,MSCI World ex-US,-0.0461829018764625,,5y yield,0.0458370151143624,,
2004-12-22,LassoCV,SELL,-0.0127275656516836,True,BETA,Gold,-0.2416455682492714,0.2416455682492714,Gold,-0.2416455682492714,,MSCI World ex-US,-0.0057531161895669,,10y yield,0.0,,
2005-02-23,LassoCV,SELL,-0.030597494378413,True,BETA,Gold,-0.227129906471763,0.227129906471763,Gold,-0.227129906471763,,MSCI World ex-US,-0.0374553290059649,,,,,
2005-04-26,LassoCV,SELL,-0.0069873905710385,True,BETA,Gold,-0.2720232872582785,0.2720232872582785,Gold,-0.2720232872582785,,MSCI World ex-US,-0.1077657722109698,,,,,
2005-07-12,LassoCV,BUY,0.0221040385574207,True,BETA,Gold,-0.2544250947954269,0.2544250947954269,Gold,-0.2544250947954269,,MSCI World ex-US,-0.1365221802216748,,,,,
2005-10-06,LassoCV,SELL,-0.0022860045720092,True,BETA,Gold,-0.2189706715541918,0.2189706715541918,Gold,-0.2189706715541918,,MSCI World ex-US,-0.1474651005132735,,,,,
2006-03-31,LassoCV,SELL,-0.0143761766215986,True,BETA,MSCI World ex-US,-0.1512921849032484,0.1512921849032484,MSCI World ex-US,-0.1512921849032484,,Oil,-0.1208881321823237,,5y yield,0.0450003880362396,,
2006-05-30,LassoCV,BUY,0.0134716912434005,True,BETA,Oil,-0.1361159645630223,0.1361159645630223,Oil,-0.1361159645630223,,MSCI World ex-US,-0.1295581622399846,,,,,
2006-06-12,LassoCV,BUY,0.0220120065490267,True,BETA,MSCI World ex-US,-0.1324718143304433,0.1324718143304433,Oil,-0.1322468071941141,,MSCI World ex-US,-0.1324718143304433,,2y yield,0.0734551736166032,,
2006-07-17,LassoCV,SELL,-0.0048381421534131,True,BETA,Oil,-0.140412353735071,0.140412353735071,Oil,-0.140412353735071,,MSCI World ex-US,-0.1139749706296283,,2y yield,0.0681788952409448,,
2006-07-24,LassoCV,SELL,-0.0191026989134245,True,BETA,Oil,-0.1386510731805459,0.1386510731805459,Oil,-0.1386510731805459,,MSCI World ex-US,-0.1144580778337135,,2y yield,0.068090646912787,,
2006-10-16,LassoCV,SELL,-0.0104606188466948,True,BETA,Oil,-0.1044457258703888,0.1044457258703888,Oil,-0.1044457258703888,,MSCI World ex-US,-0.1000712999368222,,2y yield,0.0509536107072796,,
2006-11-17,LassoCV,SELL,-0.0015697218104124,True,BETA,BCOM Index,-0.0995421358797159,0.0995421358797159,BCOM Index,-0.0995421358797159,,MSCI World ex-US,-0.0874629152296149,,2y yield,0.060559906422302,,
2006-11-21,LassoCV,SELL,-0.0034022507197069,True,BETA,BCOM Index,-0.0981242619030528,0.0981242619030528,BCOM Index,-0.0981242619030528,,MSCI World ex-US,-0.0886370474279866,,2y yield,0.0572412871934476,,
2007-01-03,LassoCV,SELL,-0.0005113345832622,True,BETA,Gold,-0.1081696637270316,0.1081696637270316,Gold,-0.1081696637270316,,MSCI World ex-US,-0.0493438484432072,,5y yield,0.0679643567306538,,
2007-10-30,LassoCV,BUY,0.0052410901467505,True,BETA,Gold,-0.3319734733151898,0.3319734733151898,Gold,-0.3319734733151898,,Local - Wilshire,0.194848272888044,,,,,
2007-12-10,LassoCV,SELL,-0.0232327243844321,True,BETA,Gold,-0.2934260899419114,0.2934260899419114,Gold,-0.2934260899419114,,MSCI World ex-US,-0.0913510766192428,,VIX Index,0.0201600545457806,,
2008-05-08,LassoCV,SELL,-0.0320487613055446,True,BETA,Gold,-0.2035107375541101,0.2035107375541101,Gold,-0.2035107375541101,,Local Index,-0.1382762269471709,,VIX Index,0.04008636744632,,
2008-05-28,LassoCV,BUY,0.03009796990203,True,BETA,Gold,-0.2094138865036471,0.2094138865036471,Gold,-0.2094138865036471,,Local Index,-0.1209644974358426,,10y yield,-0.0762360517518194,,
2008-08-08,LassoCV,SELL,-0.0184681728695979,True,BETA,Gold,-0.1927165158205004,0.1927165158205004,MSCI World ex-US,-0.1805864448111306,,Gold,-0.1927165158205004,,10y yield,-0.1007883218330235,,
2008-08-21,LassoCV,BUY,0.0255033557046981,True,BETA,MSCI World ex-US,-0.0906909309490574,0.0906909309490574,MSCI World ex-US,-0.0906909309490574,,Copper LME,-0.0,,6m1m forward OIS,0.0,,
2008-08-26,LassoCV,BUY,0.0217453505007152,True,BETA,Gold,-0.0955088830025532,0.0955088830025532,MSCI World ex-US,-0.0647906075759572,,Gold,-0.0955088830025532,,6m1m forward OIS,0.0,,
2008-09-19,LassoCV,BUY,0.0340974212034383,True,BETA,MSCI World ex-US,-0.0921090286103644,0.0921090286103644,Copper LME,-0.0,,MSCI World ex-US,-0.0921090286103644,,10y yield,-0.0,,
2009-02-27,LassoCV,SELL,-0.0035258168142285,True,BETA,MSCI World ex-US,-0.287242187271625,0.287242187271625,MSCI World ex-US,-0.287242187271625,,BCOM Index,-0.2223010036866153,,10y yield,-0.1151136841910799,,
2009-03-09,LassoCV,SELL,-0.0610974485090685,True,BETA,MSCI World ex-US,-0.2971948625523356,0.2971948625523356,MSCI World ex-US,-0.2971948625523356,,BCOM Index,-0.2310124080123905,,10y yield,-0.1219931729504547,,
2009-05-29,LassoCV,BUY,0.0251946862116354,True,BETA,MSCI World ex-US,-0.3099814316331218,0.3099814316331218,BCOM Index,-0.3061807953250235,,MSCI World ex-US,-0.3099814316331218,,10y yield,-0.0646105856367748,,
2009-10-09,LassoCV,BUY,0.0111303012857417,True,BETA,MSCI World ex-US,-0.5065655473426708,0.5065655473426708,MSCI World ex-US,-0.5065655473426708,,BCOM Index,-0.3943613823060058,,1y1m forward OIS,0.101105046161621,,
2010-03-15,LassoCV,BUY,0.0017659177867161,True,BETA,Local Index,-0.5038137852675566,0.5038137852675566,Local Index,-0.5038137852675566,,Oil,-0.476789294771249,,2y yield,0.1553597287600191,,
2010-03-30,LassoCV,SELL,-0.0186256249387314,True,BETA,Local Index,-0.43910971683253,0.43910971683253,Local Index,-0.43910971683253,,Oil,-0.3832600692390842,,Real 2y yield,0.0314194285309698,,
2010-04-07,LassoCV,SELL,-0.0064593063698697,True,BETA,Local Index,-0.4361912849695735,0.4361912849695735,Local Index,-0.4361912849695735,,Oil,-0.3750327917845177,,2y yield,0.0870726242243836,,
2010-08-27,LassoCV,SELL,-0.0131328511610202,True,BETA,Local Index,-0.425434422866641,0.425434422866641,Local Index,-0.425434422866641,,BCOM Index,-0.3502109490839267,,2y yield,0.1740553237260375,,
2010-09-07,LassoCV,SELL,-0.0202290076335879,True,BETA,Local Index,-0.4080487078902682,0.4080487078902682,Local Index,-0.4080487078902682,,BCOM Index,-0.3507712942532215,,2y yield,0.1796930846470946,,
2010-11-30,LassoCV,SELL,-0.019680436477007,True,BETA,Local Index,-0.2846091507536266,0.2846091507536266,Local Index,-0.2846091507536266,,Oil,-0.2402935551518972,,1y1m forward OIS,0.2006563687649405,,
2010-12-08,LassoCV,BUY,0.0019778481012657,True,BETA,Local Index,-0.2935922799530146,0.2935922799530146,Local Index,-0.2935922799530146,,Oil,-0.291693917761278,,1y1m forward OIS,0.2316904210504578,,
2011-04-29,LassoCV,BUY,0.0248650936408845,True,BETA,1y1m forward OIS,0.2762436239820794,0.2762436239820794,1y1m forward OIS,0.2762436239820794,,Local Index,-0.1490401720093944,,Oil,-0.1777206428279489,,
2011-05-03,LassoCV,BUY,0.0204702918328782,True,BETA,1y1m forward OIS,0.265538588160116,0.265538588160116,1y1m forward OIS,0.265538588160116,,Local Index,-0.1565835872886957,,Oil,-0.1748861596897125,,
2011-05-05,LassoCV,BUY,0.0007239631813011,True,BETA,1y1m forward OIS,0.2630578275020449,0.2630578275020449,1y1m forward OIS,0.2630578275020449,,MSCI World ex-US,-0.1411689221524973,,Oil,-0.185472131429585,,
2011-05-24,LassoCV,SELL,-0.0022524828504146,True,BETA,1y1m forward OIS,0.200558571858658,0.200558571858658,1y1m forward OIS,0.200558571858658,,MSCI World ex-US,-0.1597855563711269,,Oil,-0.1478590589506131,,
2011-07-15,LassoCV,BUY,0.0020981955518253,True,BETA,MSCI World ex-US,-0.1768868442654681,0.1768868442654681,MSCI World ex-US,-0.1768868442654681,,1y1m forward OIS,0.1557265188695862,,BCOM Index,-0.1147003145086397,,
2011-07-19,LassoCV,BUY,0.0117882328175982,True,BETA,MSCI World ex-US,-0.1908293973861758,0.1908293973861758,MSCI World ex-US,-0.1908293973861758,,1y1m forward OIS,0.1493473173565624,,Oil,-0.1165031134376536,,
2011-08-09,LassoCV,BUY,0.0104379860826853,True,BETA,MSCI World ex-US,-0.1909794136260361,0.1909794136260361,MSCI World ex-US,-0.1909794136260361,,1y1m forward OIS,0.1403957767740233,,Oil,-0.1080391073236759,,
2011-10-06,LassoCV,SELL,-0.0209237296307008,True,BETA,MSCI World ex-US,-0.166022765341471,0.166022765341471,MSCI World ex-US,-0.166022765341471,,2y yield,0.1376199972122476,,BCOM Index,-0.104657798344751,,
2012-02-03,LassoCV,BUY,0.0034225890879806,True,BETA,2y yield,0.2505734433984026,0.2505734433984026,2y yield,0.2505734433984026,,MSCI World ex-US,-0.173751452597691,,BCOM Index,-0.1414113351834079,,
2012-09-11,LassoCV,BUY,0.0078108941418293,True,BETA,2y yield,0.2440570819865959,0.2440570819865959,2y yield,0.2440570819865959,,MSCI World ex-US,-0.2350564879994303,,Oil,-0.1524360930387319,,
2012-09-13,LassoCV,BUY,0.0124935467217346,True,BETA,MSCI World ex-US,-0.2482444710039493,0.2482444710039493,2y yield,0.2349100895689865,,MSCI World ex-US,-0.2482444710039493,,Oil,-0.146772430975899,,
2012-09-19,LassoCV,BUY,0.0134427911749615,True,BETA,MSCI World ex-US,-0.2453248883105768,0.2453248883105768,2y yield,0.2195028065251185,,MSCI World ex-US,-0.2453248883105768,,Oil,-0.1561918851798385,,
2012-10-29,LassoCV,SELL,-0.0011988011988011,True,BETA,MSCI World ex-US,-0.2307983147820867,0.2307983147820867,MSCI World ex-US,-0.2307983147820867,,Copper LME,-0.0269660128407161,,2y yield,0.1305035175102319,,
2013-01-02,LassoCV,BUY,0.0010153315057366,True,BETA,2y yield,0.217672043820408,0.217672043820408,MSCI World ex-US,-0.1539023135850826,,2y yield,0.217672043820408,,Copper LME,-0.101146422227569,,
2013-01-07,LassoCV,BUY,0.0071001115731819,True,BETA,2y yield,0.2172667828221757,0.2172667828221757,MSCI World ex-US,-0.1575555982741063,,2y yield,0.2172667828221757,,Copper LME,-0.103931903158336,,
2013-01-10,LassoCV,BUY,0.0197314890154596,True,BETA,2y yield,0.2174277375919877,0.2174277375919877,MSCI World ex-US,-0.1551842079458217,,2y yield,0.2174277375919877,,Copper LME,-0.103479511541833,,
2013-04-04,LassoCV,BUY,0.0135281919620815,True,BETA,2y yield,0.2252315655134948,0.2252315655134948,2y yield,0.2252315655134948,,MSCI World ex-US,-0.0889251513500721,,Copper LME,-0.0782836086539949,,
2013-04-12,LassoCV,BUY,0.0030584056827149,True,BETA,2y yield,0.223714083134143,0.223714083134143,2y yield,0.223714083134143,,MSCI World ex-US,-0.0928840853514333,,Copper LME,-0.0743795130386711,,
2013-04-30,LassoCV,BUY,0.010622456070684,True,BETA,2y yield,0.1996740333123942,0.1996740333123942,2y yield,0.1996740333123942,,MSCI World ex-US,-0.0900964709673171,,BCOM Index,-0.1157987107258384,,
2013-05-22,LassoCV,SELL,-0.0021221182598629,True,BETA,2y yield,0.1999357094696639,0.1999357094696639,2y yield,0.1999357094696639,,MSCI World ex-US,-0.0998018069387185,,BCOM Index,-0.1088154329215885,,
2013-08-26,LassoCV,SELL,-0.0125702314065327,True,BETA,BCOM Index,-0.1328773293511005,0.1328773293511005,BCOM Index,-0.1328773293511005,,MSCI World ex-US,-0.0722898665865179,,2y yield,0.1061906990785121,,
2013-11-29,LassoCV,SELL,-0.0027322404371583,True,BETA,5y yield,0.1022094894422683,0.1022094894422683,BCOM Index,-0.0983669626464839,,MSCI World ex-US,-0.0598746988589553,,5y yield,0.1022094894422683,,
2013-12-13,LassoCV,BUY,0.0114312706660368,True,BETA,BCOM Index,-0.1109371877238975,0.1109371877238975,BCOM Index,-0.1109371877238975,,MSCI World ex-US,-0.0721113568913644,,5y yield,0.110372959088596,,
2014-01-22,LassoCV,SELL,-0.0003607828988905,True,BETA,BCOM Index,-0.1003464669279241,0.1003464669279241,BCOM Index,-0.1003464669279241,,5y yield,0.098741999802475,,MSCI World ex-US,-0.0632911049348332,,
2014-04-08,LassoCV,BUY,0.0094296438707315,True,BETA,10y yield,0.0582742530935078,0.0582742530935078,Gold,-0.0531104671126908,,10y yield,0.0582742530935078,,MSCI World ex-US,-0.0315783755072507,,
2014-10-14,LassoCV,SELL,-0.0115959989377709,True,BETA,2y yield,0.0963356252473597,0.0963356252473597,2y yield,0.0963356252473597,,MSCI World ex-US,-0.0804291463040113,,Gold,-0.0481704019543911,,
2015-10-15,LassoCV,BUY,0.0239427860696517,True,BETA,Real 2y yield,0.2425063314221344,0.2425063314221344,Real 2y yield,0.2425063314221344,,BCOM Index,-0.2127178332001759,,MSCI World ex-US,-0.1032885770355376,,
2016-09-05,LassoCV,BUY,0.0212716584158416,True,BETA,BCOM Index,-0.2987148574065187,0.2987148574065187,BCOM Index,-0.2987148574065187,,Local Index,-0.1250259740039474,,1y1m forward OIS,0.1671549816576072,,
2017-01-05,LassoCV,BUY,0.0070321361058602,True,BETA,BCOM Index,-0.2569835064240033,0.2569835064240033,Local Index,-0.2018361821739279,,BCOM Index,-0.2569835064240033,,1y1m forward OIS,0.207384609355437,,
2017-01-09,LassoCV,BUY,0.0016646489104115,True,BETA,BCOM Index,-0.2578749918342533,0.2578749918342533,Local Index,-0.1930288449314122,,BCOM Index,-0.2578749918342533,,1y1m forward OIS,0.201678882265486,,
2017-01-31,LassoCV,BUY,0.0035303146584806,True,BETA,Oil,-0.2504409428493264,0.2504409428493264,Local Index,-0.2235812573852676,,Oil,-0.2504409428493264,,1y1m forward OIS,0.2021496442653443,,
2017-05-26,LassoCV,BUY,0.0017849174475679,True,BETA,MSCI World ex-US,-0.2377850713769651,0.2377850713769651,MSCI World ex-US,-0.2377850713769651,,Oil,-0.2149100769690569,,2y yield,0.2129761091557146,,
2017-08-08,LassoCV,SELL,-0.0080524196731665,True,BETA,2y yield,0.2434694115687802,0.2434694115687802,2y yield,0.2434694115687802,,Oil,-0.1468982682850657,,MSCI World ex-US,-0.1319483018362094,,
2017-08-15,LassoCV,SELL,-0.0192051422748295,True,BETA,2y yield,0.2443654810430262,0.2443654810430262,2y yield,0.2443654810430262,,Oil,-0.1475488852756926,,MSCI World ex-US,-0.1278352025172191,,
2017-10-25,LassoCV,SELL,-0.0052360112535168,True,BETA,Real 2y yield,0.2412773828881201,0.2412773828881201,Real 2y yield,0.2412773828881201,,Oil,-0.1338230142727467,,MSCI World ex-US,-0.1085050224885892,,
2017-11-10,LassoCV,BUY,0.002365557483047,True,BETA,5y yield,0.2573406017629417,0.2573406017629417,5y yield,0.2573406017629417,,Gold,-0.0263360469838287,,MSCI World ex-US,-0.0872093376389632,,
2017-12-01,LassoCV,BUY,0.0142688214426487,True,BETA,5y yield,0.251514270424081,0.251514270424081,5y yield,0.251514270424081,,Gold,-0.0270761041996006,,MSCI World ex-US,-0.091384405564211,,
2018-06-19,LassoCV,SELL,-0.0110642781875658,True,BETA,10y yield,0.203663678326607,0.203663678326607,10y yield,0.203663678326607,,Gold,-0.1273614258317101,,Local - Wilshire,0.1734958263598991,,
2018-08-22,LassoCV,BUY,0.013926290682465,True,BETA,6m1m forward OIS,0.2545086033877055,0.2545086033877055,6m1m forward OIS,0.2545086033877055,,Gold,-0.1835416890208014,,Local - S&P500,0.1447211857351673,,
2018-10-10,LassoCV,SELL,-0.0008417508417507,True,BETA,10y yield,0.1897343729522106,0.1897343729522106,10y yield,0.1897343729522106,,Gold,-0.159134877036586,,Local - S&P500,0.1536494950255274,,
2018-12-21,LassoCV,SELL,-0.0167622408469343,True,BETA,Gold,-0.1683657139148902,0.1683657139148902,Gold,-0.1683657139148902,,10y yield,0.1377403973658008,,Local - Dow Jones,0.1492589820756273,,
2019-03-21,LassoCV,SELL,-0.0003741394791978,True,BETA,Gold,-0.1390941296084955,0.1390941296084955,Gold,-0.1390941296084955,,MSCI World ex-US,-0.1294603141711129,,1y1m forward OIS,0.114219464686995,,
2019-07-12,LassoCV,BUY,0.0105925698495548,True,BETA,MSCI World ex-US,-0.1156632724060784,0.1156632724060784,MSCI World ex-US,-0.1156632724060784,,Copper LME,-0.0970185765728761,,1y1m forward OIS,0.1004160549720298,,
2019-07-18,LassoCV,BUY,0.0142012742765025,True,BETA,MSCI World ex-US,-0.116556232318294,0.116556232318294,MSCI World ex-US,-0.116556232318294,,Copper LME,-0.0959889755310617,,1y1m forward OIS,0.0999059675919414,,
2019-09-04,LassoCV,BUY,0.004915305505142,True,BETA,Real 2y yield,0.1221610308900484,0.1221610308900484,Copper LME,-0.0967712828560373,,MSCI World ex-US,-0.1115360443802995,,Real 2y yield,0.1221610308900484,,
2019-09-06,LassoCV,BUY,0.0068321566841267,True,BETA,Real 2y yield,0.1225993424035667,0.1225993424035667,Copper LME,-0.0990440315575214,,MSCI World ex-US,-0.1098910428773723,,Real 2y yield,0.1225993424035667,,
2019-10-17,LassoCV,BUY,0.0020552637588489,True,BETA,MSCI World ex-US,-0.146334563263018,0.146334563263018,MSCI World ex-US,-0.146334563263018,,Copper LME,-0.0660652048676794,,Real 2y yield,0.1332433301565374,,
2020-01-23,LassoCV,BUY,0.0119600822731773,True,BETA,Real 2y yield,0.1346082758551554,0.1346082758551554,Real 2y yield,0.1346082758551554,,Local - S&P500,0.105901690275535,,BCOM Index,-0.1057958324619338,,
2020-06-08,LassoCV,BUY,0.0104618143775221,True,BETA,MSCI World ex-US,-0.1501204601366511,0.1501204601366511,MSCI World ex-US,-0.1501204601366511,,Copper LME,-0.1151371256157103,,2y yield,0.1072553982251067,,
2020-08-04,LassoCV,SELL,-0.0113371874765373,True,BETA,MSCI World ex-US,-0.174677233393135,0.174677233393135,MSCI World ex-US,-0.174677233393135,,Copper LME,-0.0975393086992842,,2y yield,0.1081633177233677,,
2020-10-28,LassoCV,SELL,-0.0195151242212715,True,BETA,MSCI World ex-US,-0.1783764601624511,0.1783764601624511,MSCI World ex-US,-0.1783764601624511,,Copper LME,-0.1138028876675728,,2y yield,0.1001611759744404,,
2020-11-12,LassoCV,SELL,-0.0094361159729091,True,BETA,MSCI World ex-US,-0.1854824863626619,0.1854824863626619,MSCI World ex-US,-0.1854824863626619,,Copper LME,-0.1152591598522704,,2y yield,0.095645376987008,,
2020-11-17,LassoCV,SELL,-0.0128958412819534,True,BETA,MSCI World ex-US,-0.1858264463224956,0.1858264463224956,MSCI World ex-US,-0.1858264463224956,,Copper LME,-0.1157796282281379,,2y yield,0.099004264583029,,
2020-11-20,LassoCV,SELL,-0.0237495227185949,True,BETA,MSCI World ex-US,-0.1857098571058497,0.1857098571058497,MSCI World ex-US,-0.1857098571058497,,Copper LME,-0.1168455850612069,,2y yield,0.0952556146045001,,
2021-03-11,LassoCV,BUY,0.0063831484879917,True,BETA,Local Index,-0.253680684081624,0.253680684081624,Local Index,-0.253680684081624,,BCOM Index,-0.2045965560516536,,VIX Index,0.0052166166770365,,
2021-06-18,LassoCV,SELL,-0.0114721219414359,True,BETA,Local Index,-0.2316331448856386,0.2316331448856386,Local Index,-0.2316331448856386,,Oil,-0.0993262344923956,,10y yield,0.0924045685686211,,
2021-09-17,LassoCV,SELL,-0.009088060169226,True,BETA,Local Index,-0.2785602174618432,0.2785602174618432,Local Index,-0.2785602174618432,,Crude oil WCS,-0.1413511171974787,,10y yield,0.0727997948256633,,
2021-12-17,LassoCV,SELL,-0.0195515555900379,True,BETA,MSCI World ex-US,-0.2243091686362386,0.2243091686362386,MSCI World ex-US,-0.2243091686362386,,Oil,-0.1442737770445906,,VIX Index,0.0,,
2022-05-10,LassoCV,SELL,-0.0159668381054731,True,BETA,MSCI World ex-US,-0.1987302122470783,0.1987302122470783,MSCI World ex-US,-0.1987302122470783,,Copper LME,-0.0781952408421185,,5y yield,0.0485186607972571,,
2022-06-13,LassoCV,SELL,-0.0017055585704317,True,BETA,MSCI World ex-US,-0.1861675718993305,0.1861675718993305,MSCI World ex-US,-0.1861675718993305,,Copper LME,-0.0481638376056686,,Real 2y yield,0.0,,
2022-06-17,LassoCV,SELL,-0.0100537221795854,True,BETA,MSCI World ex-US,-0.1911905883057857,0.1911905883057857,MSCI World ex-US,-0.1911905883057857,,Copper LME,-0.0469794770480053,,Real 2y yield,0.0,,
2022-08-02,LassoCV,SELL,-0.0027948140672308,True,BETA,MSCI World ex-US,-0.1947038821335036,0.1947038821335036,MSCI World ex-US,-0.1947038821335036,,Copper LME,-0.0409733781017607,,Real 2y yield,0.0,,
2022-08-26,LassoCV,SELL,-0.0001534566101434,True,BETA,MSCI World ex-US,-0.1927441306627357,0.1927441306627357,MSCI World ex-US,-0.1927441306627357,,Copper LME,-0.0252493100736278,,Real 2y yield,0.0,,
2022-08-30,LassoCV,BUY,0.0057282517375696,True,BETA,MSCI World ex-US,-0.2097076109217591,0.2097076109217591,MSCI World ex-US,-0.2097076109217591,,Copper LME,-0.0715318209520856,,Real 2y yield,0.0309225310771806,,
2022-09-07,LassoCV,BUY,0.0260650865025531,True,BETA,MSCI World ex-US,-0.208081342658236,0.208081342658236,MSCI World ex-US,-0.208081342658236,,Copper LME,-0.068321569370566,,Real 2y yield,0.033867783100416,,
2023-02-14,LassoCV,BUY,0.0232436080077977,True,BETA,Local Index,-0.2773780820431183,0.2773780820431183,Local Index,-0.2773780820431183,,Gold,-0.0864099144288158,,5y yield,0.0788108422774594,,
2023-02-20,LassoCV,BUY,0.011893258009366,True,BETA,Local Index,-0.2705696852872861,0.2705696852872861,Local Index,-0.2705696852872861,,Gold,-0.1042203501316836,,5y yield,0.072627870371395,,
2023-04-25,LassoCV,SELL,-0.0178322448081015,True,BETA,Local Index,-0.2879933028519491,0.2879933028519491,Local Index,-0.2879933028519491,,BCOM Index,-0.104182461390304,,5y yield,0.0851386881182584,,
2023-05-09,LassoCV,BUY,0.0089659294680215,True,BETA,Local Index,-0.2942640288975179,0.2942640288975179,Local Index,-0.2942640288975179,,BCOM Index,-0.0974648580238197,,5y yield,0.0896018327569999,,
2023-05-16,LassoCV,BUY,0.0089007565643079,True,BETA,Local Index,-0.2953063997903567,0.2953063997903567,Local Index,-0.2953063997903567,,BCOM Index,-0.0980784312763056,,5y yield,0.0961977316432145,,
2023-06-15,LassoCV,BUY,0.0021931483022006,True,BETA,Local Index,-0.3078643533588767,0.3078643533588767,Local Index,-0.3078643533588767,,BCOM Index,-0.1117439822462496,,5y yield,0.1036152632584508,,
2023-09-01,LassoCV,SELL,-0.004929370217775,True,BETA,Local Index,-0.2620841949485307,0.2620841949485307,BCOM Index,-0.1621927902158059,,Local Index,-0.2620841949485307,,5y yield,0.1250464557762724,,
2023-12-21,LassoCV,BUY,0.0050440412557404,True,BETA,MSCI World ex-US,-0.154020159880321,0.154020159880321,BCOM Index,-0.1423745194436747,,MSCI World ex-US,-0.154020159880321,,3m1m forward OIS,0.0893477985527276,,
2023-12-26,LassoCV,BUY,0.0147783251231528,True,BETA,MSCI World ex-US,-0.1467120527201293,0.1467120527201293,BCOM Index,-0.1407115824973032,,MSCI World ex-US,-0.1467120527201293,,3m1m forward OIS,0.085898320220032,,
2024-05-31,LassoCV,BUY,0.0077781039037276,True,BETA,Local Index,-0.1609705977617741,0.1609705977617741,Local Index,-0.1609705977617741,,6m1m forward OIS,0.1027231741765809,,Gold,-0.045209525890339,,
2024-07-26,LassoCV,SELL,-0.0076611737496385,True,BETA,Local Index,-0.1467044089160958,0.1467044089160958,Local Index,-0.1467044089160958,,5y yield,0.0786839400535528,,Gold,-0.0372479868269199,,
2024-12-17,LassoCV,BUY,0.0051712089447937,True,BETA,Local Index,-0.1094819950288283,0.1094819950288283,Local Index,-0.1094819950288283,,5y yield,0.1021531300375277,,Gold,-0.0423502660086099,,
2025-06-03,LassoCV,SELL,-0.0029883381924199,True,BETA,5y yield,0.1026843132696364,0.1026843132696364,Copper LME,-0.1017864668145822,,5y yield,0.1026843132696364,,MSCI World ex-US,-0.046359352962792,,
2025-12-23,LassoCV,BUY,0.0092781998831092,True,BETA,Real 2y yield,0.0969306692538031,0.0969306692538031,Real 2y yield,0.0969306692538031,,Gold,-0.0864276065533575,,MSCI World ex-US,-0.0721875384611567,,
2026-01-29,LassoCV,BUY,0.0088954781319496,True,BETA,Real 2y yield,0.1258319405068628,0.1258319405068628,Real 2y yield,0.1258319405068628,,Gold,-0.0873946278213015,,MSCI World ex-US,-0.0864318812508805,,
2001-10-15,ElasticNetCV,BUY,0.0107816711590296,True,BETA,MSCI EM,-0.0689145167458954,0.0689145167458954,MSCI EM,-0.0689145167458954,,Gold,-0.056578273019545,,,,,
2002-07-26,ElasticNetCV,SELL,-0.009136160292357,True,BETA,Local Index,0.0,0.0,Local Index,0.0,,VIX Index,0.0,,Gold,0.0,,
2002-08-01,ElasticNetCV,SELL,-0.0201131363922061,True,BETA,Local Index,0.0,0.0,Local Index,0.0,,VIX Index,0.0,,Gold,0.0,,
2002-08-05,ElasticNetCV,SELL,-0.0143375907838717,True,BETA,Local Index,0.0,0.0,Local Index,0.0,,VIX Index,0.0,,Gold,0.0,,
2002-10-28,ElasticNetCV,BUY,0.0079604545162739,True,BETA,MSCI World ex-US,-0.0924199513651037,0.0924199513651037,MSCI World ex-US,-0.0924199513651037,,Copper LME,-0.0157397687124001,,VIX Index,0.0245144922917664,,
2003-01-24,ElasticNetCV,BUY,0.0007899934167214,True,BETA,MSCI World ex-US,-0.0880600518671668,0.0880600518671668,MSCI World ex-US,-0.0880600518671668,,Copper LME,-0.0416167956754316,,VIX Index,0.0370888665304438,,
2003-01-29,ElasticNetCV,BUY,0.0081627279310119,True,BETA,MSCI World ex-US,-0.0871775787808873,0.0871775787808873,MSCI World ex-US,-0.0871775787808873,,Copper LME,-0.0451540484268172,,VIX Index,0.0365168959844776,,
2003-05-06,ElasticNetCV,SELL,-0.0325220762438079,True,BETA,MSCI World ex-US,-0.05828099559119,0.05828099559119,VIX Index,0.052145814236066,,MSCI World ex-US,-0.05828099559119,,BCOM Index,-0.0566201069531057,,
2003-05-15,ElasticNetCV,SELL,-0.0102151706150837,True,BETA,MSCI World ex-US,-0.0613822367801176,0.0613822367801176,MSCI World ex-US,-0.0613822367801176,,VIX Index,0.0604045948121478,,BCOM Index,-0.0555954893518062,,
2003-05-22,ElasticNetCV,SELL,-0.0237418978952734,True,BETA,Gold,-0.0773131965006323,0.0773131965006323,Gold,-0.0773131965006323,,MSCI World ex-US,-0.0735529852269494,,VIX Index,0.0570437341868036,,
2003-11-03,ElasticNetCV,SELL,-0.0195829284699903,True,BETA,Gold,-0.1076527223718066,0.1076527223718066,MSCI World - Dow Jones,-0.0695759987727506,,Gold,-0.1076527223718066,,2y yield,0.0338326476688922,,
2003-11-05,ElasticNetCV,SELL,-0.0221106280917404,True,BETA,Gold,-0.113331935094508,0.113331935094508,MSCI World - Dow Jones,-0.0761475311599412,,Gold,-0.113331935094508,,2y yield,0.0345397586853785,,
2003-12-19,ElasticNetCV,SELL,-0.036144578313253,True,BETA,Gold,-0.1424329247734211,0.1424329247734211,MSCI World - Dow Jones,-0.1285415363990455,,Gold,-0.1424329247734211,,5y yield,0.0331335393109507,,
2004-03-24,ElasticNetCV,SELL,-0.0245901639344263,True,BETA,Gold,-0.2444433477590513,0.2444433477590513,Gold,-0.2444433477590513,,MSCI World - Dow Jones,-0.1611587025509187,,5y yield,0.1031815571075222,,
2004-04-06,ElasticNetCV,BUY,0.0372974625496789,True,BETA,Gold,-0.2092008923625433,0.2092008923625433,Gold,-0.2092008923625433,,MSCI World - Dow Jones,-0.1114727485620294,,5y yield,0.0765859546353861,,
2004-07-19,ElasticNetCV,BUY,0.0189674952198852,True,BETA,Gold,-0.2226459199275983,0.2226459199275983,Gold,-0.2226459199275983,,MSCI World - Dow Jones,-0.0968063603231184,,5y yield,0.114953428296137,,
2004-09-21,ElasticNetCV,SELL,-0.0201211932877561,True,BETA,Gold,-0.1967581563420243,0.1967581563420243,Gold,-0.1967581563420243,,MSCI World ex-US,-0.0782584822451084,,5y yield,0.080646377416891,,
2004-12-22,ElasticNetCV,SELL,-0.0127275656516836,True,BETA,Gold,-0.243590216526808,0.243590216526808,Gold,-0.243590216526808,,MSCI World ex-US,-0.0105394082885032,,10y yield,0.0008261656357935,,
2005-02-23,ElasticNetCV,SELL,-0.030597494378413,True,BETA,Gold,-0.2299688572740058,0.2299688572740058,Gold,-0.2299688572740058,,MSCI World ex-US,-0.0421286088633515,,,,,
2005-04-26,ElasticNetCV,SELL,-0.0069873905710385,True,BETA,Gold,-0.2720767798113123,0.2720767798113123,Gold,-0.2720767798113123,,MSCI World ex-US,-0.1078541821161735,,,,,
2005-07-12,ElasticNetCV,BUY,0.0221040385574207,True,BETA,Gold,-0.2544928987418343,0.2544928987418343,Gold,-0.2544928987418343,,MSCI World ex-US,-0.1366081551613315,,,,,
2005-10-06,ElasticNetCV,SELL,-0.0022860045720092,True,BETA,Gold,-0.2027567916158318,0.2027567916158318,Gold,-0.2027567916158318,,MSCI World ex-US,-0.1401209468057772,,,,,
2005-10-14,ElasticNetCV,SELL,-0.0079204583754635,True,BETA,Gold,-0.1838449937232748,0.1838449937232748,Gold,-0.1838449937232748,,MSCI World ex-US,-0.1549378222402279,,,,,
2006-03-31,ElasticNetCV,SELL,-0.0143761766215986,True,BETA,MSCI World ex-US,-0.1297204887172449,0.1297204887172449,MSCI World ex-US,-0.1297204887172449,,Oil,-0.0999111499561666,,5y yield,0.0332890370370186,,
2006-05-30,ElasticNetCV,BUY,0.0134716912434005,True,BETA,Oil,-0.1239355519604712,0.1239355519604712,Oil,-0.1239355519604712,,MSCI World ex-US,-0.1223355682627143,,,,,
2006-06-12,ElasticNetCV,BUY,0.0220120065490267,True,BETA,MSCI World ex-US,-0.1261857762232086,0.1261857762232086,Oil,-0.1210867752413353,,MSCI World ex-US,-0.1261857762232086,,2y yield,0.0639879236490541,,
2006-07-17,ElasticNetCV,SELL,-0.0048381421534131,True,BETA,Oil,-0.1285100307966681,0.1285100307966681,Oil,-0.1285100307966681,,MSCI World ex-US,-0.1096105750357544,,2y yield,0.0602632388102148,,
2006-07-21,ElasticNetCV,SELL,-0.0093154055716671,True,BETA,Oil,-0.1266340865751607,0.1266340865751607,Oil,-0.1266340865751607,,MSCI World ex-US,-0.1108095573114247,,2y yield,0.057708152397779,,
2006-10-16,ElasticNetCV,SELL,-0.0104606188466948,True,BETA,MSCI World ex-US,-0.0906865340291639,0.0906865340291639,Oil,-0.0857255723877243,,MSCI World ex-US,-0.0906865340291639,,2y yield,0.0430033786078797,,
2006-11-17,ElasticNetCV,SELL,-0.0015697218104124,True,BETA,BCOM Index,-0.0851741719635264,0.0851741719635264,BCOM Index,-0.0851741719635264,,MSCI World ex-US,-0.0812353117729687,,2y yield,0.050104483725315,,
2006-11-21,ElasticNetCV,SELL,-0.0034022507197069,True,BETA,BCOM Index,-0.0838682094557524,0.0838682094557524,BCOM Index,-0.0838682094557524,,MSCI World ex-US,-0.0819871827744323,,2y yield,0.0473505590808074,,
2007-01-03,ElasticNetCV,SELL,-0.0005113345832622,True,BETA,Gold,-0.0957223486088933,0.0957223486088933,Gold,-0.0957223486088933,,MSCI World ex-US,-0.0486556730503456,,5y yield,0.0536084407574875,,
2007-10-30,ElasticNetCV,BUY,0.0052410901467505,True,BETA,Gold,-0.332090668724765,0.332090668724765,Gold,-0.332090668724765,,Local - Wilshire,0.19494252786535,,,,,
2007-12-10,ElasticNetCV,SELL,-0.0232327243844321,True,BETA,Gold,-0.2934764977583231,0.2934764977583231,Gold,-0.2934764977583231,,MSCI World ex-US,-0.0913857344601889,,VIX Index,0.0201983985749415,,
2008-05-08,ElasticNetCV,SELL,-0.0320487613055446,True,BETA,Gold,-0.2056709787149018,0.2056709787149018,Gold,-0.2056709787149018,,Local Index,-0.1392210606087214,,VIX Index,0.0438028356800454,,
2008-05-28,ElasticNetCV,BUY,0.03009796990203,True,BETA,Gold,-0.199437144182765,0.199437144182765,Gold,-0.199437144182765,,Local Index,-0.1187218959430517,,10y yield,-0.0722611282730027,,
2008-08-08,ElasticNetCV,SELL,-0.0184681728695979,True,BETA,Gold,-0.1847726293723464,0.1847726293723464,MSCI World ex-US,-0.1728334569475737,,Gold,-0.1847726293723464,,10y yield,-0.0944501284922082,,
2008-08-21,ElasticNetCV,BUY,0.0255033557046981,True,BETA,MSCI World ex-US,-0.1154828979849803,0.1154828979849803,MSCI World ex-US,-0.1154828979849803,,Copper LME,-0.0426826213820731,,6m1m forward OIS,0.0,,
2008-08-26,ElasticNetCV,BUY,0.0217453505007152,True,BETA,Gold,-0.119266661427221,0.119266661427221,MSCI World ex-US,-0.1054534774648226,,Gold,-0.119266661427221,,6m1m forward OIS,0.0,,
2008-09-19,ElasticNetCV,BUY,0.0340974212034383,True,BETA,MSCI World ex-US,-0.1095495450096346,0.1095495450096346,Copper LME,-0.059818634941654,,MSCI World ex-US,-0.1095495450096346,,10y yield,-0.0274881969669218,,
2009-02-27,ElasticNetCV,SELL,-0.0035258168142285,True,BETA,MSCI World ex-US,-0.287259194975576,0.287259194975576,MSCI World ex-US,-0.287259194975576,,BCOM Index,-0.2223258726757143,,10y yield,-0.115163185359997,,
2009-03-09,ElasticNetCV,SELL,-0.0610974485090685,True,BETA,MSCI World ex-US,-0.2972114201493354,0.2972114201493354,MSCI World ex-US,-0.2972114201493354,,BCOM Index,-0.2310414849819902,,10y yield,-0.1220460769728372,,
2009-05-29,ElasticNetCV,BUY,0.0251946862116354,True,BETA,MSCI World ex-US,-0.3099977957283653,0.3099977957283653,BCOM Index,-0.3062038188636622,,MSCI World ex-US,-0.3099977957283653,,10y yield,-0.0646672292618356,,
2009-10-09,ElasticNetCV,BUY,0.0111303012857417,True,BETA,MSCI World ex-US,-0.50668515615656,0.50668515615656,MSCI World ex-US,-0.50668515615656,,BCOM Index,-0.3945062747974145,,1y1m forward OIS,0.1015557118404728,,
2010-02-11,ElasticNetCV,BUY,0.0103819411372509,True,BETA,Local Index,-0.5318884320736157,0.5318884320736157,Local Index,-0.5318884320736157,,Oil,-0.3875454479628272,,6m1m forward OIS,0.1200831023352741,,
2010-03-15,ElasticNetCV,BUY,0.0017659177867161,True,BETA,Local Index,-0.508843846536079,0.508843846536079,Local Index,-0.508843846536079,,Oil,-0.4802479221155645,,2y yield,0.1618469007703906,,
2010-03-30,ElasticNetCV,SELL,-0.0186256249387314,True,BETA,Local Index,-0.3663049283907433,0.3663049283907433,Local Index,-0.3663049283907433,,Oil,-0.3501484007027313,,Real 2y yield,0.0882437404855902,,
2010-04-07,ElasticNetCV,SELL,-0.0064593063698697,True,BETA,Local Index,-0.3633276095563706,0.3633276095563706,Local Index,-0.3633276095563706,,Oil,-0.343745184202139,,2y yield,0.1149267713508367,,
2010-06-28,ElasticNetCV,BUY,0.0013516122803629,True,BETA,Local Index,-0.4620478642527466,0.4620478642527466,Local Index,-0.4620478642527466,,BCOM Index,-0.3882032421318892,,2y yield,0.1481671593020675,,
2010-08-27,ElasticNetCV,SELL,-0.0131328511610202,True,BETA,Local Index,-0.4262865001888048,0.4262865001888048,Local Index,-0.4262865001888048,,BCOM Index,-0.3511294015674343,,2y yield,0.1751173959657571,,
2010-09-07,ElasticNetCV,SELL,-0.0202290076335879,True,BETA,Local Index,-0.4089066959016222,0.4089066959016222,Local Index,-0.4089066959016222,,BCOM Index,-0.3516546869929727,,2y yield,0.1807184859716984,,
2010-11-30,ElasticNetCV,SELL,-0.019680436477007,True,BETA,Local Index,-0.265187714865842,0.265187714865842,Local Index,-0.265187714865842,,Oil,-0.2413825362009864,,1y1m forward OIS,0.2047725271791779,,
2010-12-08,ElasticNetCV,BUY,0.0019778481012657,True,BETA,Local Index,-0.2888276762578524,0.2888276762578524,Local Index,-0.2888276762578524,,Oil,-0.2886652966526013,,1y1m forward OIS,0.2321282839353148,,
2011-04-29,ElasticNetCV,BUY,0.0248650936408845,True,BETA,1y1m forward OIS,0.2588959326431433,0.2588959326431433,1y1m forward OIS,0.2588959326431433,,Local Index,-0.1627689384600077,,Oil,-0.1804484840115844,,
2011-05-03,ElasticNetCV,BUY,0.0204702918328782,True,BETA,1y1m forward OIS,0.2503313625817038,0.2503313625817038,1y1m forward OIS,0.2503313625817038,,Local Index,-0.1680973233204881,,Oil,-0.178791657735241,,
2011-05-05,ElasticNetCV,BUY,0.0007239631813011,True,BETA,1y1m forward OIS,0.2472201736253168,0.2472201736253168,1y1m forward OIS,0.2472201736253168,,MSCI World ex-US,-0.1574071190572693,,Oil,-0.1856969183445626,,
2011-05-24,ElasticNetCV,SELL,-0.0022524828504146,True,BETA,1y1m forward OIS,0.1982061171655446,0.1982061171655446,1y1m forward OIS,0.1982061171655446,,MSCI World ex-US,-0.1660269532601396,,Oil,-0.1551540255713187,,
2011-08-09,ElasticNetCV,BUY,0.0104379860826853,True,BETA,MSCI World ex-US,-0.1844800845116118,0.1844800845116118,MSCI World ex-US,-0.1844800845116118,,1y1m forward OIS,0.1494821358202218,,Oil,-0.1220562984050576,,
2011-10-07,ElasticNetCV,SELL,-0.0316498316498318,True,BETA,MSCI World ex-US,-0.1599925162097606,0.1599925162097606,2y yield,0.1477415212879373,,MSCI World ex-US,-0.1599925162097606,,BCOM Index,-0.1147917884523341,,
2012-02-03,ElasticNetCV,BUY,0.0034225890879806,True,BETA,2y yield,0.2506264903433499,0.2506264903433499,2y yield,0.2506264903433499,,MSCI World ex-US,-0.1737472623715154,,BCOM Index,-0.1414700537502264,,
2012-09-11,ElasticNetCV,BUY,0.0078108941418293,True,BETA,2y yield,0.225648731804328,0.225648731804328,2y yield,0.225648731804328,,MSCI World ex-US,-0.2249584031877626,,Oil,-0.1486990154322002,,
2012-09-13,ElasticNetCV,BUY,0.0124935467217346,True,BETA,MSCI World ex-US,-0.2357769751622123,0.2357769751622123,2y yield,0.21806759332596,,MSCI World ex-US,-0.2357769751622123,,Oil,-0.1433095407257745,,
2012-09-19,ElasticNetCV,BUY,0.0134427911749615,True,BETA,MSCI World ex-US,-0.2323641823649866,0.2323641823649866,2y yield,0.2045000304398053,,MSCI World ex-US,-0.2323641823649866,,Oil,-0.1516211258534491,,
2013-01-02,ElasticNetCV,BUY,0.0010153315057366,True,BETA,2y yield,0.2116639184593543,0.2116639184593543,MSCI World ex-US,-0.1505449114603284,,2y yield,0.2116639184593543,,Copper LME,-0.0997470836540311,,
2013-01-08,ElasticNetCV,BUY,0.005270092226614,True,BETA,2y yield,0.2113597234991292,0.2113597234991292,MSCI World ex-US,-0.1533399072110245,,2y yield,0.2113597234991292,,Copper LME,-0.1018943902844823,,
2013-01-24,ElasticNetCV,SELL,-0.0046878116896069,True,BETA,2y yield,0.2179912527676638,0.2179912527676638,MSCI World ex-US,-0.1510447813924966,,2y yield,0.2179912527676638,,Copper LME,-0.1014181817258833,,
2013-04-04,ElasticNetCV,BUY,0.0135281919620815,True,BETA,2y yield,0.2104767437059907,0.2104767437059907,2y yield,0.2104767437059907,,MSCI World ex-US,-0.0880016040014708,,Copper LME,-0.0752354692794516,,
2013-04-12,ElasticNetCV,BUY,0.0030584056827149,True,BETA,2y yield,0.2089063415919687,0.2089063415919687,2y yield,0.2089063415919687,,MSCI World ex-US,-0.0912281101808058,,Copper LME,-0.072121353855501,,
2013-04-30,ElasticNetCV,BUY,0.010622456070684,True,BETA,2y yield,0.1857679037910459,0.1857679037910459,2y yield,0.1857679037910459,,MSCI World ex-US,-0.0883825240753649,,BCOM Index,-0.1128917162292845,,
2013-08-26,ElasticNetCV,SELL,-0.0125702314065327,True,BETA,BCOM Index,-0.124076398940078,0.124076398940078,BCOM Index,-0.124076398940078,,MSCI World ex-US,-0.0703573479721999,,2y yield,0.0945197384565412,,
2013-09-18,ElasticNetCV,BUY,0.0114481409001956,True,BETA,BCOM Index,-0.0901999190165017,0.0901999190165017,BCOM Index,-0.0901999190165017,,MSCI World ex-US,-0.0621118901440788,,2y yield,0.0624290891467299,,
2013-11-27,ElasticNetCV,SELL,-0.0004719207173196,True,BETA,5y yield,0.08485025965946,0.08485025965946,BCOM Index,-0.0775646566034123,,MSCI World ex-US,-0.0518644735477871,,5y yield,0.08485025965946,,
2013-11-29,ElasticNetCV,SELL,-0.0027322404371583,True,BETA,5y yield,0.0864483633129288,0.0864483633129288,BCOM Index,-0.0781300085311031,,MSCI World ex-US,-0.0517494562421408,,5y yield,0.0864483633129288,,
2014-01-22,ElasticNetCV,SELL,-0.0003607828988905,True,BETA,5y yield,0.0942371353386411,0.0942371353386411,BCOM Index,-0.0939290830781735,,5y yield,0.0942371353386411,,MSCI World ex-US,-0.0607374898425087,,
2014-04-08,ElasticNetCV,BUY,0.0094296438707315,True,BETA,10y yield,0.0764210171208699,0.0764210171208699,Gold,-0.0683085815934563,,10y yield,0.0764210171208699,,MSCI World ex-US,-0.0593835530717567,,
2014-10-14,ElasticNetCV,SELL,-0.0115959989377709,True,BETA,2y yield,0.0914317650655911,0.0914317650655911,2y yield,0.0914317650655911,,MSCI World ex-US,-0.0750543848693782,,Gold,-0.0442551386441001,,
2015-10-15,ElasticNetCV,BUY,0.0239427860696517,True,BETA,Real 2y yield,0.2426079354546925,0.2426079354546925,Real 2y yield,0.2426079354546925,,BCOM Index,-0.2127449623990165,,MSCI World ex-US,-0.1033328127302263,,
2016-09-05,ElasticNetCV,BUY,0.0212716584158416,True,BETA,BCOM Index,-0.2945069107582294,0.2945069107582294,BCOM Index,-0.2945069107582294,,Local Index,-0.1229893065413842,,1y1m forward OIS,0.1620722399695748,,
2017-01-05,ElasticNetCV,BUY,0.0070321361058602,True,BETA,BCOM Index,-0.2569974651313874,0.2569974651313874,Local Index,-0.2019376374920759,,BCOM Index,-0.2569974651313874,,1y1m forward OIS,0.2074707731360127,,
2017-01-09,ElasticNetCV,BUY,0.0016646489104115,True,BETA,BCOM Index,-0.2578874507119904,0.2578874507119904,Local Index,-0.1931419361548446,,BCOM Index,-0.2578874507119904,,1y1m forward OIS,0.2017675038113308,,
2017-01-31,ElasticNetCV,BUY,0.0035303146584806,True,BETA,Oil,-0.250471590782067,0.250471590782067,Local Index,-0.2237086056153897,,Oil,-0.250471590782067,,1y1m forward OIS,0.2022394517470066,,
2017-05-26,ElasticNetCV,BUY,0.0017849174475679,True,BETA,MSCI World ex-US,-0.2378894142518672,0.2378894142518672,MSCI World ex-US,-0.2378894142518672,,Oil,-0.2149939995885855,,2y yield,0.2130660214920474,,
2017-08-08,ElasticNetCV,SELL,-0.0080524196731665,True,BETA,2y yield,0.2269482500594138,0.2269482500594138,2y yield,0.2269482500594138,,Oil,-0.1287328682265094,,MSCI World ex-US,-0.0990095652968189,,
2017-08-14,ElasticNetCV,SELL,-0.0168212545197297,True,BETA,2y yield,0.2272630169911839,0.2272630169911839,2y yield,0.2272630169911839,,Oil,-0.1285412991826296,,MSCI World ex-US,-0.0973849804012138,,
2017-10-25,ElasticNetCV,SELL,-0.0052360112535168,True,BETA,Real 2y yield,0.2131216915178297,0.2131216915178297,Real 2y yield,0.2131216915178297,,Oil,-0.1149065062441691,,MSCI World ex-US,-0.0796186545700037,,
2017-11-10,ElasticNetCV,BUY,0.002365557483047,True,BETA,5y yield,0.2499838438121927,0.2499838438121927,5y yield,0.2499838438121927,,Gold,-0.041126931424462,,MSCI World ex-US,-0.0983000379155878,,
2017-12-01,ElasticNetCV,BUY,0.0142688214426487,True,BETA,5y yield,0.2444691939978615,0.2444691939978615,5y yield,0.2444691939978615,,Gold,-0.0413729523110473,,MSCI World ex-US,-0.1021599839472922,,
2018-06-19,ElasticNetCV,SELL,-0.0110642781875658,True,BETA,10y yield,0.2037112941468218,0.2037112941468218,10y yield,0.2037112941468218,,Gold,-0.1274353800642603,,Local - Wilshire,0.1735564055985995,,
2018-08-22,ElasticNetCV,BUY,0.013926290682465,True,BETA,6m1m forward OIS,0.2190728977905726,0.2190728977905726,6m1m forward OIS,0.2190728977905726,,Gold,-0.1766684484323471,,Local - S&P500,0.1387162378495968,,
2018-10-10,ElasticNetCV,SELL,-0.0008417508417507,True,BETA,10y yield,0.1898115641860359,0.1898115641860359,10y yield,0.1898115641860359,,Gold,-0.1591931579398103,,Local - S&P500,0.1537143734643578,,
2018-12-21,ElasticNetCV,SELL,-0.0167622408469343,True,BETA,Gold,-0.1684252627268333,0.1684252627268333,Gold,-0.1684252627268333,,10y yield,0.1378285186473562,,Local - Dow Jones,0.1493147502163377,,
2019-03-21,ElasticNetCV,SELL,-0.0003741394791978,True,BETA,Gold,-0.1327552882649463,0.1327552882649463,Gold,-0.1327552882649463,,MSCI World ex-US,-0.1247647745991115,,1y1m forward OIS,0.1088796087224197,,
2019-07-12,ElasticNetCV,BUY,0.0105925698495548,True,BETA,MSCI World ex-US,-0.1157062047446731,0.1157062047446731,MSCI World ex-US,-0.1157062047446731,,Copper LME,-0.0970890019663884,,1y1m forward OIS,0.1004756894381601,,
2019-07-18,ElasticNetCV,BUY,0.0142012742765025,True,BETA,MSCI World ex-US,-0.116598641714682,0.116598641714682,MSCI World ex-US,-0.116598641714682,,Copper LME,-0.096061066811798,,1y1m forward OIS,0.0999657295431826,,
2019-09-04,ElasticNetCV,BUY,0.004915305505142,True,BETA,Real 2y yield,0.1148174553183203,0.1148174553183203,Copper LME,-0.094389165983587,,MSCI World ex-US,-0.1091366102425209,,Real 2y yield,0.1148174553183203,,
2019-09-06,ElasticNetCV,BUY,0.0068321566841267,True,BETA,Real 2y yield,0.1152897947604464,0.1152897947604464,Copper LME,-0.0968200477320039,,MSCI World ex-US,-0.1075556906876716,,Real 2y yield,0.1152897947604464,,
2019-10-17,ElasticNetCV,BUY,0.0020552637588489,True,BETA,MSCI World ex-US,-0.1428174485233428,0.1428174485233428,MSCI World ex-US,-0.1428174485233428,,Copper LME,-0.0648979307869925,,Real 2y yield,0.1255829733455257,,
2020-01-20,ElasticNetCV,BUY,0.0182403433476394,True,BETA,Real 2y yield,0.1430833688598362,0.1430833688598362,Real 2y yield,0.1430833688598362,,Local - S&P500,0.1161849691580577,,BCOM Index,-0.1091163005622485,,
2020-01-23,ElasticNetCV,BUY,0.0119600822731773,True,BETA,Real 2y yield,0.1428666424157036,0.1428666424157036,Real 2y yield,0.1428666424157036,,Local - S&P500,0.1134569057447893,,BCOM Index,-0.110679042187351,,
2020-08-04,ElasticNetCV,SELL,-0.0113371874765373,True,BETA,MSCI World ex-US,-0.174693690701739,0.174693690701739,MSCI World ex-US,-0.174693690701739,,Copper LME,-0.0975931792998368,,2y yield,0.1082653850759584,,
2020-10-28,ElasticNetCV,SELL,-0.0195151242212715,True,BETA,MSCI World ex-US,-0.1783984034409378,0.1783984034409378,MSCI World ex-US,-0.1783984034409378,,Copper LME,-0.1138469925190267,,2y yield,0.1002988678734496,,
2020-11-12,ElasticNetCV,SELL,-0.0094361159729091,True,BETA,MSCI World ex-US,-0.1855035339587825,0.1855035339587825,MSCI World ex-US,-0.1855035339587825,,Copper LME,-0.1153039754532523,,2y yield,0.0957853930698733,,
2020-11-17,ElasticNetCV,SELL,-0.0128958412819534,True,BETA,MSCI World ex-US,-0.1858465834052665,0.1858465834052665,MSCI World ex-US,-0.1858465834052665,,Copper LME,-0.1158249863013999,,2y yield,0.0991454562627738,,
2020-11-20,ElasticNetCV,SELL,-0.0237495227185949,True,BETA,MSCI World ex-US,-0.185729994092528,0.185729994092528,MSCI World ex-US,-0.185729994092528,,Copper LME,-0.1168921230495879,,2y yield,0.0954011517237166,,
2021-02-24,ElasticNetCV,BUY,0.0083912730760009,True,BETA,MSCI World ex-US,-0.2586712370053508,0.2586712370053508,MSCI World ex-US,-0.2586712370053508,,BCOM Index,-0.106524357784324,,3m1m forward OIS,0.0256528950792358,,
2021-06-18,ElasticNetCV,SELL,-0.0114721219414359,True,BETA,Local Index,-0.2224674602032681,0.2224674602032681,Local Index,-0.2224674602032681,,Oil,-0.1156757207788295,,10y yield,0.1006194465678721,,
2021-09-17,ElasticNetCV,SELL,-0.009088060169226,True,BETA,Local Index,-0.2641180841287613,0.2641180841287613,Local Index,-0.2641180841287613,,Crude oil WCS,-0.1529453030092251,,10y yield,0.0802029566177695,,
2021-12-17,ElasticNetCV,SELL,-0.0195515555900379,True,BETA,MSCI World ex-US,-0.219759133423666,0.219759133423666,MSCI World ex-US,-0.219759133423666,,Oil,-0.1488166075262022,,VIX Index,0.0093766457641057,,
2022-05-09,ElasticNetCV,SELL,-0.0187533625393897,True,BETA,MSCI World ex-US,-0.189144071511301,0.189144071511301,MSCI World ex-US,-0.189144071511301,,Copper LME,-0.0767104327995296,,Real 2y yield,0.0217734716398044,,
2022-06-13,ElasticNetCV,SELL,-0.0017055585704317,True,BETA,MSCI World ex-US,-0.1686511564944867,0.1686511564944867,MSCI World ex-US,-0.1686511564944867,,Copper LME,-0.0470967218488265,,Real 2y yield,0.0,,
2022-06-16,ElasticNetCV,SELL,-0.0059459459459457,True,BETA,MSCI World ex-US,-0.1729468436659481,0.1729468436659481,MSCI World ex-US,-0.1729468436659481,,Copper LME,-0.0460974730508052,,Real 2y yield,0.0,,
2022-08-26,ElasticNetCV,SELL,-0.0001534566101434,True,BETA,MSCI World ex-US,-0.174684927029802,0.174684927029802,MSCI World ex-US,-0.174684927029802,,Copper LME,-0.0278561587188104,,Real 2y yield,0.0,,
2022-08-30,ElasticNetCV,BUY,0.0057282517375696,True,BETA,MSCI World ex-US,-0.2097138119589907,0.2097138119589907,MSCI World ex-US,-0.2097138119589907,,Copper LME,-0.0716091515550516,,Real 2y yield,0.0310865929441623,,
2023-02-14,ElasticNetCV,BUY,0.0232436080077977,True,BETA,Local Index,-0.277402327105751,0.277402327105751,Local Index,-0.277402327105751,,Gold,-0.0864554570058338,,5y yield,0.0788519755270504,,
2023-04-25,ElasticNetCV,SELL,-0.0178322448081015,True,BETA,Local Index,-0.2880108644610931,0.2880108644610931,Local Index,-0.2880108644610931,,BCOM Index,-0.1042659935594135,,5y yield,0.0851816037005609,,
2023-05-09,ElasticNetCV,BUY,0.0089659294680215,True,BETA,Local Index,-0.2942797642894587,0.2942797642894587,Local Index,-0.2942797642894587,,BCOM Index,-0.097551993997729,,5y yield,0.0896447239981915,,
2023-05-16,ElasticNetCV,BUY,0.0089007565643079,True,BETA,Local Index,-0.2953235213465328,0.2953235213465328,Local Index,-0.2953235213465328,,BCOM Index,-0.0981632962114558,,5y yield,0.0962405743987689,,
2023-06-15,ElasticNetCV,BUY,0.0021931483022006,True,BETA,Local Index,-0.3078900244779584,0.3078900244779584,Local Index,-0.3078900244779584,,BCOM Index,-0.1118343312766673,,5y yield,0.1036629207540126,,
2023-09-01,ElasticNetCV,SELL,-0.004929370217775,True,BETA,Local Index,-0.2600736447736798,0.2600736447736798,BCOM Index,-0.1643724243644882,,Local Index,-0.2600736447736798,,5y yield,0.1257674884860733,,
2023-12-21,ElasticNetCV,BUY,0.0050440412557404,True,BETA,MSCI World ex-US,-0.1246239796018607,0.1246239796018607,BCOM Index,-0.1158576087004729,,MSCI World ex-US,-0.1246239796018607,,3m1m forward OIS,0.0606027720210443,,
2024-05-31,ElasticNetCV,BUY,0.0077781039037276,True,BETA,Local Index,-0.1604150228367983,0.1604150228367983,Local Index,-0.1604150228367983,,6m1m forward OIS,0.1121170050468258,,Gold,-0.0521901722783956,,
2024-07-26,ElasticNetCV,SELL,-0.0076611737496385,True,BETA,Local Index,-0.1466572309984132,0.1466572309984132,Local Index,-0.1466572309984132,,5y yield,0.0857526401859416,,Gold,-0.0432248070151534,,
2024-12-17,ElasticNetCV,BUY,0.0051712089447937,True,BETA,Local Index,-0.0873081684712303,0.0873081684712303,Local Index,-0.0873081684712303,,5y yield,0.0829244892268093,,Gold,-0.0436037374959217,,
2025-06-03,ElasticNetCV,SELL,-0.0029883381924199,True,BETA,5y yield,0.1027488931127469,0.1027488931127469,Copper LME,-0.1018431998195527,,5y yield,0.1027488931127469,,MSCI World ex-US,-0.0464014527613876,,
2025-12-23,ElasticNetCV,BUY,0.0092781998831092,True,BETA,Real 2y yield,0.0970826253331516,0.0970826253331516,Real 2y yield,0.0970826253331516,,Gold,-0.0864777027336298,,MSCI World ex-US,-0.0722672253908912,,
2026-01-29,ElasticNetCV,BUY,0.0088954781319496,True,BETA,Real 2y yield,0.1260077953423214,0.1260077953423214,Real 2y yield,0.1260077953423214,,Gold,-0.0874331547647618,,MSCI World ex-US,-0.0865247399043942,,
2001-10-05,XGBRegressor,BUY,0.0077464788732395,True,SHAP,Gold,0.0566028133034706,0.0566028133034706,MSCI EM,,0.040570955723524,Gold,,0.0566028133034706,,,,
2002-07-26,XGBRegressor,SELL,-0.009136160292357,True,SHAP,VIX Index,0.0467258766293525,0.0467258766293525,Local Index,,0.0141080515459179,VIX Index,,0.0467258766293525,Gold,,0.0385762006044387,
2002-12-02,XGBRegressor,BUY,0.0016689132806984,True,SHAP,VIX Index,-0.0519941821694374,0.0519941821694374,MSCI World ex-US,,0.0117968283593654,Copper LME,,-0.0137523217126727,VIX Index,,-0.0519941821694374,
2003-01-24,XGBRegressor,BUY,0.0007899934167214,True,SHAP,Copper LME,0.0781219527125358,0.0781219527125358,MSCI World ex-US,,0.0041196416132152,Copper LME,,0.0781219527125358,VIX Index,,0.0279617123305797,
2003-02-12,XGBRegressor,SELL,-0.0253999347045381,True,SHAP,Copper LME,0.0647893995046615,0.0647893995046615,MSCI World ex-US,,-0.0187637545168399,Copper LME,,0.0647893995046615,VIX Index,,0.0494550615549087,
2003-05-06,XGBRegressor,SELL,-0.0325220762438079,True,SHAP,MSCI World ex-US,-0.1666545867919922,0.1666545867919922,VIX Index,,-0.0471232160925865,MSCI World ex-US,,-0.1666545867919922,BCOM Index,,0.0406260080635547,
2003-07-15,XGBRegressor,SELL,-0.0041663673586666,True,SHAP,Gold,0.1391641050577163,0.1391641050577163,Gold,,0.1391641050577163,MSCI World ex-US,,-0.0491893589496612,VIX Index,,-0.0838680416345596,
2003-12-11,XGBRegressor,SELL,-0.0068280100144147,True,SHAP,MSCI World - Dow Jones,0.1143388226628303,0.1143388226628303,MSCI World - Dow Jones,,0.1143388226628303,Gold,,-0.0773082450032234,2y yield,,-0.0342008061707019,
2004-04-06,XGBRegressor,BUY,0.0372974625496789,True,SHAP,MSCI World - Dow Jones,0.2366678565740585,0.2366678565740585,Gold,,-0.1895191222429275,MSCI World - Dow Jones,,0.2366678565740585,5y yield,,-0.0931471735239029,
2004-07-16,XGBRegressor,BUY,0.0150960658737417,True,SHAP,Gold,-0.193214014172554,0.193214014172554,Gold,,-0.193214014172554,MSCI World - Dow Jones,,-0.068285658955574,5y yield,,-0.0973206609487533,
2004-09-21,XGBRegressor,SELL,-0.0201211932877561,True,SHAP,MSCI World ex-US,-0.185330644249916,0.185330644249916,Gold,,-0.1733727604150772,MSCI World ex-US,,-0.185330644249916,5y yield,,-0.0744458809494972,
2004-12-22,XGBRegressor,SELL,-0.0127275656516836,True,SHAP,Gold,0.1346700191497802,0.1346700191497802,Gold,,0.1346700191497802,MSCI World ex-US,,-0.1040394827723503,10y yield,,-0.0175152942538261,
2005-07-08,XGBRegressor,BUY,0.0003281378178834,True,SHAP,Gold,0.5394874215126038,0.5394874215126038,Gold,,0.5394874215126038,MSCI World ex-US,,-0.0874391347169876,,,,
2005-11-15,XGBRegressor,SELL,-0.0199530516431925,True,SHAP,MSCI World ex-US,0.2266307175159454,0.2266307175159454,MSCI World ex-US,,0.2266307175159454,Gold,,-0.058164432644844,,,,
2005-11-18,XGBRegressor,SELL,-0.0221287336979385,True,SHAP,MSCI World ex-US,-0.2174811214208603,0.2174811214208603,MSCI World ex-US,,-0.2174811214208603,Copper LME,,-0.1158424243330955,,,,
2005-12-20,XGBRegressor,SELL,-0.0139031047424088,True,SHAP,Gold,0.447752982378006,0.447752982378006,MSCI World ex-US,,-0.0484555661678314,Gold,,0.447752982378006,,,,
2005-12-27,XGBRegressor,SELL,-0.0074061462501064,True,SHAP,Oil,0.0447909273207187,0.0447909273207187,MSCI World ex-US,,-0.0009498391300439,Oil,,0.0447909273207187,,,,
2006-01-06,XGBRegressor,SELL,-0.0112378828171912,True,SHAP,MSCI World ex-US,-0.2776048183441162,0.2776048183441162,MSCI World ex-US,,-0.2776048183441162,Oil,,-0.1023963168263435,,,,
2006-03-24,XGBRegressor,SELL,-0.0155875299760191,True,SHAP,MSCI World ex-US,-0.1685928106307983,0.1685928106307983,MSCI World ex-US,,-0.1685928106307983,Oil,,-0.0159199386835098,5y yield,,0.001196478260681,
2006-04-03,XGBRegressor,SELL,-0.0217762596071734,True,SHAP,Oil,-0.2562793791294098,0.2562793791294098,MSCI World ex-US,,-0.0666829273104667,Oil,,-0.2562793791294098,5y yield,,-0.0487170256674289,
2006-05-26,XGBRegressor,BUY,0.0004521204448864,True,SHAP,MSCI World ex-US,-0.1743137687444687,0.1743137687444687,Oil,,0.0521973371505737,MSCI World ex-US,,-0.1743137687444687,,,,
2006-06-12,XGBRegressor,BUY,0.0220120065490267,True,SHAP,MSCI World ex-US,0.155623972415924,0.155623972415924,Oil,,0.1378684788942337,MSCI World ex-US,,0.155623972415924,2y yield,,0.0008368448470719,
2006-10-13,XGBRegressor,SELL,-0.0160808435852372,True,SHAP,Oil,-0.1547729671001434,0.1547729671001434,Oil,,-0.1547729671001434,MSCI World ex-US,,-0.043219681829214,2y yield,,-0.0688142552971839,
2006-11-17,XGBRegressor,SELL,-0.0015697218104124,True,SHAP,2y yield,-0.0864502638578414,0.0864502638578414,BCOM Index,,-0.042732648551464,MSCI World ex-US,,0.04573405534029,2y yield,,-0.0864502638578414,
2007-01-03,XGBRegressor,SELL,-0.0005113345832622,True,SHAP,Gold,0.1578900068998336,0.1578900068998336,Gold,,0.1578900068998336,MSCI World ex-US,,0.0311514604836702,5y yield,,-0.0224509742110967,
2007-06-01,XGBRegressor,BUY,0.0065987933634994,True,SHAP,2y yield,0.1852788627147674,0.1852788627147674,Gold,,-0.0925481766462326,MSCI World ex-US,,-0.0588295646011829,2y yield,,0.1852788627147674,
2007-10-29,XGBRegressor,BUY,0.0156168116549628,True,SHAP,Gold,-0.3248785138130188,0.3248785138130188,Gold,,-0.3248785138130188,Local - Wilshire,,0.1697765737771988,,,,
2008-04-03,XGBRegressor,BUY,0.0058729842723472,True,SHAP,MSCI World ex-US,-0.0288613960146904,0.0288613960146904,Gold,,-0.0220546163618564,MSCI World ex-US,,-0.0288613960146904,VIX Index,,-0.01005435641855,
2008-08-21,XGBRegressor,BUY,0.0255033557046981,True,SHAP,Copper LME,0.116355188190937,0.116355188190937,MSCI World ex-US,,-0.033084686845541,Copper LME,,0.116355188190937,6m1m forward OIS,,0.012148942798376,
2008-09-22,XGBRegressor,BUY,0.0614018150222048,True,SHAP,10y yield,-0.1602814644575119,0.1602814644575119,Copper LME,,0.0696024820208549,MSCI World ex-US,,-0.0495543889701366,10y yield,,-0.1602814644575119,
2008-10-22,XGBRegressor,SELL,-0.0672302416460642,True,SHAP,Copper LME,0.3782225251197815,0.3782225251197815,Copper LME,,0.3782225251197815,MSCI World ex-US,,0.2935608923435211,VIX Index,,0.1785512566566467,
2009-02-10,XGBRegressor,SELL,-0.0012059816690787,True,SHAP,10y yield,0.2256661504507064,0.2256661504507064,MSCI World ex-US,,0.1414902508258819,BCOM Index,,0.0570935569703578,10y yield,,0.2256661504507064,
2009-06-02,XGBRegressor,BUY,0.0502219755826858,True,SHAP,MSCI World ex-US,-0.110671117901802,0.110671117901802,BCOM Index,,0.1095414012670517,MSCI World ex-US,,-0.110671117901802,5y yield,,0.0258335843682289,
2009-07-21,XGBRegressor,SELL,-0.028177946905862,True,SHAP,MSCI World ex-US,-0.402392715215683,0.402392715215683,BCOM Index,,0.1041730195283889,MSCI World ex-US,,-0.402392715215683,10y yield,,0.0198860596865415,
2009-08-07,XGBRegressor,SELL,-9.248127254235516e-05,True,SHAP,5y yield,-0.0386439710855484,0.0386439710855484,BCOM Index,,0.0237172469496727,MSCI World ex-US,,-0.0049469615332782,5y yield,,-0.0386439710855484,
2010-06-22,XGBRegressor,BUY,0.024184149184149,True,SHAP,Local Index,0.4951928555965423,0.4951928555965423,Local Index,,0.4951928555965423,BCOM Index,,0.0874767154455185,2y yield,,0.0194854438304901,
2010-06-28,XGBRegressor,BUY,0.0013516122803629,True,SHAP,Local Index,0.2842857241630554,0.2842857241630554,Local Index,,0.2842857241630554,BCOM Index,,0.2159063667058944,2y yield,,0.037133514881134,
2010-08-31,XGBRegressor,SELL,-0.0357545045045045,True,SHAP,BCOM Index,0.3204982280731201,0.3204982280731201,Local Index,,-0.1645727753639221,BCOM Index,,0.3204982280731201,2y yield,,0.0607402361929416,
2010-11-30,XGBRegressor,SELL,-0.019680436477007,True,SHAP,Oil,0.2019248157739639,0.2019248157739639,Local Index,,-0.1788151562213897,Oil,,0.2019248157739639,1y1m forward OIS,,-0.0459031350910663,
2010-12-08,XGBRegressor,BUY,0.0019778481012657,True,SHAP,Local Index,0.3169275522232055,0.3169275522232055,Local Index,,0.3169275522232055,Oil,,0.01961375400424,1y1m forward OIS,,0.1152446866035461,
2011-02-28,XGBRegressor,BUY,0.0022643062988885,True,SHAP,1y1m forward OIS,-0.375602513551712,0.375602513551712,Local Index,,-0.0818083137273788,Oil,,0.0485398359596729,1y1m forward OIS,,-0.375602513551712,
2011-03-15,XGBRegressor,SELL,-0.0116644690130844,True,SHAP,Oil,0.3881657421588897,0.3881657421588897,Local Index,,0.0402795523405075,Oil,,0.3881657421588897,1y1m forward OIS,,0.0125492140650749,
2011-07-15,XGBRegressor,BUY,0.0020981955518253,True,SHAP,1y1m forward OIS,0.3368018865585327,0.3368018865585327,MSCI World ex-US,,0.0119029805064201,1y1m forward OIS,,0.3368018865585327,BCOM Index,,-0.0360697172582149,
2011-07-21,XGBRegressor,BUY,0.0404961306053217,True,SHAP,MSCI World ex-US,-0.269098550081253,0.269098550081253,MSCI World ex-US,,-0.269098550081253,1y1m forward OIS,,-0.0705885961651802,Oil,,0.163111001253128,
2011-07-26,XGBRegressor,BUY,0.0348406226834692,True,SHAP,1y1m forward OIS,0.0792166069149971,0.0792166069149971,MSCI World ex-US,,-0.0205207113176584,1y1m forward OIS,,0.0792166069149971,Oil,,-0.0530743859708309,
2011-07-28,XGBRegressor,BUY,0.0367639313178129,True,SHAP,Oil,0.3513737022876739,0.3513737022876739,MSCI World ex-US,,0.1546918153762817,1y1m forward OIS,,-0.060986116528511,Oil,,0.3513737022876739,
2011-08-03,XGBRegressor,BUY,0.0193327096975366,True,SHAP,Oil,0.6184414625167847,0.6184414625167847,MSCI World ex-US,,0.2088339030742645,1y1m forward OIS,,0.0473151616752147,Oil,,0.6184414625167847,
2011-10-06,XGBRegressor,SELL,-0.0209237296307008,True,SHAP,MSCI World ex-US,-0.5362410545349121,0.5362410545349121,MSCI World ex-US,,-0.5362410545349121,2y yield,,-0.0077332598157227,BCOM Index,,-0.1386487185955047,
2011-10-11,XGBRegressor,SELL,-0.0129126213592234,True,SHAP,MSCI World ex-US,-0.1801866590976715,0.1801866590976715,MSCI World ex-US,,-0.1801866590976715,2y yield,,-0.0438714139163494,BCOM Index,,-0.0202205218374729,
2012-03-22,XGBRegressor,SELL,-0.006204343040128,True,SHAP,MSCI World ex-US,0.1837404817342758,0.1837404817342758,2y yield,,0.1682865917682647,BCOM Index,,0.0507022589445114,MSCI World ex-US,,0.1837404817342758,
2012-09-13,XGBRegressor,BUY,0.0124935467217346,True,SHAP,2y yield,0.199216678738594,0.199216678738594,2y yield,,0.199216678738594,MSCI World ex-US,,-0.0965500548481941,Oil,,-0.0511968880891799,
2012-11-08,XGBRegressor,SELL,-0.0030990702789163,True,SHAP,MSCI World ex-US,0.1595376580953598,0.1595376580953598,MSCI World ex-US,,0.1595376580953598,2y yield,,-0.1233541071414947,Copper LME,,-0.0919638574123382,
2012-11-13,XGBRegressor,SELL,-0.007484283005688,True,SHAP,Copper LME,-0.0974386930465698,0.0974386930465698,MSCI World ex-US,,-0.0878137052059173,2y yield,,-0.0416482724249362,Copper LME,,-0.0974386930465698,
2012-12-28,XGBRegressor,SELL,-0.0122367101303911,True,SHAP,2y yield,-0.023923423141241,0.023923423141241,MSCI World ex-US,,0.0133317476138472,2y yield,,-0.023923423141241,Copper LME,,-0.0068387920036911,
2013-01-02,XGBRegressor,BUY,0.0010153315057366,True,SHAP,2y yield,-0.2011192142963409,0.2011192142963409,MSCI World ex-US,,-0.1871557831764221,2y yield,,-0.2011192142963409,Copper LME,,0.0243032146245241,
2013-01-08,XGBRegressor,BUY,0.005270092226614,True,SHAP,2y yield,0.2349415272474289,0.2349415272474289,MSCI World ex-US,,0.149773359298706,2y yield,,0.2349415272474289,Copper LME,,0.0133048649877309,
2013-01-10,XGBRegressor,BUY,0.0197314890154596,True,SHAP,2y yield,-0.1634216606616974,0.1634216606616974,MSCI World ex-US,,-0.0719256401062011,2y yield,,-0.1634216606616974,Copper LME,,-0.0951813906431198,
2013-04-30,XGBRegressor,BUY,0.010622456070684,True,SHAP,2y yield,0.1641381382942199,0.1641381382942199,2y yield,,0.1641381382942199,MSCI World ex-US,,-0.021436657756567,BCOM Index,,0.0792637839913368,
2013-06-27,XGBRegressor,SELL,-0.0105946358690466,True,SHAP,MSCI World ex-US,-0.1097179278731346,0.1097179278731346,2y yield,,-0.0592218711972236,BCOM Index,,0.0243972316384315,MSCI World ex-US,,-0.1097179278731346,
2013-07-05,XGBRegressor,SELL,-0.0202230202230202,True,SHAP,MSCI World ex-US,0.1804669946432113,0.1804669946432113,2y yield,,-0.1052250117063522,BCOM Index,,0.0615636967122554,MSCI World ex-US,,0.1804669946432113,
2013-09-17,XGBRegressor,BUY,0.0025252525252523,True,SHAP,MSCI World ex-US,-0.0562188401818275,0.0562188401818275,BCOM Index,,0.0484732426702976,MSCI World ex-US,,-0.0562188401818275,2y yield,,-0.031535942107439,
2013-12-02,XGBRegressor,SELL,-0.004509582863585,True,SHAP,MSCI World ex-US,0.0673116818070411,0.0673116818070411,BCOM Index,,0.0164379514753818,MSCI World ex-US,,0.0673116818070411,5y yield,,-0.0086135324090719,
2013-12-13,XGBRegressor,BUY,0.0114312706660368,True,SHAP,MSCI World ex-US,0.0484358482062816,0.0484358482062816,BCOM Index,,0.0178477354347705,MSCI World ex-US,,0.0484358482062816,5y yield,,-0.0166504438966512,
2013-12-31,XGBRegressor,BUY,0.0304057234302927,True,SHAP,BCOM Index,0.0782275348901748,0.0782275348901748,BCOM Index,,0.0782275348901748,MSCI World ex-US,,0.0405459925532341,5y yield,,-0.0168297793716192,
2014-01-22,XGBRegressor,SELL,-0.0003607828988905,True,SHAP,5y yield,0.3682956993579864,0.3682956993579864,BCOM Index,,-0.0937001779675483,5y yield,,0.3682956993579864,MSCI World ex-US,,0.021659642457962,
2014-10-14,XGBRegressor,SELL,-0.0115959989377709,True,SHAP,2y yield,0.1702136695384979,0.1702136695384979,2y yield,,0.1702136695384979,MSCI World ex-US,,0.0838234648108482,Gold,,0.0647081360220909,
2015-05-05,XGBRegressor,BUY,0.0135885326041924,True,SHAP,1y1m forward OIS,0.6173109412193298,0.6173109412193298,1y1m forward OIS,,0.6173109412193298,BCOM Index,,-0.1857183873653412,MSCI World ex-US,,0.174730584025383,
2015-06-17,XGBRegressor,BUY,0.0296041871115471,True,SHAP,1y1m forward OIS,-0.1674942225217819,0.1674942225217819,1y1m forward OIS,,-0.1674942225217819,BCOM Index,,0.0117911268025636,MSCI World ex-US,,0.1307278424501419,
2015-09-25,XGBRegressor,SELL,-0.0293919172227637,True,SHAP,BCOM Index,-0.2586759924888611,0.2586759924888611,Real 2y yield,,-0.1401305198669433,BCOM Index,,-0.2586759924888611,MSCI World ex-US,,-0.2416653037071228,
2015-09-29,XGBRegressor,SELL,-0.0285352406496796,True,SHAP,Real 2y yield,-0.2076072841882705,0.2076072841882705,Real 2y yield,,-0.2076072841882705,BCOM Index,,-0.08822663128376,MSCI World ex-US,,0.1682586222887039,
2015-11-19,XGBRegressor,BUY,0.0053447756699789,True,SHAP,Real 2y yield,0.2305545806884765,0.2305545806884765,Real 2y yield,,0.2305545806884765,BCOM Index,,-0.0486826002597808,MSCI World ex-US,,-0.1526109129190445,
2015-11-24,XGBRegressor,BUY,0.0210447200300638,True,SHAP,BCOM Index,-0.3047091960906982,0.3047091960906982,Real 2y yield,,0.1671982407569885,BCOM Index,,-0.3047091960906982,MSCI World ex-US,,0.0719419196248054,
2015-12-02,XGBRegressor,BUY,0.0327512553398785,True,SHAP,BCOM Index,0.6066904664039612,0.6066904664039612,Real 2y yield,,-0.0243609212338924,BCOM Index,,0.6066904664039612,MSCI World ex-US,,0.0233431365340948,
2016-01-13,XGBRegressor,SELL,-0.0170153417015341,True,SHAP,BCOM Index,-0.2113644778728485,0.2113644778728485,BCOM Index,,-0.2113644778728485,Real 2y yield,,0.1352190524339676,MSCI World ex-US,,-0.0781168565154075,
2016-08-18,XGBRegressor,BUY,0.0251134407760913,True,SHAP,BCOM Index,-0.3304685354232788,0.3304685354232788,BCOM Index,,-0.3304685354232788,Local Index,,0.0701611712574958,1y1m forward OIS,,-0.0008929603500291,
2016-09-16,XGBRegressor,SELL,-0.0064335452618831,True,SHAP,BCOM Index,-0.1796019822359085,0.1796019822359085,BCOM Index,,-0.1796019822359085,Local Index,,0.0746530890464782,1y1m forward OIS,,0.083159439265728,
2016-09-26,XGBRegressor,SELL,-0.0038557496030845,True,SHAP,BCOM Index,-0.2444731146097183,0.2444731146097183,BCOM Index,,-0.2444731146097183,Local Index,,0.1088505163788795,1y1m forward OIS,,0.0869485735893249,
2017-05-01,XGBRegressor,SELL,-0.0035085154593963,True,SHAP,MSCI World ex-US,-0.1239307299256324,0.1239307299256324,Oil,,0.0228454135358333,MSCI World ex-US,,-0.1239307299256324,2y yield,,0.0432127527892589,
2017-10-30,XGBRegressor,SELL,-0.0077924101924725,True,SHAP,Real 2y yield,0.1081162244081497,0.1081162244081497,Real 2y yield,,0.1081162244081497,Gold,,0.0053261574357748,MSCI World ex-US,,-0.0172050129622221,
2017-11-10,XGBRegressor,BUY,0.002365557483047,True,SHAP,5y yield,0.2858317196369171,0.2858317196369171,5y yield,,0.2858317196369171,Gold,,0.0178586058318614,MSCI World ex-US,,0.0768297240138053,
2018-03-07,XGBRegressor,SELL,-0.0006970260223047,True,SHAP,5y yield,0.0222605876624584,0.0222605876624584,5y yield,,0.0222605876624584,Gold,,0.0056018335744738,MSCI World ex-US,,0.0151667213067412,
2018-07-10,XGBRegressor,BUY,0.0032029283916723,True,SHAP,Local - Wilshire,0.1263041794300079,0.1263041794300079,10y yield,,0.0703916698694229,Gold,,0.0649555921554565,Local - Wilshire,,0.1263041794300079,
2018-07-30,XGBRegressor,BUY,0.0075176434489105,True,SHAP,6m1m forward OIS,0.2318860292434692,0.2318860292434692,6m1m forward OIS,,0.2318860292434692,Gold,,0.0460260063409805,Local - Wilshire,,0.1229073703289032,
2018-12-21,XGBRegressor,SELL,-0.0167622408469343,True,SHAP,10y yield,-0.1198006272315979,0.1198006272315979,Gold,,0.0182408168911933,10y yield,,-0.1198006272315979,Local - Dow Jones,,0.0715638250112533,
2019-07-12,XGBRegressor,BUY,0.0105925698495548,True,SHAP,Copper LME,0.0860460996627807,0.0860460996627807,MSCI World ex-US,,-0.0564948543906211,Copper LME,,0.0860460996627807,1y1m forward OIS,,0.0594587288796901,
2019-07-17,XGBRegressor,BUY,0.0104948674735714,True,SHAP,MSCI World ex-US,0.1206303387880325,0.1206303387880325,MSCI World ex-US,,0.1206303387880325,Copper LME,,0.0903155505657196,1y1m forward OIS,,0.025083739310503,
2019-10-17,XGBRegressor,BUY,0.0020552637588489,True,SHAP,Real 2y yield,0.1286307722330093,0.1286307722330093,MSCI World ex-US,,-0.0637050494551658,Copper LME,,0.0037141051143407,Real 2y yield,,0.1286307722330093,
2020-08-07,XGBRegressor,SELL,-0.0154662283323371,True,SHAP,Copper LME,0.3239418864250183,0.3239418864250183,MSCI World ex-US,,-0.0061132246628403,Copper LME,,0.3239418864250183,2y yield,,-0.0133058205246925,
2020-11-12,XGBRegressor,SELL,-0.0094361159729091,True,SHAP,MSCI World ex-US,0.062586560845375,0.062586560845375,MSCI World ex-US,,0.062586560845375,Copper LME,,-0.040445614606142,2y yield,,0.0017543896101415,
2020-11-17,XGBRegressor,SELL,-0.0128958412819534,True,SHAP,Copper LME,0.1355930566787719,0.1355930566787719,MSCI World ex-US,,-0.0372653380036354,Copper LME,,0.1355930566787719,2y yield,,0.0084429318085312,
2021-02-16,XGBRegressor,SELL,-0.0043341213553977,True,SHAP,Copper LME,-0.0547120496630668,0.0547120496630668,MSCI World ex-US,,0.0459629893302917,Copper LME,,-0.0547120496630668,2y yield,,-0.0499082244932651,
2021-06-18,XGBRegressor,SELL,-0.0114721219414359,True,SHAP,Local Index,0.2106888741254806,0.2106888741254806,Local Index,,0.2106888741254806,Oil,,-0.154707446694374,10y yield,,-0.1336365938186645,
2021-08-19,XGBRegressor,SELL,-0.0214374805113812,True,SHAP,Local Index,0.0776859372854232,0.0776859372854232,Local Index,,0.0776859372854232,Crude oil WCS,,0.0701677203178405,10y yield,,0.0582770034670829,
2021-09-17,XGBRegressor,SELL,-0.009088060169226,True,SHAP,Local Index,0.1160851866006851,0.1160851866006851,Local Index,,0.1160851866006851,Crude oil WCS,,0.0548975020647048,10y yield,,-0.0645555853843689,
2022-01-24,XGBRegressor,BUY,0.0022946668776704,True,SHAP,MSCI World ex-US,0.6107950806617737,0.6107950806617737,MSCI World ex-US,,0.6107950806617737,Oil,,0.0601660013198852,VIX Index,,0.2639219462871551,
2022-03-02,XGBRegressor,BUY,0.0036418335840393,True,SHAP,Oil,-0.3012502789497375,0.3012502789497375,MSCI World ex-US,,0.1676880717277526,Oil,,-0.3012502789497375,5y yield,,0.032895129173994,
2022-03-25,XGBRegressor,BUY,0.0076140097779915,True,SHAP,Copper LME,0.095215268433094,0.095215268433094,MSCI World ex-US,,-0.0174679160118103,Copper LME,,0.095215268433094,5y yield,,-0.0384032614529132,
2022-04-05,XGBRegressor,BUY,0.010490910546969,True,SHAP,MSCI World ex-US,0.2114402949810028,0.2114402949810028,MSCI World ex-US,,0.2114402949810028,Copper LME,,0.0242216940969228,5y yield,,0.0812179297208786,
2022-04-20,XGBRegressor,BUY,0.0198415873269861,True,SHAP,MSCI World ex-US,-0.3989380300045013,0.3989380300045013,MSCI World ex-US,,-0.3989380300045013,Copper LME,,0.0919114872813224,Real 2y yield,,-0.0108082396909594,
2022-06-02,XGBRegressor,BUY,0.0302307080350039,True,SHAP,MSCI World ex-US,-0.1698295623064041,0.1698295623064041,MSCI World ex-US,,-0.1698295623064041,Copper LME,,0.0590335354208946,Real 2y yield,,-0.0500771477818489,
2022-08-26,XGBRegressor,SELL,-0.0001534566101434,True,SHAP,MSCI World ex-US,0.2971482574939728,0.2971482574939728,MSCI World ex-US,,0.2971482574939728,Copper LME,,-0.0521802194416523,Real 2y yield,,0.0511092282831668,
2022-09-07,XGBRegressor,BUY,0.0260650865025531,True,SHAP,MSCI World ex-US,0.2918185293674469,0.2918185293674469,MSCI World ex-US,,0.2918185293674469,Copper LME,,0.0513546131551265,Real 2y yield,,-0.03860779479146,
2022-11-10,XGBRegressor,BUY,0.0009756829780847,True,SHAP,Local Index,-0.4191014170646667,0.4191014170646667,Local Index,,-0.4191014170646667,Copper LME,,0.0590102896094322,5y yield,,-0.0260034017264843,
2022-11-17,XGBRegressor,BUY,0.0078031212484994,True,SHAP,Local Index,0.2006039321422577,0.2006039321422577,Local Index,,0.2006039321422577,Copper LME,,0.1359484046697616,5y yield,,0.0447148755192756,
2022-11-29,XGBRegressor,SELL,-0.0025038662640842,True,SHAP,Local Index,-0.1204741969704628,0.1204741969704628,Local Index,,-0.1204741969704628,Gold,,-0.0642914399504661,5y yield,,-0.0153516167774796,
2022-12-07,XGBRegressor,SELL,-0.003003003003003,True,SHAP,5y yield,-0.3026510179042816,0.3026510179042816,Local Index,,-0.0163334310054779,Copper LME,,-0.0733898803591728,5y yield,,-0.3026510179042816,
2023-02-13,XGBRegressor,BUY,0.0182268226822681,True,SHAP,Local Index,-0.1205721795558929,0.1205721795558929,Local Index,,-0.1205721795558929,Gold,,0.0458662509918212,5y yield,,-0.0017844908870756,
2024-06-17,XGBRegressor,BUY,0.0008743806470414,True,SHAP,5y yield,0.1481848657131195,0.1481848657131195,Local Index,,0.1411972641944885,5y yield,,0.1481848657131195,Gold,,0.138136938214302,
2024-08-01,XGBRegressor,SELL,-0.010379126423526,True,SHAP,Local Index,0.2006126344203949,0.2006126344203949,Local Index,,0.2006126344203949,5y yield,,-0.0473832301795482,Gold,,-0.00479999743402,
2024-08-23,XGBRegressor,BUY,0.0047375823525057,True,SHAP,Local Index,-0.2576338350772857,0.2576338350772857,Local Index,,-0.2576338350772857,5y yield,,-0.0438009351491928,Gold,,-0.0534074679017066,
2024-12-17,XGBRegressor,BUY,0.0051712089447937,True,SHAP,Local Index,0.0637826099991798,0.0637826099991798,Local Index,,0.0637826099991798,5y yield,,0.0410936288535594,Gold,,0.0221830792725086,
2024-12-19,XGBRegressor,BUY,0.0003472704542297,True,SHAP,Local Index,0.1953511387109756,0.1953511387109756,Local Index,,0.1953511387109756,5y yield,,-0.0982846990227699,Gold,,-0.0733573287725448,
2024-12-30,XGBRegressor,BUY,0.0016718913270636,True,SHAP,Local Index,0.2257379442453384,0.2257379442453384,Local Index,,0.2257379442453384,5y yield,,-0.1177027225494384,Gold,,0.0537880361080169,
2025-10-09,XGBRegressor,SELL,-0.0019971469329528,True,SHAP,Gold,0.2070191949605941,0.2070191949605941,Gold,,0.2070191949605941,2y yield,,0.0274754725396633,MSCI World ex-US,,0.1011018902063369,
2025-12-23,XGBRegressor,BUY,0.0092781998831092,True,SHAP,Gold,-0.0816292911767959,0.0816292911767959,Real 2y yield,,0.0523563958704471,Gold,,-0.0816292911767959,MSCI World ex-US,,-0.0355482883751392,
2001-10-05,LGBMRegressor,BUY,0.0077464788732395,True,SHAP,MSCI EM,0.0009163911536539,0.0009163911536539,MSCI EM,,0.0009163911536539,Gold,,-9.407624740132296e-05,,,,
2001-10-15,LGBMRegressor,BUY,0.0107816711590296,True,SHAP,Gold,0.0036019308304918,0.0036019308304918,MSCI EM,,0.0012541996804108,Gold,,0.0036019308304918,,,,
2002-05-31,LGBMRegressor,BUY,0.0123044701878394,True,SHAP,MSCI World ex-US,0.0554410351439566,0.0554410351439566,MSCI World ex-US,,0.0554410351439566,VIX Index,,-0.0393528581549242,,,,
2002-07-26,LGBMRegressor,SELL,-0.009136160292357,True,SHAP,VIX Index,0.0238333944327486,0.0238333944327486,Local Index,,-0.0082634539600015,VIX Index,,0.0238333944327486,Gold,,0.0069370143864215,
2002-12-02,LGBMRegressor,BUY,0.0016689132806984,True,SHAP,Copper LME,0.019350229732753,0.019350229732753,MSCI World ex-US,,0.0004711058404347,Copper LME,,0.019350229732753,VIX Index,,0.0013397403901082,
2003-01-24,LGBMRegressor,BUY,0.0007899934167214,True,SHAP,Copper LME,0.0344211303529704,0.0344211303529704,MSCI World ex-US,,-0.0101857016286725,Copper LME,,0.0344211303529704,VIX Index,,0.0040323848893325,
2003-01-29,LGBMRegressor,BUY,0.0081627279310119,True,SHAP,MSCI World ex-US,-0.089533638454717,0.089533638454717,MSCI World ex-US,,-0.089533638454717,Copper LME,,-0.042796525110152,VIX Index,,-0.0012451867543613,
2003-03-07,LGBMRegressor,BUY,0.0191717268199496,True,SHAP,Gold,0.2098762664370826,0.2098762664370826,MSCI World ex-US,,0.046351816418661,Gold,,0.2098762664370826,VIX Index,,0.0154476859540334,
2003-05-06,LGBMRegressor,SELL,-0.0325220762438079,True,SHAP,MSCI World ex-US,-0.0747433380755786,0.0747433380755786,VIX Index,,-0.00553830183917,MSCI World ex-US,,-0.0747433380755786,BCOM Index,,0.0141783017518823,
2003-12-11,LGBMRegressor,SELL,-0.0068280100144147,True,SHAP,MSCI World - Dow Jones,0.0817652803356718,0.0817652803356718,MSCI World - Dow Jones,,0.0817652803356718,Gold,,-0.0494139535636665,2y yield,,-0.0152453222831546,
2004-04-06,LGBMRegressor,BUY,0.0372974625496789,True,SHAP,MSCI World - Dow Jones,0.2199192321723997,0.2199192321723997,Gold,,-0.1753302582965851,MSCI World - Dow Jones,,0.2199192321723997,5y yield,,-0.0716262669880814,
2004-07-16,LGBMRegressor,BUY,0.0150960658737417,True,SHAP,Gold,-0.1408250227714748,0.1408250227714748,Gold,,-0.1408250227714748,MSCI World - Dow Jones,,-0.0365298871305034,5y yield,,-0.0659187869793721,
2004-09-21,LGBMRegressor,SELL,-0.0201211932877561,True,SHAP,Gold,-0.0515387988135764,0.0515387988135764,Gold,,-0.0515387988135764,MSCI World ex-US,,-0.0184960337896417,5y yield,,-0.0011055280249115,
2004-12-22,LGBMRegressor,SELL,-0.0127275656516836,True,SHAP,Gold,0.10197984665349,0.10197984665349,Gold,,0.10197984665349,MSCI World ex-US,,-0.0963577516383552,10y yield,,-0.0192457703722991,
2005-04-26,LGBMRegressor,SELL,-0.0069873905710385,True,SHAP,Gold,-0.2492628826827258,0.2492628826827258,Gold,,-0.2492628826827258,MSCI World ex-US,,0.0644349988760627,,,,
2005-07-12,LGBMRegressor,BUY,0.0221040385574207,True,SHAP,Gold,0.0793076862504273,0.0793076862504273,Gold,,0.0793076862504273,MSCI World ex-US,,-0.0188856075847177,,,,
2006-01-06,LGBMRegressor,SELL,-0.0112378828171912,True,SHAP,MSCI World ex-US,-0.274922368935542,0.274922368935542,MSCI World ex-US,,-0.274922368935542,Oil,,-0.120391405734911,,,,
2006-03-24,LGBMRegressor,SELL,-0.0155875299760191,True,SHAP,MSCI World ex-US,-0.1229073512228109,0.1229073512228109,MSCI World ex-US,,-0.1229073512228109,Oil,,0.1083766007340315,5y yield,,-0.0018467275351666,
2006-04-03,LGBMRegressor,SELL,-0.0217762596071734,True,SHAP,Oil,-0.2027391476322887,0.2027391476322887,MSCI World ex-US,,-0.1326990477979007,Oil,,-0.2027391476322887,5y yield,,-0.0350331811628995,
2006-05-30,LGBMRegressor,BUY,0.0134716912434005,True,SHAP,MSCI World ex-US,0.2177955832864367,0.2177955832864367,Oil,,0.0149954729540998,MSCI World ex-US,,0.2177955832864367,,,,
2006-06-12,LGBMRegressor,BUY,0.0220120065490267,True,SHAP,MSCI World ex-US,0.204614015899637,0.204614015899637,Oil,,0.1087455851436387,MSCI World ex-US,,0.204614015899637,2y yield,,0.0188283775387972,
2006-07-21,LGBMRegressor,SELL,-0.0093154055716671,True,SHAP,MSCI World ex-US,0.1059271656857734,0.1059271656857734,Oil,,0.007885195452705,MSCI World ex-US,,0.1059271656857734,2y yield,,0.0218939302707906,
2006-10-16,LGBMRegressor,SELL,-0.0104606188466948,True,SHAP,MSCI World ex-US,-0.0600740738996099,0.0600740738996099,Oil,,-0.0217773318270705,MSCI World ex-US,,-0.0600740738996099,2y yield,,-0.0170103408370985,
2007-01-03,LGBMRegressor,SELL,-0.0005113345832622,True,SHAP,Gold,0.0544532045724565,0.0544532045724565,Gold,,0.0544532045724565,MSCI World ex-US,,0.028404320485792,5y yield,,-0.0163196473127339,
2007-10-29,LGBMRegressor,BUY,0.0156168116549628,True,SHAP,Gold,-0.2310865073077134,0.2310865073077134,Gold,,-0.2310865073077134,Local - Wilshire,,0.2048737185602225,,,,
2008-01-14,LGBMRegressor,SELL,-0.0132743362831856,True,SHAP,Gold,-0.2964038284657431,0.2964038284657431,Gold,,-0.2964038284657431,MSCI World ex-US,,-0.2709495483822955,VIX Index,,-0.0591073968168053,
2008-04-03,LGBMRegressor,BUY,0.0058729842723472,True,SHAP,Gold,-0.056991335259381,0.056991335259381,Gold,,-0.056991335259381,MSCI World ex-US,,-0.0247766467816049,VIX Index,,-0.0550949093335916,
2008-08-21,LGBMRegressor,BUY,0.0255033557046981,True,SHAP,MSCI World ex-US,-0.0427609768140071,0.0427609768140071,MSCI World ex-US,,-0.0427609768140071,Copper LME,,-0.0022311594213265,6m1m forward OIS,,0.0,
2008-10-22,LGBMRegressor,SELL,-0.0672302416460642,True,SHAP,Copper LME,0.5623690882950814,0.5623690882950814,Copper LME,,0.5623690882950814,MSCI World ex-US,,0.1438417270150175,VIX Index,,0.1745684317296849,
2008-12-17,LGBMRegressor,BUY,0.0229122954259337,True,SHAP,MSCI World ex-US,-0.4175158548637266,0.4175158548637266,MSCI World ex-US,,-0.4175158548637266,Copper LME,,0.0441594271475385,10y yield,,0.1715028211728494,
2009-05-29,LGBMRegressor,BUY,0.0251946862116354,True,SHAP,MSCI World ex-US,-0.331746393056148,0.331746393056148,BCOM Index,,-0.1242449239231371,MSCI World ex-US,,-0.331746393056148,10y yield,,0.0416050969063393,
2009-08-11,LGBMRegressor,SELL,-0.0135245529636016,True,SHAP,BCOM Index,0.1291000938536773,0.1291000938536773,BCOM Index,,0.1291000938536773,MSCI World ex-US,,0.0177794963686995,5y yield,,0.036525235747468,
2009-08-14,LGBMRegressor,SELL,-0.0059187761792024,True,SHAP,BCOM Index,0.2441618694297577,0.2441618694297577,BCOM Index,,0.2441618694297577,MSCI World ex-US,,-0.0079249527245314,5y yield,,0.0652194687435013,
2010-01-07,LGBMRegressor,BUY,0.0171064076543925,True,SHAP,BCOM Index,0.3776693567519362,0.3776693567519362,Local Index,,0.0891842124747994,BCOM Index,,0.3776693567519362,6m1m forward OIS,,0.1984787758404715,
2010-08-23,LGBMRegressor,SELL,-0.0159665462839763,True,SHAP,Local Index,-0.0617269604137099,0.0617269604137099,Local Index,,-0.0617269604137099,BCOM Index,,-0.024463502955651,2y yield,,0.0477066831781636,
2010-08-27,LGBMRegressor,SELL,-0.0131328511610202,True,SHAP,Local Index,-0.6880293013369924,0.6880293013369924,Local Index,,-0.6880293013369924,BCOM Index,,-0.4150190302206299,2y yield,,-0.1078550797775836,
2010-09-02,LGBMRegressor,SELL,-0.024610414291144,True,SHAP,BCOM Index,-0.1627166956546826,0.1627166956546826,Local Index,,-0.1130216957042962,BCOM Index,,-0.1627166956546826,2y yield,,-0.044731022523018,
2010-09-07,LGBMRegressor,SELL,-0.0202290076335879,True,SHAP,BCOM Index,-0.2027349021129895,0.2027349021129895,Local Index,,0.1387450907364496,BCOM Index,,-0.2027349021129895,2y yield,,0.1627618427336508,
2010-12-08,LGBMRegressor,BUY,0.0019778481012657,True,SHAP,Local Index,0.3972924825336302,0.3972924825336302,Local Index,,0.3972924825336302,Oil,,0.0350278627005187,1y1m forward OIS,,0.1022644004120122,
2011-03-15,LGBMRegressor,SELL,-0.0116644690130844,True,SHAP,Oil,0.2885020395378789,0.2885020395378789,Local Index,,0.0204957208397117,Oil,,0.2885020395378789,1y1m forward OIS,,-0.040773145358366,
2011-08-03,LGBMRegressor,BUY,0.0193327096975366,True,SHAP,Oil,0.4105484678514289,0.4105484678514289,MSCI World ex-US,,0.1730783067704275,1y1m forward OIS,,-0.0118640321253021,Oil,,0.4105484678514289,
2011-08-12,LGBMRegressor,SELL,-0.0060771801883925,True,SHAP,MSCI World ex-US,-0.5798734123999203,0.5798734123999203,MSCI World ex-US,,-0.5798734123999203,1y1m forward OIS,,-0.0545781101328409,Copper LME,,0.0180857384034891,
2011-10-06,LGBMRegressor,SELL,-0.0209237296307008,True,SHAP,MSCI World ex-US,-0.4724927321938024,0.4724927321938024,MSCI World ex-US,,-0.4724927321938024,2y yield,,-0.0492692027837114,BCOM Index,,-0.1547746586248811,
2011-10-11,LGBMRegressor,SELL,-0.0129126213592234,True,SHAP,MSCI World ex-US,-0.1014430769107868,0.1014430769107868,MSCI World ex-US,,-0.1014430769107868,2y yield,,-0.0564635836270355,BCOM Index,,-0.0937559205339273,
2012-09-13,LGBMRegressor,BUY,0.0124935467217346,True,SHAP,2y yield,0.1272560726844891,0.1272560726844891,2y yield,,0.1272560726844891,MSCI World ex-US,,-0.0835231129808743,Oil,,-0.0172392202288939,
2012-11-08,LGBMRegressor,SELL,-0.0030990702789163,True,SHAP,2y yield,-0.1295161483775171,0.1295161483775171,MSCI World ex-US,,0.0949808260325019,2y yield,,-0.1295161483775171,Copper LME,,-0.0393475011996016,
2013-01-02,LGBMRegressor,BUY,0.0010153315057366,True,SHAP,MSCI World ex-US,-0.1837483119076849,0.1837483119076849,MSCI World ex-US,,-0.1837483119076849,2y yield,,-0.1629946499221292,Copper LME,,-0.0661922699602683,
2013-01-08,LGBMRegressor,BUY,0.005270092226614,True,SHAP,2y yield,0.2141101614516318,0.2141101614516318,MSCI World ex-US,,0.1288286261079403,2y yield,,0.2141101614516318,Copper LME,,0.0362246281534659,
2013-01-10,LGBMRegressor,BUY,0.0197314890154596,True,SHAP,2y yield,-0.1546323871879667,0.1546323871879667,MSCI World ex-US,,-0.1133448987477413,2y yield,,-0.1546323871879667,Copper LME,,-0.0854420662686565,
2013-04-04,LGBMRegressor,BUY,0.0135281919620815,True,SHAP,MSCI World ex-US,0.0801937556347859,0.0801937556347859,2y yield,,0.0008846737396268,MSCI World ex-US,,0.0801937556347859,Copper LME,,-0.0519030690984626,
2013-04-11,LGBMRegressor,BUY,0.009203364670955,True,SHAP,2y yield,0.1278655634116356,0.1278655634116356,2y yield,,0.1278655634116356,MSCI World ex-US,,-0.0495956523773341,Copper LME,,-0.0542734535689061,
2013-06-28,LGBMRegressor,SELL,-0.0117881927939917,True,SHAP,2y yield,-0.0927800429026666,0.0927800429026666,2y yield,,-0.0927800429026666,BCOM Index,,0.0403462459547124,MSCI World ex-US,,0.0158863580613529,
2013-08-26,LGBMRegressor,SELL,-0.0125702314065327,True,SHAP,BCOM Index,-0.2343467635892114,0.2343467635892114,BCOM Index,,-0.2343467635892114,MSCI World ex-US,,0.0226906948736163,2y yield,,-0.0416176773453657,
2013-09-18,LGBMRegressor,BUY,0.0114481409001956,True,SHAP,BCOM Index,-0.1549753235685695,0.1549753235685695,BCOM Index,,-0.1549753235685695,MSCI World ex-US,,-0.0616859498680507,2y yield,,-0.0472374301642618,
2014-04-04,LGBMRegressor,BUY,0.0039158546580457,True,SHAP,Gold,-0.1320660194741938,0.1320660194741938,Gold,,-0.1320660194741938,10y yield,,-0.0344350660918553,MSCI World ex-US,,0.0095440581883476,
2014-10-14,LGBMRegressor,SELL,-0.0115959989377709,True,SHAP,2y yield,0.1547382173215367,0.1547382173215367,2y yield,,0.1547382173215367,MSCI World ex-US,,0.0783831507396403,Gold,,0.0105054448690969,
2015-05-07,LGBMRegressor,BUY,0.0056883759274524,True,SHAP,1y1m forward OIS,0.5629400588631548,0.5629400588631548,1y1m forward OIS,,0.5629400588631548,BCOM Index,,0.2349412328438773,MSCI World ex-US,,0.0352243062158477,
2015-09-25,LGBMRegressor,SELL,-0.0293919172227637,True,SHAP,BCOM Index,-0.2603093959081818,0.2603093959081818,Real 2y yield,,-0.1573195995064068,BCOM Index,,-0.2603093959081818,MSCI World ex-US,,-0.1707568024511742,
2015-11-18,LGBMRegressor,BUY,0.0030068405622791,True,SHAP,Real 2y yield,0.1384184429049244,0.1384184429049244,Real 2y yield,,0.1384184429049244,BCOM Index,,-0.0025904757801579,MSCI World ex-US,,0.0055363454226052,
2015-11-24,LGBMRegressor,BUY,0.0210447200300638,True,SHAP,BCOM Index,-0.349075745016603,0.349075745016603,Real 2y yield,,0.1280727382763821,BCOM Index,,-0.349075745016603,MSCI World ex-US,,0.1207727602326708,
2015-12-02,LGBMRegressor,BUY,0.0327512553398785,True,SHAP,BCOM Index,0.6153027930056862,0.6153027930056862,Real 2y yield,,-0.0029605861247533,BCOM Index,,0.6153027930056862,MSCI World ex-US,,0.0520579506192914,
2016-09-16,LGBMRegressor,SELL,-0.0064335452618831,True,SHAP,BCOM Index,-0.185241326441204,0.185241326441204,BCOM Index,,-0.185241326441204,Local Index,,0.0591863137996915,1y1m forward OIS,,0.077982707275285,
2016-09-26,LGBMRegressor,SELL,-0.0038557496030845,True,SHAP,BCOM Index,-0.2539312122747417,0.2539312122747417,BCOM Index,,-0.2539312122747417,Local Index,,0.0127261398999967,1y1m forward OIS,,0.0938747576144816,
2017-11-10,LGBMRegressor,BUY,0.002365557483047,True,SHAP,5y yield,0.1942413049781736,0.1942413049781736,5y yield,,0.1942413049781736,Gold,,0.0220190373172263,MSCI World ex-US,,0.0938990038893807,
2017-12-04,LGBMRegressor,BUY,0.0149135958336621,True,SHAP,Gold,0.0559564746844403,0.0559564746844403,5y yield,,-0.002770815520692,Gold,,0.0559564746844403,MSCI World ex-US,,0.052232989588971,
2018-07-30,LGBMRegressor,BUY,0.0075176434489105,True,SHAP,6m1m forward OIS,0.1858469584761713,0.1858469584761713,6m1m forward OIS,,0.1858469584761713,Gold,,0.0417437570566655,Local - Wilshire,,0.1580468631939218,
2018-08-22,LGBMRegressor,BUY,0.013926290682465,True,SHAP,6m1m forward OIS,0.1536165591953444,0.1536165591953444,6m1m forward OIS,,0.1536165591953444,Gold,,-0.0004624173574698,Local - S&P500,,0.1097726590423219,
2018-10-01,LGBMRegressor,BUY,0.0138130170126422,True,SHAP,10y yield,-0.2786168650953309,0.2786168650953309,10y yield,,-0.2786168650953309,Gold,,0.0117395125244606,Local - S&P500,,-0.062752283353955,
2018-10-10,LGBMRegressor,SELL,-0.0008417508417507,True,SHAP,Local - S&P500,0.3868863944469297,0.3868863944469297,10y yield,,-0.1019970362291131,Gold,,-0.1092672940554306,Local - S&P500,,0.3868863944469297,
2018-12-24,LGBMRegressor,SELL,-0.0219165992498343,True,SHAP,Gold,-0.3385703641674681,0.3385703641674681,Gold,,-0.3385703641674681,10y yield,,-0.088163674893856,Local - Dow Jones,,0.270494236937065,
2019-03-21,LGBMRegressor,SELL,-0.0003741394791978,True,SHAP,Gold,0.1593213974954333,0.1593213974954333,Gold,,0.1593213974954333,MSCI World ex-US,,-0.0921486520000837,1y1m forward OIS,,-0.0319977689812875,
2019-07-17,LGBMRegressor,BUY,0.0104948674735714,True,SHAP,MSCI World ex-US,0.0881635260202662,0.0881635260202662,MSCI World ex-US,,0.0881635260202662,Copper LME,,0.0666161943962537,1y1m forward OIS,,0.0229856056826733,
2019-10-17,LGBMRegressor,BUY,0.0020552637588489,True,SHAP,Real 2y yield,0.2069654520438706,0.2069654520438706,MSCI World ex-US,,-0.0443091759593147,Copper LME,,0.0005100149312732,Real 2y yield,,0.2069654520438706,
2020-08-04,LGBMRegressor,SELL,-0.0113371874765373,True,SHAP,Copper LME,0.0299142358466719,0.0299142358466719,MSCI World ex-US,,0.0238964646780436,Copper LME,,0.0299142358466719,2y yield,,0.0042362254353318,
2020-11-11,LGBMRegressor,SELL,-0.0042869172471867,True,SHAP,Copper LME,0.1148533355310219,0.1148533355310219,MSCI World ex-US,,-0.0253050051201744,Copper LME,,0.1148533355310219,2y yield,,0.0053227422033738,
2020-11-20,LGBMRegressor,SELL,-0.0237495227185949,True,SHAP,Copper LME,-0.1609677374826305,0.1609677374826305,MSCI World ex-US,,-0.0270127726898198,Copper LME,,-0.1609677374826305,2y yield,,0.0014966356903845,
2021-02-17,LGBMRegressor,SELL,-0.0037002046921743,True,SHAP,MSCI World ex-US,0.1245062345511931,0.1245062345511931,MSCI World ex-US,,0.1245062345511931,Copper LME,,-0.0886477913859914,2y yield,,-0.1124253566061325,
2021-08-20,LGBMRegressor,SELL,-0.0231651197254504,True,SHAP,Local Index,-0.1761885841064082,0.1761885841064082,Local Index,,-0.1761885841064082,Crude oil WCS,,-0.0569003307241697,10y yield,,-0.008552210802746,
2021-09-17,LGBMRegressor,SELL,-0.009088060169226,True,SHAP,Local Index,0.1137630935572683,0.1137630935572683,Local Index,,0.1137630935572683,Crude oil WCS,,-0.0434241249559903,10y yield,,-0.0886626843734389,
2022-04-20,LGBMRegressor,BUY,0.0198415873269861,True,SHAP,MSCI World ex-US,-0.2111555005877318,0.2111555005877318,MSCI World ex-US,,-0.2111555005877318,Copper LME,,0.0577637526775516,Real 2y yield,,-0.0489539366588674,
2022-06-02,LGBMRegressor,BUY,0.0302307080350039,True,SHAP,MSCI World ex-US,-0.1742659038785941,0.1742659038785941,MSCI World ex-US,,-0.1742659038785941,Copper LME,,0.0144142992814766,Real 2y yield,,-0.0593369992229746,
2023-05-05,LGBMRegressor,BUY,0.0097196261682244,True,SHAP,Local Index,-0.5002499425693503,0.5002499425693503,Local Index,,-0.5002499425693503,BCOM Index,,-0.1114227592455849,5y yield,,-0.1378420020222182,
2023-12-21,LGBMRegressor,BUY,0.0050440412557404,True,SHAP,3m1m forward OIS,-0.0305940108687654,0.0305940108687654,BCOM Index,,0.0190713207607611,MSCI World ex-US,,-0.0052497074899436,3m1m forward OIS,,-0.0305940108687654,
2024-07-04,LGBMRegressor,BUY,0.0067577493756427,True,SHAP,5y yield,-0.0591361402470379,0.0591361402470379,Local Index,,-0.037951480507787,5y yield,,-0.0591361402470379,Gold,,0.0133040961849822,
2024-08-23,LGBMRegressor,BUY,0.0047375823525057,True,SHAP,Local Index,-0.0469569704888013,0.0469569704888013,Local Index,,-0.0469569704888013,5y yield,,0.0,Gold,,-0.0055094961861797,
2024-12-17,LGBMRegressor,BUY,0.0051712089447937,True,SHAP,Local Index,0.0621039677997347,0.0621039677997347,Local Index,,0.0621039677997347,5y yield,,0.0195955309547004,Gold,,0.0291799975355228,
2024-12-19,LGBMRegressor,BUY,0.0003472704542297,True,SHAP,Local Index,0.1861728525781487,0.1861728525781487,Local Index,,0.1861728525781487,5y yield,,-0.0882993588113244,Gold,,-0.0706625496921329,
2024-12-30,LGBMRegressor,BUY,0.0016718913270636,True,SHAP,Local Index,0.2018049675076373,0.2018049675076373,Local Index,,0.2018049675076373,5y yield,,-0.0831723355898989,Gold,,0.0390660548304415,
2025-12-23,LGBMRegressor,BUY,0.0092781998831092,True,SHAP,Gold,-0.040453586789199,0.040453586789199,Real 2y yield,,0.0179233364088789,Gold,,-0.040453586789199,MSCI World ex-US,,-0.0019214634280096,
2001-10-15,SGDRegressor,BUY,0.010781671159029615,True,BETA,MSCI EM,-0.052150355911807916,0.052150355911807916,MSCI EM,-0.052150355911807916,,Gold,-0.04334730614170388,,,,,BETA
2002-03-20,SGDRegressor,BUY,0.006583945302608418,True,BETA,Local - Wilshire,0.06728539574443626,0.06728539574443626,Local - Wilshire,0.06728539574443626,,,,,,,,BETA
2002-07-26,SGDRegressor,SELL,-0.009136160292357087,True,BETA,Local Index,-0.05727333651546774,0.05727333651546774,Local Index,-0.05727333651546774,,VIX Index,0.023874871380439994,,Gold,-0.028290215515539646,,BETA
2002-10-28,SGDRegressor,BUY,0.007960454516273918,True,BETA,MSCI World ex-US,-0.09147035244708909,0.09147035244708909,MSCI World ex-US,-0.09147035244708909,,Copper LME,-0.006798855076546393,,VIX Index,0.01772814584065557,,BETA
2003-01-29,SGDRegressor,BUY,0.008162727931011915,True,BETA,MSCI World ex-US,-0.08074791151491882,0.08074791151491882,MSCI World ex-US,-0.08074791151491882,,Copper LME,-0.026568335552482066,,VIX Index,0.02195243032145869,,BETA
2003-05-06,SGDRegressor,SELL,-0.032522076243807985,True,BETA,BCOM Index,-0.07646131864340187,0.07646131864340187,VIX Index,0.062183629603173037,,MSCI World ex-US,-0.06692806780641918,,BCOM Index,-0.07646131864340187,,BETA
2003-05-15,SGDRegressor,SELL,-0.010215170615083702,True,BETA,BCOM Index,-0.07367504760831113,0.07367504760831113,MSCI World ex-US,-0.06958821039657166,,VIX Index,0.07054240860625442,,BCOM Index,-0.07367504760831113,,BETA
2003-05-22,SGDRegressor,SELL,-0.02374189789527348,True,BETA,Gold,-0.10664665333539064,0.10664665333539064,Gold,-0.10664665333539064,,MSCI World ex-US,-0.09076088718841525,,VIX Index,0.06519432419342287,,BETA
2003-06-02,SGDRegressor,SELL,-0.018341249543295635,True,BETA,BCOM Index,-0.09280178477710961,0.09280178477710961,BCOM Index,-0.09280178477710961,,MSCI World ex-US,-0.06571670431196652,,VIX Index,0.05425996952019157,,BETA
2003-11-03,SGDRegressor,SELL,-0.019582928469990324,True,BETA,MSCI World - Dow Jones,-0.14802428806414009,0.14802428806414009,MSCI World - Dow Jones,-0.14802428806414009,,Gold,-0.13483530276610903,,2y yield,0.06912089709462968,,BETA
2003-11-05,SGDRegressor,SELL,-0.02211062809174047,True,BETA,MSCI World - Dow Jones,-0.15515418841233733,0.15515418841233733,MSCI World - Dow Jones,-0.15515418841233733,,Gold,-0.13855413642051057,,2y yield,0.06993997690229291,,BETA
2003-12-16,SGDRegressor,SELL,-0.02569318866787218,True,BETA,MSCI World - Dow Jones,-0.17010413032101823,0.17010413032101823,MSCI World - Dow Jones,-0.17010413032101823,,Gold,-0.16924431721161667,,2y yield,0.06256149875272532,,BETA
2003-12-19,SGDRegressor,SELL,-0.03614457831325302,True,BETA,MSCI World - Dow Jones,-0.17996342620198144,0.17996342620198144,MSCI World - Dow Jones,-0.17996342620198144,,Gold,-0.17109214092028593,,5y yield,0.06384953664833962,,BETA
2004-01-28,SGDRegressor,SELL,-0.01047317661241709,True,BETA,MSCI World - Dow Jones,-0.20263962704843785,0.20263962704843785,MSCI World - Dow Jones,-0.20263962704843785,,Gold,-0.19043484599797114,,5y yield,0.08730920030126972,,BETA
2004-02-02,SGDRegressor,SELL,-0.017846475507765858,True,BETA,Gold,-0.20134773926936855,0.20134773926936855,MSCI World - Dow Jones,-0.16548172365159602,,Gold,-0.20134773926936855,,5y yield,0.09856386596871365,,BETA
2004-03-24,SGDRegressor,SELL,-0.024590163934426368,True,BETA,Gold,-0.24386624890346115,0.24386624890346115,Gold,-0.24386624890346115,,MSCI World - Dow Jones,-0.1467413386697144,,5y yield,0.10545151820918468,,BETA
2004-04-06,SGDRegressor,BUY,0.03729746254967892,True,BETA,Gold,-0.2364257198205446,0.2364257198205446,Gold,-0.2364257198205446,,MSCI World - Dow Jones,-0.11318012947629234,,5y yield,0.09042995711500354,,BETA
2004-07-16,SGDRegressor,BUY,0.015096065873741793,True,BETA,Gold,-0.2115889691777565,0.2115889691777565,Gold,-0.2115889691777565,,MSCI World - Dow Jones,-0.08525079938341912,,5y yield,0.1165846553904254,,BETA
2004-09-21,SGDRegressor,SELL,-0.02012119328775619,True,BETA,Gold,-0.22117205160853792,0.22117205160853792,Gold,-0.22117205160853792,,MSCI World ex-US,-0.07567660792590235,,5y yield,0.10528627611008091,,BETA
2004-12-22,SGDRegressor,SELL,-0.012727565651683648,True,BETA,Gold,-0.2425202748432576,0.2425202748432576,Gold,-0.2425202748432576,,MSCI World ex-US,-0.03247634068079922,,10y yield,0.04704319098973416,,BETA
2005-04-26,SGDRegressor,SELL,-0.0069873905710385875,True,BETA,Gold,-0.2730470381139373,0.2730470381139373,Gold,-0.2730470381139373,,MSCI World ex-US,-0.1008343157593694,,,,,BETA
2005-07-12,SGDRegressor,BUY,0.022104038557420713,True,BETA,Gold,-0.25697931123708645,0.25697931123708645,Gold,-0.25697931123708645,,MSCI World ex-US,-0.1286756729873671,,,,,BETA
2005-10-06,SGDRegressor,SELL,-0.002286004572009226,True,BETA,Gold,-0.22305203836369722,0.22305203836369722,Gold,-0.22305203836369722,,MSCI World ex-US,-0.13643276543638844,,,,,BETA
2005-10-14,SGDRegressor,SELL,-0.007920458375463513,True,BETA,Gold,-0.20154606869009334,0.20154606869009334,Gold,-0.20154606869009334,,MSCI World ex-US,-0.155284662349764,,,,,BETA
2005-12-05,SGDRegressor,BUY,0.010197027307293549,True,BETA,MSCI World ex-US,-0.1516286887731208,0.1516286887731208,MSCI World ex-US,-0.1516286887731208,,Gold,-0.11042938653706089,,,,,BETA
2006-01-06,SGDRegressor,SELL,-0.011237882817191291,True,BETA,MSCI World ex-US,-0.16269553649409393,0.16269553649409393,MSCI World ex-US,-0.16269553649409393,,Oil,-0.1236663625562619,,,,,BETA
2006-03-21,SGDRegressor,SELL,-0.0011163589523400796,True,BETA,MSCI World ex-US,-0.14252487170658407,0.14252487170658407,MSCI World ex-US,-0.14252487170658407,,Oil,-0.11797018585435474,,5y yield,0.0429169979675417,,BETA
2006-03-24,SGDRegressor,SELL,-0.015587529976019199,True,BETA,MSCI World ex-US,-0.14178744589852368,0.14178744589852368,MSCI World ex-US,-0.14178744589852368,,Oil,-0.11961830788738298,,5y yield,0.04273134124144489,,BETA
2006-04-03,SGDRegressor,SELL,-0.021776259607173443,True,BETA,MSCI World ex-US,-0.14839713605333685,0.14839713605333685,MSCI World ex-US,-0.14839713605333685,,Oil,-0.12051857954260134,,5y yield,0.04200333961733685,,BETA
2006-05-30,SGDRegressor,BUY,0.01347169124340053,True,BETA,Oil,-0.132029516495269,0.132029516495269,Oil,-0.132029516495269,,MSCI World ex-US,-0.12310604137316943,,,,,BETA
2006-06-12,SGDRegressor,BUY,0.022012006549026797,True,BETA,MSCI World ex-US,-0.13479745841580443,0.13479745841580443,Oil,-0.1283056649791337,,MSCI World ex-US,-0.13479745841580443,,2y yield,0.06947379343690224,,BETA
2006-07-17,SGDRegressor,SELL,-0.004838142153413161,True,BETA,Oil,-0.13428536642187483,0.13428536642187483,Oil,-0.13428536642187483,,MSCI World ex-US,-0.11274729166287756,,2y yield,0.062029501668525035,,BETA
2006-07-24,SGDRegressor,SELL,-0.019102698913424532,True,BETA,Oil,-0.1325506789650644,0.1325506789650644,Oil,-0.1325506789650644,,MSCI World ex-US,-0.11343197886880953,,2y yield,0.06190079852155062,,BETA
2006-11-17,SGDRegressor,SELL,-0.0015697218104124833,True,BETA,BCOM Index,-0.08874730309028699,0.08874730309028699,BCOM Index,-0.08874730309028699,,MSCI World ex-US,-0.07201016151813937,,2y yield,0.05782476087627021,,BETA
2006-11-21,SGDRegressor,SELL,-0.0034022507197069007,True,BETA,BCOM Index,-0.0868705280141748,0.0868705280141748,BCOM Index,-0.0868705280141748,,MSCI World ex-US,-0.0730880715484153,,2y yield,0.05381619006047983,,BETA
2007-01-03,SGDRegressor,SELL,-0.0005113345832622462,True,BETA,Gold,-0.09587449772749793,0.09587449772749793,Gold,-0.09587449772749793,,MSCI World ex-US,-0.03851447283347734,,5y yield,0.0632288416649936,,BETA
2007-10-30,SGDRegressor,BUY,0.00524109014675056,True,BETA,Gold,-0.33300373883364154,0.33300373883364154,Gold,-0.33300373883364154,,Local - Wilshire,0.18972443889032273,,,,,BETA
2007-12-10,SGDRegressor,SELL,-0.023232724384432135,True,BETA,Gold,-0.26668709102376886,0.26668709102376886,Gold,-0.26668709102376886,,MSCI World ex-US,-0.08925512522926811,,VIX Index,0.034293855369106827,,BETA
2008-04-11,SGDRegressor,SELL,-0.009672691744015638,True,BETA,Gold,-0.17425776814947455,0.17425776814947455,Gold,-0.17425776814947455,,MSCI World ex-US,-0.12988057916394985,,VIX Index,0.0930398839055413,,BETA
2008-04-15,SGDRegressor,SELL,-0.0054999017874681755,True,BETA,Gold,-0.17158701165359433,0.17158701165359433,Gold,-0.17158701165359433,,Local Index,-0.12755924436143729,,VIX Index,0.08610249008167897,,BETA
2008-04-23,SGDRegressor,SELL,-0.007571288102261375,True,BETA,Gold,-0.17499613404758554,0.17499613404758554,Gold,-0.17499613404758554,,Local Index,-0.13423716361912766,,VIX Index,0.09074891204814825,,BETA
2008-05-02,SGDRegressor,SELL,-0.019813634134379754,True,BETA,Gold,-0.17975339127233986,0.17975339127233986,Gold,-0.17975339127233986,,Local Index,-0.13390581374501936,,VIX Index,0.07549937817796501,,BETA
2008-05-08,SGDRegressor,SELL,-0.03204876130554468,True,BETA,Gold,-0.1807364455943695,0.1807364455943695,Gold,-0.1807364455943695,,Local Index,-0.1362990986797324,,VIX Index,0.0632502675927691,,BETA
2008-05-29,SGDRegressor,BUY,0.03675205021767747,True,BETA,Gold,-0.19715630280328697,0.19715630280328697,Gold,-0.19715630280328697,,Local Index,-0.1308600388751692,,10y yield,-0.0835778737137916,,BETA
2008-08-21,SGDRegressor,BUY,0.025503355704698194,True,BETA,MSCI World ex-US,-0.18456837803000034,0.18456837803000034,MSCI World ex-US,-0.18456837803000034,,Copper LME,-0.07599798296200824,,6m1m forward OIS,0.11361470419778329,,BETA
2008-09-18,SGDRegressor,BUY,0.017442956816896116,True,BETA,MSCI World ex-US,-0.16333654758445984,0.16333654758445984,MSCI World ex-US,-0.16333654758445984,,Copper LME,-0.11089135813162777,,10y yield,-0.061638231963620546,,BETA
2008-10-21,SGDRegressor,SELL,-0.052631578947368474,True,BETA,Copper LME,-0.14609338572678482,0.14609338572678482,Copper LME,-0.14609338572678482,,MSCI World ex-US,-0.12511236932175077,,10y yield,-0.08240613573223893,,BETA
2009-03-09,SGDRegressor,SELL,-0.06109744850906851,True,BETA,MSCI World ex-US,-0.3407206889996914,0.3407206889996914,MSCI World ex-US,-0.3407206889996914,,BCOM Index,-0.25449344644375294,,10y yield,-0.12610551317146707,,BETA
2009-05-29,SGDRegressor,BUY,0.025194686211635453,True,BETA,MSCI World ex-US,-0.39293714692169307,0.39293714692169307,BCOM Index,-0.3274766924988188,,MSCI World ex-US,-0.39293714692169307,,10y yield,-0.06213723151122922,,BETA
2009-10-09,SGDRegressor,BUY,0.011130301285741773,True,BETA,MSCI World ex-US,-0.48971712394695294,0.48971712394695294,MSCI World ex-US,-0.48971712394695294,,BCOM Index,-0.40413783414288706,,1y1m forward OIS,0.11805619402006402,,BETA
2010-02-11,SGDRegressor,BUY,0.010381941137250994,True,BETA,Local Index,-0.5304871891035043,0.5304871891035043,Local Index,-0.5304871891035043,,Oil,-0.390158387549984,,6m1m forward OIS,0.10160636965392128,,BETA
2010-03-15,SGDRegressor,BUY,0.001765917786716198,True,BETA,Local Index,-0.4998244931680427,0.4998244931680427,Local Index,-0.4998244931680427,,Oil,-0.4757062779019041,,2y yield,0.1567464641054029,,BETA
2010-03-30,SGDRegressor,SELL,-0.018625624938731433,True,BETA,Local Index,-0.5272135927123279,0.5272135927123279,Local Index,-0.5272135927123279,,Oil,-0.4308674005239182,,Real 2y yield,0.125428013632386,,BETA
2010-08-27,SGDRegressor,SELL,-0.013132851161020254,True,BETA,Local Index,-0.42052841730864554,0.42052841730864554,Local Index,-0.42052841730864554,,BCOM Index,-0.34682041897306287,,2y yield,0.1774968501564828,,BETA
2010-09-07,SGDRegressor,SELL,-0.020229007633587925,True,BETA,Local Index,-0.40323472992839143,0.40323472992839143,Local Index,-0.40323472992839143,,BCOM Index,-0.34799696332400537,,2y yield,0.183565855091947,,BETA
2010-11-30,SGDRegressor,SELL,-0.019680436477007013,True,BETA,Local Index,-0.30956242626094377,0.30956242626094377,Local Index,-0.30956242626094377,,Oil,-0.2596864142680878,,1y1m forward OIS,0.22376416865440307,,BETA
2010-12-08,SGDRegressor,BUY,0.001977848101265778,True,BETA,Oil,-0.2874464082580172,0.2874464082580172,Local Index,-0.2813831071664163,,Oil,-0.2874464082580172,,1y1m forward OIS,0.230812140058462,,BETA
2011-04-29,SGDRegressor,BUY,0.024865093640884517,True,BETA,1y1m forward OIS,0.3147790122816727,0.3147790122816727,1y1m forward OIS,0.3147790122816727,,Local Index,-0.17749912564986775,,Oil,-0.2001607331380442,,BETA
2011-05-03,SGDRegressor,BUY,0.020470291832878296,True,BETA,1y1m forward OIS,0.3062297313861281,0.3062297313861281,1y1m forward OIS,0.3062297313861281,,Local Index,-0.18506717071295048,,Oil,-0.1966547859952912,,BETA
2011-05-05,SGDRegressor,BUY,0.0007239631813011904,True,BETA,1y1m forward OIS,0.306444681100992,0.306444681100992,1y1m forward OIS,0.306444681100992,,MSCI World ex-US,-0.1655597554273694,,Oil,-0.20983938417847645,,BETA
2011-05-24,SGDRegressor,SELL,-0.002252482850414683,True,BETA,1y1m forward OIS,0.2567788879301582,0.2567788879301582,1y1m forward OIS,0.2567788879301582,,MSCI World ex-US,-0.18763412211776254,,Oil,-0.1732515437182902,,BETA
2011-08-03,SGDRegressor,BUY,0.019332709697536643,True,BETA,MSCI World ex-US,-0.21776890608479788,0.21776890608479788,MSCI World ex-US,-0.21776890608479788,,1y1m forward OIS,0.19485927260805153,,Oil,-0.13596603241516955,,BETA
2012-05-02,SGDRegressor,BUY,0.026259758694109347,True,BETA,2y yield,0.2862929809502274,0.2862929809502274,2y yield,0.2862929809502274,,BCOM Index,-0.12173636419542508,,MSCI World ex-US,-0.22296784922359386,,BETA
2012-09-13,SGDRegressor,BUY,0.012493546721734639,True,BETA,MSCI World ex-US,-0.2434975706853291,0.2434975706853291,2y yield,0.22571728316146608,,MSCI World ex-US,-0.2434975706853291,,Oil,-0.1325628527200049,,BETA
2012-09-19,SGDRegressor,BUY,0.0134427911749615,True,BETA,MSCI World ex-US,-0.24086722160188698,0.24086722160188698,2y yield,0.21068311032790585,,MSCI World ex-US,-0.24086722160188698,,Oil,-0.141907553920592,,BETA
2013-01-08,SGDRegressor,BUY,0.005270092226614009,True,BETA,2y yield,0.20550030910404463,0.20550030910404463,MSCI World ex-US,-0.1450225281102581,,2y yield,0.20550030910404463,,Copper LME,-0.1059213075323506,,BETA
2013-01-24,SGDRegressor,SELL,-0.004687811689606969,True,BETA,2y yield,0.2125300095078275,0.2125300095078275,MSCI World ex-US,-0.14242598482547053,,2y yield,0.2125300095078275,,Copper LME,-0.1043533914959182,,BETA
2013-02-25,SGDRegressor,SELL,-0.0002923406743324808,True,BETA,2y yield,0.21915524113020682,0.21915524113020682,2y yield,0.21915524113020682,,MSCI World ex-US,-0.10379994483440026,,Copper LME,-0.12748987630422431,,BETA
2013-04-04,SGDRegressor,BUY,0.013528191962081548,True,BETA,2y yield,0.2187858845198915,0.2187858845198915,2y yield,0.2187858845198915,,MSCI World ex-US,-0.07985604073112645,,Copper LME,-0.07787471800755909,,BETA
2013-04-12,SGDRegressor,BUY,0.003058405682714982,True,BETA,2y yield,0.21705795512681506,0.21705795512681506,2y yield,0.21705795512681506,,MSCI World ex-US,-0.08514362727624394,,Copper LME,-0.07288906505541853,,BETA
2013-04-30,SGDRegressor,BUY,0.010622456070684017,True,BETA,2y yield,0.19155387658971043,0.19155387658971043,2y yield,0.19155387658971043,,MSCI World ex-US,-0.0866246106153483,,BCOM Index,-0.10406040879525208,,BETA
2013-08-26,SGDRegressor,SELL,-0.012570231406532795,True,BETA,BCOM Index,-0.12779847524418167,0.12779847524418167,BCOM Index,-0.12779847524418167,,MSCI World ex-US,-0.07052722057619032,,2y yield,0.09541540382714472,,BETA
2013-11-27,SGDRegressor,SELL,-0.00047192071731960716,True,BETA,5y yield,0.09466177075397436,0.09466177075397436,BCOM Index,-0.09351524931014973,,MSCI World ex-US,-0.05831907686300631,,5y yield,0.09466177075397436,,BETA
2013-11-29,SGDRegressor,SELL,-0.002732240437158362,True,BETA,5y yield,0.09675265761424874,0.09675265761424874,BCOM Index,-0.09430898527798512,,MSCI World ex-US,-0.058311039564386484,,5y yield,0.09675265761424874,,BETA
2013-12-13,SGDRegressor,BUY,0.011431270666036886,True,BETA,BCOM Index,-0.10395051867636089,0.10395051867636089,BCOM Index,-0.10395051867636089,,MSCI World ex-US,-0.06729862637868052,,5y yield,0.10272919860480506,,BETA
2014-01-22,SGDRegressor,SELL,-0.0003607828988905215,True,BETA,BCOM Index,-0.09512697471631283,0.09512697471631283,BCOM Index,-0.09512697471631283,,5y yield,0.08627211623669255,,MSCI World ex-US,-0.05715571186658771,,BETA
2014-04-08,SGDRegressor,BUY,0.00942964387073153,True,BETA,10y yield,0.07990311628192219,0.07990311628192219,Gold,-0.06392225404870784,,10y yield,0.07990311628192219,,MSCI World ex-US,-0.07230156165343211,,BETA
2014-10-14,SGDRegressor,SELL,-0.011595998937770968,True,BETA,2y yield,0.09506801327335569,0.09506801327335569,2y yield,0.09506801327335569,,MSCI World ex-US,-0.07611935558710127,,Gold,-0.04969004099847405,,BETA
2015-10-15,SGDRegressor,BUY,0.023942786069651723,True,BETA,Real 2y yield,0.24069104814289535,0.24069104814289535,Real 2y yield,0.24069104814289535,,BCOM Index,-0.21703639683870254,,MSCI World ex-US,-0.1055683626357552,,BETA
2015-12-02,SGDRegressor,BUY,0.03275125533987855,True,BETA,Real 2y yield,0.24761398751608388,0.24761398751608388,Real 2y yield,0.24761398751608388,,BCOM Index,-0.23053944362688295,,MSCI World ex-US,-0.10109669604215121,,BETA
2016-01-13,SGDRegressor,SELL,-0.01701534170153418,True,BETA,BCOM Index,-0.22920572417926854,0.22920572417926854,BCOM Index,-0.22920572417926854,,Real 2y yield,0.16919940698719213,,MSCI World ex-US,-0.09435834204468095,,BETA
2016-09-05,SGDRegressor,BUY,0.021271658415841666,True,BETA,BCOM Index,-0.28237755498073625,0.28237755498073625,BCOM Index,-0.28237755498073625,,Local Index,-0.14926090220260735,,1y1m forward OIS,0.1717348943772118,,BETA
2017-01-05,SGDRegressor,BUY,0.007032136105860287,True,BETA,BCOM Index,-0.2508481671046292,0.2508481671046292,Local Index,-0.2136756626848775,,BCOM Index,-0.2508481671046292,,1y1m forward OIS,0.2059062815487544,,BETA
2017-01-09,SGDRegressor,BUY,0.0016646489104115147,True,BETA,BCOM Index,-0.251795150414326,0.251795150414326,Local Index,-0.20578043382221198,,BCOM Index,-0.251795150414326,,1y1m forward OIS,0.2009286976665293,,BETA
2017-01-31,SGDRegressor,BUY,0.0035303146584806377,True,BETA,Oil,-0.24999873237607714,0.24999873237607714,Local Index,-0.22151066480107223,,Oil,-0.24999873237607714,,1y1m forward OIS,0.20179145155058512,,BETA
2017-08-08,SGDRegressor,SELL,-0.0080524196731665,True,BETA,2y yield,0.23894608983398885,0.23894608983398885,2y yield,0.23894608983398885,,Oil,-0.14379752432398796,,MSCI World ex-US,-0.13801721154064545,,BETA
2017-08-15,SGDRegressor,SELL,-0.0192051422748295,True,BETA,2y yield,0.24030470818778946,0.24030470818778946,2y yield,0.24030470818778946,,Oil,-0.14446207071586642,,MSCI World ex-US,-0.13387232299587593,,BETA
2017-10-25,SGDRegressor,SELL,-0.0052360112535168035,True,BETA,Real 2y yield,0.22995883532311207,0.22995883532311207,Real 2y yield,0.22995883532311207,,Oil,-0.12926547922552023,,MSCI World ex-US,-0.11288448529585839,,BETA
2017-11-10,SGDRegressor,BUY,0.0023655574830470094,True,BETA,5y yield,0.25582401418978645,0.25582401418978645,5y yield,0.25582401418978645,,Gold,-0.028779962285700685,,MSCI World ex-US,-0.10500676229131191,,BETA
2017-12-01,SGDRegressor,BUY,0.014268821442648738,True,BETA,5y yield,0.2494619914853375,0.2494619914853375,5y yield,0.2494619914853375,,Gold,-0.02924042152747687,,MSCI World ex-US,-0.10953049577818391,,BETA
2018-05-29,SGDRegressor,SELL,-0.00023045014595168833,True,BETA,5y yield,0.2252618338932305,0.2252618338932305,5y yield,0.2252618338932305,,Gold,-0.11355610476193902,,Local - Wilshire,0.17031297064369927,,BETA
2018-06-19,SGDRegressor,SELL,-0.011064278187565835,True,BETA,10y yield,0.20087068080355525,0.20087068080355525,10y yield,0.20087068080355525,,Gold,-0.12655823569813882,,Local - Wilshire,0.18242306185363888,,BETA
2018-08-22,SGDRegressor,BUY,0.013926290682465092,True,BETA,6m1m forward OIS,0.25606590798074735,0.25606590798074735,6m1m forward OIS,0.25606590798074735,,Gold,-0.18051941987632944,,Local - S&P500,0.1470089663758988,,BETA
2018-10-10,SGDRegressor,SELL,-0.0008417508417507547,True,BETA,10y yield,0.18380497516835803,0.18380497516835803,10y yield,0.18380497516835803,,Gold,-0.15592097799730806,,Local - S&P500,0.1555851258704273,,BETA
2018-12-21,SGDRegressor,SELL,-0.01676224084693434,True,BETA,Gold,-0.16716838405691792,0.16716838405691792,Gold,-0.16716838405691792,,10y yield,0.13283841418495915,,Local - Dow Jones,0.15129320761953732,,BETA
2019-03-21,SGDRegressor,SELL,-0.00037413947919784363,True,BETA,Gold,-0.13951832229764444,0.13951832229764444,Gold,-0.13951832229764444,,MSCI World ex-US,-0.13038788944325946,,1y1m forward OIS,0.11144864742124329,,BETA
2019-07-12,SGDRegressor,BUY,0.010592569849554812,True,BETA,MSCI World ex-US,-0.11786302896722062,0.11786302896722062,MSCI World ex-US,-0.11786302896722062,,Copper LME,-0.09736704074412035,,1y1m forward OIS,0.09878153295295178,,BETA
2019-07-18,SGDRegressor,BUY,0.014201274276502529,True,BETA,MSCI World ex-US,-0.11858967149709576,0.11858967149709576,MSCI World ex-US,-0.11858967149709576,,Copper LME,-0.0967530784254236,,1y1m forward OIS,0.09821787904803497,,BETA
2019-09-04,SGDRegressor,BUY,0.004915305505142076,True,BETA,MSCI World ex-US,-0.11612452516071323,0.11612452516071323,Copper LME,-0.09787326368524826,,MSCI World ex-US,-0.11612452516071323,,Real 2y yield,0.10955777506817883,,BETA
2019-09-09,SGDRegressor,BUY,0.007214459295261211,True,BETA,MSCI World ex-US,-0.11309281113153981,0.11309281113153981,Copper LME,-0.11243842005957412,,MSCI World ex-US,-0.11309281113153981,,Real 2y yield,0.11176180517536552,,BETA
2019-10-17,SGDRegressor,BUY,0.002055263758848902,True,BETA,MSCI World ex-US,-0.14666176932422426,0.14666176932422426,MSCI World ex-US,-0.14666176932422426,,Copper LME,-0.06853620344730278,,Real 2y yield,0.11943365415168,,BETA
2020-01-23,SGDRegressor,BUY,0.011960082273177353,True,BETA,Real 2y yield,0.14128641361558528,0.14128641361558528,Real 2y yield,0.14128641361558528,,Local - S&P500,0.10732303368620152,,BCOM Index,-0.099774539575615,,BETA
2020-06-08,SGDRegressor,BUY,0.010461814377522138,True,BETA,MSCI World ex-US,-0.17248962415623983,0.17248962415623983,MSCI World ex-US,-0.17248962415623983,,Copper LME,-0.09618573981638869,,2y yield,0.09975151170827373,,BETA
2020-08-04,SGDRegressor,SELL,-0.011337187476537336,True,BETA,MSCI World ex-US,-0.20905905613607556,0.20905905613607556,MSCI World ex-US,-0.20905905613607556,,Copper LME,-0.08182375218483494,,2y yield,0.08715187646815224,,BETA
2020-10-28,SGDRegressor,SELL,-0.01951512422127155,True,BETA,MSCI World ex-US,-0.22230216165024347,0.22230216165024347,MSCI World ex-US,-0.22230216165024347,,Copper LME,-0.10330333049314507,,2y yield,0.0732206975883141,,BETA
2020-11-12,SGDRegressor,SELL,-0.009436115972909165,True,BETA,MSCI World ex-US,-0.22757285123423068,0.22757285123423068,MSCI World ex-US,-0.22757285123423068,,Copper LME,-0.10677142738368824,,2y yield,0.07083829379794869,,BETA
2020-11-20,SGDRegressor,SELL,-0.023749522718594984,True,BETA,MSCI World ex-US,-0.2285835260488158,0.2285835260488158,MSCI World ex-US,-0.2285835260488158,,Copper LME,-0.10865637566856656,,2y yield,0.06963156103768846,,BETA
2021-03-11,SGDRegressor,BUY,0.006383148487991708,True,BETA,Local Index,-0.26182143882290654,0.26182143882290654,Local Index,-0.26182143882290654,,BCOM Index,-0.21055726334324038,,VIX Index,0.01171666699624383,,BETA
2021-06-18,SGDRegressor,SELL,-0.011472121941435987,True,BETA,Local Index,-0.24345616024884742,0.24345616024884742,Local Index,-0.24345616024884742,,Oil,-0.1026433060652472,,10y yield,0.09623833805405316,,BETA
2021-09-17,SGDRegressor,SELL,-0.009088060169226031,True,BETA,Local Index,-0.2862892191843109,0.2862892191843109,Local Index,-0.2862892191843109,,Crude oil WCS,-0.15321478399675503,,10y yield,0.0683458545108197,,BETA
2021-12-17,SGDRegressor,SELL,-0.01955155559003796,True,BETA,MSCI World ex-US,-0.2219608751736352,0.2219608751736352,MSCI World ex-US,-0.2219608751736352,,Oil,-0.15037174546341744,,VIX Index,0.011014243168217657,,BETA
2022-05-09,SGDRegressor,SELL,-0.01875336253938975,True,BETA,MSCI World ex-US,-0.1965360981009433,0.1965360981009433,MSCI World ex-US,-0.1965360981009433,,Copper LME,-0.06293509973073602,,Real 2y yield,0.021667192360394348,,BETA
2022-08-26,SGDRegressor,SELL,-0.00015345661014343204,True,BETA,MSCI World ex-US,-0.20964846376951154,0.20964846376951154,MSCI World ex-US,-0.20964846376951154,,Copper LME,-0.036327186392380105,,Real 2y yield,-0.002098931584864728,,BETA
2022-09-01,SGDRegressor,BUY,0.005473204104903262,True,BETA,MSCI World ex-US,-0.22279316642723632,0.22279316642723632,MSCI World ex-US,-0.22279316642723632,,Copper LME,-0.05713285353120554,,Real 2y yield,0.02298251369540249,,BETA
2023-02-14,SGDRegressor,BUY,0.02324360800779779,True,BETA,Local Index,-0.28672339277934716,0.28672339277934716,Local Index,-0.28672339277934716,,Gold,-0.0858152675398074,,5y yield,0.08186367690404188,,BETA
2023-03-08,SGDRegressor,SELL,-0.005360376675117795,True,BETA,Local Index,-0.26335146542994825,0.26335146542994825,Local Index,-0.26335146542994825,,Gold,-0.14738931547028153,,5y yield,0.06979200747954342,,BETA
2023-04-24,SGDRegressor,SELL,-0.012332914851192811,True,BETA,Local Index,-0.29600714928248095,0.29600714928248095,Local Index,-0.29600714928248095,,BCOM Index,-0.10733148787428187,,5y yield,0.09028476785673964,,BETA
2023-05-09,SGDRegressor,BUY,0.00896592946802155,True,BETA,Local Index,-0.30601674820506364,0.30601674820506364,Local Index,-0.30601674820506364,,BCOM Index,-0.10862885410926924,,5y yield,0.09107620878701712,,BETA
2023-05-16,SGDRegressor,BUY,0.008900756564307999,True,BETA,Local Index,-0.30659201009460585,0.30659201009460585,Local Index,-0.30659201009460585,,BCOM Index,-0.107807479988789,,5y yield,0.09674657150796072,,BETA
2023-06-15,SGDRegressor,BUY,0.0021931483022006315,True,BETA,Local Index,-0.3208224610328299,0.3208224610328299,Local Index,-0.3208224610328299,,BCOM Index,-0.11329290231360373,,5y yield,0.1056622531880539,,BETA
2023-09-01,SGDRegressor,SELL,-0.004929370217775064,True,BETA,Local Index,-0.27957549318264263,0.27957549318264263,BCOM Index,-0.1624579451139391,,Local Index,-0.27957549318264263,,5y yield,0.1280717103948831,,BETA
2023-12-26,SGDRegressor,BUY,0.014778325123152802,True,BETA,MSCI World ex-US,-0.14686855976368712,0.14686855976368712,BCOM Index,-0.1349994743385233,,MSCI World ex-US,-0.14686855976368712,,3m1m forward OIS,0.08145961739706534,,BETA
2024-05-31,SGDRegressor,BUY,0.0077781039037276845,True,BETA,Local Index,-0.16053957290926704,0.16053957290926704,Local Index,-0.16053957290926704,,6m1m forward OIS,0.11009494116025545,,Gold,-0.033692434388804954,,BETA
2024-07-26,SGDRegressor,SELL,-0.0076611737496385945,True,BETA,Local Index,-0.15344134556295277,0.15344134556295277,Local Index,-0.15344134556295277,,5y yield,0.08285304725865424,,Gold,-0.02902557280072378,,BETA
2024-12-17,SGDRegressor,BUY,0.005171208944793726,True,BETA,Local Index,-0.10361376830307592,0.10361376830307592,Local Index,-0.10361376830307592,,5y yield,0.10095086099018898,,Gold,-0.031188511021097362,,BETA
2025-06-03,SGDRegressor,SELL,-0.002988338192419948,True,BETA,Copper LME,-0.10526996497505964,0.10526996497505964,Copper LME,-0.10526996497505964,,5y yield,0.1022599355612917,,MSCI World ex-US,-0.042853002103110605,,BETA
2025-12-23,SGDRegressor,BUY,0.009278199883109295,True,BETA,Gold,-0.07640171126555184,0.07640171126555184,Real 2y yield,0.0655374169446862,,Gold,-0.07640171126555184,,MSCI World ex-US,-0.0624902423913783,,BETA
2026-01-29,SGDRegressor,BUY,0.008895478131949686,True,BETA,Real 2y yield,0.09627736643454644,0.09627736643454644,Real 2y yield,0.09627736643454644,,Gold,-0.080147715713636,,MSCI World ex-US,-0.06878112864585817,,BETA
2002-03-15,StackedEnsemble,BUY,0.007772020725388629,True,STACK,XGBRegressor,0.3931432171034836,0.3931432171034836,ElasticNetCV,0.32899820968432675,,XGBRegressor,0.3931432171034836,,LGBMRegressor,0.06860322997003494,,STACK
2002-03-20,StackedEnsemble,BUY,0.006583945302608418,True,STACK,ElasticNetCV,0.4211857103963913,0.4211857103963913,ElasticNetCV,0.4211857103963913,,XGBRegressor,0.31767195190751585,,LGBMRegressor,0.002829753035940708,,STACK
2002-09-03,StackedEnsemble,BUY,0.017770909793316747,True,STACK,ElasticNetCV,1.9677798265197493,1.9677798265197493,ElasticNetCV,1.9677798265197493,,XGBRegressor,0.776265300110991,,LGBMRegressor,0.536736741095636,,STACK
2002-12-02,StackedEnsemble,BUY,0.001668913280698403,True,STACK,LGBMRegressor,0.7353762847943073,0.7353762847943073,ElasticNetCV,0.49743742942432606,,XGBRegressor,-0.00805701810467671,,LGBMRegressor,0.7353762847943073,,STACK
2003-03-07,StackedEnsemble,BUY,0.019171726819949608,True,STACK,LGBMRegressor,0.5870897859736169,0.5870897859736169,ElasticNetCV,0.3557071279983652,,XGBRegressor,0.37255153975756217,,LGBMRegressor,0.5870897859736169,,STACK
2003-05-06,StackedEnsemble,SELL,-0.032522076243807985,True,STACK,XGBRegressor,0.4960333525275893,0.4960333525275893,ElasticNetCV,0.28176912196015236,,XGBRegressor,0.4960333525275893,,LGBMRegressor,0.26420462786997895,,STACK
2003-05-22,StackedEnsemble,SELL,-0.02374189789527348,True,STACK,LGBMRegressor,0.4958785952183701,0.4958785952183701,ElasticNetCV,0.19000189571468462,,XGBRegressor,0.48605424950878323,,LGBMRegressor,0.4958785952183701,,STACK
2003-06-20,StackedEnsemble,SELL,-0.014117647058823568,True,STACK,XGBRegressor,0.7941782427522335,0.7941782427522335,ElasticNetCV,0.21458287145558502,,XGBRegressor,0.7941782427522335,,LGBMRegressor,0.16397191408526077,,STACK
2003-07-15,StackedEnsemble,SELL,-0.004166367358666601,True,STACK,XGBRegressor,0.9641858800892021,0.9641858800892021,ElasticNetCV,0.19590027824607403,,XGBRegressor,0.9641858800892021,,LGBMRegressor,-0.18205149981570978,,STACK
2003-07-18,StackedEnsemble,SELL,-0.005049068411321245,True,STACK,XGBRegressor,0.9634468203449928,0.9634468203449928,ElasticNetCV,0.6555591792706311,,XGBRegressor,0.9634468203449928,,LGBMRegressor,0.13283175493040322,,STACK
2003-07-22,StackedEnsemble,SELL,-0.01157701538895961,True,STACK,LGBMRegressor,0.932989382595434,0.932989382595434,ElasticNetCV,0.24354304579542588,,XGBRegressor,0.8594948644944823,,LGBMRegressor,0.932989382595434,,STACK
2003-10-20,StackedEnsemble,BUY,0.01333030371885191,True,STACK,XGBRegressor,0.7106260652949759,0.7106260652949759,ElasticNetCV,0.18375527124152016,,XGBRegressor,0.7106260652949759,,LGBMRegressor,0.7067112222158245,,STACK
2003-11-03,StackedEnsemble,SELL,-0.019582928469990324,True,STACK,ElasticNetCV,0.6440673848516263,0.6440673848516263,ElasticNetCV,0.6440673848516263,,XGBRegressor,0.5039020699545469,,LGBMRegressor,0.5609927326000598,,STACK
2003-11-06,StackedEnsemble,SELL,-0.02769690182904061,True,STACK,LGBMRegressor,0.799880488215486,0.799880488215486,ElasticNetCV,0.585343224292883,,XGBRegressor,0.5124478638425735,,LGBMRegressor,0.799880488215486,,STACK
2004-01-13,StackedEnsemble,BUY,0.026423403586033123,True,STACK,ElasticNetCV,0.6064664618833264,0.6064664618833264,ElasticNetCV,0.6064664618833264,,XGBRegressor,0.441624110082819,,LGBMRegressor,0.38265633018200945,,STACK
2004-04-06,StackedEnsemble,BUY,0.03729746254967892,True,STACK,XGBRegressor,0.6645197868153936,0.6645197868153936,ElasticNetCV,0.3164522396293534,,XGBRegressor,0.6645197868153936,,LGBMRegressor,0.1598406677545643,,STACK
2004-07-22,StackedEnsemble,BUY,0.0010627799286420103,True,STACK,XGBRegressor,0.5603558610731205,0.5603558610731205,ElasticNetCV,0.33653499813879195,,XGBRegressor,0.5603558610731205,,LGBMRegressor,0.11218787432458044,,STACK
2004-09-21,StackedEnsemble,SELL,-0.02012119328775619,True,STACK,LGBMRegressor,0.47086063316639504,0.47086063316639504,ElasticNetCV,0.34092501766095223,,XGBRegressor,0.23317573711530395,,LGBMRegressor,0.47086063316639504,,STACK
2004-10-04,StackedEnsemble,SELL,-0.011480695132499719,True,STACK,ElasticNetCV,0.3859886081665103,0.3859886081665103,ElasticNetCV,0.3859886081665103,,XGBRegressor,0.25516281607886504,,LGBMRegressor,0.3364740615085917,,STACK
2004-12-22,StackedEnsemble,SELL,-0.012727565651683648,True,STACK,ElasticNetCV,0.7459534625368982,0.7459534625368982,ElasticNetCV,0.7459534625368982,,XGBRegressor,0.6289738628062856,,LGBMRegressor,-0.24826672070613084,,STACK
2005-01-28,StackedEnsemble,SELL,-0.0020179191218016035,True,STACK,XGBRegressor,0.999746579079574,0.999746579079574,ElasticNetCV,0.7129175319536035,,XGBRegressor,0.999746579079574,,LGBMRegressor,0.03961748316289663,,STACK
2005-02-04,StackedEnsemble,SELL,-0.01456466069142126,True,STACK,XGBRegressor,1.0677366249962599,1.0677366249962599,ElasticNetCV,0.5187110540655204,,XGBRegressor,1.0677366249962599,,LGBMRegressor,-0.04574975256894904,,STACK
2005-02-23,StackedEnsemble,SELL,-0.03059749437841308,True,STACK,ElasticNetCV,0.9359131833292672,0.9359131833292672,ElasticNetCV,0.9359131833292672,,XGBRegressor,0.2730030872123793,,LGBMRegressor,0.1463601344938209,,STACK
2005-11-14,StackedEnsemble,SELL,-0.021456709412455033,True,STACK,ElasticNetCV,0.35265999131014675,0.35265999131014675,ElasticNetCV,0.35265999131014675,,XGBRegressor,0.17001245774047802,,LGBMRegressor,0.14488867000176917,,STACK
2005-12-27,StackedEnsemble,SELL,-0.007406146250106493,True,STACK,ElasticNetCV,0.4422418153396534,0.4422418153396534,ElasticNetCV,0.4422418153396534,,XGBRegressor,0.34287084462880174,,LGBMRegressor,0.292062330135848,,STACK
2006-01-06,StackedEnsemble,SELL,-0.011237882817191291,True,STACK,LGBMRegressor,0.6596179942225086,0.6596179942225086,ElasticNetCV,0.4308402802235301,,XGBRegressor,0.06254754091903973,,LGBMRegressor,0.6596179942225086,,STACK
2006-04-03,StackedEnsemble,SELL,-0.021776259607173443,True,STACK,LGBMRegressor,0.6521023788440468,0.6521023788440468,ElasticNetCV,0.3695322998166297,,XGBRegressor,0.050424524583882746,,LGBMRegressor,0.6521023788440468,,STACK
2006-05-25,StackedEnsemble,BUY,0.014084507042253502,True,STACK,ElasticNetCV,0.5545219069690871,0.5545219069690871,ElasticNetCV,0.5545219069690871,,XGBRegressor,0.2957151647401149,,LGBMRegressor,0.073187736582596,,STACK
2006-05-30,StackedEnsemble,BUY,0.01347169124340053,True,STACK,ElasticNetCV,0.47185917747381373,0.47185917747381373,ElasticNetCV,0.47185917747381373,,XGBRegressor,0.2715234747263525,,LGBMRegressor,0.17959921158899908,,STACK
2006-06-12,StackedEnsemble,BUY,0.022012006549026797,True,STACK,ElasticNetCV,0.580273018205571,0.580273018205571,ElasticNetCV,0.580273018205571,,XGBRegressor,0.27097816464153734,,LGBMRegressor,0.06375787317081041,,STACK
2006-08-31,StackedEnsemble,BUY,0.011778563015312216,True,STACK,XGBRegressor,0.44881360778055623,0.44881360778055623,ElasticNetCV,0.3339375578558293,,XGBRegressor,0.44881360778055623,,LGBMRegressor,0.31985030125374236,,STACK
2006-09-06,StackedEnsemble,BUY,0.02017004341534001,True,STACK,XGBRegressor,0.4917917716708313,0.4917917716708313,ElasticNetCV,0.33191460162905534,,XGBRegressor,0.4917917716708313,,LGBMRegressor,0.24596519490634994,,STACK
2007-01-03,StackedEnsemble,SELL,-0.0005113345832622462,True,STACK,ElasticNetCV,0.41091811327826355,0.41091811327826355,ElasticNetCV,0.41091811327826355,,XGBRegressor,0.3102581571210691,,LGBMRegressor,0.2995691280820538,,STACK
2007-02-13,StackedEnsemble,BUY,0.0003428473472186777,True,STACK,ElasticNetCV,0.27974144050829003,0.27974144050829003,ElasticNetCV,0.27974144050829003,,XGBRegressor,0.273835004485586,,LGBMRegressor,0.19030458794513108,,STACK
2007-02-21,StackedEnsemble,BUY,0.016382134850836394,True,STACK,XGBRegressor,0.30430979261141305,0.30430979261141305,ElasticNetCV,0.23261631352601544,,XGBRegressor,0.30430979261141305,,LGBMRegressor,0.1753448699281531,,STACK
2007-06-01,StackedEnsemble,BUY,0.0065987933634994445,True,STACK,ElasticNetCV,1.1734043376408307,1.1734043376408307,ElasticNetCV,1.1734043376408307,,XGBRegressor,0.25670571131121717,,LGBMRegressor,0.3651429396450648,,STACK
2008-05-08,StackedEnsemble,SELL,-0.03204876130554468,True,STACK,XGBRegressor,0.8145302227089896,0.8145302227089896,ElasticNetCV,0.437799364824665,,XGBRegressor,0.8145302227089896,,LGBMRegressor,-0.08934741903394934,,STACK
2008-06-13,StackedEnsemble,SELL,-0.01826306586361004,True,STACK,XGBRegressor,1.118222762127509,1.118222762127509,ElasticNetCV,0.4638644155664707,,XGBRegressor,1.118222762127509,,LGBMRegressor,-0.22901231191036672,,STACK
2008-07-15,StackedEnsemble,BUY,0.021860650828508632,True,STACK,ElasticNetCV,0.512336310058394,0.512336310058394,ElasticNetCV,0.512336310058394,,XGBRegressor,0.07980931490334807,,LGBMRegressor,0.34241027752311093,,STACK
2008-07-21,StackedEnsemble,BUY,0.0367036703670367,True,STACK,ElasticNetCV,0.6230281226029635,0.6230281226029635,ElasticNetCV,0.6230281226029635,,XGBRegressor,0.20012739261011214,,LGBMRegressor,0.08039413831993969,,STACK
2008-10-22,StackedEnsemble,SELL,-0.06723024164606428,True,STACK,ElasticNetCV,1.2058905507607536,1.2058905507607536,ElasticNetCV,1.2058905507607536,,XGBRegressor,-0.2543724026064307,,LGBMRegressor,0.4683928226689302,,STACK
2008-10-24,StackedEnsemble,SELL,-0.06904109589041096,True,STACK,ElasticNetCV,1.1221415016744862,1.1221415016744862,ElasticNetCV,1.1221415016744862,,XGBRegressor,0.10746244385760653,,LGBMRegressor,0.32500920275910017,,STACK
2008-12-16,StackedEnsemble,BUY,0.011893870082342106,True,STACK,LGBMRegressor,0.7356129258367308,0.7356129258367308,ElasticNetCV,0.589199109805636,,XGBRegressor,0.2574032812871329,,LGBMRegressor,0.7356129258367308,,STACK
2009-05-29,StackedEnsemble,BUY,0.025194686211635453,True,STACK,ElasticNetCV,0.540105058921391,0.540105058921391,ElasticNetCV,0.540105058921391,,XGBRegressor,0.3256925727409423,,LGBMRegressor,0.3374806394484796,,STACK
2009-07-21,StackedEnsemble,SELL,-0.02817794690586206,True,STACK,ElasticNetCV,0.8383486066973067,0.8383486066973067,ElasticNetCV,0.8383486066973067,,XGBRegressor,0.3439357700457626,,LGBMRegressor,0.15725175369001962,,STACK
2009-10-13,StackedEnsemble,BUY,0.03178602577769163,True,STACK,ElasticNetCV,0.8512396661225006,0.8512396661225006,ElasticNetCV,0.8512396661225006,,XGBRegressor,-0.38830656710556655,,LGBMRegressor,0.6218898483840807,,STACK
2009-11-10,StackedEnsemble,BUY,0.008099094807050955,True,STACK,ElasticNetCV,0.6359762182406561,0.6359762182406561,ElasticNetCV,0.6359762182406561,,XGBRegressor,0.008561472813370219,,LGBMRegressor,0.5641366612040845,,STACK
2010-01-14,StackedEnsemble,BUY,0.04191909321868281,True,STACK,ElasticNetCV,0.6421550274589499,0.6421550274589499,ElasticNetCV,0.6421550274589499,,XGBRegressor,0.4205136146544057,,LGBMRegressor,0.11899485666521241,,STACK
2010-04-07,StackedEnsemble,SELL,-0.0064593063698697994,True,STACK,ElasticNetCV,0.5211592160925289,0.5211592160925289,ElasticNetCV,0.5211592160925289,,XGBRegressor,0.49262754846991286,,LGBMRegressor,0.14135482216723794,,STACK
2010-06-22,StackedEnsemble,BUY,0.024184149184149017,True,STACK,ElasticNetCV,0.6288652392319639,0.6288652392319639,ElasticNetCV,0.6288652392319639,,XGBRegressor,0.2653483677247436,,LGBMRegressor,0.17504811744572674,,STACK
2010-08-30,StackedEnsemble,SELL,-0.03112913876049439,True,STACK,ElasticNetCV,0.5035095710049315,0.5035095710049315,ElasticNetCV,0.5035095710049315,,XGBRegressor,0.16837797885485703,,LGBMRegressor,0.1691079544880588,,STACK
2010-09-02,StackedEnsemble,SELL,-0.024610414291144078,True,STACK,ElasticNetCV,0.5018573202046137,0.5018573202046137,ElasticNetCV,0.5018573202046137,,XGBRegressor,0.17180048134872034,,LGBMRegressor,0.1982634806306632,,STACK
2010-09-07,StackedEnsemble,SELL,-0.020229007633587925,True,STACK,ElasticNetCV,0.5009575617102041,0.5009575617102041,ElasticNetCV,0.5009575617102041,,XGBRegressor,0.17770822732061928,,LGBMRegressor,0.1969669197229969,,STACK
2010-12-01,StackedEnsemble,SELL,-0.01179941002949858,True,STACK,ElasticNetCV,1.0795830964913373,1.0795830964913373,ElasticNetCV,1.0795830964913373,,XGBRegressor,0.05328371685458105,,LGBMRegressor,0.05385597162801801,,STACK
2010-12-08,StackedEnsemble,BUY,0.001977848101265778,True,STACK,ElasticNetCV,1.0011061982664031,1.0011061982664031,ElasticNetCV,1.0011061982664031,,XGBRegressor,-0.09163661520915166,,LGBMRegressor,0.06176528630118843,,STACK
2011-01-06,StackedEnsemble,BUY,0.0007023881196066561,True,STACK,ElasticNetCV,0.899800453672295,0.899800453672295,ElasticNetCV,0.899800453672295,,XGBRegressor,0.1907859359676578,,LGBMRegressor,-0.05851453526300909,,STACK
2011-03-17,StackedEnsemble,SELL,-0.01441917140536153,True,STACK,ElasticNetCV,0.5452347110885386,0.5452347110885386,ElasticNetCV,0.5452347110885386,,XGBRegressor,0.16048649628113262,,LGBMRegressor,0.1916792887248297,,STACK
2011-03-23,StackedEnsemble,SELL,-0.021189894050529734,True,STACK,ElasticNetCV,0.49807797332114323,0.49807797332114323,ElasticNetCV,0.49807797332114323,,XGBRegressor,0.11478481260300144,,LGBMRegressor,0.2750844049189636,,STACK
2011-10-07,StackedEnsemble,SELL,-0.03164983164983182,True,STACK,ElasticNetCV,0.6117902785690393,0.6117902785690393,ElasticNetCV,0.6117902785690393,,XGBRegressor,0.3557854912454181,,LGBMRegressor,0.21833652931275507,,STACK
2012-05-07,StackedEnsemble,BUY,0.02456952975531168,True,STACK,ElasticNetCV,0.6928176263915286,0.6928176263915286,ElasticNetCV,0.6928176263915286,,XGBRegressor,0.0020128457181646047,,LGBMRegressor,0.3943761619994964,,STACK
2012-05-14,StackedEnsemble,BUY,0.020125535518581206,True,STACK,ElasticNetCV,0.5951303822288827,0.5951303822288827,ElasticNetCV,0.5951303822288827,,XGBRegressor,0.14865283106349433,,LGBMRegressor,0.3358543813090338,,STACK
2012-05-21,StackedEnsemble,BUY,0.021523341523341566,True,STACK,ElasticNetCV,0.45871501770847267,0.45871501770847267,ElasticNetCV,0.45871501770847267,,XGBRegressor,0.2764015939816357,,LGBMRegressor,0.33415724879216213,,STACK
2012-05-23,StackedEnsemble,BUY,0.002341006632852194,True,STACK,ElasticNetCV,0.49272026237896244,0.49272026237896244,ElasticNetCV,0.49272026237896244,,XGBRegressor,0.2563749340569437,,LGBMRegressor,0.3265960018732046,,STACK
2012-06-14,StackedEnsemble,BUY,0.010365734402503435,True,STACK,ElasticNetCV,0.6333869125336631,0.6333869125336631,ElasticNetCV,0.6333869125336631,,XGBRegressor,0.29017359335238924,,LGBMRegressor,0.21167560716465036,,STACK
2012-10-09,StackedEnsemble,BUY,0.014412756823060313,True,STACK,ElasticNetCV,0.6079556298543648,0.6079556298543648,ElasticNetCV,0.6079556298543648,,XGBRegressor,0.14709347766556694,,LGBMRegressor,0.2090429873588191,,STACK
2012-11-13,StackedEnsemble,SELL,-0.007484283005688042,True,STACK,ElasticNetCV,0.6104391949817156,0.6104391949817156,ElasticNetCV,0.6104391949817156,,XGBRegressor,0.3389989103520052,,LGBMRegressor,0.15076291367142564,,STACK
2012-12-27,StackedEnsemble,SELL,-0.01205787781350487,True,STACK,ElasticNetCV,0.5632346154293075,0.5632346154293075,ElasticNetCV,0.5632346154293075,,XGBRegressor,0.39742025828202493,,LGBMRegressor,0.25362489284748496,,STACK
2013-01-16,StackedEnsemble,BUY,0.01572167562633142,True,STACK,ElasticNetCV,0.47152882454068795,0.47152882454068795,ElasticNetCV,0.47152882454068795,,XGBRegressor,0.27532415676064953,,LGBMRegressor,0.2652945014429443,,STACK
2013-04-02,StackedEnsemble,BUY,0.005813953488372103,True,STACK,ElasticNetCV,0.4418311758996439,0.4418311758996439,ElasticNetCV,0.4418311758996439,,XGBRegressor,0.32192058828037867,,LGBMRegressor,0.19769786240550888,,STACK
2013-04-11,StackedEnsemble,BUY,0.009203364670955061,True,STACK,ElasticNetCV,0.45055754761629374,0.45055754761629374,ElasticNetCV,0.45055754761629374,,XGBRegressor,0.27438038070429516,,LGBMRegressor,0.17614518312249697,,STACK
2013-04-30,StackedEnsemble,BUY,0.010622456070684017,True,STACK,ElasticNetCV,0.478231703426621,0.478231703426621,ElasticNetCV,0.478231703426621,,XGBRegressor,0.2265099930883534,,LGBMRegressor,0.2008631734214387,,STACK
2013-07-02,StackedEnsemble,SELL,-0.016597116843702686,True,STACK,ElasticNetCV,0.9328615268905207,0.9328615268905207,ElasticNetCV,0.9328615268905207,,XGBRegressor,-0.48242172134304656,,LGBMRegressor,0.5281917446946285,,STACK
2013-11-29,StackedEnsemble,SELL,-0.002732240437158362,True,STACK,ElasticNetCV,0.8417320348458118,0.8417320348458118,ElasticNetCV,0.8417320348458118,,XGBRegressor,0.8201896743973727,,LGBMRegressor,-0.6044070996288687,,STACK
2014-04-08,StackedEnsemble,BUY,0.00942964387073153,True,STACK,XGBRegressor,0.5317240992411723,0.5317240992411723,ElasticNetCV,0.38466695241909366,,XGBRegressor,0.5317240992411723,,LGBMRegressor,0.22405861599885796,,STACK
2015-05-01,StackedEnsemble,SELL,-0.011925322806151772,True,STACK,ElasticNetCV,0.9381617775813631,0.9381617775813631,ElasticNetCV,0.9381617775813631,,XGBRegressor,0.40671623893864545,,LGBMRegressor,0.22169785932402572,,STACK
2015-06-11,StackedEnsemble,BUY,0.0029287341360233476,True,STACK,ElasticNetCV,0.9188529063519031,0.9188529063519031,ElasticNetCV,0.9188529063519031,,XGBRegressor,0.18209170394512306,,LGBMRegressor,0.27453692090108445,,STACK
2015-12-02,StackedEnsemble,BUY,0.03275125533987855,True,STACK,ElasticNetCV,0.3986875096029392,0.3986875096029392,ElasticNetCV,0.3986875096029392,,XGBRegressor,0.3678899369162045,,LGBMRegressor,0.26512119754357494,,STACK
2015-12-18,StackedEnsemble,SELL,-0.0073081607795371095,True,STACK,ElasticNetCV,0.4605340421706706,0.4605340421706706,ElasticNetCV,0.4605340421706706,,XGBRegressor,0.30872773364766204,,LGBMRegressor,0.2539015041312926,,STACK
2016-01-13,StackedEnsemble,SELL,-0.01701534170153418,True,STACK,ElasticNetCV,0.5073792223820591,0.5073792223820591,ElasticNetCV,0.5073792223820591,,XGBRegressor,0.38609346321370797,,LGBMRegressor,0.1427650887467196,,STACK
2016-09-05,StackedEnsemble,BUY,0.021271658415841666,True,STACK,ElasticNetCV,1.0098502241276148,1.0098502241276148,ElasticNetCV,1.0098502241276148,,XGBRegressor,-0.12768744403851182,,LGBMRegressor,0.24399376336660328,,STACK
2016-09-16,StackedEnsemble,SELL,-0.006433545261883111,True,STACK,ElasticNetCV,0.9576258203258102,0.9576258203258102,ElasticNetCV,0.9576258203258102,,XGBRegressor,-0.47502988219122294,,LGBMRegressor,0.6258453983129885,,STACK
2017-01-05,StackedEnsemble,BUY,0.007032136105860287,True,STACK,XGBRegressor,0.6269479908150349,0.6269479908150349,ElasticNetCV,0.5096982542969278,,XGBRegressor,0.6269479908150349,,LGBMRegressor,-0.24909325458990278,,STACK
2017-01-31,StackedEnsemble,BUY,0.0035303146584806377,True,STACK,ElasticNetCV,0.40770305875899693,0.40770305875899693,ElasticNetCV,0.40770305875899693,,XGBRegressor,0.1960065563676937,,LGBMRegressor,0.22958280878813334,,STACK
2017-10-25,StackedEnsemble,SELL,-0.0052360112535168035,True,STACK,LGBMRegressor,0.7691480035871643,0.7691480035871643,ElasticNetCV,0.6296331154490422,,XGBRegressor,-0.2721199647388199,,LGBMRegressor,0.7691480035871643,,STACK
2017-11-10,StackedEnsemble,BUY,0.0023655574830470094,True,STACK,ElasticNetCV,0.48195717429912355,0.48195717429912355,ElasticNetCV,0.48195717429912355,,XGBRegressor,0.3610339809180523,,LGBMRegressor,0.2183744986884347,,STACK
2017-12-01,StackedEnsemble,BUY,0.014268821442648738,True,STACK,ElasticNetCV,0.7194543357091507,0.7194543357091507,ElasticNetCV,0.7194543357091507,,XGBRegressor,0.3060538498217603,,LGBMRegressor,0.07223531750322758,,STACK
2018-10-01,StackedEnsemble,BUY,0.013813017012642259,True,STACK,ElasticNetCV,0.815277747841119,0.815277747841119,ElasticNetCV,0.815277747841119,,XGBRegressor,-0.028710279889101173,,LGBMRegressor,0.12347896991750128,,STACK
2018-10-10,StackedEnsemble,SELL,-0.0008417508417507547,True,STACK,ElasticNetCV,0.9688072405152808,0.9688072405152808,ElasticNetCV,0.9688072405152808,,XGBRegressor,0.058852548298033484,,LGBMRegressor,-0.24837698788129287,,STACK
2018-12-21,StackedEnsemble,SELL,-0.01676224084693434,True,STACK,ElasticNetCV,0.7227391624071158,0.7227391624071158,ElasticNetCV,0.7227391624071158,,XGBRegressor,-0.05103338416438524,,LGBMRegressor,0.2910454101756348,,STACK
2019-06-14,StackedEnsemble,SELL,-0.023781124198598347,True,STACK,XGBRegressor,0.43029107893061036,0.43029107893061036,ElasticNetCV,0.31089982125484844,,XGBRegressor,0.43029107893061036,,LGBMRegressor,0.33501398731931287,,STACK
2019-06-18,StackedEnsemble,SELL,-0.02010914255812213,True,STACK,ElasticNetCV,0.4537582771088301,0.4537582771088301,ElasticNetCV,0.4537582771088301,,XGBRegressor,0.2704093739387574,,LGBMRegressor,0.3308585397704075,,STACK
2019-07-18,StackedEnsemble,BUY,0.014201274276502529,True,STACK,LGBMRegressor,0.5331652114380223,0.5331652114380223,ElasticNetCV,0.4535217883594336,,XGBRegressor,0.09012592057743404,,LGBMRegressor,0.5331652114380223,,STACK
2019-12-31,StackedEnsemble,BUY,0.0055427251732103056,True,STACK,XGBRegressor,0.5563099505553207,0.5563099505553207,ElasticNetCV,0.38011607099349864,,XGBRegressor,0.5563099505553207,,LGBMRegressor,-0.06558306800682648,,STACK
2020-09-04,StackedEnsemble,BUY,0.01087122952074715,True,STACK,ElasticNetCV,0.8272845881349075,0.8272845881349075,ElasticNetCV,0.8272845881349075,,XGBRegressor,0.5354996903831141,,LGBMRegressor,-0.024774897140148754,,STACK
2020-10-28,StackedEnsemble,SELL,-0.01951512422127155,True,STACK,ElasticNetCV,0.8943341978669772,0.8943341978669772,ElasticNetCV,0.8943341978669772,,XGBRegressor,0.35982094085058336,,LGBMRegressor,-0.06554723755727333,,STACK
2020-11-04,StackedEnsemble,SELL,-0.004186967113276485,True,STACK,ElasticNetCV,0.7506163194744664,0.7506163194744664,ElasticNetCV,0.7506163194744664,,XGBRegressor,0.4616816288714391,,LGBMRegressor,0.09030147754118441,,STACK
2021-01-20,StackedEnsemble,BUY,0.01187084520417847,True,STACK,LGBMRegressor,0.40727645528456,0.40727645528456,ElasticNetCV,0.2488530787468423,,XGBRegressor,0.36390264142723405,,LGBMRegressor,0.40727645528456,,STACK
2021-03-16,StackedEnsemble,BUY,0.014942159383033449,True,STACK,ElasticNetCV,0.5635817269476452,0.5635817269476452,ElasticNetCV,0.5635817269476452,,XGBRegressor,0.14250888187014907,,LGBMRegressor,0.3219747235855282,,STACK
2021-06-18,StackedEnsemble,SELL,-0.011472121941435987,True,STACK,XGBRegressor,0.50551923238714,0.50551923238714,ElasticNetCV,0.3278155653842504,,XGBRegressor,0.50551923238714,,LGBMRegressor,0.3168093793403903,,STACK
2021-12-28,StackedEnsemble,SELL,-0.019263765403213173,True,STACK,ElasticNetCV,0.5090401884154045,0.5090401884154045,ElasticNetCV,0.5090401884154045,,XGBRegressor,0.4009346639978975,,LGBMRegressor,0.39283490242257835,,STACK
2022-03-02,StackedEnsemble,BUY,0.0036418335840393556,True,STACK,ElasticNetCV,0.7433249288542875,0.7433249288542875,ElasticNetCV,0.7433249288542875,,XGBRegressor,0.08361826889852114,,LGBMRegressor,0.39667947435789347,,STACK
2022-05-09,StackedEnsemble,SELL,-0.01875336253938975,True,STACK,ElasticNetCV,0.4278404451827379,0.4278404451827379,ElasticNetCV,0.4278404451827379,,XGBRegressor,0.202611835666995,,LGBMRegressor,0.3107788159262797,,STACK
2022-08-26,StackedEnsemble,SELL,-0.00015345661014343204,True,STACK,ElasticNetCV,0.9780361788188177,0.9780361788188177,ElasticNetCV,0.9780361788188177,,XGBRegressor,0.21152223319820607,,LGBMRegressor,0.32879830410277716,,STACK
2022-09-01,StackedEnsemble,BUY,0.005473204104903262,True,STACK,ElasticNetCV,0.6758383023981859,0.6758383023981859,ElasticNetCV,0.6758383023981859,,XGBRegressor,0.3822343268707832,,LGBMRegressor,0.09990988380175943,,STACK
2022-09-06,StackedEnsemble,BUY,0.016117995894472825,True,STACK,ElasticNetCV,0.6527926785906564,0.6527926785906564,ElasticNetCV,0.6527926785906564,,XGBRegressor,0.00575488555053507,,LGBMRegressor,0.48346325924001776,,STACK
2024-04-25,StackedEnsemble,BUY,0.0014644504649630186,True,STACK,ElasticNetCV,0.6004664004830172,0.6004664004830172,ElasticNetCV,0.6004664004830172,,XGBRegressor,-0.12807956007977442,,LGBMRegressor,0.570589945687633,,STACK
2024-07-26,StackedEnsemble,SELL,-0.0076611737496385945,True,STACK,ElasticNetCV,0.5355961812497142,0.5355961812497142,ElasticNetCV,0.5355961812497142,,XGBRegressor,0.4085924420050449,,LGBMRegressor,0.1513226434805385,,STACK
2024-12-17,StackedEnsemble,BUY,0.005171208944793726,True,STACK,ElasticNetCV,0.5167330352608058,0.5167330352608058,ElasticNetCV,0.5167330352608058,,XGBRegressor,0.19419509455915418,,LGBMRegressor,0.29035095792659416,,STACK
2024-12-19,StackedEnsemble,BUY,0.00034727045422977554,True,STACK,ElasticNetCV,0.5435039794313753,0.5435039794313753,ElasticNetCV,0.5435039794313753,,XGBRegressor,0.3647154341774926,,LGBMRegressor,0.1251368075088055,,STACK
2024-12-27,StackedEnsemble,BUY,0.0007632528448513476,True,STACK,ElasticNetCV,0.46077872654820123,0.46077872654820123,ElasticNetCV,0.46077872654820123,,XGBRegressor,0.41667914897348346,,LGBMRegressor,0.1745844673918818,,STACK
2025-06-03,StackedEnsemble,SELL,-0.002988338192419948,True,STACK,ElasticNetCV,0.8523386715135172,0.8523386715135172,ElasticNetCV,0.8523386715135172,,XGBRegressor,0.38685684718085545,,LGBMRegressor,0.045171931556167964,,STACK
2025-06-25,StackedEnsemble,SELL,-0.0029870319102432985,True,STACK,ElasticNetCV,0.9722492285723997,0.9722492285723997,ElasticNetCV,0.9722492285723997,,XGBRegressor,0.19240151298133593,,LGBMRegressor,0.08409971226658002,,STACK
2025-08-21,StackedEnsemble,SELL,-0.006685356911796503,True,STACK,ElasticNetCV,0.772612929120853,0.772612929120853,ElasticNetCV,0.772612929120853,,XGBRegressor,0.19645784120794504,,LGBMRegressor,0.033486365979344616,,STACK
2025-08-25,StackedEnsemble,SELL,-0.004112554112553957,True,STACK,ElasticNetCV,0.7319548788013358,0.7319548788013358,ElasticNetCV,0.7319548788013358,,XGBRegressor,0.08894474222378412,,LGBMRegressor,0.2167986132607047,,STACK
2025-08-29,StackedEnsemble,BUY,0.007495815442835285,True,STACK,ElasticNetCV,0.7070389388092855,0.7070389388092855,ElasticNetCV,0.7070389388092855,,XGBRegressor,0.2642985891682055,,LGBMRegressor,0.08704912895037674,,STACK
