Date,Model,Signal,Forward_10d_Return,Hit,Attribution_Method,Largest_Attribution_Driver,Largest_Attribution_Value,Largest_Attribution_Abs,Driver_1_Name,Driver_1_Beta,Driver_1_SHAP,Driver_2_Name,Driver_2_Beta,Driver_2_SHAP,Driver_3_Name,Driver_3_Beta,Driver_3_SHAP,Dominant_Attribution_Method
2001-12-18,OLS,BUY,0.0297223308564724,True,BETA,Gold,-0.1243883931653161,0.1243883931653161,Gold,-0.1243883931653161,,,,,,,,
2002-03-06,OLS,BUY,0.010714012397643,True,BETA,FN1 Comdty,0.0229919637285361,0.0229919637285361,FN1 Comdty,0.0229919637285361,,,,,,,,
2002-06-04,OLS,BUY,0.0016110842597067,True,BETA,Asia EMFX,0.9783573631363872,0.9783573631363872,MSCI World - Wilshire,-0.2385887624538066,,Asia EMFX,0.9783573631363872,,Gold,-0.0862418406487459,,
2002-09-20,OLS,SELL,-0.0008914100486223,True,BETA,Asia EMFX,1.1526261193954452,1.1526261193954452,MSCI World - Wilshire,-0.209051622782997,,Asia EMFX,1.1526261193954452,,Gold,-0.0725962048957158,,
2003-05-06,OLS,SELL,-0.0078251254571743,True,BETA,2y yield,1.709134396527589,1.709134396527589,2y yield,1.709134396527589,,Gold,-0.1425423057669752,,MSCI World - Dow Jones,-0.0555927375451122,,
2003-08-29,OLS,BUY,0.0031645569620253,True,BETA,2y yield,2.088249724782582,2.088249724782582,2y yield,2.088249724782582,,MSCI World - Dow Jones,-0.127902012102954,,Gold,-0.0622797339826156,,
2004-06-24,OLS,BUY,0.0174537987679672,True,BETA,Asia EMFX,0.7981875861086724,0.7981875861086724,MSCI World ex-US,-0.2144072220160324,,Gold,-0.184906227009387,,Asia EMFX,0.7981875861086724,,
2004-09-28,OLS,SELL,-0.0151732806608008,True,BETA,5y yield,1.5942241570547122,1.5942241570547122,Gold,-0.1791089631196362,,MSCI World ex-US,-0.2428834638136395,,5y yield,1.5942241570547122,,
2004-10-04,OLS,SELL,-0.0154982879798162,True,BETA,5y yield,1.4858554014630825,1.4858554014630825,Gold,-0.1814947435607508,,MSCI World ex-US,-0.2415763498929516,,5y yield,1.4858554014630825,,
2005-01-14,OLS,BUY,0.0120529152376287,True,BETA,5y yield,1.5870380465249485,1.5870380465249485,Gold,-0.2319471738564988,,MSCI World ex-US,-0.2730243055885494,,5y yield,1.5870380465249485,,
2005-04-29,OLS,BUY,0.0245346062052504,True,BETA,5y yield,1.9383227769282805,1.9383227769282805,Gold,-0.2737308436782704,,MSCI World ex-US,-0.2661693103408842,,5y yield,1.9383227769282805,,
2005-12-15,OLS,BUY,0.0141111684735846,True,BETA,MSCI World ex-US,-0.3487187912665598,0.3487187912665598,MSCI World ex-US,-0.3487187912665598,,Gold,-0.1613145124664797,,Asia EMFX,0.1287538533341498,,
2006-05-02,OLS,SELL,-0.031760035288928,True,BETA,2y yield,2.782285864171143,2.782285864171143,MSCI World ex-US,-0.2983522919196904,,Asia EMFX,0.3075189975722568,,2y yield,2.782285864171143,,
2006-07-25,OLS,SELL,-0.0164619583759808,True,BETA,Real 2y yield,0.7820480758114935,0.7820480758114935,Real 2y yield,0.7820480758114935,,MSCI World ex-US,-0.2167782496610814,,Asia EMFX,0.3726627958799973,,
2006-08-22,OLS,SELL,-0.0037758517120054,True,BETA,Real 2y yield,0.8580993644266541,0.8580993644266541,Real 2y yield,0.8580993644266541,,MSCI World ex-US,-0.2036982725529435,,Asia EMFX,0.3554223034788774,,
2006-08-25,OLS,SELL,-0.0029840566118168,True,BETA,Real 2y yield,0.853987929245097,0.853987929245097,Real 2y yield,0.853987929245097,,MSCI World ex-US,-0.2041180557564974,,Asia EMFX,0.3419805710816249,,
2006-10-06,OLS,SELL,-0.0022685262981011,True,BETA,2y yield,3.878321268312519,3.878321268312519,2y yield,3.878321268312519,,MSCI World ex-US,-0.1454473446763377,,Asia EMFX,0.5677665177111516,,
2007-03-13,OLS,BUY,0.013157894736842,True,BETA,2y yield,5.450081497694576,5.450081497694576,2y yield,5.450081497694576,,MSCI World - S&P500,-0.1719822255737317,,Asia EMFX,0.4697534543075531,,
2007-03-16,OLS,BUY,0.0092505353319056,True,BETA,2y yield,5.490724319503048,5.490724319503048,2y yield,5.490724319503048,,MSCI World - S&P500,-0.1777822731849268,,Asia EMFX,0.4585368237640962,,
2007-06-19,OLS,SELL,-0.0072146562905317,True,BETA,2y yield,5.3938667228384265,5.3938667228384265,2y yield,5.3938667228384265,,MSCI World - S&P500,-0.1784201691809681,,Asia EMFX,0.5246657886881512,,
2007-08-16,OLS,BUY,0.0172973922205637,True,BETA,2y yield,5.423350920937791,5.423350920937791,2y yield,5.423350920937791,,Local - S&P500,-0.0288640732874709,,VIX Index,-0.0171209112880644,,
2007-09-18,OLS,SELL,-0.0028428669882839,True,BETA,2y yield,5.871317753274424,5.871317753274424,2y yield,5.871317753274424,,Local - S&P500,-0.0458506337673531,,Gold,0.0136624652409309,,
2007-10-03,OLS,SELL,-0.0005995717344753,True,BETA,2y yield,5.045775052158252,5.045775052158252,2y yield,5.045775052158252,,Local - S&P500,-0.0615134007701464,,Copper LME,0.0207737226744867,,
2007-10-08,OLS,SELL,-0.0244421733946517,True,BETA,2y yield,5.039893690539955,5.039893690539955,2y yield,5.039893690539955,,Local - Wilshire,-0.0612547000292874,,Copper LME,0.0221613086190022,,
2007-11-21,OLS,BUY,0.0228740084855192,True,BETA,Real 2y yield,1.0780927256866768,1.0780927256866768,Local - Wilshire,-0.1695258339068238,,Real 2y yield,1.0780927256866768,,Copper LME,0.0293406591966218,,
2007-12-14,OLS,SELL,-0.008739406779661,True,BETA,Real 2y yield,1.133626120729676,1.133626120729676,Local - Dow Jones,-0.1793315405378937,,Real 2y yield,1.133626120729676,,Copper LME,0.0393171414131161,,
2008-07-07,OLS,SELL,-0.0068109721963053,True,BETA,Real 2y yield,1.7178777076686436,1.7178777076686436,Local - S&P500,-0.152798064458628,,Real 2y yield,1.7178777076686436,,Copper LME,0.0631883102437458,,
2008-10-27,OLS,BUY,0.0563699073076093,True,BETA,Real 2y yield,2.2072599003639994,2.2072599003639994,Real 2y yield,2.2072599003639994,,Local - Wilshire,-0.1061196534076168,,Gold,-0.1027013834931366,,
2009-08-07,OLS,SELL,-0.032694475760992,True,BETA,2y yield,3.699715185744134,3.699715185744134,2y yield,3.699715185744134,,Local - Dow Jones,-0.1301239776617161,,BCOM Index,0.0597432103005906,,
2010-01-26,OLS,BUY,0.0005577244841048,True,BETA,2y yield,6.681678614318992,6.681678614318992,2y yield,6.681678614318992,,MSCI World - Wilshire,-0.1753177304777669,,Gold,-0.1392818215988209,,
2010-05-04,OLS,SELL,-0.0244341019674212,True,BETA,5y yield,5.968099499539012,5.968099499539012,5y yield,5.968099499539012,,VIX Index,-0.0224677236354999,,MSCI World - Wilshire,-0.1661246033226022,,
2010-06-02,OLS,SELL,-0.0074894171279713,True,BETA,10y yield,5.891575117599188,5.891575117599188,10y yield,5.891575117599188,,Oil,0.0338449016921184,,Local - Wilshire,-0.0313723988368156,,
2010-09-09,OLS,BUY,0.0071616137502983,True,BETA,5y yield,6.706977192468284,6.706977192468284,5y yield,6.706977192468284,,Oil,0.0388950962931111,,Local - Wilshire,-0.0193180537341453,,
2010-12-23,OLS,BUY,0.0050657339283559,True,BETA,2y yield,8.932340485305943,8.932340485305943,2y yield,8.932340485305943,,Local - S&P500,-0.0433182294792363,,Oil,0.0339754150036622,,
2010-12-28,OLS,BUY,0.0104394270453993,True,BETA,2y yield,8.67706581477093,8.67706581477093,2y yield,8.67706581477093,,Local - S&P500,-0.0456825658136985,,Oil,0.0339014658495214,,
2011-03-01,OLS,SELL,-0.0139262154898607,True,BETA,2y yield,6.373899720299906,6.373899720299906,2y yield,6.373899720299906,,MSCI World - Wilshire,-0.2820422940882144,,Gold,-0.1317630582202643,,
2011-03-04,OLS,SELL,-0.0211370262390669,True,BETA,2y yield,6.318586032733564,6.318586032733564,2y yield,6.318586032733564,,MSCI World - Wilshire,-0.2700985841695936,,Gold,-0.1282755494482867,,
2011-03-09,OLS,SELL,-0.0219966159052452,True,BETA,2y yield,6.141387190964714,6.141387190964714,2y yield,6.141387190964714,,MSCI World - Wilshire,-0.2748010294806665,,Gold,-0.1306405365407796,,
2011-04-01,OLS,SELL,-0.0110635260528194,True,BETA,2y yield,6.177196740581667,6.177196740581667,2y yield,6.177196740581667,,Local - Wilshire,-0.1036653305412672,,Gold,-0.1296835409681606,,
2011-07-21,OLS,BUY,0.0075351213282248,True,BETA,2y yield,5.784715327785383,5.784715327785383,2y yield,5.784715327785383,,MSCI World - Wilshire,-0.2615122240584009,,Gold,-0.1001468954653853,,
2011-09-06,OLS,SELL,-0.0155807365439092,True,BETA,2y yield,5.094650388459806,5.094650388459806,2y yield,5.094650388459806,,Gold,-0.102220127885215,,MSCI World - Dow Jones,-0.0770851970549786,,
2011-09-08,OLS,SELL,-0.0163849825828926,True,BETA,2y yield,5.093741775224098,5.093741775224098,2y yield,5.093741775224098,,Gold,-0.0960277024309113,,MSCI World - Dow Jones,-0.0836792186859444,,
2011-10-31,OLS,SELL,-0.014071894588717,True,BETA,2y yield,4.982226506602968,4.982226506602968,2y yield,4.982226506602968,,Gold,-0.0571872626937945,,,,,
2012-03-09,OLS,SELL,-0.0013339801115692,True,BETA,2y yield,2.867111440817029,2.867111440817029,2y yield,2.867111440817029,,Gold,-0.05692486690374,,,,,
2012-07-17,OLS,SELL,-0.0118897040222615,True,BETA,5y yield,0.5517922784764046,0.5517922784764046,Gold,-0.0781065948118079,,5y yield,0.5517922784764046,,,,,
2012-08-16,OLS,SELL,-0.0090737240075614,True,BETA,2y yield,2.805958678221837,2.805958678221837,2y yield,2.805958678221837,,Gold,-0.0678809436952678,,,,,
2012-10-29,OLS,SELL,-0.0037593984962405,True,BETA,5y yield,4.3438259171034055,4.3438259171034055,5y yield,4.3438259171034055,,MSCI EM,0.1044013314222706,,Gold,-0.1240002335241543,,
2013-03-28,OLS,BUY,0.0587360594795538,True,BETA,5y yield,6.606131201541225,6.606131201541225,5y yield,6.606131201541225,,MSCI EM,0.1056333977900443,,Gold,-0.148207534854598,,
2013-06-06,OLS,BUY,0.0031968650097968,True,BETA,10y yield,6.000733338932839,6.000733338932839,10y yield,6.000733338932839,,MSCI EM,0.0472247662081628,,VIX Index,-0.0087150169518639,,
2013-06-11,OLS,BUY,0.0185358742059773,True,BETA,10y yield,6.039816125174366,6.039816125174366,10y yield,6.039816125174366,,MSCI EM,0.0587671186172093,,VIX Index,-0.0140088175867977,,
2014-07-01,OLS,BUY,0.0014773958435931,True,BETA,10y yield,3.9805317982207336,3.9805317982207336,10y yield,3.9805317982207336,,Local - S&P500,-0.2455313172018799,,Gold,-0.1084871851941183,,
2014-07-14,OLS,BUY,0.003151467402009,True,BETA,10y yield,4.033883829473609,4.033883829473609,10y yield,4.033883829473609,,Local - S&P500,-0.2441446414247288,,Gold,-0.0930677675538446,,
2015-01-27,OLS,BUY,0.0132349198269279,True,BETA,5y yield,3.911896858999459,3.911896858999459,5y yield,3.911896858999459,,Local - Wilshire,-0.2231483644667432,,Gold,-0.1416462411827457,,
2015-02-02,OLS,BUY,0.0077400697456835,True,BETA,5y yield,3.8101058915785218,3.8101058915785218,5y yield,3.8101058915785218,,Local - Wilshire,-0.222082349219894,,Gold,-0.1382789697566924,,
2015-02-12,OLS,BUY,0.002518680211569,True,BETA,5y yield,3.969013004063014,3.969013004063014,5y yield,3.969013004063014,,Local - Wilshire,-0.2072929939117087,,Gold,-0.1378601890135475,,
2015-07-07,OLS,BUY,0.0110168108372776,True,BETA,5y yield,3.6389966715826647,3.6389966715826647,Gold,-0.1852445556950937,,5y yield,3.6389966715826647,,MSCI World - Wilshire,-0.4697456621529685,,
2015-09-04,OLS,BUY,0.0083200268930163,True,BETA,5y yield,3.239922191275915,3.239922191275915,Local - Wilshire,-0.2561213831040016,,5y yield,3.239922191275915,,Gold,-0.1691520707240594,,
2015-09-08,OLS,BUY,0.0028378265587178,True,BETA,5y yield,3.232675499576488,3.232675499576488,5y yield,3.232675499576488,,Local - Wilshire,-0.2613426389052399,,Gold,-0.1672166042949429,,
2016-01-21,OLS,SELL,-0.0078164825828377,True,BETA,2y yield,4.841608507672955,4.841608507672955,2y yield,4.841608507672955,,Gold,-0.1516881005257135,,Local - Wilshire,-0.1957669388766061,,
2016-07-18,OLS,SELL,-0.0355124340617934,True,BETA,5y yield,2.79511441061562,2.79511441061562,5y yield,2.79511441061562,,Local - Dow Jones,-0.2446480832433446,,Gold,-0.2502395153176891,,
2017-02-21,OLS,BUY,0.0026389866291343,True,BETA,5y yield,6.597111076559751,6.597111076559751,Gold,-0.3725389364708591,,5y yield,6.597111076559751,,Local - Dow Jones,-0.1329373424281632,,
2017-05-15,OLS,SELL,-0.022146058528869,True,BETA,10y yield,6.267588824990875,6.267588824990875,Gold,-0.4043496733928682,,10y yield,6.267588824990875,,Local - Dow Jones,-0.1465814363205035,,
2018-07-10,OLS,BUY,0.0018018018018017,True,BETA,5y yield,4.236904230570583,4.236904230570583,Gold,-0.3540314930152075,,5y yield,4.236904230570583,,MSCI World - Dow Jones,-0.0955198896544562,,
2018-08-13,OLS,BUY,0.0034327009936765,True,BETA,5y yield,3.7738622078703288,3.7738622078703288,Gold,-0.3488508437873384,,5y yield,3.7738622078703288,,MSCI World - Dow Jones,-0.1215952837164917,,
2018-08-15,OLS,BUY,0.0084883510926494,True,BETA,5y yield,3.908843859010085,3.908843859010085,Gold,-0.345912985794152,,5y yield,3.908843859010085,,MSCI World - Dow Jones,-0.1148889581074432,,
2018-11-26,OLS,SELL,-0.0022010917415037,True,BETA,5y yield,4.46305958331317,4.46305958331317,5y yield,4.46305958331317,,Gold,-0.2479747538216177,,MSCI World - Wilshire,-0.0862645021909594,,
2018-11-30,OLS,SELL,-0.0015849255965483,True,BETA,5y yield,4.365838263497336,4.365838263497336,5y yield,4.365838263497336,,Gold,-0.2467509388719409,,MSCI World - Dow Jones,-0.0812019569996022,,
2018-12-07,OLS,SELL,-0.0130446357263288,True,BETA,5y yield,4.387040000652659,4.387040000652659,5y yield,4.387040000652659,,Gold,-0.2501644286962409,,MSCI World - Dow Jones,-0.0862094639522852,,
2018-12-13,OLS,SELL,-0.0230572912083075,True,BETA,5y yield,4.431343323427996,4.431343323427996,5y yield,4.431343323427996,,Gold,-0.2499152494138037,,MSCI World - Dow Jones,-0.0787253709342264,,
2019-05-08,OLS,BUY,0.0023614895549501,True,BETA,5y yield,3.6784533783124633,3.6784533783124633,5y yield,3.6784533783124633,,Local - Dow Jones,-0.0957475730387517,,Gold,-0.1766185299186824,,
2019-12-06,OLS,BUY,0.007920427334684,True,BETA,Real 2y yield,0.9174870705768136,0.9174870705768136,Local - Dow Jones,-0.1541562592179079,,Real 2y yield,0.9174870705768136,,Gold,-0.2350865430003639,,
2020-03-18,OLS,SELL,-0.0084196891191709,True,BETA,Real 2y yield,0.3585201746576019,0.3585201746576019,Real 2y yield,0.3585201746576019,,Local - S&P500,-0.1958294735854873,,Gold,-0.2177746194722729,,
2020-06-23,OLS,BUY,0.0093879083740142,True,BETA,2y yield,5.326381982381389,5.326381982381389,2y yield,5.326381982381389,,Local - Wilshire,-0.0606774549873058,,Oil,0.0260826382563095,,
2021-10-25,OLS,SELL,-0.0042212646205258,True,BETA,5y yield,3.3336055687815325,3.3336055687815325,Gold,-0.1469235556905399,,5y yield,3.3336055687815325,,MSCI World - Dow Jones,-0.1166857739202802,,
2022-04-28,OLS,SELL,-0.0191822697745509,True,BETA,10y yield,3.589896146490393,3.589896146490393,10y yield,3.589896146490393,,Gold,-0.1152997610156198,,Local - Dow Jones,-0.0334258666253385,,
2022-06-13,OLS,BUY,0.0077369439071568,True,BETA,10y yield,3.8355740697079335,3.8355740697079335,10y yield,3.8355740697079335,,Gold,-0.0971829031869571,,Local - Dow Jones,-0.0475562735631062,,
2022-06-15,OLS,BUY,0.0205469216975493,True,BETA,10y yield,3.673748128154665,3.673748128154665,10y yield,3.673748128154665,,Gold,-0.0860545420375716,,Local - Dow Jones,-0.0597085851209506,,
2022-07-29,OLS,BUY,0.0011255346289484,True,BETA,10y yield,3.9280699772666434,3.9280699772666434,10y yield,3.9280699772666434,,Gold,-0.0994386658569853,,MSCI World - Wilshire,-0.2301459308307813,,
2022-08-10,OLS,BUY,0.0318308375348033,True,BETA,10y yield,4.118531613446329,4.118531613446329,10y yield,4.118531613446329,,Gold,-0.0980467277161077,,MSCI World - S&P500,-0.2875491490106472,,
2022-12-22,OLS,BUY,0.0080090668681527,True,BETA,10y yield,3.253751270014128,3.253751270014128,Gold,-0.2471341976085096,,10y yield,3.253751270014128,,MSCI World ex-US,-0.1114176052258901,,
2023-02-24,OLS,SELL,-0.0106242672919107,True,BETA,10y yield,2.868503113067944,2.868503113067944,Gold,-0.3204695031217991,,10y yield,2.868503113067944,,MSCI World ex-US,-0.0857697873741689,,
2023-08-03,OLS,BUY,0.0228643568522934,True,BETA,2y yield,1.5223271278374353,1.5223271278374353,Gold,-0.3910451958893099,,2y yield,1.5223271278374353,,MSCI World ex-US,-0.1198914666158736,,
2023-10-03,OLS,BUY,0.0053013018386793,True,BETA,2y yield,1.8719370032895972,1.8719370032895972,Gold,-0.394389847952148,,2y yield,1.8719370032895972,,MSCI World ex-US,-0.1445309828068963,,
2023-12-21,OLS,BUY,0.0176611314382211,True,BETA,2y yield,2.370778001070178,2.370778001070178,Gold,-0.245937319189279,,2y yield,2.370778001070178,,MSCI World ex-US,-0.1073586053893675,,
2023-12-29,OLS,BUY,0.0272263187748156,True,BETA,2y yield,2.0800903665608,2.0800903665608,Gold,-0.2625095127377629,,2y yield,2.0800903665608,,MSCI World - Dow Jones,-0.2211642319815265,,
2024-04-26,OLS,SELL,-0.0161056022232047,True,BETA,2y yield,3.3071191041780703,3.3071191041780703,2y yield,3.3071191041780703,,Gold,-0.1282669382042695,,MSCI World ex-US,-0.0989244923331679,,
2025-03-11,OLS,BUY,0.0144133170929761,True,BETA,5y yield,5.46889482177984,5.46889482177984,5y yield,5.46889482177984,,Asia EMFX,0.7110703392115134,,MSCI World - S&P500,-0.4947443596986913,,
2001-12-18,RidgeCV,BUY,0.0297223308564724,True,BETA,Gold,-0.1051959203001096,0.1051959203001096,Gold,-0.1051959203001096,,,,,,,,
2002-03-06,RidgeCV,BUY,0.010714012397643,True,BETA,FN1 Comdty,0.0780095416476924,0.0780095416476924,FN1 Comdty,0.0780095416476924,,,,,,,,
2002-09-20,RidgeCV,SELL,-0.0008914100486223,True,BETA,Asia EMFX,0.1260890792028049,0.1260890792028049,MSCI World - Wilshire,-0.1178774803570114,,Asia EMFX,0.1260890792028049,,Gold,-0.0624262756186792,,
2003-05-06,RidgeCV,SELL,-0.0078251254571743,True,BETA,2y yield,0.1211988415980758,0.1211988415980758,2y yield,0.1211988415980758,,Gold,-0.1097117781106037,,MSCI World - Dow Jones,-0.046840325770047,,
2003-05-28,RidgeCV,SELL,-0.0066621689998312,True,BETA,2y yield,0.1541149266621972,0.1541149266621972,2y yield,0.1541149266621972,,Local Index,0.1077665939482119,,Gold,-0.105019629787677,,
2003-08-29,RidgeCV,BUY,0.0031645569620253,True,BETA,2y yield,0.1338537012126026,0.1338537012126026,2y yield,0.1338537012126026,,MSCI World - Dow Jones,-0.0774741272074921,,Gold,-0.0584066886534866,,
2004-06-29,RidgeCV,BUY,0.0040654162431856,True,BETA,MSCI World ex-US,-0.1965141412442659,0.1965141412442659,MSCI World ex-US,-0.1965141412442659,,Gold,-0.1900107838114409,,Asia EMFX,0.0727421276844553,,
2004-10-05,RidgeCV,SELL,-0.0249212775528565,True,BETA,MSCI World ex-US,-0.1839165353586843,0.1839165353586843,Gold,-0.1774354495686575,,MSCI World ex-US,-0.1839165353586843,,5y yield,0.1143709600842148,,
2004-11-24,RidgeCV,BUY,0.0114785992217898,True,BETA,MSCI World ex-US,-0.1885452804881909,0.1885452804881909,Gold,-0.172140592579393,,MSCI World ex-US,-0.1885452804881909,,5y yield,0.1096845300581885,,
2005-01-14,RidgeCV,BUY,0.0120529152376287,True,BETA,Gold,-0.2281231172402181,0.2281231172402181,Gold,-0.2281231172402181,,MSCI World ex-US,-0.2141665313900556,,5y yield,0.1241364351920679,,
2005-02-10,RidgeCV,SELL,-0.0043457723193197,True,BETA,Gold,-0.2323225139485047,0.2323225139485047,Gold,-0.2323225139485047,,MSCI World ex-US,-0.2250078850134455,,5y yield,0.1188017508433086,,
2005-02-16,RidgeCV,SELL,-0.0063555302599127,True,BETA,MSCI World ex-US,-0.2261645031367572,0.2261645031367572,Gold,-0.2240528220690961,,MSCI World ex-US,-0.2261645031367572,,5y yield,0.1235091956680257,,
2005-04-29,RidgeCV,BUY,0.0245346062052504,True,BETA,Gold,-0.2601368874673341,0.2601368874673341,Gold,-0.2601368874673341,,MSCI World ex-US,-0.1966257003305263,,5y yield,0.1272893352459871,,
2005-12-15,RidgeCV,BUY,0.0141111684735846,True,BETA,MSCI World ex-US,-0.1974994900393579,0.1974994900393579,MSCI World ex-US,-0.1974994900393579,,Gold,-0.1115786570333284,,Asia EMFX,0.0515594621147644,,
2006-02-28,RidgeCV,BUY,0.0158935821024446,True,BETA,MSCI World ex-US,-0.1253525852374009,0.1253525852374009,MSCI World ex-US,-0.1253525852374009,,Asia EMFX,0.0512330385430575,,Gold,-0.0438152007085551,,
2006-05-02,RidgeCV,SELL,-0.031760035288928,True,BETA,MSCI World ex-US,-0.1699886298256643,0.1699886298256643,MSCI World ex-US,-0.1699886298256643,,Asia EMFX,0.0905775203477494,,2y yield,0.122612149318989,,
2006-07-25,RidgeCV,SELL,-0.0164619583759808,True,BETA,Real 2y yield,0.1514928204641314,0.1514928204641314,Real 2y yield,0.1514928204641314,,MSCI World ex-US,-0.1385877187899461,,Asia EMFX,0.0622288438059294,,
2006-08-25,RidgeCV,SELL,-0.0029840566118168,True,BETA,Real 2y yield,0.1484757642244563,0.1484757642244563,Real 2y yield,0.1484757642244563,,MSCI World ex-US,-0.1315114244756255,,Asia EMFX,0.05578515733788,,
2006-10-06,RidgeCV,SELL,-0.0022685262981011,True,BETA,2y yield,0.1518950443601524,0.1518950443601524,2y yield,0.1518950443601524,,MSCI World ex-US,-0.1035845010152125,,Asia EMFX,0.0782744906725562,,
2007-03-13,RidgeCV,BUY,0.013157894736842,True,BETA,2y yield,0.2166259269129501,0.2166259269129501,2y yield,0.2166259269129501,,MSCI World - S&P500,-0.073009791982264,,Asia EMFX,0.0616251041725514,,
2007-03-16,RidgeCV,BUY,0.0092505353319056,True,BETA,2y yield,0.2187325750532734,0.2187325750532734,2y yield,0.2187325750532734,,MSCI World - S&P500,-0.0772816311896098,,Asia EMFX,0.0592545111883656,,
2007-06-22,RidgeCV,SELL,-0.0044394220679634,True,BETA,2y yield,0.2424552884380442,0.2424552884380442,2y yield,0.2424552884380442,,MSCI World - S&P500,-0.0715222036026909,,Asia EMFX,0.0682470273868083,,
2007-08-16,RidgeCV,BUY,0.0172973922205637,True,BETA,2y yield,0.2415085286767229,0.2415085286767229,2y yield,0.2415085286767229,,Local - S&P500,-0.0844736767883823,,VIX Index,-0.0499532447146814,,
2007-10-03,RidgeCV,SELL,-0.0005995717344753,True,BETA,2y yield,0.2331177108386943,0.2331177108386943,2y yield,0.2331177108386943,,Local - S&P500,-0.1575094958428507,,Copper LME,0.0501421985850746,,
2007-10-08,RidgeCV,SELL,-0.0244421733946517,True,BETA,2y yield,0.233787669626425,0.233787669626425,2y yield,0.233787669626425,,Local - Wilshire,-0.1555896763528854,,Copper LME,0.0538627770350659,,
2008-04-24,RidgeCV,SELL,-0.0050829577059556,True,BETA,Local - Wilshire,-0.3525182016576345,0.3525182016576345,Local - Wilshire,-0.3525182016576345,,Real 2y yield,0.1724203797556129,,Copper LME,0.1122640450777218,,
2008-07-07,RidgeCV,SELL,-0.0068109721963053,True,BETA,Local - S&P500,-0.3063643996788028,0.3063643996788028,Local - S&P500,-0.3063643996788028,,Real 2y yield,0.2388939523992908,,Copper LME,0.1143332183406891,,
2009-05-20,RidgeCV,BUY,0.0116989881956155,True,BETA,Local - Dow Jones,-0.3132895505886097,0.3132895505886097,2y yield,0.2681828698591426,,Local - Dow Jones,-0.3132895505886097,,Copper LME,0.1116379428074035,,
2009-08-07,RidgeCV,SELL,-0.032694475760992,True,BETA,2y yield,0.3502338579658136,0.3502338579658136,2y yield,0.3502338579658136,,Local - Dow Jones,-0.2990867278241471,,BCOM Index,0.1195339611992368,,
2009-12-31,RidgeCV,SELL,-0.0195635816403311,True,BETA,2y yield,0.2640330962910528,0.2640330962910528,2y yield,0.2640330962910528,,Gold,-0.164977953092485,,Local - S&P500,-0.118858911316185,,
2010-04-30,RidgeCV,SELL,-0.0147043153969098,True,BETA,5y yield,0.4999586600328204,0.4999586600328204,5y yield,0.4999586600328204,,VIX Index,-0.1829920769480738,,MSCI World - Wilshire,-0.1215708324037979,,
2010-05-10,RidgeCV,SELL,-0.0322615219721328,True,BETA,5y yield,0.5307606276460403,0.5307606276460403,5y yield,0.5307606276460403,,MSCI EM,0.0870232734770982,,Oil,0.0186389336035808,,
2010-05-18,RidgeCV,SELL,-0.0138783476092377,True,BETA,10y yield,0.525236035917554,0.525236035917554,10y yield,0.525236035917554,,MSCI EM,0.1235533561231351,,Oil,0.0250720561868427,,
2010-06-03,RidgeCV,SELL,-0.018336749002265,True,BETA,10y yield,0.4938176701465682,0.4938176701465682,10y yield,0.4938176701465682,,Oil,0.0973086046857062,,Local - Wilshire,-0.076758014410313,,
2010-09-15,RidgeCV,SELL,-0.0239067055393585,True,BETA,5y yield,0.4253172530721255,0.4253172530721255,5y yield,0.4253172530721255,,Local - Wilshire,-0.0628651483799568,,Oil,0.0896053241789284,,
2010-12-23,RidgeCV,BUY,0.0050657339283559,True,BETA,2y yield,0.3668742126791754,0.3668742126791754,2y yield,0.3668742126791754,,Local - S&P500,-0.1014434674232463,,Oil,0.049652185532483,,
2010-12-28,RidgeCV,BUY,0.0104394270453993,True,BETA,2y yield,0.3549918992998333,0.3549918992998333,2y yield,0.3549918992998333,,Local - S&P500,-0.1072495331482604,,Oil,0.0479518960388621,,
2011-03-10,RidgeCV,SELL,-0.0242227042660883,True,BETA,2y yield,0.2047588747287568,0.2047588747287568,2y yield,0.2047588747287568,,MSCI World - Wilshire,-0.1398103856135316,,Gold,-0.1235094839180084,,
2011-04-01,RidgeCV,SELL,-0.0110635260528194,True,BETA,2y yield,0.22407070887558,0.22407070887558,2y yield,0.22407070887558,,Local - Wilshire,-0.1445298932397714,,Gold,-0.124447661627029,,
2011-07-21,RidgeCV,BUY,0.0075351213282248,True,BETA,2y yield,0.2125443123436585,0.2125443123436585,2y yield,0.2125443123436585,,MSCI World - Wilshire,-0.120526264599853,,Gold,-0.0918290794096824,,
2011-09-06,RidgeCV,SELL,-0.0155807365439092,True,BETA,2y yield,0.1698873465941565,0.1698873465941565,2y yield,0.1698873465941565,,Gold,-0.09156721073708,,MSCI World - Dow Jones,-0.0312870666823223,,
2011-09-09,RidgeCV,SELL,-0.012884937508053,True,BETA,2y yield,0.1700087897059434,0.1700087897059434,2y yield,0.1700087897059434,,Gold,-0.0829669218927,,MSCI World - Dow Jones,-0.030269082889693,,
2011-10-31,RidgeCV,SELL,-0.014071894588717,True,BETA,2y yield,0.1632113118680307,0.1632113118680307,2y yield,0.1632113118680307,,Gold,-0.0587733080809274,,,,,
2012-03-09,RidgeCV,SELL,-0.0013339801115692,True,BETA,2y yield,0.0555218683533743,0.0555218683533743,2y yield,0.0555218683533743,,Gold,-0.0498443708459794,,,,,
2012-07-17,RidgeCV,SELL,-0.0118897040222615,True,BETA,Gold,-0.0704150823832631,0.0704150823832631,Gold,-0.0704150823832631,,5y yield,0.0389072621785406,,,,,
2012-08-16,RidgeCV,SELL,-0.0090737240075614,True,BETA,2y yield,0.0669585497681472,0.0669585497681472,2y yield,0.0669585497681472,,Gold,-0.0583386036493688,,,,,
2012-10-29,RidgeCV,SELL,-0.0037593984962405,True,BETA,5y yield,0.1926969603939796,0.1926969603939796,5y yield,0.1926969603939796,,MSCI EM,0.111534233111076,,Gold,-0.1268589473945172,,
2013-03-28,RidgeCV,BUY,0.0587360594795538,True,BETA,5y yield,0.2547791517293883,0.2547791517293883,5y yield,0.2547791517293883,,MSCI EM,0.1173505736365116,,Gold,-0.1458156471618422,,
2013-04-01,RidgeCV,BUY,0.0379706103185668,True,BETA,5y yield,0.2504094669458058,0.2504094669458058,5y yield,0.2504094669458058,,MSCI EM,0.1181304782971871,,Gold,-0.1428803319897036,,
2013-06-06,RidgeCV,BUY,0.0031968650097968,True,BETA,10y yield,0.2817456628983902,0.2817456628983902,10y yield,0.2817456628983902,,MSCI EM,0.0834518986118765,,VIX Index,-0.0157767529696724,,
2013-06-11,RidgeCV,BUY,0.0185358742059773,True,BETA,10y yield,0.2842780711471402,0.2842780711471402,10y yield,0.2842780711471402,,MSCI EM,0.0882334026511124,,VIX Index,-0.0422271576719013,,
2014-02-20,RidgeCV,BUY,0.0077238951896754,True,BETA,10y yield,0.2464778867482785,0.2464778867482785,10y yield,0.2464778867482785,,Local - S&P500,-0.178200341027046,,Gold,-0.0917429606826383,,
2014-07-14,RidgeCV,BUY,0.003151467402009,True,BETA,10y yield,0.1991788099272468,0.1991788099272468,10y yield,0.1991788099272468,,Local - S&P500,-0.1858990633346763,,Gold,-0.1129337123135945,,
2014-09-29,RidgeCV,SELL,-0.0241095890410959,True,BETA,5y yield,0.1502961404808382,0.1502961404808382,5y yield,0.1502961404808382,,Gold,-0.1139907002887467,,Local - Dow Jones,-0.1419103073794489,,
2014-12-05,RidgeCV,SELL,-0.0161369998353366,True,BETA,5y yield,0.1555399935285051,0.1555399935285051,5y yield,0.1555399935285051,,Gold,-0.1554996957922274,,Local - Dow Jones,-0.1365803024072916,,
2015-01-27,RidgeCV,BUY,0.0132349198269279,True,BETA,5y yield,0.167174657277938,0.167174657277938,5y yield,0.167174657277938,,Local - Wilshire,-0.1634832223508596,,Gold,-0.1436434513671604,,
2015-02-02,RidgeCV,BUY,0.0077400697456835,True,BETA,5y yield,0.1624134102586064,0.1624134102586064,5y yield,0.1624134102586064,,Local - Wilshire,-0.1623978843407743,,Gold,-0.1404410295280525,,
2015-02-12,RidgeCV,BUY,0.002518680211569,True,BETA,5y yield,0.1692188037353233,0.1692188037353233,5y yield,0.1692188037353233,,Local - Wilshire,-0.1507780208344899,,Gold,-0.1408673685181939,,
2015-07-07,RidgeCV,BUY,0.0110168108372776,True,BETA,Gold,-0.1692017631749792,0.1692017631749792,Gold,-0.1692017631749792,,5y yield,0.1635232964059829,,MSCI World - Wilshire,-0.1416060994005611,,
2015-08-24,RidgeCV,BUY,0.0073473524195593,True,BETA,2y yield,0.1595714852109743,0.1595714852109743,2y yield,0.1595714852109743,,Local - Wilshire,-0.1296192136619105,,Gold,-0.147249814489514,,
2015-09-01,RidgeCV,BUY,0.0087961799447096,True,BETA,2y yield,0.1605386519690006,0.1605386519690006,2y yield,0.1605386519690006,,Local - Wilshire,-0.1594807777109355,,Gold,-0.1349018690345243,,
2015-09-04,RidgeCV,BUY,0.0083200268930163,True,BETA,Local - Wilshire,-0.1759341385582994,0.1759341385582994,Local - Wilshire,-0.1759341385582994,,5y yield,0.1435773171082559,,Gold,-0.1445059420072225,,
2016-01-22,RidgeCV,SELL,-0.0160801481730931,True,BETA,2y yield,0.1546373269386762,0.1546373269386762,2y yield,0.1546373269386762,,Gold,-0.1263030899245641,,Local - Wilshire,-0.1510753094243374,,
2016-01-27,RidgeCV,SELL,-0.0449106841927874,True,BETA,Local - Wilshire,-0.153054930544988,0.153054930544988,2y yield,0.150397474189615,,Local - Wilshire,-0.153054930544988,,Gold,-0.12051807673284,,
2016-01-29,RidgeCV,SELL,-0.0651312530955918,True,BETA,Local - Wilshire,-0.1572461567851993,0.1572461567851993,2y yield,0.1432008046664009,,Local - Wilshire,-0.1572461567851993,,Gold,-0.1159780479670831,,
2016-07-18,RidgeCV,SELL,-0.0355124340617934,True,BETA,Local - Dow Jones,-0.2139304529502239,0.2139304529502239,5y yield,0.1487016051665819,,Local - Dow Jones,-0.2139304529502239,,Gold,-0.2108752675405896,,
2017-02-21,RidgeCV,BUY,0.0026389866291343,True,BETA,Gold,-0.3547725957157727,0.3547725957157727,Gold,-0.3547725957157727,,5y yield,0.3175981932986666,,Local - Dow Jones,-0.1208884214670993,,
2017-05-15,RidgeCV,SELL,-0.022146058528869,True,BETA,Gold,-0.3874784412458563,0.3874784412458563,Gold,-0.3874784412458563,,10y yield,0.296501311252059,,Local - Dow Jones,-0.1295817133241463,,
2018-07-10,RidgeCV,BUY,0.0018018018018017,True,BETA,Gold,-0.2028875180295789,0.2028875180295789,Gold,-0.2028875180295789,,5y yield,0.1397998697924211,,MSCI World - Dow Jones,-0.0475520829348679,,
2018-08-13,RidgeCV,BUY,0.0034327009936765,True,BETA,Gold,-0.197701805993975,0.197701805993975,Gold,-0.197701805993975,,5y yield,0.1217589909121508,,MSCI World - Dow Jones,-0.0560420456070485,,
2018-08-15,RidgeCV,BUY,0.0084883510926494,True,BETA,Gold,-0.1952917036272285,0.1952917036272285,Gold,-0.1952917036272285,,5y yield,0.125338412905801,,MSCI World - Dow Jones,-0.0543120814139547,,
2018-09-28,RidgeCV,SELL,-0.0131046613896218,True,BETA,Gold,-0.1668700607953251,0.1668700607953251,Gold,-0.1668700607953251,,5y yield,0.1314189117118157,,MSCI World - Dow Jones,-0.0481234609770628,,
2019-11-19,RidgeCV,BUY,0.0008291873963515,True,BETA,Gold,-0.1504419891249573,0.1504419891249573,Real 2y yield,0.0808758428834599,,Local - Dow Jones,-0.1466011149451106,,Gold,-0.1504419891249573,,
2020-02-20,RidgeCV,SELL,-0.0529884032114184,True,BETA,Local - Dow Jones,-0.1446593853103772,0.1446593853103772,Local - Dow Jones,-0.1446593853103772,,Real 2y yield,0.0752689168977898,,Gold,-0.1362898393269029,,
2020-02-26,RidgeCV,SELL,-0.0533369555374445,True,BETA,Local - Dow Jones,-0.1480250916829361,0.1480250916829361,Local - Dow Jones,-0.1480250916829361,,Real 2y yield,0.0726626004909443,,Gold,-0.1342844585511746,,
2020-03-05,RidgeCV,BUY,0.0428598342125094,True,BETA,Local - Dow Jones,-0.1495326482236827,0.1495326482236827,Real 2y yield,0.0872815836598116,,Local - Dow Jones,-0.1495326482236827,,Gold,-0.1039709660875781,,
2020-03-19,RidgeCV,SELL,-0.0252913015987715,True,BETA,Local - Wilshire,-0.2321862677698327,0.2321862677698327,Real 2y yield,0.136272909558332,,Local - Wilshire,-0.2321862677698327,,Oil,0.0317232825495602,,
2020-07-27,RidgeCV,BUY,0.0055993166935559,True,BETA,2y yield,0.1887311859811559,0.1887311859811559,2y yield,0.1887311859811559,,Local - Wilshire,-0.1326158511637881,,Oil,0.0886327546271824,,
2021-10-26,RidgeCV,SELL,-0.0112999299229151,True,BETA,Gold,-0.1142411411924766,0.1142411411924766,Gold,-0.1142411411924766,,5y yield,0.1111060986860178,,MSCI World - Dow Jones,-0.0411990681732427,,
2022-01-18,RidgeCV,BUY,0.0008725242125469,True,BETA,10y yield,0.136644290763057,0.136644290763057,Gold,-0.11420748867271,,10y yield,0.136644290763057,,MSCI World - Dow Jones,-0.0424033452254209,,
2022-04-28,RidgeCV,SELL,-0.0191822697745509,True,BETA,10y yield,0.1501532747560563,0.1501532747560563,10y yield,0.1501532747560563,,Gold,-0.0976984632348699,,Local - Dow Jones,-0.028442112183426,,
2022-06-07,RidgeCV,BUY,0.0300173467078963,True,BETA,10y yield,0.164627870459995,0.164627870459995,10y yield,0.164627870459995,,Gold,-0.0829628841169718,,Local - Dow Jones,-0.038421565201677,,
2022-06-13,RidgeCV,BUY,0.0077369439071568,True,BETA,10y yield,0.1655591090794868,0.1655591090794868,10y yield,0.1655591090794868,,Gold,-0.0801166532627264,,Local - Dow Jones,-0.0402611572244168,,
2022-06-15,RidgeCV,BUY,0.0205469216975493,True,BETA,10y yield,0.1622923601212464,0.1622923601212464,10y yield,0.1622923601212464,,Gold,-0.0713396363742011,,Local - Dow Jones,-0.0472359986270999,,
2022-08-10,RidgeCV,BUY,0.0318308375348033,True,BETA,10y yield,0.1891753786366701,0.1891753786366701,10y yield,0.1891753786366701,,Gold,-0.0867691472923907,,MSCI World - S&P500,-0.0771411492874572,,
2023-02-24,RidgeCV,SELL,-0.0106242672919107,True,BETA,Gold,-0.280122051375182,0.280122051375182,Gold,-0.280122051375182,,10y yield,0.189571611221161,,MSCI World ex-US,-0.0865132358381502,,
2023-07-11,RidgeCV,BUY,0.0038472499287545,True,BETA,Gold,-0.3347446533339586,0.3347446533339586,Gold,-0.3347446533339586,,2y yield,0.1790227624927718,,MSCI World ex-US,-0.1466522986546867,,
2023-07-27,RidgeCV,BUY,0.0377831947232578,True,BETA,Gold,-0.3587349913772043,0.3587349913772043,Gold,-0.3587349913772043,,2y yield,0.1536559514923779,,MSCI World ex-US,-0.1194622452629661,,
2023-09-29,RidgeCV,BUY,0.0013389569525339,True,BETA,Gold,-0.3709202662180583,0.3709202662180583,Gold,-0.3709202662180583,,2y yield,0.1900291177294315,,MSCI World ex-US,-0.1245981447435298,,
2023-10-31,RidgeCV,SELL,-0.0086366033755274,True,BETA,Gold,-0.2170027124691448,0.2170027124691448,Gold,-0.2170027124691448,,2y yield,0.1735508885657582,,MSCI World ex-US,-0.0817984588347819,,
2024-04-26,RidgeCV,SELL,-0.0161056022232047,True,BETA,2y yield,0.2923178181004424,0.2923178181004424,2y yield,0.2923178181004424,,Gold,-0.1127438002855809,,MSCI World ex-US,-0.087681670922023,,
2024-06-27,RidgeCV,SELL,-0.0119432694700173,True,BETA,2y yield,0.2819952392102855,0.2819952392102855,2y yield,0.2819952392102855,,MSCI World ex-US,-0.0824738411436356,,Gold,-0.0795435821484038,,
2024-07-01,RidgeCV,SELL,-0.0210578471448037,True,BETA,2y yield,0.2790143761413168,0.2790143761413168,2y yield,0.2790143761413168,,MSCI World ex-US,-0.0844917025907037,,Gold,-0.0781825654882567,,
2025-03-11,RidgeCV,BUY,0.0144133170929761,True,BETA,5y yield,0.350362369936503,0.350362369936503,5y yield,0.350362369936503,,Asia EMFX,0.1683917855840188,,MSCI World - S&P500,-0.1132010514486219,,
2026-01-27,RidgeCV,BUY,0.0143223178503382,True,BETA,2y yield,0.3195968645391998,0.3195968645391998,2y yield,0.3195968645391998,,MSCI World - S&P500,-0.1604312391634399,,Asia EMFX,0.2159573141548187,,
2001-12-18,LassoCV,BUY,0.0297223308564724,True,BETA,Gold,-0.1051070087991648,0.1051070087991648,Gold,-0.1051070087991648,,,,,,,,
2002-03-06,LassoCV,BUY,0.010714012397643,True,BETA,FN1 Comdty,0.0779105914794539,0.0779105914794539,FN1 Comdty,0.0779105914794539,,,,,,,,
2002-09-20,LassoCV,SELL,-0.0008914100486223,True,BETA,Asia EMFX,0.1160308906100812,0.1160308906100812,MSCI World - Wilshire,-0.1105185086155261,,Asia EMFX,0.1160308906100812,,Gold,-0.0488550781922624,,
2003-05-06,LassoCV,SELL,-0.0078251254571743,True,BETA,2y yield,0.1234591951809245,0.1234591951809245,2y yield,0.1234591951809245,,Gold,-0.1105879883723556,,MSCI World - Dow Jones,-0.0360586822049686,,
2003-05-28,LassoCV,SELL,-0.0066621689998312,True,BETA,2y yield,0.1582935479368544,0.1582935479368544,2y yield,0.1582935479368544,,Local Index,0.0948363871303013,,Gold,-0.1017651035786715,,
2003-08-29,LassoCV,BUY,0.0031645569620253,True,BETA,2y yield,0.1374149512922766,0.1374149512922766,2y yield,0.1374149512922766,,MSCI World - Dow Jones,-0.0703393359992596,,Gold,-0.0528229114585485,,
2004-06-29,LassoCV,BUY,0.0040654162431856,True,BETA,MSCI World ex-US,-0.1979892003757283,0.1979892003757283,MSCI World ex-US,-0.1979892003757283,,Gold,-0.1911595612277979,,Asia EMFX,0.0726850852802927,,
2004-10-05,LassoCV,SELL,-0.0249212775528565,True,BETA,MSCI World ex-US,-0.1991949416584127,0.1991949416584127,Gold,-0.1898404151929907,,MSCI World ex-US,-0.1991949416584127,,5y yield,0.1249078265096973,,
2005-01-12,LassoCV,BUY,0.0060517325524644,True,BETA,Gold,-0.208563322318344,0.208563322318344,Gold,-0.208563322318344,,MSCI World ex-US,-0.198277854882197,,5y yield,0.1254578081595651,,
2005-02-10,LassoCV,SELL,-0.0043457723193197,True,BETA,Gold,-0.2298635771720109,0.2298635771720109,Gold,-0.2298635771720109,,MSCI World ex-US,-0.2191365795835841,,5y yield,0.1037744917929422,,
2005-02-16,LassoCV,SELL,-0.0063555302599127,True,BETA,Gold,-0.2209916160045529,0.2209916160045529,Gold,-0.2209916160045529,,MSCI World ex-US,-0.2203838302515486,,5y yield,0.108835300227204,,
2005-04-29,LassoCV,BUY,0.0245346062052504,True,BETA,Gold,-0.2698512286669345,0.2698512286669345,Gold,-0.2698512286669345,,MSCI World ex-US,-0.2005297052144089,,5y yield,0.1320287450350323,,
2005-12-14,LassoCV,BUY,0.0045148649799813,True,BETA,MSCI World ex-US,-0.1622202212600981,0.1622202212600981,MSCI World ex-US,-0.1622202212600981,,Gold,-0.1227905486885043,,Asia EMFX,0.0,,
2006-07-25,LassoCV,SELL,-0.0164619583759808,True,BETA,Real 2y yield,0.1553654985820132,0.1553654985820132,Real 2y yield,0.1553654985820132,,MSCI World ex-US,-0.1417017710444598,,Asia EMFX,0.0524796218407891,,
2006-08-25,LassoCV,SELL,-0.0029840566118168,True,BETA,Real 2y yield,0.1524438371748162,0.1524438371748162,Real 2y yield,0.1524438371748162,,MSCI World ex-US,-0.1342335072502998,,Asia EMFX,0.0452673065133259,,
2006-10-06,LassoCV,SELL,-0.0022685262981011,True,BETA,2y yield,0.1541716854564609,0.1541716854564609,2y yield,0.1541716854564609,,MSCI World ex-US,-0.1025117390350652,,Asia EMFX,0.0721401965821973,,
2007-03-13,LassoCV,BUY,0.013157894736842,True,BETA,2y yield,0.2256897989993999,0.2256897989993999,2y yield,0.2256897989993999,,MSCI World - S&P500,-0.0683265689716168,,Asia EMFX,0.0533423177560335,,
2007-03-16,LassoCV,BUY,0.0092505353319056,True,BETA,2y yield,0.2278607838858685,0.2278607838858685,2y yield,0.2278607838858685,,MSCI World - S&P500,-0.073076849560976,,Asia EMFX,0.0503561236240954,,
2007-06-22,LassoCV,SELL,-0.0044394220679634,True,BETA,2y yield,0.2423738765486459,0.2423738765486459,2y yield,0.2423738765486459,,MSCI World - S&P500,-0.0714612526907786,,Asia EMFX,0.0681052130605314,,
2007-08-16,LassoCV,BUY,0.0172973922205637,True,BETA,2y yield,0.2393725996501403,0.2393725996501403,2y yield,0.2393725996501403,,Local - S&P500,-0.0689552086783804,,VIX Index,-0.0430935769115712,,
2007-09-18,LassoCV,SELL,-0.0028428669882839,True,BETA,2y yield,0.2681474559653226,0.2681474559653226,2y yield,0.2681474559653226,,Local - S&P500,-0.1072803903731137,,Gold,0.0,,
2007-10-03,LassoCV,SELL,-0.0005995717344753,True,BETA,2y yield,0.2312290194896914,0.2312290194896914,2y yield,0.2312290194896914,,Local - S&P500,-0.1441032163195499,,Copper LME,0.0326221027495431,,
2007-10-08,LassoCV,SELL,-0.0244421733946517,True,BETA,2y yield,0.2320751387050615,0.2320751387050615,2y yield,0.2320751387050615,,Local - Wilshire,-0.1419963955557055,,Copper LME,0.0366433893914438,,
2008-03-17,LassoCV,BUY,0.0243501489777047,True,BETA,Local - Wilshire,-0.2464525744209063,0.2464525744209063,Local - Wilshire,-0.2464525744209063,,Real 2y yield,0.1839509486559294,,Copper LME,0.1250489404215266,,
2008-04-24,LassoCV,SELL,-0.0050829577059556,True,BETA,Local - Wilshire,-0.3524520703859078,0.3524520703859078,Local - Wilshire,-0.3524520703859078,,Real 2y yield,0.1723460759073054,,Copper LME,0.1121729751422642,,
2009-05-20,LassoCV,BUY,0.0116989881956155,True,BETA,Local - Dow Jones,-0.3137704581766025,0.3137704581766025,2y yield,0.2453167154060061,,Local - Dow Jones,-0.3137704581766025,,Copper LME,0.0909667188524456,,
2009-08-07,LassoCV,SELL,-0.032694475760992,True,BETA,2y yield,0.3992355175430411,0.3992355175430411,2y yield,0.3992355175430411,,Local - Dow Jones,-0.3097242293386149,,BCOM Index,0.1145836564994774,,
2010-01-26,LassoCV,BUY,0.0005577244841048,True,BETA,2y yield,0.5091872980403309,0.5091872980403309,2y yield,0.5091872980403309,,MSCI World - Wilshire,-0.1567663779443137,,Gold,-0.2070659759744856,,
2010-04-30,LassoCV,SELL,-0.0147043153969098,True,BETA,5y yield,0.5099587950725735,0.5099587950725735,5y yield,0.5099587950725735,,VIX Index,-0.0988527662305279,,MSCI World - Wilshire,-0.0860870402050029,,
2010-05-10,LassoCV,SELL,-0.0322615219721328,True,BETA,5y yield,0.5431248142019149,0.5431248142019149,5y yield,0.5431248142019149,,MSCI EM,0.0658521276683484,,Oil,0.0,,
2010-05-18,LassoCV,SELL,-0.0138783476092377,True,BETA,10y yield,0.5370047005922106,0.5370047005922106,10y yield,0.5370047005922106,,MSCI EM,0.1121148483438838,,Oil,0.0,,
2010-06-03,LassoCV,SELL,-0.018336749002265,True,BETA,10y yield,0.5069456621306638,0.5069456621306638,10y yield,0.5069456621306638,,Oil,0.0756367784185038,,Local - Wilshire,-0.0605170981225196,,
2010-12-28,LassoCV,BUY,0.0104394270453993,True,BETA,2y yield,0.3203570054253113,0.3203570054253113,2y yield,0.3203570054253113,,Local - S&P500,-0.0684012216341373,,Oil,0.0046223554822765,,
2011-03-01,LassoCV,SELL,-0.0139262154898607,True,BETA,2y yield,0.2411801893724907,0.2411801893724907,2y yield,0.2411801893724907,,MSCI World - Wilshire,-0.1390196504626604,,Gold,-0.1301592691776127,,
2011-03-04,LassoCV,SELL,-0.0211370262390669,True,BETA,2y yield,0.2377506397992118,0.2377506397992118,2y yield,0.2377506397992118,,MSCI World - Wilshire,-0.1327834443214151,,Gold,-0.1257009160084601,,
2011-03-09,LassoCV,SELL,-0.0219966159052452,True,BETA,2y yield,0.2302472485746252,0.2302472485746252,2y yield,0.2302472485746252,,MSCI World - Wilshire,-0.1352676877825138,,Gold,-0.1272723346558598,,
2011-04-01,LassoCV,SELL,-0.0110635260528194,True,BETA,2y yield,0.2375499323929189,0.2375499323929189,2y yield,0.2375499323929189,,Local - Wilshire,-0.140629185841226,,Gold,-0.1202799294747907,,
2011-07-21,LassoCV,BUY,0.0075351213282248,True,BETA,2y yield,0.2067157148693278,0.2067157148693278,2y yield,0.2067157148693278,,MSCI World - Wilshire,-0.1082486511703294,,Gold,-0.0781165070877721,,
2011-09-06,LassoCV,SELL,-0.0155807365439092,True,BETA,2y yield,0.1410334924538001,0.1410334924538001,2y yield,0.1410334924538001,,Gold,-0.0629544024015025,,MSCI World - Dow Jones,-0.0,,
2011-10-31,LassoCV,SELL,-0.014071894588717,True,BETA,2y yield,0.1281067468486382,0.1281067468486382,2y yield,0.1281067468486382,,Gold,-0.0271201818740205,,,,,
2012-07-17,LassoCV,SELL,-0.0118897040222615,True,BETA,Gold,-0.0560613902626027,0.0560613902626027,Gold,-0.0560613902626027,,5y yield,0.0,,,,,
2012-08-16,LassoCV,SELL,-0.0090737240075614,True,BETA,Gold,-0.0320015455592369,0.0320015455592369,2y yield,0.0,,Gold,-0.0320015455592369,,,,,
2012-10-29,LassoCV,SELL,-0.0037593984962405,True,BETA,5y yield,0.208250371565267,0.208250371565267,5y yield,0.208250371565267,,MSCI EM,0.1018660563429776,,Gold,-0.1220097503539865,,
2013-03-28,LassoCV,BUY,0.0587360594795538,True,BETA,5y yield,0.262145541842661,0.262145541842661,5y yield,0.262145541842661,,MSCI EM,0.1142704574871084,,Gold,-0.1458508152449527,,
2013-04-01,LassoCV,BUY,0.0379706103185668,True,BETA,5y yield,0.2574911802348353,0.2574911802348353,5y yield,0.2574911802348353,,MSCI EM,0.115145385881317,,Gold,-0.1427054634813604,,
2013-06-06,LassoCV,BUY,0.0031968650097968,True,BETA,10y yield,0.2905216008190449,0.2905216008190449,10y yield,0.2905216008190449,,MSCI EM,0.0790804326550398,,VIX Index,-0.0011087724577124,,
2013-06-11,LassoCV,BUY,0.0185358742059773,True,BETA,10y yield,0.2923964377218823,0.2923964377218823,10y yield,0.2923964377218823,,MSCI EM,0.0842389930014506,,VIX Index,-0.0317920270918322,,
2014-07-01,LassoCV,BUY,0.0014773958435931,True,BETA,10y yield,0.1923468573336595,0.1923468573336595,10y yield,0.1923468573336595,,Local - S&P500,-0.1777090174577447,,Gold,-0.1181080482869682,,
2014-07-14,LassoCV,BUY,0.003151467402009,True,BETA,10y yield,0.1945721021868247,0.1945721021868247,10y yield,0.1945721021868247,,Local - S&P500,-0.1766344433105953,,Gold,-0.0966179850888466,,
2014-09-29,LassoCV,SELL,-0.0241095890410959,True,BETA,5y yield,0.131724216962447,0.131724216962447,5y yield,0.131724216962447,,Gold,-0.0439033450143804,,Local - Dow Jones,-0.1080145684482122,,
2015-01-27,LassoCV,BUY,0.0132349198269279,True,BETA,5y yield,0.1671970808729001,0.1671970808729001,5y yield,0.1671970808729001,,Local - Wilshire,-0.1634996910186738,,Gold,-0.1436419601139213,,
2015-02-02,LassoCV,BUY,0.0077400697456835,True,BETA,5y yield,0.162431027291614,0.162431027291614,5y yield,0.162431027291614,,Local - Wilshire,-0.1624145524961882,,Gold,-0.1404373545954602,,
2015-02-12,LassoCV,BUY,0.002518680211569,True,BETA,5y yield,0.169245776815284,0.169245776815284,5y yield,0.169245776815284,,Local - Wilshire,-0.1507817626764415,,Gold,-0.1408613133779921,,
2015-07-07,LassoCV,BUY,0.0110168108372776,True,BETA,Gold,-0.1691313554716404,0.1691313554716404,Gold,-0.1691313554716404,,5y yield,0.1634861573246642,,MSCI World - Wilshire,-0.1415250018636271,,
2015-08-24,LassoCV,BUY,0.0073473524195593,True,BETA,2y yield,0.1534629058634435,0.1534629058634435,2y yield,0.1534629058634435,,Local - Wilshire,-0.1018382649881397,,Gold,-0.1197650980231048,,
2015-09-01,LassoCV,BUY,0.0087961799447096,True,BETA,2y yield,0.1540964038668922,0.1540964038668922,2y yield,0.1540964038668922,,Local - Wilshire,-0.138425786001382,,Gold,-0.1057386138155368,,
2015-09-04,LassoCV,BUY,0.0083200268930163,True,BETA,Local - Wilshire,-0.158944100818093,0.158944100818093,Local - Wilshire,-0.158944100818093,,5y yield,0.1309752753202567,,Gold,-0.1180541144983466,,
2016-01-22,LassoCV,SELL,-0.0160801481730931,True,BETA,2y yield,0.1639183612484872,0.1639183612484872,2y yield,0.1639183612484872,,Gold,-0.1381931228824724,,Local - Wilshire,-0.1615766708734775,,
2016-01-27,LassoCV,SELL,-0.0449106841927874,True,BETA,Local - Wilshire,-0.1632456558706977,0.1632456558706977,2y yield,0.1600844392171704,,Local - Wilshire,-0.1632456558706977,,Gold,-0.1320456298034576,,
2016-07-18,LassoCV,SELL,-0.0355124340617934,True,BETA,Local - Dow Jones,-0.2282339009758921,0.2282339009758921,5y yield,0.155196126820258,,Local - Dow Jones,-0.2282339009758921,,Gold,-0.2261587055843347,,
2017-02-21,LassoCV,BUY,0.0026389866291343,True,BETA,Gold,-0.3549425967859752,0.3549425967859752,Gold,-0.3549425967859752,,5y yield,0.3176935379567379,,Local - Dow Jones,-0.120755020747052,,
2017-05-15,LassoCV,SELL,-0.022146058528869,True,BETA,Gold,-0.3877870522431401,0.3877870522431401,Gold,-0.3877870522431401,,10y yield,0.2964917250129397,,Local - Dow Jones,-0.1294937064745705,,
2018-01-23,LassoCV,SELL,-0.0067990209409845,True,BETA,Gold,-0.2184421214849769,0.2184421214849769,Gold,-0.2184421214849769,,5y yield,0.1567864024900021,,Local - Dow Jones,-0.0736686110124917,,
2018-07-10,LassoCV,BUY,0.0018018018018017,True,BETA,Gold,-0.1829949976180871,0.1829949976180871,Gold,-0.1829949976180871,,5y yield,0.1148328741770924,,MSCI World - Dow Jones,-0.0237318166855902,,
2018-08-13,LassoCV,BUY,0.0034327009936765,True,BETA,Gold,-0.176038690529532,0.176038690529532,Gold,-0.176038690529532,,5y yield,0.091351278375352,,MSCI World - Dow Jones,-0.0341607575761328,,
2018-08-15,LassoCV,BUY,0.0084883510926494,True,BETA,Gold,-0.1730742105598063,0.1730742105598063,Gold,-0.1730742105598063,,5y yield,0.0955856694525219,,MSCI World - Dow Jones,-0.0320640874189413,,
2018-09-28,LassoCV,SELL,-0.0131046613896218,True,BETA,Gold,-0.1393163053987888,0.1393163053987888,Gold,-0.1393163053987888,,5y yield,0.1019437670514791,,MSCI World - Dow Jones,-0.0240772380960669,,
2019-01-03,LassoCV,BUY,0.0146731054977711,True,BETA,5y yield,0.1262820549359563,0.1262820549359563,5y yield,0.1262820549359563,,Gold,-0.116105865620343,,JPMVG71M Index,-0.0,,
2020-02-20,LassoCV,SELL,-0.0529884032114184,True,BETA,Local - Dow Jones,-0.1451053469761184,0.1451053469761184,Local - Dow Jones,-0.1451053469761184,,Real 2y yield,0.075120947563511,,Gold,-0.1364388174088342,,
2020-02-26,LassoCV,SELL,-0.0533369555374445,True,BETA,Local - Dow Jones,-0.1484072822052367,0.1484072822052367,Local - Dow Jones,-0.1484072822052367,,Real 2y yield,0.0725124389857449,,Gold,-0.1344483691215303,,
2020-03-05,LassoCV,BUY,0.0428598342125094,True,BETA,Local - Dow Jones,-0.1498218540769079,0.1498218540769079,Real 2y yield,0.087238846995094,,Local - Dow Jones,-0.1498218540769079,,Gold,-0.1040429181826508,,
2020-03-19,LassoCV,SELL,-0.0252913015987715,True,BETA,Local - Wilshire,-0.2325674182018458,0.2325674182018458,Real 2y yield,0.1364735403287085,,Local - Wilshire,-0.2325674182018458,,Oil,0.0314696279193975,,
2020-07-27,LassoCV,BUY,0.0055993166935559,True,BETA,2y yield,0.1892067607942335,0.1892067607942335,2y yield,0.1892067607942335,,Local - Wilshire,-0.1325593786411451,,Oil,0.0886564785892461,,
2021-10-25,LassoCV,SELL,-0.0042212646205258,True,BETA,Gold,-0.1424568680639996,0.1424568680639996,Gold,-0.1424568680639996,,5y yield,0.1082924487374885,,MSCI World - Dow Jones,-0.0380820989396973,,
2022-04-28,LassoCV,SELL,-0.0191822697745509,True,BETA,10y yield,0.1485410210950775,0.1485410210950775,10y yield,0.1485410210950775,,Gold,-0.0870835204381931,,Local - Dow Jones,-0.0179196756037331,,
2022-06-07,LassoCV,BUY,0.0300173467078963,True,BETA,10y yield,0.1664238272312898,0.1664238272312898,10y yield,0.1664238272312898,,Gold,-0.0808126485032288,,Local - Dow Jones,-0.0360350525767942,,
2022-06-13,LassoCV,BUY,0.0077369439071568,True,BETA,10y yield,0.1672773957934585,0.1672773957934585,10y yield,0.1672773957934585,,Gold,-0.0779224190010456,,Local - Dow Jones,-0.0380599935208036,,
2022-06-15,LassoCV,BUY,0.0205469216975493,True,BETA,10y yield,0.1639926238310821,0.1639926238310821,10y yield,0.1639926238310821,,Gold,-0.0687442671109608,,Local - Dow Jones,-0.0452728565017385,,
2022-07-29,LassoCV,BUY,0.0011255346289484,True,BETA,10y yield,0.1808963566187976,0.1808963566187976,10y yield,0.1808963566187976,,Gold,-0.0837307194629862,,MSCI World - Wilshire,-0.0648268661552643,,
2022-08-10,LassoCV,BUY,0.0318308375348033,True,BETA,10y yield,0.190885671689961,0.190885671689961,10y yield,0.190885671689961,,Gold,-0.0846716912680964,,MSCI World - S&P500,-0.0761390704068228,,
2023-02-24,LassoCV,SELL,-0.0106242672919107,True,BETA,Gold,-0.2800784090134052,0.2800784090134052,Gold,-0.2800784090134052,,10y yield,0.1895332415196976,,MSCI World ex-US,-0.0864521274316164,,
2023-07-11,LassoCV,BUY,0.0038472499287545,True,BETA,Gold,-0.3347424873142173,0.3347424873142173,Gold,-0.3347424873142173,,2y yield,0.1789634700900654,,MSCI World ex-US,-0.1465345786273587,,
2023-07-27,LassoCV,BUY,0.0377831947232578,True,BETA,Gold,-0.3587396578582997,0.3587396578582997,Gold,-0.3587396578582997,,2y yield,0.1535867409078344,,MSCI World ex-US,-0.1193382606504232,,
2023-09-29,LassoCV,BUY,0.0013389569525339,True,BETA,Gold,-0.3709187081147775,0.3709187081147775,Gold,-0.3709187081147775,,2y yield,0.1899479113110752,,MSCI World ex-US,-0.1244508932054012,,
2023-10-31,LassoCV,SELL,-0.0086366033755274,True,BETA,Gold,-0.1653294139150934,0.1653294139150934,Gold,-0.1653294139150934,,2y yield,0.0772009486787256,,MSCI World ex-US,-0.0,,
2023-12-21,LassoCV,BUY,0.0176611314382211,True,BETA,2y yield,0.1305433535667375,0.1305433535667375,Gold,-0.0784693513832389,,2y yield,0.1305433535667375,,MSCI World ex-US,-0.0,,
2024-04-26,LassoCV,SELL,-0.0161056022232047,True,BETA,2y yield,0.2919405718249253,0.2919405718249253,2y yield,0.2919405718249253,,Gold,-0.1095143338699225,,MSCI World ex-US,-0.0833946093302382,,
2024-06-27,LassoCV,SELL,-0.0119432694700173,True,BETA,2y yield,0.2813619153071657,0.2813619153071657,2y yield,0.2813619153071657,,MSCI World ex-US,-0.078536072762883,,Gold,-0.0769854784780181,,
2024-07-01,LassoCV,SELL,-0.0210578471448037,True,BETA,2y yield,0.2782761489484264,0.2782761489484264,2y yield,0.2782761489484264,,MSCI World ex-US,-0.0805421995553631,,Gold,-0.0756536302853303,,
2025-03-11,LassoCV,BUY,0.0144133170929761,True,BETA,5y yield,0.3540465443948072,0.3540465443948072,5y yield,0.3540465443948072,,Asia EMFX,0.1691590070714442,,MSCI World - S&P500,-0.1132315516456366,,
2026-01-27,LassoCV,BUY,0.0143223178503382,True,BETA,2y yield,0.3194751581089777,0.3194751581089777,2y yield,0.3194751581089777,,MSCI World - S&P500,-0.1603968501351877,,Asia EMFX,0.2158121549329963,,
2001-12-18,ElasticNetCV,BUY,0.0297223308564724,True,BETA,Gold,-0.1051786428605555,0.1051786428605555,Gold,-0.1051786428605555,,,,,,,,
2002-03-06,ElasticNetCV,BUY,0.010714012397643,True,BETA,FN1 Comdty,0.0779927274535328,0.0779927274535328,FN1 Comdty,0.0779927274535328,,,,,,,,
2002-09-20,ElasticNetCV,SELL,-0.0008914100486223,True,BETA,Asia EMFX,0.1196044080564884,0.1196044080564884,MSCI World - Wilshire,-0.1129527533013035,,Asia EMFX,0.1196044080564884,,Gold,-0.0567164160061276,,
2003-05-06,ElasticNetCV,SELL,-0.0078251254571743,True,BETA,Gold,-0.0999099116587979,0.0999099116587979,2y yield,0.0997150786545985,,Gold,-0.0999099116587979,,MSCI World - Dow Jones,-0.0379462147381981,,
2003-05-09,ElasticNetCV,SELL,-0.0041737649063032,True,BETA,2y yield,0.1031443115725678,0.1031443115725678,2y yield,0.1031443115725678,,Gold,-0.0987204784695456,,MSCI World - Dow Jones,-0.0362663818156027,,
2003-05-28,ElasticNetCV,SELL,-0.0066621689998312,True,BETA,2y yield,0.1277917282643205,0.1277917282643205,2y yield,0.1277917282643205,,Local Index,0.0440095027824445,,Gold,-0.0944557866530446,,
2003-08-29,ElasticNetCV,BUY,0.0031645569620253,True,BETA,2y yield,0.1309889099225121,0.1309889099225121,2y yield,0.1309889099225121,,MSCI World - Dow Jones,-0.0675386070273429,,Gold,-0.052652274337294,,
2004-06-29,ElasticNetCV,BUY,0.0040654162431856,True,BETA,MSCI World ex-US,-0.1980286167804542,0.1980286167804542,MSCI World ex-US,-0.1980286167804542,,Gold,-0.1912103240168379,,Asia EMFX,0.0727436306599411,,
2004-07-01,ElasticNetCV,BUY,0.012821695415552,True,BETA,MSCI World ex-US,-0.1983562742237347,0.1983562742237347,MSCI World ex-US,-0.1983562742237347,,Gold,-0.1884962720603714,,Asia EMFX,0.0735736023191435,,
2004-10-05,ElasticNetCV,SELL,-0.0249212775528565,True,BETA,MSCI World ex-US,-0.1888702709720758,0.1888702709720758,Gold,-0.181879757726273,,MSCI World ex-US,-0.1888702709720758,,5y yield,0.1148680147454901,,
2004-11-24,ElasticNetCV,BUY,0.0114785992217898,True,BETA,MSCI World ex-US,-0.1943386945926177,0.1943386945926177,Gold,-0.176017775918623,,MSCI World ex-US,-0.1943386945926177,,5y yield,0.1100768764245503,,
2005-01-14,ElasticNetCV,BUY,0.0120529152376287,True,BETA,Gold,-0.2199816413554354,0.2199816413554354,Gold,-0.2199816413554354,,MSCI World ex-US,-0.202023668786235,,5y yield,0.1058054727477268,,
2005-02-10,ElasticNetCV,SELL,-0.0043457723193197,True,BETA,Gold,-0.2223623453513461,0.2223623453513461,Gold,-0.2223623453513461,,MSCI World ex-US,-0.2130308305277646,,5y yield,0.1005252388272696,,
2005-02-16,ElasticNetCV,SELL,-0.0063555302599127,True,BETA,Gold,-0.2141871862935686,0.2141871862935686,Gold,-0.2141871862935686,,MSCI World ex-US,-0.2139183172210755,,5y yield,0.105030111514265,,
2005-04-29,ElasticNetCV,BUY,0.0245346062052504,True,BETA,Gold,-0.2644745041670334,0.2644745041670334,Gold,-0.2644745041670334,,MSCI World ex-US,-0.1975343804939884,,5y yield,0.1279607642689706,,
2005-12-14,ElasticNetCV,BUY,0.0045148649799813,True,BETA,MSCI World ex-US,-0.1427102325188877,0.1427102325188877,MSCI World ex-US,-0.1427102325188877,,Gold,-0.1112145900665653,,Asia EMFX,0.0,,
2006-07-25,ElasticNetCV,SELL,-0.0164619583759808,True,BETA,Real 2y yield,0.141648063208372,0.141648063208372,Real 2y yield,0.141648063208372,,MSCI World ex-US,-0.1391166376675261,,Asia EMFX,0.0507756984444128,,
2006-10-06,ElasticNetCV,SELL,-0.0022685262981011,True,BETA,2y yield,0.1484693968036645,0.1484693968036645,2y yield,0.1484693968036645,,MSCI World ex-US,-0.1013202424003082,,Asia EMFX,0.0690819660109356,,
2007-03-13,ElasticNetCV,BUY,0.013157894736842,True,BETA,2y yield,0.1960228256900939,0.1960228256900939,2y yield,0.1960228256900939,,MSCI World - S&P500,-0.0635120346861284,,Asia EMFX,0.0442658868337605,,
2007-03-16,ElasticNetCV,BUY,0.0092505353319056,True,BETA,2y yield,0.1986026840415929,0.1986026840415929,2y yield,0.1986026840415929,,MSCI World - S&P500,-0.0683223753023931,,Asia EMFX,0.0416836534366633,,
2007-06-22,ElasticNetCV,SELL,-0.0044394220679634,True,BETA,2y yield,0.2424268813203873,0.2424268813203873,2y yield,0.2424268813203873,,MSCI World - S&P500,-0.0715160014442689,,Asia EMFX,0.0682230126884088,,
2007-08-16,ElasticNetCV,BUY,0.0172973922205637,True,BETA,2y yield,0.2321262348631606,0.2321262348631606,2y yield,0.2321262348631606,,Local - S&P500,-0.0667472571804601,,VIX Index,-0.0423749495315303,,
2007-10-03,ElasticNetCV,SELL,-0.0005995717344753,True,BETA,2y yield,0.2334014016214805,0.2334014016214805,2y yield,0.2334014016214805,,Local - S&P500,-0.1525768009512232,,Copper LME,0.0416744135242447,,
2008-03-17,ElasticNetCV,BUY,0.0243501489777047,True,BETA,Local - Wilshire,-0.2464883650085164,0.2464883650085164,Local - Wilshire,-0.2464883650085164,,Real 2y yield,0.1840179731380701,,Copper LME,0.1251274711796435,,
2008-04-24,ElasticNetCV,SELL,-0.0050829577059556,True,BETA,Local - Wilshire,-0.3524784121814108,0.3524784121814108,Local - Wilshire,-0.3524784121814108,,Real 2y yield,0.1724110394417324,,Copper LME,0.1122501364374029,,
2009-05-20,ElasticNetCV,BUY,0.0116989881956155,True,BETA,Local - Dow Jones,-0.2921148897094705,0.2921148897094705,2y yield,0.2187902968608642,,Local - Dow Jones,-0.2921148897094705,,Copper LME,0.0905250090620991,,
2009-08-07,ElasticNetCV,SELL,-0.032694475760992,True,BETA,2y yield,0.39949860744073,0.39949860744073,2y yield,0.39949860744073,,Local - Dow Jones,-0.3098162966901927,,BCOM Index,0.1147906452030818,,
2009-12-30,ElasticNetCV,SELL,-0.0115750757247944,True,BETA,2y yield,0.160051825247545,0.160051825247545,2y yield,0.160051825247545,,Gold,-0.078896127056649,,Local - S&P500,-0.0483644115156982,,
2010-04-30,ElasticNetCV,SELL,-0.0147043153969098,True,BETA,5y yield,0.51041969753209,0.51041969753209,5y yield,0.51041969753209,,VIX Index,-0.1114302108665329,,MSCI World - Wilshire,-0.0898975482358038,,
2010-05-10,ElasticNetCV,SELL,-0.0322615219721328,True,BETA,5y yield,0.543626641178671,0.543626641178671,5y yield,0.543626641178671,,MSCI EM,0.0689634144096776,,Oil,0.0,,
2010-05-18,ElasticNetCV,SELL,-0.0138783476092377,True,BETA,10y yield,0.5377641584056189,0.5377641584056189,10y yield,0.5377641584056189,,MSCI EM,0.1146796140840033,,Oil,0.0,,
2010-06-03,ElasticNetCV,SELL,-0.018336749002265,True,BETA,10y yield,0.5072129132939841,0.5072129132939841,10y yield,0.5072129132939841,,Oil,0.0778770797031966,,Local - Wilshire,-0.0618499033962838,,
2010-09-15,ElasticNetCV,SELL,-0.0239067055393585,True,BETA,5y yield,0.4124405935253391,0.4124405935253391,5y yield,0.4124405935253391,,Local - Wilshire,-0.0619438936040531,,Oil,0.0835890656220827,,
2010-12-28,ElasticNetCV,BUY,0.0104394270453993,True,BETA,2y yield,0.2842997076183182,0.2842997076183182,2y yield,0.2842997076183182,,Local - S&P500,-0.0904543583249202,,Oil,0.0412790303155032,,
2011-03-10,ElasticNetCV,SELL,-0.0242227042660883,True,BETA,2y yield,0.1851895885906524,0.1851895885906524,2y yield,0.1851895885906524,,MSCI World - Wilshire,-0.1222476222158914,,Gold,-0.1012336159617699,,
2011-04-01,ElasticNetCV,SELL,-0.0110635260528194,True,BETA,2y yield,0.2054891712838079,0.2054891712838079,2y yield,0.2054891712838079,,Local - Wilshire,-0.1167256800230527,,Gold,-0.09911220910218,,
2011-07-21,ElasticNetCV,BUY,0.0075351213282248,True,BETA,2y yield,0.2050151071246557,0.2050151071246557,2y yield,0.2050151071246557,,MSCI World - Wilshire,-0.1137688170840365,,Gold,-0.0850804657001015,,
2011-09-06,ElasticNetCV,SELL,-0.0155807365439092,True,BETA,2y yield,0.1468227761142161,0.1468227761142161,2y yield,0.1468227761142161,,Gold,-0.0773728162266272,,MSCI World - Dow Jones,-0.019988983074697,,
2011-09-09,ElasticNetCV,SELL,-0.012884937508053,True,BETA,2y yield,0.1467608739692549,0.1467608739692549,2y yield,0.1467608739692549,,Gold,-0.0698770562983258,,MSCI World - Dow Jones,-0.0191226678169133,,
2011-10-31,ElasticNetCV,SELL,-0.014071894588717,True,BETA,2y yield,0.1383500713507012,0.1383500713507012,2y yield,0.1383500713507012,,Gold,-0.0461881576655975,,,,,
2012-07-17,ElasticNetCV,SELL,-0.0118897040222615,True,BETA,Gold,-0.0597092372543842,0.0597092372543842,Gold,-0.0597092372543842,,5y yield,0.0,,,,,
2012-08-16,ElasticNetCV,SELL,-0.0090737240075614,True,BETA,Gold,-0.0366636306943033,0.0366636306943033,2y yield,0.0089849030522013,,Gold,-0.0366636306943033,,,,,
2012-10-29,ElasticNetCV,SELL,-0.0037593984962405,True,BETA,5y yield,0.1589423436417748,0.1589423436417748,5y yield,0.1589423436417748,,MSCI EM,0.0719422139909894,,Gold,-0.0869127479117592,,
2013-03-28,ElasticNetCV,BUY,0.0587360594795538,True,BETA,5y yield,0.2553634376308333,0.2553634376308333,5y yield,0.2553634376308333,,MSCI EM,0.1060360403661336,,Gold,-0.1369733515945016,,
2013-04-01,ElasticNetCV,BUY,0.0379706103185668,True,BETA,5y yield,0.2508715512712844,0.2508715512712844,5y yield,0.2508715512712844,,MSCI EM,0.1068576440048159,,Gold,-0.1338811781271022,,
2013-06-06,ElasticNetCV,BUY,0.0031968650097968,True,BETA,10y yield,0.2853686328888701,0.2853686328888701,10y yield,0.2853686328888701,,MSCI EM,0.074208022016879,,VIX Index,-0.0,,
2013-06-11,ElasticNetCV,BUY,0.0185358742059773,True,BETA,10y yield,0.2876647343389406,0.2876647343389406,10y yield,0.2876647343389406,,MSCI EM,0.0801446142489062,,VIX Index,-0.0225308644310981,,
2014-09-29,ElasticNetCV,SELL,-0.0241095890410959,True,BETA,5y yield,0.1319737707578443,0.1319737707578443,5y yield,0.1319737707578443,,Gold,-0.0840673552079543,,Local - Dow Jones,-0.1217288931387604,,
2015-01-27,ElasticNetCV,BUY,0.0132349198269279,True,BETA,5y yield,0.1672297304404247,0.1672297304404247,5y yield,0.1672297304404247,,Local - Wilshire,-0.163560196548637,,Gold,-0.1437093453323823,,
2015-02-02,ElasticNetCV,BUY,0.0077400697456835,True,BETA,Local - Wilshire,-0.1624697222669495,0.1624697222669495,5y yield,0.1624620585351217,,Local - Wilshire,-0.1624697222669495,,Gold,-0.1405003354261341,,
2015-02-12,ElasticNetCV,BUY,0.002518680211569,True,BETA,5y yield,0.1692708948885141,0.1692708948885141,5y yield,0.1692708948885141,,Local - Wilshire,-0.150837597797069,,Gold,-0.1409211817693357,,
2015-07-07,ElasticNetCV,BUY,0.0110168108372776,True,BETA,Gold,-0.1691838324771519,0.1691838324771519,Gold,-0.1691838324771519,,5y yield,0.1635140000008554,,MSCI World - Wilshire,-0.1415882366873442,,
2015-08-24,ElasticNetCV,BUY,0.0073473524195593,True,BETA,2y yield,0.1526422821468929,0.1526422821468929,2y yield,0.1526422821468929,,Local - Wilshire,-0.1141498020815285,,Gold,-0.1302385531749879,,
2015-08-26,ElasticNetCV,BUY,0.0048365577051368,True,BETA,2y yield,0.1538156557649962,0.1538156557649962,2y yield,0.1538156557649962,,Gold,-0.1219197600891627,,Local - Wilshire,-0.1424348475723639,,
2015-09-01,ElasticNetCV,BUY,0.0087961799447096,True,BETA,2y yield,0.1537539875119949,0.1537539875119949,2y yield,0.1537539875119949,,Local - Wilshire,-0.1448491634778607,,Gold,-0.1184747090119472,,
2015-09-04,ElasticNetCV,BUY,0.0083200268930163,True,BETA,Local - Wilshire,-0.1616700383283486,0.1616700383283486,Local - Wilshire,-0.1616700383283486,,5y yield,0.1354320883417782,,Gold,-0.1278997628930025,,
2016-01-22,ElasticNetCV,SELL,-0.0160801481730931,True,BETA,2y yield,0.1577256533257951,0.1577256533257951,2y yield,0.1577256533257951,,Gold,-0.1284392647177032,,Local - Wilshire,-0.1539723740989949,,
2016-01-27,ElasticNetCV,SELL,-0.0449106841927874,True,BETA,Local - Wilshire,-0.1559483175124509,0.1559483175124509,2y yield,0.1534755855363902,,Local - Wilshire,-0.1559483175124509,,Gold,-0.1223610964100967,,
2016-03-17,ElasticNetCV,BUY,0.0105934105395457,True,BETA,Local - S&P500,-0.1898345225597005,0.1898345225597005,Local - S&P500,-0.1898345225597005,,5y yield,0.1154917380491332,,Gold,-0.1482986276563087,,
2016-07-18,ElasticNetCV,SELL,-0.0355124340617934,True,BETA,Local - Dow Jones,-0.2282608894623497,0.2282608894623497,5y yield,0.1552596162269697,,Local - Dow Jones,-0.2282608894623497,,Gold,-0.226193962555052,,
2017-02-21,ElasticNetCV,BUY,0.0026389866291343,True,BETA,Gold,-0.3549733385863675,0.3549733385863675,Gold,-0.3549733385863675,,5y yield,0.3177077567718183,,Local - Dow Jones,-0.1209183630074515,,
2017-05-15,ElasticNetCV,SELL,-0.022146058528869,True,BETA,Gold,-0.3878246189985765,0.3878246189985765,Gold,-0.3878246189985765,,10y yield,0.29651318465952,,Local - Dow Jones,-0.1296395350790807,,
2017-12-06,ElasticNetCV,BUY,0.009885118888592,True,BETA,Gold,-0.2221048864533877,0.2221048864533877,Gold,-0.2221048864533877,,5y yield,0.2170219508898637,,Local - Dow Jones,-0.0964579322585403,,
2018-07-10,ElasticNetCV,BUY,0.0018018018018017,True,BETA,Gold,-0.1802832743181309,0.1802832743181309,Gold,-0.1802832743181309,,5y yield,0.1228281701116814,,MSCI World - Dow Jones,-0.0418905030121387,,
2018-08-15,ElasticNetCV,BUY,0.0084883510926494,True,BETA,Gold,-0.1721836355481346,0.1721836355481346,Gold,-0.1721836355481346,,5y yield,0.1073443985313748,,MSCI World - Dow Jones,-0.0484408765862389,,
2018-09-28,ElasticNetCV,SELL,-0.0131046613896218,True,BETA,Gold,-0.1450612166222774,0.1450612166222774,Gold,-0.1450612166222774,,5y yield,0.1117426324899509,,MSCI World - Dow Jones,-0.0415354385920415,,
2019-01-03,ElasticNetCV,BUY,0.0146731054977711,True,BETA,5y yield,0.1348137398723849,0.1348137398723849,5y yield,0.1348137398723849,,Gold,-0.1263714988831007,,JPMVG71M Index,-0.0341655371887455,,
2019-01-09,ElasticNetCV,BUY,0.0132199315891652,True,BETA,5y yield,0.1323280254935384,0.1323280254935384,5y yield,0.1323280254935384,,Gold,-0.124587919322289,,MSCI World - Dow Jones,-0.0366546734228968,,
2020-01-09,ElasticNetCV,SELL,-0.0002739225712198,True,BETA,Gold,-0.1238107326545163,0.1238107326545163,Local - Dow Jones,-0.0943590463166297,,Real 2y yield,0.0616192055145458,,Gold,-0.1238107326545163,,
2020-02-20,ElasticNetCV,SELL,-0.0529884032114184,True,BETA,Local - Dow Jones,-0.1448506678898415,0.1448506678898415,Local - Dow Jones,-0.1448506678898415,,Real 2y yield,0.0751237453762735,,Gold,-0.136358306617636,,
2020-03-06,ElasticNetCV,BUY,0.0525666571781004,True,BETA,Local - Dow Jones,-0.1552890304215791,0.1552890304215791,Real 2y yield,0.0850000755087922,,Local - Dow Jones,-0.1552890304215791,,Gold,-0.105933001103036,,
2020-03-19,ElasticNetCV,SELL,-0.0252913015987715,True,BETA,Local - Wilshire,-0.2324001309806819,0.2324001309806819,Real 2y yield,0.1363136474345924,,Local - Wilshire,-0.2324001309806819,,Oil,0.0315449267988927,,
2020-07-27,ElasticNetCV,BUY,0.0055993166935559,True,BETA,2y yield,0.1892703300311043,0.1892703300311043,2y yield,0.1892703300311043,,Local - Wilshire,-0.1325647587528843,,Oil,0.0886987240099285,,
2021-10-26,ElasticNetCV,SELL,-0.0112999299229151,True,BETA,5y yield,0.097913919088905,0.097913919088905,Gold,-0.0906270051226953,,5y yield,0.097913919088905,,MSCI World - Dow Jones,-0.0181464297088835,,
2022-04-28,ElasticNetCV,SELL,-0.0191822697745509,True,BETA,10y yield,0.1473247824379967,0.1473247824379967,10y yield,0.1473247824379967,,Gold,-0.0923108300733477,,Local - Dow Jones,-0.0251257605450978,,
2022-06-07,ElasticNetCV,BUY,0.0300173467078963,True,BETA,10y yield,0.1614734133225953,0.1614734133225953,10y yield,0.1614734133225953,,Gold,-0.0779581936481411,,Local - Dow Jones,-0.0356155429231818,,
2022-06-13,ElasticNetCV,BUY,0.0077369439071568,True,BETA,10y yield,0.1623129949176563,0.1623129949176563,10y yield,0.1623129949176563,,Gold,-0.0752597399323343,,Local - Dow Jones,-0.0374814300884166,,
2022-06-15,ElasticNetCV,BUY,0.0205469216975493,True,BETA,10y yield,0.159200749705242,0.159200749705242,10y yield,0.159200749705242,,Gold,-0.0668803938899724,,Local - Dow Jones,-0.0441577239906561,,
2022-07-29,ElasticNetCV,BUY,0.0011255346289484,True,BETA,10y yield,0.1758041666448571,0.1758041666448571,10y yield,0.1758041666448571,,Gold,-0.0818520927164501,,MSCI World - Wilshire,-0.0624166424162838,,
2022-08-10,ElasticNetCV,BUY,0.0318308375348033,True,BETA,10y yield,0.1855554799590915,0.1855554799590915,10y yield,0.1855554799590915,,Gold,-0.0830835641386082,,MSCI World - S&P500,-0.0732467511305142,,
2023-02-24,ElasticNetCV,SELL,-0.0106242672919107,True,BETA,Gold,-0.2800950536210818,0.2800950536210818,Gold,-0.2800950536210818,,10y yield,0.1895644799838388,,MSCI World ex-US,-0.0865113089282652,,
2023-07-11,ElasticNetCV,BUY,0.0038472499287545,True,BETA,Gold,-0.3347335550685723,0.3347335550685723,Gold,-0.3347335550685723,,2y yield,0.1790135225745168,,MSCI World ex-US,-0.1466288429850657,,
2023-07-27,ElasticNetCV,BUY,0.0377831947232578,True,BETA,Gold,-0.3587181100912046,0.3587181100912046,Gold,-0.3587181100912046,,2y yield,0.1536498731973608,,MSCI World ex-US,-0.119443011938983,,
2023-09-29,ElasticNetCV,BUY,0.0013389569525339,True,BETA,Gold,-0.3638247428621833,0.3638247428621833,Gold,-0.3638247428621833,,2y yield,0.1903420984710445,,MSCI World ex-US,-0.1223386391846298,,
2023-10-31,ElasticNetCV,SELL,-0.0086366033755274,True,BETA,Gold,-0.1623915481240183,0.1623915481240183,Gold,-0.1623915481240183,,2y yield,0.1276128267395213,,MSCI World ex-US,-0.0205256191588552,,
2023-12-21,ElasticNetCV,BUY,0.0176611314382211,True,BETA,2y yield,0.1428496851956551,0.1428496851956551,Gold,-0.125863503935107,,2y yield,0.1428496851956551,,MSCI World ex-US,-0.0067125613130147,,
2024-04-26,ElasticNetCV,SELL,-0.0161056022232047,True,BETA,2y yield,0.2661518006340682,0.2661518006340682,2y yield,0.2661518006340682,,Gold,-0.109596999981431,,MSCI World ex-US,-0.0820103288416548,,
2024-06-27,ElasticNetCV,SELL,-0.0119432694700173,True,BETA,2y yield,0.2565636074867919,0.2565636074867919,2y yield,0.2565636074867919,,MSCI World ex-US,-0.0778129060534302,,Gold,-0.0786478328665074,,
2024-07-01,ElasticNetCV,SELL,-0.0210578471448037,True,BETA,2y yield,0.2534491101377991,0.2534491101377991,2y yield,0.2534491101377991,,MSCI World ex-US,-0.0794236693093764,,Gold,-0.0775177807088151,,
2025-03-11,ElasticNetCV,BUY,0.0144133170929761,True,BETA,5y yield,0.3305901646990159,0.3305901646990159,5y yield,0.3305901646990159,,Asia EMFX,0.1616170640827948,,MSCI World - S&P500,-0.1095228634950154,,
2026-01-27,ElasticNetCV,BUY,0.0143223178503382,True,BETA,2y yield,0.3195432173472578,0.3195432173472578,2y yield,0.3195432173472578,,MSCI World - S&P500,-0.160435385066623,,Asia EMFX,0.2159095645333016,,
2001-12-18,XGBRegressor,BUY,0.0297223308564724,True,SHAP,Gold,-0.2947666645050049,0.2947666645050049,Gold,,-0.2947666645050049,,,,,,,
2002-03-07,XGBRegressor,BUY,0.0417058639071807,True,SHAP,FN1 Comdty,-0.4843388795852661,0.4843388795852661,MSCI World - Wilshire,,-0.2192832678556442,FN1 Comdty,,-0.4843388795852661,,,,
2002-03-12,XGBRegressor,BUY,0.0278983261004339,True,SHAP,FN1 Comdty,-0.5483918786048889,0.5483918786048889,MSCI World - Wilshire,,0.3688315749168396,FN1 Comdty,,-0.5483918786048889,,,,
2002-06-04,XGBRegressor,BUY,0.0016110842597067,True,SHAP,MSCI World - Wilshire,0.1545581519603729,0.1545581519603729,MSCI World - Wilshire,,0.1545581519603729,Asia EMFX,,-0.1530351191759109,Gold,,0.0192358996719121,
2002-11-26,XGBRegressor,BUY,0.0178453947368422,True,SHAP,Asia EMFX,0.181011363863945,0.181011363863945,MSCI World - S&P500,,-0.0667872726917266,Asia EMFX,,0.181011363863945,MOVE Index,,0.0231689158827066,
2002-12-30,XGBRegressor,BUY,0.0039655754303071,True,SHAP,Asia EMFX,0.0956299677491188,0.0956299677491188,MSCI World - S&P500,,-0.0917823612689971,Asia EMFX,,0.0956299677491188,MOVE Index,,0.0054774610325694,
2003-03-07,XGBRegressor,BUY,0.0391085304414653,True,SHAP,Gold,0.2165377885103225,0.2165377885103225,2y yield,,0.0732592046260833,Gold,,0.2165377885103225,Asia EMFX,,0.0968155264854431,
2003-05-28,XGBRegressor,SELL,-0.0066621689998312,True,SHAP,2y yield,-0.0783723071217536,0.0783723071217536,2y yield,,-0.0783723071217536,Local Index,,-0.0044880704954266,Gold,,0.0653943195939064,
2003-06-06,XGBRegressor,SELL,-0.0026125063205798,True,SHAP,Gold,-0.052866343408823,0.052866343408823,2y yield,,-0.0390402786433696,Local Index,,-0.0016849477542564,Gold,,-0.052866343408823,
2004-01-20,XGBRegressor,SELL,-0.0145712684475994,True,SHAP,Gold,-0.4478757679462433,0.4478757679462433,MSCI World - Dow Jones,,-0.1667240560054779,Gold,,-0.4478757679462433,2y yield,,-0.1151719540357589,
2004-06-29,XGBRegressor,BUY,0.0040654162431856,True,SHAP,Gold,0.2575748264789581,0.2575748264789581,MSCI World ex-US,,0.2038794457912445,Gold,,0.2575748264789581,Asia EMFX,,0.0439201742410659,
2004-09-27,XGBRegressor,SELL,-0.0173420792524037,True,SHAP,MSCI World ex-US,0.2899024188518524,0.2899024188518524,Gold,,-0.0280385967344045,MSCI World ex-US,,0.2899024188518524,5y yield,,-0.0469795875251293,
2004-10-01,XGBRegressor,SELL,-0.010946263795911,True,SHAP,MSCI World ex-US,-0.374685138463974,0.374685138463974,Gold,,-0.0435427315533161,MSCI World ex-US,,-0.374685138463974,5y yield,,0.0204009916633367,
2004-11-24,XGBRegressor,BUY,0.0114785992217898,True,SHAP,MSCI World ex-US,-0.1463155150413513,0.1463155150413513,Gold,,-0.1059355810284614,MSCI World ex-US,,-0.1463155150413513,5y yield,,-0.0036300371866673,
2005-01-14,XGBRegressor,BUY,0.0120529152376287,True,SHAP,Gold,0.0400739945471286,0.0400739945471286,Gold,,0.0400739945471286,MSCI World ex-US,,0.0355386473238468,5y yield,,0.034881729632616,
2005-02-10,XGBRegressor,SELL,-0.0043457723193197,True,SHAP,Gold,-0.4044797420501709,0.4044797420501709,Gold,,-0.4044797420501709,MSCI World ex-US,,-0.2225696742534637,5y yield,,0.0969598293304443,
2005-02-16,XGBRegressor,SELL,-0.0063555302599127,True,SHAP,Gold,0.1305316686630249,0.1305316686630249,Gold,,0.1305316686630249,MSCI World ex-US,,0.008998098783195,5y yield,,0.0646794438362121,
2005-12-14,XGBRegressor,BUY,0.0045148649799813,True,SHAP,Gold,0.3363234996795654,0.3363234996795654,MSCI World ex-US,,-0.1202338561415672,Gold,,0.3363234996795654,Asia EMFX,,-0.0858610868453979,
2006-10-16,XGBRegressor,SELL,-0.0130208333333334,True,SHAP,2y yield,-0.3441864252090454,0.3441864252090454,2y yield,,-0.3441864252090454,MSCI World ex-US,,-0.1738580763339996,Asia EMFX,,0.0625893846154213,
2007-03-13,XGBRegressor,BUY,0.013157894736842,True,SHAP,2y yield,-0.4632413387298584,0.4632413387298584,2y yield,,-0.4632413387298584,MSCI World - S&P500,,-0.0123826581984758,Asia EMFX,,-0.0226792618632316,
2007-06-21,XGBRegressor,SELL,-0.0062237310054962,True,SHAP,2y yield,-0.0588293746113777,0.0588293746113777,2y yield,,-0.0588293746113777,MSCI World - S&P500,,0.0402368232607841,Asia EMFX,,0.0320480577647686,
2008-05-02,XGBRegressor,SELL,-0.0128083491461101,True,SHAP,Real 2y yield,0.1570820659399032,0.1570820659399032,Local - Wilshire,,-0.0047256341204047,Real 2y yield,,0.1570820659399032,Copper LME,,0.077240489423275,
2008-05-07,XGBRegressor,SELL,-0.0159457653012508,True,SHAP,Local - Wilshire,-0.50959312915802,0.50959312915802,Local - Wilshire,,-0.50959312915802,Real 2y yield,,-0.1916889697313308,Copper LME,,-0.0910581052303314,
2008-07-07,XGBRegressor,SELL,-0.0068109721963053,True,SHAP,Local - S&P500,-0.4879290163516998,0.4879290163516998,Local - S&P500,,-0.4879290163516998,Real 2y yield,,-0.285412073135376,Copper LME,,-0.081089437007904,
2008-10-27,XGBRegressor,BUY,0.0563699073076093,True,SHAP,Real 2y yield,0.3321687579154968,0.3321687579154968,Real 2y yield,,0.3321687579154968,Local - Wilshire,,-0.1801452785730362,Gold,,0.0927518755197525,
2009-08-07,XGBRegressor,SELL,-0.032694475760992,True,SHAP,2y yield,0.3633041083812713,0.3633041083812713,2y yield,,0.3633041083812713,Local - Dow Jones,,0.1622579097747802,BCOM Index,,-0.0025990665890276,
2010-06-02,XGBRegressor,SELL,-0.0074894171279713,True,SHAP,10y yield,0.357992559671402,0.357992559671402,10y yield,,0.357992559671402,Oil,,-0.0348123125731945,Local - Wilshire,,0.0011626593768596,
2010-09-09,XGBRegressor,BUY,0.0071616137502983,True,SHAP,5y yield,1.0907878875732422,1.0907878875732422,5y yield,,1.0907878875732422,Oil,,0.0710898041725158,Local - Wilshire,,0.0559071600437164,
2010-09-13,XGBRegressor,BUY,0.0069286823557521,True,SHAP,2y yield,-0.2833618819713592,0.2833618819713592,2y yield,,-0.2833618819713592,Oil,,0.1023364290595054,Local - Wilshire,,0.0001538448268547,
2010-09-15,XGBRegressor,SELL,-0.0239067055393585,True,SHAP,5y yield,0.2757294476032257,0.2757294476032257,5y yield,,0.2757294476032257,Local - Wilshire,,0.052781194448471,Oil,,0.0910325124859809,
2010-12-28,XGBRegressor,BUY,0.0104394270453993,True,SHAP,2y yield,0.5952504873275757,0.5952504873275757,2y yield,,0.5952504873275757,Local - S&P500,,0.0150031046941876,Oil,,0.0310568436980247,
2011-03-17,XGBRegressor,BUY,0.0537457218912409,True,SHAP,2y yield,0.4239892065525055,0.4239892065525055,2y yield,,0.4239892065525055,Local - Wilshire,,0.1006843745708465,Gold,,-0.0349706038832664,
2011-04-01,XGBRegressor,SELL,-0.0110635260528194,True,SHAP,2y yield,-0.275772750377655,0.275772750377655,2y yield,,-0.275772750377655,Local - Wilshire,,0.0821616798639297,Gold,,0.0830379277467727,
2011-09-06,XGBRegressor,SELL,-0.0155807365439092,True,SHAP,Gold,0.1873611658811569,0.1873611658811569,2y yield,,-0.0215428937226533,Gold,,0.1873611658811569,MSCI World - Dow Jones,,0.0581267140805721,
2011-09-08,XGBRegressor,SELL,-0.0163849825828926,True,SHAP,MSCI World - Dow Jones,-0.2475326806306839,0.2475326806306839,2y yield,,-0.0934947207570076,Gold,,-0.2092369198799133,MSCI World - Dow Jones,,-0.2475326806306839,
2011-10-31,XGBRegressor,SELL,-0.014071894588717,True,SHAP,2y yield,-0.3066232204437256,0.3066232204437256,2y yield,,-0.3066232204437256,Gold,,0.2956674098968506,,,,
2011-11-14,XGBRegressor,BUY,0.0118074477747502,True,SHAP,2y yield,-0.0852262452244758,0.0852262452244758,2y yield,,-0.0852262452244758,Gold,,0.0496781691908836,,,,
2012-07-17,XGBRegressor,SELL,-0.0118897040222615,True,SHAP,5y yield,0.064651034772396,0.064651034772396,Gold,,0.0537277571856975,5y yield,,0.064651034772396,,,,
2013-03-28,XGBRegressor,BUY,0.0587360594795538,True,SHAP,5y yield,0.1422869861125946,0.1422869861125946,5y yield,,0.1422869861125946,MSCI EM,,0.0953601077198982,Gold,,0.0312707833945751,
2013-06-11,XGBRegressor,BUY,0.0185358742059773,True,SHAP,10y yield,-0.7194267511367798,0.7194267511367798,10y yield,,-0.7194267511367798,MSCI EM,,-0.1631932109594345,VIX Index,,0.0313844308257103,
2013-08-07,XGBRegressor,BUY,0.0140143257552165,True,SHAP,10y yield,-0.1533178836107254,0.1533178836107254,10y yield,,-0.1533178836107254,Local - Wilshire,,0.0239607691764831,Gold,,-0.0374799072742462,
2013-08-19,XGBRegressor,BUY,0.0182470527934393,True,SHAP,10y yield,0.4835273027420044,0.4835273027420044,10y yield,,0.4835273027420044,Local - Wilshire,,0.177875742316246,Gold,,0.2955696582794189,
2015-01-27,XGBRegressor,BUY,0.0132349198269279,True,SHAP,Local - Wilshire,-0.2405640184879303,0.2405640184879303,5y yield,,-0.0998619198799133,Local - Wilshire,,-0.2405640184879303,Gold,,-0.2010277360677719,
2015-02-12,XGBRegressor,BUY,0.002518680211569,True,SHAP,Local - Wilshire,0.1312575787305832,0.1312575787305832,5y yield,,-0.0136251579970121,Local - Wilshire,,0.1312575787305832,Gold,,-0.0751401707530021,
2015-04-20,XGBRegressor,BUY,0.0079711360966603,True,SHAP,Gold,0.1646706163883209,0.1646706163883209,5y yield,,-0.0858187526464462,Gold,,0.1646706163883209,Local - Wilshire,,0.0918895602226257,
2015-05-29,XGBRegressor,SELL,-0.0061216270640355,True,SHAP,5y yield,-0.1148610636591911,0.1148610636591911,5y yield,,-0.1148610636591911,Gold,,-0.0757232084870338,MSCI World - Wilshire,,0.0417402572929859,
2015-07-08,XGBRegressor,BUY,0.0270068759837627,True,SHAP,5y yield,-0.3081882297992706,0.3081882297992706,Gold,,-0.0798053592443466,5y yield,,-0.3081882297992706,MSCI World - Wilshire,,-0.2698846161365509,
2015-08-24,XGBRegressor,BUY,0.0073473524195593,True,SHAP,Local - Wilshire,-0.3362489938735962,0.3362489938735962,2y yield,,-0.2213174402713775,Local - Wilshire,,-0.3362489938735962,Gold,,0.1154345646500587,
2016-01-29,XGBRegressor,SELL,-0.0651312530955918,True,SHAP,Local - Wilshire,0.2639217972755432,0.2639217972755432,2y yield,,-0.005231964867562,Local - Wilshire,,0.2639217972755432,Gold,,-0.025168927386403,
2016-03-17,XGBRegressor,BUY,0.0105934105395457,True,SHAP,5y yield,-0.1245401874184608,0.1245401874184608,Local - S&P500,,0.0995931848883628,5y yield,,-0.1245401874184608,Gold,,0.0493726953864097,
2016-06-23,XGBRegressor,SELL,-0.0507724189902034,True,SHAP,Local - Dow Jones,0.2758737504482269,0.2758737504482269,5y yield,,0.013483203947544,Local - Dow Jones,,0.2758737504482269,Gold,,0.0449878014624118,
2016-07-18,XGBRegressor,SELL,-0.0355124340617934,True,SHAP,Local - Dow Jones,0.1196134537458419,0.1196134537458419,5y yield,,0.0553599298000335,Local - Dow Jones,,0.1196134537458419,Gold,,0.0728864520788192,
2016-10-05,XGBRegressor,SELL,-0.0005797101449275,True,SHAP,5y yield,-0.0644295215606689,0.0644295215606689,5y yield,,-0.0644295215606689,Gold,,0.0075537664815783,Local - Dow Jones,,0.053339947015047,
2017-02-21,XGBRegressor,BUY,0.0026389866291343,True,SHAP,5y yield,0.0750873014330864,0.0750873014330864,Gold,,0.015314538963139,5y yield,,0.0750873014330864,Local - Dow Jones,,0.0552763193845748,
2017-05-15,XGBRegressor,SELL,-0.022146058528869,True,SHAP,Local - Dow Jones,0.1220021024346351,0.1220021024346351,Gold,,0.0435462817549705,10y yield,,0.044477678835392,Local - Dow Jones,,0.1220021024346351,
2017-08-08,XGBRegressor,SELL,-0.0067984046410441,True,SHAP,Gold,-0.1512173563241958,0.1512173563241958,Gold,,-0.1512173563241958,5y yield,,0.0129588479176163,MSCI World - Wilshire,,-0.0178624372929334,
2018-03-01,XGBRegressor,BUY,0.0009412650602409,True,SHAP,5y yield,-0.2593555748462677,0.2593555748462677,Gold,,0.0838293507695198,5y yield,,-0.2593555748462677,MSCI World - Wilshire,,0.0207570325583219,
2018-07-10,XGBRegressor,BUY,0.0018018018018017,True,SHAP,MSCI World - Dow Jones,0.0618709810078144,0.0618709810078144,Gold,,-0.0331782847642898,5y yield,,-0.0212685465812683,MSCI World - Dow Jones,,0.0618709810078144,
2018-10-01,XGBRegressor,SELL,-0.018959009918371,True,SHAP,MSCI World - Dow Jones,0.1117300018668174,0.1117300018668174,Gold,,-0.0277772918343544,5y yield,,0.0469098128378391,MSCI World - Dow Jones,,0.1117300018668174,
2018-12-03,XGBRegressor,SELL,-0.0073024810839344,True,SHAP,Gold,-0.2911025285720825,0.2911025285720825,5y yield,,0.075282484292984,Gold,,-0.2911025285720825,MSCI World - Dow Jones,,-0.0202731192111969,
2018-12-10,XGBRegressor,SELL,-0.0254125121327097,True,SHAP,Gold,0.1363531947135925,0.1363531947135925,5y yield,,0.107007011771202,Gold,,0.1363531947135925,MSCI World - Dow Jones,,0.0896944105625152,
2018-12-13,XGBRegressor,SELL,-0.0230572912083075,True,SHAP,5y yield,-0.2144447267055511,0.2144447267055511,5y yield,,-0.2144447267055511,Gold,,0.1079010590910911,MSCI World - Dow Jones,,0.0513643659651279,
2019-05-08,XGBRegressor,BUY,0.0023614895549501,True,SHAP,5y yield,0.1076831147074699,0.1076831147074699,5y yield,,0.1076831147074699,Local - Dow Jones,,0.0207670889794826,Gold,,0.0756796821951866,
2019-09-11,XGBRegressor,SELL,-0.0004637358560564,True,SHAP,Gold,-0.1229715570807457,0.1229715570807457,5y yield,,-0.0558344013988971,Gold,,-0.1229715570807457,Local - Dow Jones,,0.0603213831782341,
2019-09-16,XGBRegressor,SELL,-0.0003699593044765,True,SHAP,Gold,-0.1643118262290954,0.1643118262290954,Real 2y yield,,-0.0661315768957138,Gold,,-0.1643118262290954,Local - Dow Jones,,-0.106496974825859,
2019-12-02,XGBRegressor,BUY,0.0052303174894474,True,SHAP,Local - Dow Jones,-0.1675852984189987,0.1675852984189987,Local - Dow Jones,,-0.1675852984189987,Real 2y yield,,0.1339966356754303,Gold,,0.1087769567966461,
2020-02-20,XGBRegressor,SELL,-0.0529884032114184,True,SHAP,Real 2y yield,-0.0439904928207397,0.0439904928207397,Local - Dow Jones,,-0.0220279507339,Real 2y yield,,-0.0439904928207397,Gold,,-0.0353442542254924,
2020-03-06,XGBRegressor,BUY,0.0525666571781004,True,SHAP,Local - Dow Jones,-0.2231128364801406,0.2231128364801406,Real 2y yield,,-0.0260061770677566,Local - Dow Jones,,-0.2231128364801406,Gold,,-0.0229172371327877,
2020-03-11,XGBRegressor,BUY,0.0638033288693322,True,SHAP,Local - Wilshire,-0.1987625062465667,0.1987625062465667,Local - Wilshire,,-0.1987625062465667,Real 2y yield,,-0.0510030947625637,Gold,,0.1733407974243164,
2020-03-19,XGBRegressor,SELL,-0.0252913015987715,True,SHAP,Local - Wilshire,0.1527416855096817,0.1527416855096817,Real 2y yield,,-0.1393083482980728,Local - Wilshire,,0.1527416855096817,Oil,,-0.0257292538881301,
2020-11-09,XGBRegressor,SELL,-0.0081609413550958,True,SHAP,2y yield,0.1060279160737991,0.1060279160737991,2y yield,,0.1060279160737991,Local - Dow Jones,,0.0240981597453355,Oil,,0.0904889926314354,
2020-11-11,XGBRegressor,SELL,-0.0092004173385186,True,SHAP,2y yield,0.0239024963229894,0.0239024963229894,2y yield,,0.0239024963229894,Local - Dow Jones,,0.000865573529154,Oil,,-0.0082033807411789,
2021-07-27,XGBRegressor,BUY,0.0071962106030241,True,SHAP,5y yield,-0.1332544535398483,0.1332544535398483,Gold,,0.0252692811191082,5y yield,,-0.1332544535398483,MSCI World - Dow Jones,,0.0071763321757316,
2021-07-29,XGBRegressor,BUY,0.0084947022287173,True,SHAP,Gold,-0.1323597878217697,0.1323597878217697,Gold,,-0.1323597878217697,5y yield,,0.0878916084766388,MSCI World - Dow Jones,,-0.0166733413934707,
2021-08-13,XGBRegressor,BUY,0.0022812300392371,True,SHAP,5y yield,-0.1976008713245391,0.1976008713245391,Gold,,-0.1763772070407867,5y yield,,-0.1976008713245391,MSCI World - Dow Jones,,-0.0245076995342969,
2021-10-26,XGBRegressor,SELL,-0.0112999299229151,True,SHAP,Gold,0.1279055774211883,0.1279055774211883,Gold,,0.1279055774211883,5y yield,,-0.0157023649662733,MSCI World - Dow Jones,,-0.0153393074870109,
2022-01-13,XGBRegressor,BUY,0.0102451838879158,True,SHAP,10y yield,-0.1569371521472931,0.1569371521472931,Gold,,0.0544859245419502,10y yield,,-0.1569371521472931,MSCI World - Dow Jones,,0.0426635593175888,
2022-04-28,XGBRegressor,SELL,-0.0191822697745509,True,SHAP,Gold,-0.0651559308171272,0.0651559308171272,10y yield,,0.0626362264156341,Gold,,-0.0651559308171272,Local - Dow Jones,,0.0484514944255352,
2022-06-07,XGBRegressor,BUY,0.0300173467078963,True,SHAP,10y yield,-0.2131489813327789,0.2131489813327789,10y yield,,-0.2131489813327789,Gold,,-0.0792002454400062,Local - Dow Jones,,0.033337727189064,
2022-06-15,XGBRegressor,BUY,0.0205469216975493,True,SHAP,10y yield,-1.0624232292175293,1.0624232292175293,10y yield,,-1.0624232292175293,Gold,,-0.1293166875839233,Local - Dow Jones,,0.0631461888551712,
2022-08-31,XGBRegressor,BUY,0.0296488198042601,True,SHAP,10y yield,0.3108884692192077,0.3108884692192077,10y yield,,0.3108884692192077,Gold,,0.1784659475088119,MSCI World - S&P500,,-0.0278366208076477,
2022-09-22,XGBRegressor,BUY,0.0193131540136246,True,SHAP,10y yield,0.2487680315971374,0.2487680315971374,10y yield,,0.2487680315971374,Gold,,-0.0053363926708698,MSCI World - Wilshire,,-0.0433292090892791,
2023-07-10,XGBRegressor,BUY,0.0012030288019246,True,SHAP,Gold,0.1278122663497924,0.1278122663497924,Gold,,0.1278122663497924,2y yield,,-0.0814464688301086,MSCI World ex-US,,0.0583514273166656,
2023-08-03,XGBRegressor,BUY,0.0228643568522934,True,SHAP,Gold,0.1345337033271789,0.1345337033271789,Gold,,0.1345337033271789,2y yield,,-0.0736232623457908,MSCI World ex-US,,0.0319235697388649,
2023-10-05,XGBRegressor,BUY,0.0086862837519361,True,SHAP,Gold,0.2083338648080825,0.2083338648080825,Gold,,0.2083338648080825,2y yield,,-0.1394593566656112,MSCI World ex-US,,-0.0341256372630596,
2023-10-31,XGBRegressor,SELL,-0.0086366033755274,True,SHAP,Gold,0.2141441404819488,0.2141441404819488,Gold,,0.2141441404819488,2y yield,,-0.046075589954853,MSCI World ex-US,,0.0045740478672087,
2023-12-21,XGBRegressor,BUY,0.0176611314382211,True,SHAP,Gold,-0.1780666261911392,0.1780666261911392,Gold,,-0.1780666261911392,2y yield,,0.108243778347969,MSCI World ex-US,,0.0106971906498074,
2023-12-28,XGBRegressor,BUY,0.0274379463970015,True,SHAP,Gold,0.192449614405632,0.192449614405632,Gold,,0.192449614405632,2y yield,,0.0818494707345962,MSCI World - Dow Jones,,0.0132242329418659,
2024-04-26,XGBRegressor,SELL,-0.0161056022232047,True,SHAP,2y yield,0.0597419664263725,0.0597419664263725,2y yield,,0.0597419664263725,Gold,,-0.0257147513329982,MSCI World ex-US,,-0.0375373810529708,
2024-04-30,XGBRegressor,SELL,-0.0087452471482891,True,SHAP,2y yield,0.2372899651527404,0.2372899651527404,2y yield,,0.2372899651527404,Gold,,0.09593066573143,MSCI World ex-US,,0.05939382314682,
2024-07-01,XGBRegressor,SELL,-0.0210578471448037,True,SHAP,2y yield,0.0968962386250495,0.0968962386250495,2y yield,,0.0968962386250495,MSCI World ex-US,,-0.0401144921779632,Gold,,-0.0405931025743484,
2024-12-17,XGBRegressor,BUY,0.0243711716408183,True,SHAP,2y yield,-0.1669421344995498,0.1669421344995498,2y yield,,-0.1669421344995498,Asia EMFX,,0.0790684148669242,MSCI World - S&P500,,-0.063654787838459,
2025-05-08,XGBRegressor,SELL,-0.013021725721335,True,SHAP,2y yield,0.4323132634162903,0.4323132634162903,2y yield,,0.4323132634162903,MSCI World - S&P500,,0.0624627918004989,Asia EMFX,,0.1789652556180954,
2025-05-12,XGBRegressor,SELL,-0.0377879563518793,True,SHAP,2y yield,0.5199747681617737,0.5199747681617737,2y yield,,0.5199747681617737,MSCI World - S&P500,,0.4277485311031341,Asia EMFX,,0.195857360959053,
2025-07-15,XGBRegressor,SELL,-0.0028210639441159,True,SHAP,2y yield,0.3311131000518799,0.3311131000518799,2y yield,,0.3311131000518799,MSCI World - S&P500,,0.1265407055616378,Asia EMFX,,0.104204349219799,
2025-07-18,XGBRegressor,SELL,-0.009475169679457,True,SHAP,MSCI World - S&P500,-0.1037327423691749,0.1037327423691749,2y yield,,-0.0456922240555286,MSCI World - S&P500,,-0.1037327423691749,Asia EMFX,,-0.0894540175795555,
2025-09-16,XGBRegressor,BUY,0.0096941561987986,True,SHAP,2y yield,-0.0538129918277263,0.0538129918277263,2y yield,,-0.0538129918277263,MSCI World - S&P500,,-0.0349873453378677,Gold,,-0.0159192606806755,
2026-01-27,XGBRegressor,BUY,0.0143223178503382,True,SHAP,MSCI World - S&P500,-0.1095342263579368,0.1095342263579368,2y yield,,-0.0272036641836166,MSCI World - S&P500,,-0.1095342263579368,Asia EMFX,,0.0213119089603424,
2002-01-23,LGBMRegressor,SELL,-0.0065393475514601,True,SHAP,Gold,0.0135501645911071,0.0135501645911071,Gold,,0.0135501645911071,,,,,,,
2002-03-07,LGBMRegressor,BUY,0.0417058639071807,True,SHAP,MSCI World - Wilshire,-0.2730990600943431,0.2730990600943431,MSCI World - Wilshire,,-0.2730990600943431,FN1 Comdty,,-0.2079562334880393,,,,
2002-06-04,LGBMRegressor,BUY,0.0016110842597067,True,SHAP,MSCI World - Wilshire,0.1674974582521318,0.1674974582521318,MSCI World - Wilshire,,0.1674974582521318,Asia EMFX,,-0.1147047951146716,Gold,,0.0259878403421411,
2002-08-06,LGBMRegressor,SELL,-0.0163119980127515,True,SHAP,MSCI World - Dow Jones,0.1084180372359449,0.1084180372359449,Asia EMFX,,0.0857937551024764,MSCI World - Dow Jones,,0.1084180372359449,Gold,,-0.0118995262486345,
2002-08-08,LGBMRegressor,SELL,-0.0091743119266054,True,SHAP,Asia EMFX,-0.3624126540566357,0.3624126540566357,Asia EMFX,,-0.3624126540566357,MSCI World - Dow Jones,,0.0261646986661707,Gold,,-0.0548722965190789,
2002-11-26,LGBMRegressor,BUY,0.0178453947368422,True,SHAP,MSCI World - S&P500,-0.0884608034363326,0.0884608034363326,MSCI World - S&P500,,-0.0884608034363326,Asia EMFX,,0.057984376613945,MOVE Index,,-8.357473506447307e-05,
2002-12-30,LGBMRegressor,BUY,0.0039655754303071,True,SHAP,Asia EMFX,0.0467164038287787,0.0467164038287787,MSCI World - S&P500,,-0.0338635608306202,Asia EMFX,,0.0467164038287787,MOVE Index,,0.0,
2003-05-06,LGBMRegressor,SELL,-0.0078251254571743,True,SHAP,Gold,-0.1411169759012787,0.1411169759012787,2y yield,,-0.1340941201926832,Gold,,-0.1411169759012787,MSCI World - Dow Jones,,-0.1128765780799118,
2003-05-09,LGBMRegressor,SELL,-0.0041737649063032,True,SHAP,Gold,0.1387780087462451,0.1387780087462451,2y yield,,-0.0846661262364148,Gold,,0.1387780087462451,MSCI World - Dow Jones,,0.035302159575984,
2003-05-28,LGBMRegressor,SELL,-0.0066621689998312,True,SHAP,2y yield,-0.0956403045493709,0.0956403045493709,2y yield,,-0.0956403045493709,Local Index,,0.0,Gold,,0.0684401739581605,
2003-06-06,LGBMRegressor,SELL,-0.0026125063205798,True,SHAP,Gold,0.0612395459243644,0.0612395459243644,2y yield,,-0.0401515353122955,Local Index,,0.0,Gold,,0.0612395459243644,
2003-10-09,LGBMRegressor,BUY,0.003942060872754,True,SHAP,2y yield,0.0154751740646068,0.0154751740646068,MSCI World - Dow Jones,,0.0,2y yield,,0.0154751740646068,Gold,,0.0036079254288852,
2004-01-20,LGBMRegressor,SELL,-0.0145712684475994,True,SHAP,Gold,-0.2070253348330099,0.2070253348330099,MSCI World - Dow Jones,,-0.1812108360533193,Gold,,-0.2070253348330099,2y yield,,-0.1207749244526612,
2004-06-29,LGBMRegressor,BUY,0.0040654162431856,True,SHAP,Gold,0.4207800003596463,0.4207800003596463,MSCI World ex-US,,0.1752185754369126,Gold,,0.4207800003596463,Asia EMFX,,0.0752413765289323,
2004-09-28,LGBMRegressor,SELL,-0.0151732806608008,True,SHAP,MSCI World ex-US,-0.1280443677179441,0.1280443677179441,Gold,,-0.0419802095365881,MSCI World ex-US,,-0.1280443677179441,5y yield,,0.0226121148824126,
2004-10-04,LGBMRegressor,SELL,-0.0154982879798162,True,SHAP,MSCI World ex-US,-0.1827817652944807,0.1827817652944807,Gold,,0.1578254400140748,MSCI World ex-US,,-0.1827817652944807,5y yield,,-0.0657618011283825,
2004-11-24,LGBMRegressor,BUY,0.0114785992217898,True,SHAP,MSCI World ex-US,-0.1158132962522085,0.1158132962522085,Gold,,-0.0083272633520601,MSCI World ex-US,,-0.1158132962522085,5y yield,,0.0304913173685155,
2005-01-14,LGBMRegressor,BUY,0.0120529152376287,True,SHAP,MSCI World ex-US,0.0835460969243831,0.0835460969243831,Gold,,0.0752019276927551,MSCI World ex-US,,0.0835460969243831,5y yield,,0.0239345162981792,
2005-02-10,LGBMRegressor,SELL,-0.0043457723193197,True,SHAP,Gold,-0.398771848276199,0.398771848276199,Gold,,-0.398771848276199,MSCI World ex-US,,-0.2659998623096679,5y yield,,0.1000178698799399,
2005-02-16,LGBMRegressor,SELL,-0.0063555302599127,True,SHAP,MSCI World ex-US,0.1747744358920265,0.1747744358920265,Gold,,0.0048940362631839,MSCI World ex-US,,0.1747744358920265,5y yield,,0.1146918705583952,
2005-12-14,LGBMRegressor,BUY,0.0045148649799813,True,SHAP,Gold,0.1154416822085978,0.1154416822085978,MSCI World ex-US,,-0.0540786470006332,Gold,,0.1154416822085978,Asia EMFX,,-0.0031589108461185,
2006-10-31,LGBMRegressor,BUY,0.0055565053855359,True,SHAP,2y yield,-0.2438057728415092,0.2438057728415092,2y yield,,-0.2438057728415092,MSCI World ex-US,,0.0090854997152259,Asia EMFX,,0.0465188904916775,
2006-11-24,LGBMRegressor,BUY,0.0037100949094046,True,SHAP,MSCI World ex-US,0.0964857484656699,0.0964857484656699,2y yield,,0.0615955462335519,MSCI World ex-US,,0.0964857484656699,Asia EMFX,,0.0532811809875112,
2006-12-22,LGBMRegressor,SELL,-0.0020190123664508,True,SHAP,2y yield,0.2153842674767236,0.2153842674767236,2y yield,,0.2153842674767236,MSCI World ex-US,,-0.0160644494765371,Asia EMFX,,0.0432613849413499,
2007-03-13,LGBMRegressor,BUY,0.013157894736842,True,SHAP,2y yield,-0.4031531934442303,0.4031531934442303,2y yield,,-0.4031531934442303,MSCI World - S&P500,,-0.0510808924560819,Asia EMFX,,-0.0147344600029678,
2007-06-18,LGBMRegressor,SELL,-0.0101875808538163,True,SHAP,2y yield,-0.0427261280457255,0.0427261280457255,2y yield,,-0.0427261280457255,MSCI World - S&P500,,0.0055892390719852,Asia EMFX,,0.0,
2007-06-21,LGBMRegressor,SELL,-0.0062237310054962,True,SHAP,2y yield,-0.0270424109329672,0.0270424109329672,2y yield,,-0.0270424109329672,MSCI World - S&P500,,0.0,Asia EMFX,,0.0,
2007-08-16,LGBMRegressor,BUY,0.0172973922205637,True,SHAP,VIX Index,-0.2556876121180613,0.2556876121180613,2y yield,,-0.1601092805795275,Local - S&P500,,0.0054258794405653,VIX Index,,-0.2556876121180613,
2008-07-07,LGBMRegressor,SELL,-0.0068109721963053,True,SHAP,Local - S&P500,-0.3089292548235913,0.3089292548235913,Local - S&P500,,-0.3089292548235913,Real 2y yield,,-0.1685245200545516,Copper LME,,-0.0219144324118488,
2008-10-27,LGBMRegressor,BUY,0.0563699073076093,True,SHAP,Local - Wilshire,-0.4663945954816009,0.4663945954816009,Real 2y yield,,0.3365290309437627,Local - Wilshire,,-0.4663945954816009,Gold,,0.0889029642648212,
2009-08-07,LGBMRegressor,SELL,-0.032694475760992,True,SHAP,2y yield,0.2801060777173048,0.2801060777173048,2y yield,,0.2801060777173048,Local - Dow Jones,,0.1061803568156546,BCOM Index,,-0.0271710446985485,
2010-06-02,LGBMRegressor,SELL,-0.0074894171279713,True,SHAP,10y yield,0.4170702689878224,0.4170702689878224,10y yield,,0.4170702689878224,Oil,,-0.1202298136336982,Local - Wilshire,,-0.0187101142379003,
2010-09-15,LGBMRegressor,SELL,-0.0239067055393585,True,SHAP,5y yield,0.181385115598017,0.181385115598017,5y yield,,0.181385115598017,Local - Wilshire,,0.0110600081846106,Oil,,0.0464159590529222,
2010-12-31,LGBMRegressor,BUY,0.0215729783037474,True,SHAP,2y yield,-0.1902623913544921,0.1902623913544921,2y yield,,-0.1902623913544921,Local - Dow Jones,,0.0516403940709228,Oil,,0.0136052858290275,
2011-03-10,LGBMRegressor,SELL,-0.0242227042660883,True,SHAP,2y yield,-0.1891979884305304,0.1891979884305304,2y yield,,-0.1891979884305304,MSCI World - Wilshire,,0.0243708282698502,Gold,,0.0312069879793079,
2011-10-31,LGBMRegressor,SELL,-0.014071894588717,True,SHAP,2y yield,-0.0367597466871736,0.0367597466871736,2y yield,,-0.0367597466871736,Gold,,0.018527976541635,,,,
2012-07-17,LGBMRegressor,SELL,-0.0118897040222615,True,SHAP,Gold,0.079450943997364,0.079450943997364,Gold,,0.079450943997364,5y yield,,0.0484297319298422,,,,
2013-03-28,LGBMRegressor,BUY,0.0587360594795538,True,SHAP,5y yield,0.1684454956725549,0.1684454956725549,5y yield,,0.1684454956725549,MSCI EM,,0.0795997272673781,Gold,,0.0396971399328132,
2013-06-11,LGBMRegressor,BUY,0.0185358742059773,True,SHAP,10y yield,-0.351211779184319,0.351211779184319,10y yield,,-0.351211779184319,MSCI EM,,-0.1556525022263281,VIX Index,,0.0244306823343321,
2013-08-07,LGBMRegressor,BUY,0.0140143257552165,True,SHAP,10y yield,-0.1413963696726525,0.1413963696726525,10y yield,,-0.1413963696726525,Local - Wilshire,,-0.0096805030085572,Gold,,-0.0462130574789667,
2013-08-09,LGBMRegressor,BUY,0.0260887641617295,True,SHAP,10y yield,-0.1242498006613356,0.1242498006613356,10y yield,,-0.1242498006613356,Local - Wilshire,,0.000259627399764,Gold,,0.0036241818730795,
2013-08-19,LGBMRegressor,BUY,0.0182470527934393,True,SHAP,10y yield,0.4388443943566049,0.4388443943566049,10y yield,,0.4388443943566049,Local - Wilshire,,0.0680207237408826,Gold,,0.2276111970847682,
2014-05-08,LGBMRegressor,BUY,0.0007869368483179,True,SHAP,Gold,0.0612403313045378,0.0612403313045378,10y yield,,0.00225779304061,Local - S&P500,,0.0208980243509062,Gold,,0.0612403313045378,
2015-01-27,LGBMRegressor,BUY,0.0132349198269279,True,SHAP,Local - Wilshire,-0.2368705990074604,0.2368705990074604,5y yield,,-0.0667559898775727,Local - Wilshire,,-0.2368705990074604,Gold,,-0.1810323030641722,
2015-02-12,LGBMRegressor,BUY,0.002518680211569,True,SHAP,5y yield,-0.0896083401124436,0.0896083401124436,5y yield,,-0.0896083401124436,Local - Wilshire,,0.0230820849222541,Gold,,-0.0808028973713534,
2015-04-20,LGBMRegressor,BUY,0.0079711360966603,True,SHAP,Gold,0.2002865323621272,0.2002865323621272,5y yield,,-0.0919028231181321,Gold,,0.2002865323621272,Local - Wilshire,,0.1380706272766844,
2015-05-27,LGBMRegressor,SELL,-0.0079249555232087,True,SHAP,Gold,-0.135471761632656,0.135471761632656,5y yield,,0.1179761554302716,Gold,,-0.135471761632656,MSCI World - Wilshire,,0.0421303828269485,
2015-07-07,LGBMRegressor,BUY,0.0110168108372776,True,SHAP,Gold,0.3223747857159876,0.3223747857159876,Gold,,0.3223747857159876,5y yield,,-0.0401691033995944,MSCI World - Wilshire,,0.1683874846909783,
2015-08-24,LGBMRegressor,BUY,0.0073473524195593,True,SHAP,Local - Wilshire,-0.2341603248749829,0.2341603248749829,2y yield,,-0.2159573882545545,Local - Wilshire,,-0.2341603248749829,Gold,,0.1152189438210043,
2016-01-21,LGBMRegressor,SELL,-0.0078164825828377,True,SHAP,Local - Wilshire,0.0297894703834262,0.0297894703834262,2y yield,,-0.0170537323892722,Gold,,-0.0124712264887435,Local - Wilshire,,0.0297894703834262,
2016-03-17,LGBMRegressor,BUY,0.0105934105395457,True,SHAP,5y yield,-0.14606568146802,0.14606568146802,Local - S&P500,,0.1153532867533397,5y yield,,-0.14606568146802,Gold,,0.0060478223052624,
2016-04-29,LGBMRegressor,BUY,0.02,True,SHAP,Gold,-0.2414339706414988,0.2414339706414988,Local - Dow Jones,,-0.0551182476910643,5y yield,,0.0982135115394225,Gold,,-0.2414339706414988,
2016-06-23,LGBMRegressor,SELL,-0.0507724189902034,True,SHAP,Local - Dow Jones,0.2285980058599022,0.2285980058599022,5y yield,,0.0546866466374201,Local - Dow Jones,,0.2285980058599022,Gold,,0.0946483645050924,
2016-09-08,LGBMRegressor,SELL,-0.0168796955800565,True,SHAP,Gold,0.256237481401928,0.256237481401928,5y yield,,0.226168511879594,Local - Dow Jones,,-0.0614490999781994,Gold,,0.256237481401928,
2017-02-21,LGBMRegressor,BUY,0.0026389866291343,True,SHAP,Local - Dow Jones,0.0728022655533822,0.0728022655533822,Gold,,-0.0116341799291048,5y yield,,0.0631736195279195,Local - Dow Jones,,0.0728022655533822,
2017-02-24,LGBMRegressor,BUY,0.0238137709596861,True,SHAP,5y yield,-0.2198884707621075,0.2198884707621075,Gold,,-0.0113564689169614,5y yield,,-0.2198884707621075,Local - Dow Jones,,0.1485184863324998,
2017-05-15,LGBMRegressor,SELL,-0.022146058528869,True,SHAP,Gold,0.0477482588791821,0.0477482588791821,Gold,,0.0477482588791821,10y yield,,-0.0203465756703151,Local - Dow Jones,,0.0034375962859903,
2018-07-10,LGBMRegressor,BUY,0.0018018018018017,True,SHAP,Gold,-0.0356557201399767,0.0356557201399767,Gold,,-0.0356557201399767,5y yield,,-0.0116505374909091,MSCI World - Dow Jones,,0.0330730695422297,
2018-09-28,LGBMRegressor,SELL,-0.0131046613896218,True,SHAP,Gold,-0.1255909712705545,0.1255909712705545,Gold,,-0.1255909712705545,5y yield,,-0.0819185805577961,MSCI World - Dow Jones,,-0.0026606427539357,
2018-12-10,LGBMRegressor,SELL,-0.0254125121327097,True,SHAP,Gold,0.110105196064311,0.110105196064311,5y yield,,0.095584828318649,Gold,,0.110105196064311,MSCI World - Dow Jones,,0.0331208403063158,
2018-12-13,LGBMRegressor,SELL,-0.0230572912083075,True,SHAP,5y yield,-0.1999492277699435,0.1999492277699435,5y yield,,-0.1999492277699435,Gold,,0.0819932282243088,MSCI World - Dow Jones,,0.0011228779977956,
2019-03-22,LGBMRegressor,BUY,0.0164665211062591,True,SHAP,5y yield,-0.2078495038664751,0.2078495038664751,5y yield,,-0.2078495038664751,Gold,,-0.0269057974346781,Local - S&P500,,-0.0185794433362913,
2019-05-08,LGBMRegressor,BUY,0.0023614895549501,True,SHAP,5y yield,0.1110327405169654,0.1110327405169654,5y yield,,0.1110327405169654,Local - Dow Jones,,0.0226509041802293,Gold,,0.0747483485592658,
2019-09-12,LGBMRegressor,SELL,-0.0024976873265494,True,SHAP,5y yield,0.1470653562273604,0.1470653562273604,5y yield,,0.1470653562273604,Gold,,-0.1081173544534713,Local - Dow Jones,,0.0569901360063616,
2019-09-17,LGBMRegressor,SELL,-0.0035142883566077,True,SHAP,Gold,-0.0888977227529525,0.0888977227529525,Real 2y yield,,-0.0538556219014821,Gold,,-0.0888977227529525,Local - Dow Jones,,0.0400513059570838,
2019-12-02,LGBMRegressor,BUY,0.0052303174894474,True,SHAP,Local - Dow Jones,-0.1419782548790674,0.1419782548790674,Local - Dow Jones,,-0.1419782548790674,Real 2y yield,,0.0926465494122752,Gold,,0.0694891020615162,
2019-12-06,LGBMRegressor,BUY,0.007920427334684,True,SHAP,Gold,0.1702227404695204,0.1702227404695204,Local - Dow Jones,,0.1101503096002503,Real 2y yield,,0.0449943083707618,Gold,,0.1702227404695204,
2020-02-20,LGBMRegressor,SELL,-0.0529884032114184,True,SHAP,Gold,-0.0502293734336875,0.0502293734336875,Local - Dow Jones,,-0.0257746991658824,Real 2y yield,,-0.0136418032435265,Gold,,-0.0502293734336875,
2020-03-09,LGBMRegressor,BUY,0.0866549433372412,True,SHAP,Local - Wilshire,-0.2922212329534021,0.2922212329534021,Local - Wilshire,,-0.2922212329534021,Real 2y yield,,-0.1095909546190639,Gold,,0.0040355140534643,
2020-03-11,LGBMRegressor,BUY,0.0638033288693322,True,SHAP,Local - Wilshire,-0.2871217825063398,0.2871217825063398,Local - Wilshire,,-0.2871217825063398,Real 2y yield,,-0.0408619166811909,Gold,,0.1845618951931585,
2020-03-19,LGBMRegressor,SELL,-0.0252913015987715,True,SHAP,Local - Wilshire,0.2035687874367087,0.2035687874367087,Real 2y yield,,-0.1780296528577999,Local - Wilshire,,0.2035687874367087,Oil,,0.010949993805288,
2020-11-09,LGBMRegressor,SELL,-0.0081609413550958,True,SHAP,Local - Dow Jones,0.0091999866217271,0.0091999866217271,2y yield,,-0.0018526746429384,Local - Dow Jones,,0.0091999866217271,Oil,,0.0,
2021-01-11,LGBMRegressor,SELL,-0.0048916171110685,True,SHAP,2y yield,0.1380688978942542,0.1380688978942542,2y yield,,0.1380688978942542,Local - Dow Jones,,-0.0026436888150989,Oil,,-0.0341243733350781,
2021-03-31,LGBMRegressor,SELL,-0.0161669075144508,True,SHAP,Gold,-0.2215127826825492,0.2215127826825492,Gold,,-0.2215127826825492,5y yield,,0.1314458621346223,MSCI World - Dow Jones,,-0.0921203503562971,
2021-04-19,LGBMRegressor,BUY,0.0083202366645094,True,SHAP,Gold,0.0811460794002342,0.0811460794002342,Gold,,0.0811460794002342,5y yield,,-0.0121135036155478,MSCI World - Dow Jones,,0.0337647273596928,
2021-07-27,LGBMRegressor,BUY,0.0071962106030241,True,SHAP,5y yield,-0.0843512322468193,0.0843512322468193,Gold,,0.010806887142071,5y yield,,-0.0843512322468193,MSCI World - Dow Jones,,0.0092234528508185,
2021-07-29,LGBMRegressor,BUY,0.0084947022287173,True,SHAP,Gold,-0.1514654840638968,0.1514654840638968,Gold,,-0.1514654840638968,5y yield,,0.0893202594592757,MSCI World - Dow Jones,,-0.0261343521669996,
2021-08-13,LGBMRegressor,BUY,0.0022812300392371,True,SHAP,Gold,-0.2984248192928219,0.2984248192928219,Gold,,-0.2984248192928219,5y yield,,-0.1868851293800635,MSCI World - Dow Jones,,-0.0411211702914908,
2021-10-25,LGBMRegressor,SELL,-0.0042212646205258,True,SHAP,5y yield,-0.1092110207499543,0.1092110207499543,Gold,,-0.1082159311767025,5y yield,,-0.1092110207499543,MSCI World - Dow Jones,,-0.0223215633910027,
2022-01-13,LGBMRegressor,BUY,0.0102451838879158,True,SHAP,10y yield,-0.1600522334703282,0.1600522334703282,Gold,,0.0974551008269797,10y yield,,-0.1600522334703282,MSCI World - Dow Jones,,0.0342913147791152,
2022-04-28,LGBMRegressor,SELL,-0.0191822697745509,True,SHAP,Gold,-0.0785342473304243,0.0785342473304243,10y yield,,0.0601310854794574,Gold,,-0.0785342473304243,Local - Dow Jones,,0.0677655805309286,
2022-06-07,LGBMRegressor,BUY,0.0300173467078963,True,SHAP,10y yield,-0.2290075100420676,0.2290075100420676,10y yield,,-0.2290075100420676,Gold,,-0.049573477938798,Local - Dow Jones,,0.0550220189332558,
2022-06-13,LGBMRegressor,BUY,0.0077369439071568,True,SHAP,Gold,0.2334012033464023,0.2334012033464023,10y yield,,0.2277074729326813,Gold,,0.2334012033464023,Local - Dow Jones,,-0.1663931286156854,
2022-06-15,LGBMRegressor,BUY,0.0205469216975493,True,SHAP,10y yield,-0.3361505894016006,0.3361505894016006,10y yield,,-0.3361505894016006,Gold,,-0.099246101890844,Local - Dow Jones,,0.1177260034444977,
2022-07-29,LGBMRegressor,BUY,0.0011255346289484,True,SHAP,Gold,-0.0704792600731789,0.0704792600731789,10y yield,,0.0273458286674848,Gold,,-0.0704792600731789,MSCI World - Wilshire,,0.0024855598578205,
2023-06-23,LGBMRegressor,SELL,-0.0103688239387611,True,SHAP,Gold,-0.098077159127358,0.098077159127358,Gold,,-0.098077159127358,2y yield,,-0.0889021083377196,MSCI World ex-US,,0.0761698957784217,
2023-06-27,LGBMRegressor,SELL,-0.0257513708613866,True,SHAP,Gold,0.2950832162197904,0.2950832162197904,Gold,,0.2950832162197904,2y yield,,-0.0052328652974897,MSCI World ex-US,,-0.0096133256846115,
2023-07-11,LGBMRegressor,BUY,0.0038472499287545,True,SHAP,Gold,-0.1738998432112414,0.1738998432112414,Gold,,-0.1738998432112414,2y yield,,0.0076561086516978,MSCI World ex-US,,0.0209140122010747,
2023-07-17,LGBMRegressor,BUY,0.0258092423040876,True,SHAP,Gold,0.1356901878759582,0.1356901878759582,Gold,,0.1356901878759582,2y yield,,-0.0800789233780085,MSCI World ex-US,,0.0441188368671284,
2023-08-03,LGBMRegressor,BUY,0.0228643568522934,True,SHAP,Gold,0.137495073322215,0.137495073322215,Gold,,0.137495073322215,2y yield,,-0.0577959858857158,MSCI World ex-US,,0.013416475265939,
2023-10-05,LGBMRegressor,BUY,0.0086862837519361,True,SHAP,Gold,0.1640989210141514,0.1640989210141514,Gold,,0.1640989210141514,2y yield,,-0.081565963028634,MSCI World ex-US,,0.0027756972300705,
2023-10-31,LGBMRegressor,SELL,-0.0086366033755274,True,SHAP,Gold,0.0767360093486535,0.0767360093486535,Gold,,0.0767360093486535,2y yield,,-0.0348214445250329,MSCI World ex-US,,0.0,
2023-12-21,LGBMRegressor,BUY,0.0176611314382211,True,SHAP,Gold,-0.1614624926919727,0.1614624926919727,Gold,,-0.1614624926919727,2y yield,,0.0562887752017941,MSCI World ex-US,,0.0102880831051719,
2024-04-26,LGBMRegressor,SELL,-0.0161056022232047,True,SHAP,2y yield,0.0497788584280004,0.0497788584280004,2y yield,,0.0497788584280004,Gold,,-0.019924953446018,MSCI World ex-US,,-0.0131992428670969,
2024-04-30,LGBMRegressor,SELL,-0.0087452471482891,True,SHAP,2y yield,0.1966789229035544,0.1966789229035544,2y yield,,0.1966789229035544,Gold,,0.0895812508960619,MSCI World ex-US,,0.0241432406830164,
2024-07-01,LGBMRegressor,SELL,-0.0210578471448037,True,SHAP,2y yield,0.0940137130963711,0.0940137130963711,2y yield,,0.0940137130963711,MSCI World ex-US,,-0.0492368222368083,Gold,,-0.0271932804730328,
2024-12-17,LGBMRegressor,BUY,0.0243711716408183,True,SHAP,2y yield,-0.1138990814129822,0.1138990814129822,2y yield,,-0.1138990814129822,Asia EMFX,,0.0506590247404907,MSCI World - S&P500,,-0.0553722628221429,
2024-12-24,LGBMRegressor,BUY,0.0054710859469433,True,SHAP,MSCI World - S&P500,0.161705417765447,0.161705417765447,5y yield,,0.050844360717078,Asia EMFX,,-0.027647582229072,MSCI World - S&P500,,0.161705417765447,
2025-05-08,LGBMRegressor,SELL,-0.013021725721335,True,SHAP,2y yield,0.4902708137423772,0.4902708137423772,2y yield,,0.4902708137423772,MSCI World - S&P500,,0.1099319732640943,Asia EMFX,,0.2726033565839061,
2025-05-12,LGBMRegressor,SELL,-0.0377879563518793,True,SHAP,2y yield,0.663738303964913,0.663738303964913,2y yield,,0.663738303964913,MSCI World - S&P500,,0.0739047875333415,Asia EMFX,,0.2032015038902713,
2025-08-28,LGBMRegressor,BUY,0.001905669366365,True,SHAP,2y yield,0.2217183200521203,0.2217183200521203,2y yield,,0.2217183200521203,MSCI World - S&P500,,-0.1057659434590584,Gold,,-0.0799030545001297,
2025-09-11,LGBMRegressor,BUY,0.0175939134569662,True,SHAP,MSCI World - S&P500,0.1862266763564287,0.1862266763564287,2y yield,,-0.0423829652772815,MSCI World - S&P500,,0.1862266763564287,Gold,,0.0249415691740368,
2025-09-16,LGBMRegressor,BUY,0.0096941561987986,True,SHAP,MSCI World - S&P500,-0.0408413668374121,0.0408413668374121,2y yield,,-0.03556431431031,MSCI World - S&P500,,-0.0408413668374121,Gold,,-0.0030670036073044,
2026-01-27,LGBMRegressor,BUY,0.0143223178503382,True,SHAP,MSCI World - S&P500,-0.0464705126016795,0.0464705126016795,2y yield,,0.0395103646522004,MSCI World - S&P500,,-0.0464705126016795,Asia EMFX,,0.0050281967188298,
2001-12-18,SGDRegressor,BUY,0.029722330856472468,True,BETA,Gold,-0.12063873650202672,0.12063873650202672,Gold,-0.12063873650202672,,,,,,,,BETA
2002-03-06,SGDRegressor,BUY,0.010714012397643025,True,BETA,FN1 Comdty,0.0730406397594686,0.0730406397594686,FN1 Comdty,0.0730406397594686,,,,,,,,BETA
2002-06-04,SGDRegressor,BUY,0.0016110842597067965,True,BETA,MSCI World - Wilshire,-0.12780464367275624,0.12780464367275624,MSCI World - Wilshire,-0.12780464367275624,,Asia EMFX,0.10118533221025272,,Gold,-0.06279588127713714,,BETA
2002-07-12,SGDRegressor,BUY,0.01642710472279263,True,BETA,Asia EMFX,0.12182068819329693,0.12182068819329693,Asia EMFX,0.12182068819329693,,MSCI World - Wilshire,-0.10846995945053887,,FN1 Comdty,0.05950720947060416,,BETA
2002-09-20,SGDRegressor,SELL,-0.0008914100486223653,True,BETA,Asia EMFX,0.11552645559999108,0.11552645559999108,MSCI World - Wilshire,-0.10441197034821444,,Asia EMFX,0.11552645559999108,,Gold,-0.06067741357109643,,BETA
2003-05-06,SGDRegressor,SELL,-0.007825125457174398,True,BETA,2y yield,0.12251550346362082,0.12251550346362082,2y yield,0.12251550346362082,,Gold,-0.11945355931759852,,MSCI World - Dow Jones,-0.025088376639461722,,BETA
2003-05-28,SGDRegressor,SELL,-0.006662168999831297,True,BETA,2y yield,0.15257439167064918,0.15257439167064918,2y yield,0.15257439167064918,,Local Index,0.13469819007927286,,Gold,-0.11074917682041985,,BETA
2003-08-29,SGDRegressor,BUY,0.0031645569620253333,True,BETA,2y yield,0.1516226589453654,0.1516226589453654,2y yield,0.1516226589453654,,MSCI World - Dow Jones,-0.08592468304720662,,Gold,-0.06053189228957496,,BETA
2004-06-29,SGDRegressor,BUY,0.004065416243185682,True,BETA,MSCI World ex-US,-0.19903095017167002,0.19903095017167002,MSCI World ex-US,-0.19903095017167002,,Gold,-0.19579147296054544,,Asia EMFX,0.07001664781893827,,BETA
2004-10-05,SGDRegressor,SELL,-0.024921277552856558,True,BETA,MSCI World ex-US,-0.20186166096579097,0.20186166096579097,Gold,-0.19055103995604106,,MSCI World ex-US,-0.20186166096579097,,5y yield,0.12898185448937974,,BETA
2005-01-14,SGDRegressor,BUY,0.012052915237628747,True,BETA,Gold,-0.21583513914325936,0.21583513914325936,Gold,-0.21583513914325936,,MSCI World ex-US,-0.20471921752682873,,5y yield,0.11198900247023501,,BETA
2005-02-10,SGDRegressor,SELL,-0.004345772319319763,True,BETA,Gold,-0.22285170162629261,0.22285170162629261,Gold,-0.22285170162629261,,MSCI World ex-US,-0.21331169099290548,,5y yield,0.10598980758917863,,BETA
2005-02-16,SGDRegressor,SELL,-0.006355530259912756,True,BETA,MSCI World ex-US,-0.2159083285521349,0.2159083285521349,Gold,-0.21411953488604657,,MSCI World ex-US,-0.2159083285521349,,5y yield,0.11205721035550908,,BETA
2005-04-29,SGDRegressor,BUY,0.024534606205250498,True,BETA,Gold,-0.2700848007897512,0.2700848007897512,Gold,-0.2700848007897512,,MSCI World ex-US,-0.19634934834893872,,5y yield,0.13394445531492147,,BETA
2005-12-15,SGDRegressor,BUY,0.014111168473584623,True,BETA,MSCI World ex-US,-0.2020216505748928,0.2020216505748928,MSCI World ex-US,-0.2020216505748928,,Gold,-0.1076511452166524,,Asia EMFX,0.027693547241405988,,BETA
2006-05-02,SGDRegressor,SELL,-0.03176003528892801,True,BETA,MSCI World ex-US,-0.15499057446349135,0.15499057446349135,MSCI World ex-US,-0.15499057446349135,,Asia EMFX,0.07191402646386069,,2y yield,0.10449668465479449,,BETA
2006-07-25,SGDRegressor,SELL,-0.016461958375980856,True,BETA,Real 2y yield,0.14993995526869888,0.14993995526869888,Real 2y yield,0.14993995526869888,,MSCI World ex-US,-0.1396080430567752,,Asia EMFX,0.04394053472603216,,BETA
2006-08-25,SGDRegressor,SELL,-0.0029840566118168876,True,BETA,Real 2y yield,0.14956939030492805,0.14956939030492805,Real 2y yield,0.14956939030492805,,MSCI World ex-US,-0.1305754196814269,,Asia EMFX,0.03200656703192429,,BETA
2006-10-06,SGDRegressor,SELL,-0.002268526298101148,True,BETA,2y yield,0.14379137953362822,0.14379137953362822,2y yield,0.14379137953362822,,MSCI World ex-US,-0.09961037656263744,,Asia EMFX,0.0588825503473758,,BETA
2007-03-13,SGDRegressor,BUY,0.013157894736842035,True,BETA,2y yield,0.2222897181613313,0.2222897181613313,2y yield,0.2222897181613313,,MSCI World - S&P500,-0.06665408578077592,,Asia EMFX,0.053744215245556795,,BETA
2007-03-16,SGDRegressor,BUY,0.009250535331905674,True,BETA,2y yield,0.22375919691012036,0.22375919691012036,2y yield,0.22375919691012036,,MSCI World - S&P500,-0.06864324496098187,,Asia EMFX,0.05207841520107218,,BETA
2007-06-22,SGDRegressor,SELL,-0.004439422067963439,True,BETA,2y yield,0.24451124205359734,0.24451124205359734,2y yield,0.24451124205359734,,MSCI World - S&P500,-0.06699478084216667,,Asia EMFX,0.06980085148200041,,BETA
2007-08-16,SGDRegressor,BUY,0.0172973922205637,True,BETA,2y yield,0.23582495214567847,0.23582495214567847,2y yield,0.23582495214567847,,Local - S&P500,-0.07071743404193033,,VIX Index,-0.0378652871805753,,BETA
2007-10-03,SGDRegressor,SELL,-0.0005995717344753348,True,BETA,2y yield,0.22549989062044545,0.22549989062044545,2y yield,0.22549989062044545,,Local - S&P500,-0.1446767110331352,,Copper LME,0.042247730710326996,,BETA
2008-03-17,SGDRegressor,BUY,0.02435014897770471,True,BETA,Local - Wilshire,-0.22852471074591002,0.22852471074591002,Local - Wilshire,-0.22852471074591002,,Real 2y yield,0.18092991944693193,,Copper LME,0.1252613876055308,,BETA
2008-04-24,SGDRegressor,SELL,-0.005082957705955682,True,BETA,Local - Wilshire,-0.3550269835987389,0.3550269835987389,Local - Wilshire,-0.3550269835987389,,Real 2y yield,0.18010984544644193,,Copper LME,0.10549892273430077,,BETA
2008-07-07,SGDRegressor,SELL,-0.006810972196305332,True,BETA,Local - S&P500,-0.31427329054249115,0.31427329054249115,Local - S&P500,-0.31427329054249115,,Real 2y yield,0.23885042670845155,,Copper LME,0.11190178795839682,,BETA
2009-08-07,SGDRegressor,SELL,-0.03269447576099205,True,BETA,2y yield,0.3954285860675891,0.3954285860675891,2y yield,0.3954285860675891,,Local - Dow Jones,-0.34006728657406415,,BCOM Index,0.09616408309660791,,BETA
2010-01-26,SGDRegressor,BUY,0.000557724484104849,True,BETA,2y yield,0.5079370056792151,0.5079370056792151,2y yield,0.5079370056792151,,MSCI World - Wilshire,-0.1745369988715673,,Gold,-0.20806181818436825,,BETA
2010-04-30,SGDRegressor,SELL,-0.014704315396909862,True,BETA,5y yield,0.5085735747072191,0.5085735747072191,5y yield,0.5085735747072191,,VIX Index,-0.13026091667631556,,MSCI World - Wilshire,-0.08986355268460275,,BETA
2010-05-10,SGDRegressor,SELL,-0.032261521972132834,True,BETA,5y yield,0.5384440584650886,0.5384440584650886,5y yield,0.5384440584650886,,MSCI EM,0.07743169053234865,,Oil,-0.02399245446127156,,BETA
2010-05-18,SGDRegressor,SELL,-0.013878347609237784,True,BETA,10y yield,0.5304461032415557,0.5304461032415557,10y yield,0.5304461032415557,,MSCI EM,0.11771927885175698,,Oil,-0.010300723428718893,,BETA
2010-06-03,SGDRegressor,SELL,-0.018336749002265007,True,BETA,10y yield,0.4957394137278402,0.4957394137278402,10y yield,0.4957394137278402,,Oil,0.0794172770701256,,Local - Wilshire,-0.0558618811421106,,BETA
2010-12-23,SGDRegressor,BUY,0.005065733928355964,True,BETA,2y yield,0.3672933115518653,0.3672933115518653,2y yield,0.3672933115518653,,Local - S&P500,-0.0800670991179649,,Oil,0.044451715833848264,,BETA
2010-12-28,SGDRegressor,BUY,0.010439427045399352,True,BETA,2y yield,0.3540594338148416,0.3540594338148416,2y yield,0.3540594338148416,,Local - S&P500,-0.08499542634490391,,Oil,0.049291780422608664,,BETA
2011-03-01,SGDRegressor,SELL,-0.013926215489860727,True,BETA,2y yield,0.25258736016010236,0.25258736016010236,2y yield,0.25258736016010236,,MSCI World - Wilshire,-0.15108944697738827,,Gold,-0.13011452949033614,,BETA
2011-03-04,SGDRegressor,SELL,-0.02113702623906699,True,BETA,2y yield,0.24976694006610667,0.24976694006610667,2y yield,0.24976694006610667,,MSCI World - Wilshire,-0.14552748742221108,,Gold,-0.12593334448676693,,BETA
2011-03-10,SGDRegressor,SELL,-0.024222704266088302,True,BETA,2y yield,0.22521340779588522,0.22521340779588522,2y yield,0.22521340779588522,,MSCI World - Wilshire,-0.15093099330094956,,Gold,-0.12093293333296286,,BETA
2011-04-01,SGDRegressor,SELL,-0.011063526052819461,True,BETA,2y yield,0.2521027463785521,0.2521027463785521,2y yield,0.2521027463785521,,Local - Wilshire,-0.16224593365422701,,Gold,-0.12511705151542196,,BETA
2011-07-21,SGDRegressor,BUY,0.00753512132822487,True,BETA,2y yield,0.2034988124096849,0.2034988124096849,2y yield,0.2034988124096849,,MSCI World - Wilshire,-0.10879909467500103,,Gold,-0.06692969750888939,,BETA
2011-09-06,SGDRegressor,SELL,-0.015580736543909235,True,BETA,2y yield,0.16927696403841566,0.16927696403841566,2y yield,0.16927696403841566,,Gold,-0.08887530035761057,,MSCI World - Dow Jones,-0.056067145097358204,,BETA
2011-10-31,SGDRegressor,SELL,-0.014071894588717049,True,BETA,2y yield,0.16755906585658933,0.16755906585658933,2y yield,0.16755906585658933,,Gold,-0.0497764056794555,,,,,BETA
2012-03-09,SGDRegressor,SELL,-0.0013339801115692662,True,BETA,2y yield,0.057403145306155506,0.057403145306155506,2y yield,0.057403145306155506,,Gold,-0.04015089804717299,,,,,BETA
2012-07-17,SGDRegressor,SELL,-0.011889704022261527,True,BETA,Gold,-0.08366715656854,0.08366715656854,Gold,-0.08366715656854,,5y yield,0.04370795605434344,,,,,BETA
2012-10-29,SGDRegressor,SELL,-0.003759398496240518,True,BETA,5y yield,0.2034915759019684,0.2034915759019684,5y yield,0.2034915759019684,,MSCI EM,0.10571316049077539,,Gold,-0.12173608504917105,,BETA
2013-03-28,SGDRegressor,BUY,0.05873605947955385,True,BETA,5y yield,0.25550182605014354,0.25550182605014354,5y yield,0.25550182605014354,,MSCI EM,0.1082707205660077,,Gold,-0.13076776876453264,,BETA
2013-04-01,SGDRegressor,BUY,0.037970610318566855,True,BETA,5y yield,0.2502224343644142,0.2502224343644142,5y yield,0.2502224343644142,,MSCI EM,0.10929546868438421,,Gold,-0.12714661945293335,,BETA
2013-06-06,SGDRegressor,BUY,0.0031968650097968787,True,BETA,10y yield,0.27877229773359463,0.27877229773359463,10y yield,0.27877229773359463,,MSCI EM,0.07666342681683039,,VIX Index,0.02674993250632471,,BETA
2013-06-11,SGDRegressor,BUY,0.018535874205977354,True,BETA,10y yield,0.281955319610492,0.281955319610492,10y yield,0.281955319610492,,MSCI EM,0.08089567547315192,,VIX Index,-0.010072777657734268,,BETA
2013-10-07,SGDRegressor,BUY,0.015303484644814347,True,BETA,10y yield,0.26080328402648545,0.26080328402648545,10y yield,0.26080328402648545,,Local - Wilshire,-0.125571365504705,,Gold,-0.08676278347197104,,BETA
2014-07-01,SGDRegressor,BUY,0.0014773958435931878,True,BETA,10y yield,0.18639737906787116,0.18639737906787116,10y yield,0.18639737906787116,,Local - S&P500,-0.17042280513954552,,Gold,-0.11245274427569354,,BETA
2014-07-14,SGDRegressor,BUY,0.0031514674020090006,True,BETA,10y yield,0.19019511027745292,0.19019511027745292,10y yield,0.19019511027745292,,Local - S&P500,-0.16944058819156274,,Gold,-0.09417078735622286,,BETA
2014-09-25,SGDRegressor,SELL,-0.008367816091954028,True,BETA,Local - Dow Jones,-0.14724411807467574,0.14724411807467574,5y yield,0.14149347252932754,,Gold,-0.11626111768552305,,Local - Dow Jones,-0.14724411807467574,,BETA
2014-09-29,SGDRegressor,SELL,-0.024109589041095947,True,BETA,5y yield,0.14461930199988077,0.14461930199988077,5y yield,0.14461930199988077,,Gold,-0.10922521735958886,,Local - Dow Jones,-0.14170526778076042,,BETA
2015-01-27,SGDRegressor,BUY,0.013234919826927927,True,BETA,Local - Wilshire,-0.1619908476940569,0.1619908476940569,5y yield,0.15967319431282972,,Local - Wilshire,-0.1619908476940569,,Gold,-0.126983356209413,,BETA
2015-02-02,SGDRegressor,BUY,0.007740069745683531,True,BETA,Local - Wilshire,-0.16149046759274888,0.16149046759274888,5y yield,0.15346950027517833,,Local - Wilshire,-0.16149046759274888,,Gold,-0.1213924247551828,,BETA
2015-02-12,SGDRegressor,BUY,0.002518680211569091,True,BETA,5y yield,0.16560895637987888,0.16560895637987888,5y yield,0.16560895637987888,,Local - Wilshire,-0.1461165836270699,,Gold,-0.12453920298557684,,BETA
2015-04-20,SGDRegressor,BUY,0.007971136096660336,True,BETA,5y yield,0.16880372914959998,0.16880372914959998,5y yield,0.16880372914959998,,Gold,-0.1398930347475329,,Local - Wilshire,-0.12121933849150976,,BETA
2015-07-07,SGDRegressor,BUY,0.01101681083727768,True,BETA,5y yield,0.1626314046413373,0.1626314046413373,Gold,-0.15327607698886084,,5y yield,0.1626314046413373,,MSCI World - Wilshire,-0.14623755772523483,,BETA
2015-08-24,SGDRegressor,BUY,0.007347352419559305,True,BETA,2y yield,0.1560121668483119,0.1560121668483119,2y yield,0.1560121668483119,,Local - Wilshire,-0.1168755726624205,,Gold,-0.13452260350697204,,BETA
2015-09-01,SGDRegressor,BUY,0.008796179944709603,True,BETA,2y yield,0.155912727968905,0.155912727968905,2y yield,0.155912727968905,,Local - Wilshire,-0.14584738958200907,,Gold,-0.12295402978398037,,BETA
2015-09-04,SGDRegressor,BUY,0.008320026893016363,True,BETA,Local - Wilshire,-0.1606722407257859,0.1606722407257859,Local - Wilshire,-0.1606722407257859,,5y yield,0.1349309929128159,,Gold,-0.13349061218463942,,BETA
2016-01-22,SGDRegressor,SELL,-0.01608014817309311,True,BETA,2y yield,0.16245866069170634,0.16245866069170634,2y yield,0.16245866069170634,,Gold,-0.14156436948745565,,Local - Wilshire,-0.14908436005850048,,BETA
2016-07-20,SGDRegressor,SELL,-0.05285807839835355,True,BETA,Gold,-0.244281712413469,0.244281712413469,5y yield,0.1452038770137779,,Local - Dow Jones,-0.2223315101783705,,Gold,-0.244281712413469,,BETA
2016-09-09,SGDRegressor,SELL,-0.01626253773493036,True,BETA,Gold,-0.27627040468845193,0.27627040468845193,5y yield,0.1906102074269325,,Gold,-0.27627040468845193,,Local - Dow Jones,-0.21784778949351966,,BETA
2017-02-21,SGDRegressor,BUY,0.00263898662913431,True,BETA,Gold,-0.3676421452685912,0.3676421452685912,Gold,-0.3676421452685912,,5y yield,0.3146034341748553,,Local - Dow Jones,-0.1269004704469457,,BETA
2017-05-15,SGDRegressor,SELL,-0.022146058528869084,True,BETA,Gold,-0.39950844781335754,0.39950844781335754,Gold,-0.39950844781335754,,10y yield,0.29641270601274156,,Local - Dow Jones,-0.13781879903933178,,BETA
2017-12-14,SGDRegressor,BUY,0.0042708426016548895,True,BETA,Gold,-0.25939575637264545,0.25939575637264545,5y yield,0.23648862944507112,,Gold,-0.25939575637264545,,Local - Dow Jones,-0.10697483791639932,,BETA
2018-07-10,SGDRegressor,BUY,0.0018018018018017834,True,BETA,Gold,-0.20276041183296217,0.20276041183296217,Gold,-0.20276041183296217,,5y yield,0.14061510456623325,,MSCI World - Dow Jones,-0.027396254589273365,,BETA
2018-08-15,SGDRegressor,BUY,0.008488351092649449,True,BETA,Gold,-0.1953615643135999,0.1953615643135999,Gold,-0.1953615643135999,,5y yield,0.12346917918420966,,MSCI World - Dow Jones,-0.036188413936657865,,BETA
2018-09-28,SGDRegressor,SELL,-0.013104661389621852,True,BETA,Gold,-0.1634084677516026,0.1634084677516026,Gold,-0.1634084677516026,,5y yield,0.13089461354960794,,MSCI World - Dow Jones,-0.02802945852852575,,BETA
2019-05-07,SGDRegressor,BUY,0.002176673317612954,True,BETA,5y yield,0.12231861104240198,0.12231861104240198,5y yield,0.12231861104240198,,Local - Dow Jones,-0.0831105390971821,,Gold,-0.09265136827196122,,BETA
2020-01-09,SGDRegressor,SELL,-0.0002739225712198312,True,BETA,Gold,-0.123660820658765,0.123660820658765,Local - Dow Jones,-0.11716709800908488,,Real 2y yield,0.0581669411381963,,Gold,-0.123660820658765,,BETA
2020-02-20,SGDRegressor,SELL,-0.0529884032114184,True,BETA,Local - Dow Jones,-0.14325719383438018,0.14325719383438018,Local - Dow Jones,-0.14325719383438018,,Real 2y yield,0.07077860375445735,,Gold,-0.12994862506936738,,BETA
2020-03-05,SGDRegressor,BUY,0.042859834212509496,True,BETA,Local - Dow Jones,-0.15224875432375842,0.15224875432375842,Real 2y yield,0.0778850690304389,,Local - Dow Jones,-0.15224875432375842,,Gold,-0.10274510213615341,,BETA
2020-03-19,SGDRegressor,SELL,-0.025291301598771576,True,BETA,Local - Wilshire,-0.20833599638779904,0.20833599638779904,Real 2y yield,0.16221334478168703,,Local - Wilshire,-0.20833599638779904,,Oil,0.011890629128930748,,BETA
2021-10-25,SGDRegressor,SELL,-0.004221264620525855,True,BETA,Gold,-0.13776539656427242,0.13776539656427242,Gold,-0.13776539656427242,,5y yield,0.10549216932757405,,MSCI World - Dow Jones,-0.0406537725671656,,BETA
2022-04-28,SGDRegressor,SELL,-0.019182269774550953,True,BETA,10y yield,0.1481929530654584,0.1481929530654584,10y yield,0.1481929530654584,,Gold,-0.08584203693845774,,Local - Dow Jones,-0.00395630427895553,,BETA
2022-06-13,SGDRegressor,BUY,0.007736943907156846,True,BETA,10y yield,0.1776926836452636,0.1776926836452636,10y yield,0.1776926836452636,,Gold,-0.08778678701653077,,Local - Dow Jones,-0.03534284930927068,,BETA
2022-06-15,SGDRegressor,BUY,0.020546921697549347,True,BETA,10y yield,0.16878824634351253,0.16878824634351253,10y yield,0.16878824634351253,,Gold,-0.07369346739705508,,Local - Dow Jones,-0.05010731820537521,,BETA
2022-07-29,SGDRegressor,BUY,0.001125534628948488,True,BETA,10y yield,0.19291334061652418,0.19291334061652418,10y yield,0.19291334061652418,,Gold,-0.08382419202321809,,MSCI World - Wilshire,-0.06508440352880064,,BETA
2022-08-04,SGDRegressor,BUY,0.022575062081420683,True,BETA,10y yield,0.19875656810273268,0.19875656810273268,10y yield,0.19875656810273268,,Gold,-0.0805385203117715,,MSCI World - S&P500,-0.07596084605665444,,BETA
2022-08-10,SGDRegressor,BUY,0.03183083753480331,True,BETA,10y yield,0.20150312032532774,0.20150312032532774,10y yield,0.20150312032532774,,Gold,-0.08569715758462858,,MSCI World - S&P500,-0.07885633428019415,,BETA
2023-02-24,SGDRegressor,SELL,-0.010624267291910794,True,BETA,Gold,-0.28634664316606406,0.28634664316606406,Gold,-0.28634664316606406,,10y yield,0.19444974570353402,,MSCI World ex-US,-0.11454849638638478,,BETA
2023-07-11,SGDRegressor,BUY,0.0038472499287545148,True,BETA,Gold,-0.35038488911572463,0.35038488911572463,Gold,-0.35038488911572463,,2y yield,0.18028650046353695,,MSCI World ex-US,-0.16769788692039844,,BETA
2023-07-27,SGDRegressor,BUY,0.03778319472325786,True,BETA,Gold,-0.37151711998816245,0.37151711998816245,Gold,-0.37151711998816245,,2y yield,0.15604774577278513,,MSCI World ex-US,-0.14840580796930378,,BETA
2023-09-29,SGDRegressor,BUY,0.0013389569525339429,True,BETA,Gold,-0.35682461157619855,0.35682461157619855,Gold,-0.35682461157619855,,2y yield,0.17319745721055008,,MSCI World ex-US,-0.11332222463579268,,BETA
2023-10-31,SGDRegressor,SELL,-0.008636603375527407,True,BETA,Gold,-0.28522514018575135,0.28522514018575135,Gold,-0.28522514018575135,,2y yield,0.1791032789300226,,MSCI World ex-US,-0.0959477750613054,,BETA
2024-04-26,SGDRegressor,SELL,-0.016105602223204785,True,BETA,2y yield,0.27702507069276183,0.27702507069276183,2y yield,0.27702507069276183,,Gold,-0.10491352727764046,,MSCI World ex-US,-0.07415378376956865,,BETA
2024-07-01,SGDRegressor,SELL,-0.021057847144803743,True,BETA,2y yield,0.2638738907060713,0.2638738907060713,2y yield,0.2638738907060713,,MSCI World ex-US,-0.0742742974187503,,Gold,-0.06595802772934428,,BETA
2025-03-11,SGDRegressor,BUY,0.014413317092976108,True,BETA,5y yield,0.3478749506676136,0.3478749506676136,5y yield,0.3478749506676136,,Asia EMFX,0.1474647828772805,,MSCI World - S&P500,-0.1118442832408687,,BETA
2001-12-18,StackedEnsemble,BUY,0.029722330856472468,True,STACK,ElasticNetCV,0.3795607563853852,0.3795607563853852,ElasticNetCV,0.3795607563853852,,XGBRegressor,0.17897416098925129,,LGBMRegressor,0.30542020218024984,,STACK
2002-03-06,StackedEnsemble,BUY,0.010714012397643025,True,STACK,ElasticNetCV,0.17259897513095165,0.17259897513095165,ElasticNetCV,0.17259897513095165,,XGBRegressor,0.029778392536590217,,LGBMRegressor,0.1409330040529192,,STACK
2002-05-07,StackedEnsemble,SELL,-0.030217849613492498,True,STACK,LGBMRegressor,0.6103493646790348,0.6103493646790348,ElasticNetCV,0.15241748678802022,,XGBRegressor,0.5110919753499876,,LGBMRegressor,0.6103493646790348,,STACK
2002-06-04,StackedEnsemble,BUY,0.0016110842597067965,True,STACK,XGBRegressor,0.7814441211570355,0.7814441211570355,ElasticNetCV,-0.2898038939103928,,XGBRegressor,0.7814441211570355,,LGBMRegressor,0.25021011440221497,,STACK
2002-11-19,StackedEnsemble,BUY,0.016845204023223426,True,STACK,LGBMRegressor,0.3690161103250168,0.3690161103250168,ElasticNetCV,0.2770149361548605,,XGBRegressor,0.27048963124936376,,LGBMRegressor,0.3690161103250168,,STACK
2002-11-21,StackedEnsemble,BUY,0.01875713586690586,True,STACK,LGBMRegressor,0.4428854682253057,0.4428854682253057,ElasticNetCV,0.25668441605602693,,XGBRegressor,0.21566428413071764,,LGBMRegressor,0.4428854682253057,,STACK
2002-11-25,StackedEnsemble,BUY,0.00998853774357289,True,STACK,LGBMRegressor,0.4301323393690907,0.4301323393690907,ElasticNetCV,0.2945120375585198,,XGBRegressor,0.1497490211353606,,LGBMRegressor,0.4301323393690907,,STACK
2003-05-06,StackedEnsemble,SELL,-0.007825125457174398,True,STACK,ElasticNetCV,0.39928436173985477,0.39928436173985477,ElasticNetCV,0.39928436173985477,,XGBRegressor,0.3468708081874125,,LGBMRegressor,0.2817436202894347,,STACK
2003-05-28,StackedEnsemble,SELL,-0.006662168999831297,True,STACK,ElasticNetCV,0.5394733349102533,0.5394733349102533,ElasticNetCV,0.5394733349102533,,XGBRegressor,0.032710051321316096,,LGBMRegressor,0.28179466045234747,,STACK
2003-05-30,StackedEnsemble,SELL,-0.015758591785414833,True,STACK,ElasticNetCV,0.5444386604746365,0.5444386604746365,ElasticNetCV,0.5444386604746365,,XGBRegressor,0.1552131421140176,,LGBMRegressor,0.2613711493168493,,STACK
2003-06-03,StackedEnsemble,SELL,-0.009058882737795648,True,STACK,ElasticNetCV,0.6598983364544064,0.6598983364544064,ElasticNetCV,0.6598983364544064,,XGBRegressor,0.0964551893273763,,LGBMRegressor,0.11242410161432945,,STACK
2003-08-29,StackedEnsemble,BUY,0.0031645569620253333,True,STACK,ElasticNetCV,0.6459797076881072,0.6459797076881072,ElasticNetCV,0.6459797076881072,,XGBRegressor,0.2757259613890927,,LGBMRegressor,0.2294587575618283,,STACK
2004-01-09,StackedEnsemble,SELL,-0.000468164794007464,True,STACK,ElasticNetCV,0.41396282071435003,0.41396282071435003,ElasticNetCV,0.41396282071435003,,XGBRegressor,0.14025227254886988,,LGBMRegressor,0.36115976181563336,,STACK
2004-06-29,StackedEnsemble,BUY,0.004065416243185682,True,STACK,ElasticNetCV,0.8974267521295484,0.8974267521295484,ElasticNetCV,0.8974267521295484,,XGBRegressor,0.2546889266366585,,LGBMRegressor,0.18735973951514887,,STACK
2004-09-27,StackedEnsemble,SELL,-0.01734207925240372,True,STACK,ElasticNetCV,0.6677475324890734,0.6677475324890734,ElasticNetCV,0.6677475324890734,,XGBRegressor,0.038068474083370184,,LGBMRegressor,0.37702192999299605,,STACK
2004-10-01,StackedEnsemble,SELL,-0.010946263795911015,True,STACK,ElasticNetCV,0.5544455603882557,0.5544455603882557,ElasticNetCV,0.5544455603882557,,XGBRegressor,0.406732028296525,,LGBMRegressor,0.07906838535472409,,STACK
2005-01-11,StackedEnsemble,BUY,0.007161521339398069,True,STACK,ElasticNetCV,0.6172528540880404,0.6172528540880404,ElasticNetCV,0.6172528540880404,,XGBRegressor,0.22705840297052587,,LGBMRegressor,0.4969521907553011,,STACK
2005-02-10,StackedEnsemble,SELL,-0.004345772319319763,True,STACK,ElasticNetCV,0.7159253864316376,0.7159253864316376,ElasticNetCV,0.7159253864316376,,XGBRegressor,0.2639752549314454,,LGBMRegressor,0.38809789980451115,,STACK
2005-02-17,StackedEnsemble,SELL,-0.0024632875414494215,True,STACK,ElasticNetCV,0.6526516476412638,0.6526516476412638,ElasticNetCV,0.6526516476412638,,XGBRegressor,0.04416987651109929,,LGBMRegressor,0.5537374050730184,,STACK
2005-06-13,StackedEnsemble,SELL,-0.0028292415807245064,True,STACK,ElasticNetCV,0.5413245574585206,0.5413245574585206,ElasticNetCV,0.5413245574585206,,XGBRegressor,0.34833681205666933,,LGBMRegressor,0.3694549231309297,,STACK
2005-08-25,StackedEnsemble,BUY,0.004270786006360661,True,STACK,ElasticNetCV,0.43520248243408205,0.43520248243408205,ElasticNetCV,0.43520248243408205,,XGBRegressor,0.23101055270851115,,LGBMRegressor,0.27731748747665425,,STACK
2005-12-14,StackedEnsemble,BUY,0.004514864979981326,True,STACK,XGBRegressor,0.41239020799974224,0.41239020799974224,ElasticNetCV,0.33802396601520374,,XGBRegressor,0.41239020799974224,,LGBMRegressor,0.2889480473638548,,STACK
2006-03-17,StackedEnsemble,BUY,0.016045548654244346,True,STACK,LGBMRegressor,0.4984203930609585,0.4984203930609585,ElasticNetCV,0.14174702265307484,,XGBRegressor,0.3264108496103643,,LGBMRegressor,0.4984203930609585,,STACK
2006-10-31,StackedEnsemble,BUY,0.005556505385535981,True,STACK,ElasticNetCV,0.6448919177693244,0.6448919177693244,ElasticNetCV,0.6448919177693244,,XGBRegressor,0.19965086915490562,,LGBMRegressor,0.28374531937011116,,STACK
2007-01-18,StackedEnsemble,SELL,-0.003299785513941611,True,STACK,ElasticNetCV,0.6712973181998866,0.6712973181998866,ElasticNetCV,0.6712973181998866,,XGBRegressor,0.28029734027463904,,LGBMRegressor,0.13616921251693237,,STACK
2007-03-16,StackedEnsemble,BUY,0.009250535331905674,True,STACK,ElasticNetCV,0.6763636233505554,0.6763636233505554,ElasticNetCV,0.6763636233505554,,XGBRegressor,0.26749133248854257,,LGBMRegressor,0.23705013216076873,,STACK
2007-06-25,StackedEnsemble,SELL,-0.0021023692083771417,True,STACK,LGBMRegressor,0.5041985710534548,0.5041985710534548,ElasticNetCV,0.4971322877620996,,XGBRegressor,0.20680191320462335,,LGBMRegressor,0.5041985710534548,,STACK
2007-08-16,StackedEnsemble,BUY,0.0172973922205637,True,STACK,ElasticNetCV,0.5982880571470568,0.5982880571470568,ElasticNetCV,0.5982880571470568,,XGBRegressor,0.44951623306612154,,LGBMRegressor,0.16535901465029945,,STACK
2008-03-17,StackedEnsemble,BUY,0.02435014897770471,True,STACK,LGBMRegressor,0.5900965202991751,0.5900965202991751,ElasticNetCV,0.11589759604741738,,XGBRegressor,0.32587806917466633,,LGBMRegressor,0.5900965202991751,,STACK
2008-04-01,StackedEnsemble,SELL,-0.00019636720667648433,True,STACK,LGBMRegressor,0.47316644992132945,0.47316644992132945,ElasticNetCV,0.3098754625180381,,XGBRegressor,0.3518470369550987,,LGBMRegressor,0.47316644992132945,,STACK
2008-04-24,StackedEnsemble,SELL,-0.005082957705955682,True,STACK,XGBRegressor,0.6820406517083027,0.6820406517083027,ElasticNetCV,0.18652845221610162,,XGBRegressor,0.6820406517083027,,LGBMRegressor,0.30252910953394946,,STACK
2008-10-24,StackedEnsemble,BUY,0.04156064461407971,True,STACK,LGBMRegressor,0.6471626708063892,0.6471626708063892,ElasticNetCV,0.35686105596858586,,XGBRegressor,0.0261472201249264,,LGBMRegressor,0.6471626708063892,,STACK
2008-11-18,StackedEnsemble,SELL,-0.039678449963928664,True,STACK,ElasticNetCV,0.6444471704032404,0.6444471704032404,ElasticNetCV,0.6444471704032404,,XGBRegressor,0.1913503154031339,,LGBMRegressor,0.4027614292531154,,STACK
2009-07-20,StackedEnsemble,BUY,0.011466185369996884,True,STACK,LGBMRegressor,0.9855721693793472,0.9855721693793472,ElasticNetCV,0.6172802131539591,,XGBRegressor,-0.30646474634727006,,LGBMRegressor,0.9855721693793472,,STACK
2009-08-07,StackedEnsemble,SELL,-0.03269447576099205,True,STACK,ElasticNetCV,0.400751421467901,0.400751421467901,ElasticNetCV,0.400751421467901,,XGBRegressor,0.2513380932763514,,LGBMRegressor,0.26810689648970953,,STACK
2009-12-30,StackedEnsemble,SELL,-0.011575075724794437,True,STACK,XGBRegressor,0.7686908496553405,0.7686908496553405,ElasticNetCV,0.5998576544353947,,XGBRegressor,0.7686908496553405,,LGBMRegressor,-0.058858864897867236,,STACK
2010-03-30,StackedEnsemble,BUY,0.004635119111781938,True,STACK,ElasticNetCV,0.6643152731036732,0.6643152731036732,ElasticNetCV,0.6643152731036732,,XGBRegressor,0.25828958695951004,,LGBMRegressor,0.22619332730752767,,STACK
2010-04-08,StackedEnsemble,BUY,0.001177982437352787,True,STACK,ElasticNetCV,0.7035872092836801,0.7035872092836801,ElasticNetCV,0.7035872092836801,,XGBRegressor,0.20345488510362078,,LGBMRegressor,0.15905170641738456,,STACK
2010-04-19,StackedEnsemble,BUY,0.02316017316017316,True,STACK,ElasticNetCV,0.4473467145008332,0.4473467145008332,ElasticNetCV,0.4473467145008332,,XGBRegressor,0.34981154187894165,,LGBMRegressor,0.27297280205031116,,STACK
2010-06-04,StackedEnsemble,SELL,-0.012948857453754181,True,STACK,ElasticNetCV,0.5533368040403898,0.5533368040403898,ElasticNetCV,0.5533368040403898,,XGBRegressor,0.3917315036537624,,LGBMRegressor,0.3028478908617556,,STACK
2010-12-23,StackedEnsemble,BUY,0.005065733928355964,True,STACK,XGBRegressor,0.41976453744009773,0.41976453744009773,ElasticNetCV,0.34938129992976846,,XGBRegressor,0.41976453744009773,,LGBMRegressor,0.1898532962068624,,STACK
2010-12-28,StackedEnsemble,BUY,0.010439427045399352,True,STACK,XGBRegressor,0.3771526659664135,0.3771526659664135,ElasticNetCV,0.3373463976500914,,XGBRegressor,0.3771526659664135,,LGBMRegressor,0.2492210677560549,,STACK
2011-04-01,StackedEnsemble,SELL,-0.011063526052819461,True,STACK,XGBRegressor,0.6894297563094591,0.6894297563094591,ElasticNetCV,0.305424677525656,,XGBRegressor,0.6894297563094591,,LGBMRegressor,-0.017457097367946976,,STACK
2011-07-21,StackedEnsemble,BUY,0.00753512132822487,True,STACK,ElasticNetCV,0.6162591512437087,0.6162591512437087,ElasticNetCV,0.6162591512437087,,XGBRegressor,-0.2708976903661382,,LGBMRegressor,0.4494542136208474,,STACK
2011-09-06,StackedEnsemble,SELL,-0.015580736543909235,True,STACK,ElasticNetCV,0.3282287971563989,0.3282287971563989,ElasticNetCV,0.3282287971563989,,XGBRegressor,0.25563875102607453,,LGBMRegressor,0.26425994638141725,,STACK
2011-09-08,StackedEnsemble,SELL,-0.01638498258289267,True,STACK,ElasticNetCV,0.33699701075603866,0.33699701075603866,ElasticNetCV,0.33699701075603866,,XGBRegressor,0.2599270492269753,,LGBMRegressor,0.22194812839766564,,STACK
2011-10-31,StackedEnsemble,SELL,-0.014071894588717049,True,STACK,ElasticNetCV,0.22802383506316698,0.22802383506316698,ElasticNetCV,0.22802383506316698,,XGBRegressor,0.17883159242306534,,LGBMRegressor,0.06948625045119554,,STACK
2012-07-17,StackedEnsemble,SELL,-0.011889704022261527,True,STACK,XGBRegressor,1.2628247379400075,1.2628247379400075,ElasticNetCV,0.41460930995113293,,XGBRegressor,1.2628247379400075,,LGBMRegressor,0.22346432619338147,,STACK
2012-07-27,StackedEnsemble,SELL,-0.002294162630639751,True,STACK,XGBRegressor,1.6543569484856961,1.6543569484856961,ElasticNetCV,-0.18392295754233415,,XGBRegressor,1.6543569484856961,,LGBMRegressor,-0.16155146795354192,,STACK
2012-10-25,StackedEnsemble,SELL,-0.010336239103362344,True,STACK,ElasticNetCV,1.0871818455077344,1.0871818455077344,ElasticNetCV,1.0871818455077344,,XGBRegressor,0.15824365253368264,,LGBMRegressor,0.2572170204354334,,STACK
2012-10-29,StackedEnsemble,SELL,-0.003759398496240518,True,STACK,ElasticNetCV,1.0637068497057354,1.0637068497057354,ElasticNetCV,1.0637068497057354,,XGBRegressor,0.2102718027302869,,LGBMRegressor,0.33064247120805357,,STACK
2013-03-26,StackedEnsemble,BUY,0.048496399830580295,True,STACK,ElasticNetCV,0.6340163044839182,0.6340163044839182,ElasticNetCV,0.6340163044839182,,XGBRegressor,-0.05424315913585341,,LGBMRegressor,0.6004791333322801,,STACK
2013-03-28,StackedEnsemble,BUY,0.05873605947955385,True,STACK,ElasticNetCV,0.682360902411326,0.682360902411326,ElasticNetCV,0.682360902411326,,XGBRegressor,0.21678684443992777,,LGBMRegressor,0.26687570017023576,,STACK
2014-02-25,StackedEnsemble,BUY,0.00762910798122074,True,STACK,ElasticNetCV,0.4274677449542506,0.4274677449542506,ElasticNetCV,0.4274677449542506,,XGBRegressor,0.2837647775898399,,LGBMRegressor,0.18624582480335156,,STACK
2014-03-18,StackedEnsemble,BUY,0.021786277602523718,True,STACK,ElasticNetCV,0.4929710471962296,0.4929710471962296,ElasticNetCV,0.4929710471962296,,XGBRegressor,0.16157300699129426,,LGBMRegressor,0.278067975121384,,STACK
2014-05-08,StackedEnsemble,BUY,0.0007869368483179873,True,STACK,ElasticNetCV,0.47690108692997546,0.47690108692997546,ElasticNetCV,0.47690108692997546,,XGBRegressor,0.20863711847990618,,LGBMRegressor,0.21921760085120487,,STACK
2014-05-19,StackedEnsemble,BUY,0.008669950738916299,True,STACK,ElasticNetCV,0.5279312839389508,0.5279312839389508,ElasticNetCV,0.5279312839389508,,XGBRegressor,0.15889217915863602,,LGBMRegressor,0.22415805870524758,,STACK
2015-02-05,StackedEnsemble,BUY,0.012082021611503402,True,STACK,ElasticNetCV,1.1007193069201406,1.1007193069201406,ElasticNetCV,1.1007193069201406,,XGBRegressor,-0.1061589479875922,,LGBMRegressor,-0.00483284207197568,,STACK
2015-02-12,StackedEnsemble,BUY,0.002518680211569091,True,STACK,ElasticNetCV,0.9288777584758099,0.9288777584758099,ElasticNetCV,0.9288777584758099,,XGBRegressor,-0.19953360810701748,,LGBMRegressor,0.34901373804878233,,STACK
2016-01-21,StackedEnsemble,SELL,-0.007816482582837736,True,STACK,ElasticNetCV,0.8089545155642065,0.8089545155642065,ElasticNetCV,0.8089545155642065,,XGBRegressor,-0.2328508079790851,,LGBMRegressor,0.34528633962767435,,STACK
2016-04-26,StackedEnsemble,SELL,-0.018327194322163343,True,STACK,ElasticNetCV,0.9792055641491113,0.9792055641491113,ElasticNetCV,0.9792055641491113,,XGBRegressor,-0.043449658545518785,,LGBMRegressor,0.1386134106744455,,STACK
2016-09-02,StackedEnsemble,SELL,-0.015685142417243947,True,STACK,ElasticNetCV,0.9558859598969721,0.9558859598969721,ElasticNetCV,0.9558859598969721,,XGBRegressor,0.4698246803711795,,LGBMRegressor,0.09756713608872429,,STACK
2017-02-28,StackedEnsemble,BUY,0.01755786113328006,True,STACK,ElasticNetCV,0.6331109104267514,0.6331109104267514,ElasticNetCV,0.6331109104267514,,XGBRegressor,0.26690201075207515,,LGBMRegressor,0.2780367092719799,,STACK
2017-05-16,StackedEnsemble,SELL,-0.020067185289957656,True,STACK,ElasticNetCV,0.5643673940338451,0.5643673940338451,ElasticNetCV,0.5643673940338451,,XGBRegressor,0.30429313150614096,,LGBMRegressor,0.1906589117088485,,STACK
2018-07-10,StackedEnsemble,BUY,0.0018018018018017834,True,STACK,ElasticNetCV,0.4366655718932418,0.4366655718932418,ElasticNetCV,0.4366655718932418,,XGBRegressor,0.31573402584704435,,LGBMRegressor,0.21934639433434824,,STACK
2018-10-01,StackedEnsemble,SELL,-0.018959009918371073,True,STACK,LGBMRegressor,0.33891537087341367,0.33891537087341367,ElasticNetCV,0.30574879285373574,,XGBRegressor,0.2772226992136862,,LGBMRegressor,0.33891537087341367,,STACK
2019-01-03,StackedEnsemble,BUY,0.014673105497771122,True,STACK,LGBMRegressor,0.30483180584821434,0.30483180584821434,ElasticNetCV,0.2599638679335079,,XGBRegressor,0.2764468750709136,,LGBMRegressor,0.30483180584821434,,STACK
2019-01-08,StackedEnsemble,BUY,0.005701149425287433,True,STACK,LGBMRegressor,0.3093847682201842,0.3093847682201842,ElasticNetCV,0.25012131213347855,,XGBRegressor,0.2948636721011067,,LGBMRegressor,0.3093847682201842,,STACK
2019-01-14,StackedEnsemble,BUY,0.011002218934911268,True,STACK,XGBRegressor,0.314381975648786,0.314381975648786,ElasticNetCV,0.2761873290818851,,XGBRegressor,0.314381975648786,,LGBMRegressor,0.27207163386312416,,STACK
2019-09-12,StackedEnsemble,SELL,-0.002497687326549425,True,STACK,ElasticNetCV,0.647282892749674,0.647282892749674,ElasticNetCV,0.647282892749674,,XGBRegressor,0.18232257422373574,,LGBMRegressor,0.1450670350052259,,STACK
2019-09-16,StackedEnsemble,SELL,-0.00036995930447658587,True,STACK,ElasticNetCV,0.7895691032876359,0.7895691032876359,ElasticNetCV,0.7895691032876359,,XGBRegressor,0.16582238631806634,,LGBMRegressor,0.2438271182421974,,STACK
2019-11-14,StackedEnsemble,BUY,0.010053495665006462,True,STACK,ElasticNetCV,0.7048886520528999,0.7048886520528999,ElasticNetCV,0.7048886520528999,,XGBRegressor,-0.011949950667574143,,LGBMRegressor,0.2842364538015478,,STACK
2019-11-19,StackedEnsemble,BUY,0.0008291873963515162,True,STACK,ElasticNetCV,0.6877878902183283,0.6877878902183283,ElasticNetCV,0.6877878902183283,,XGBRegressor,0.021206972366354458,,LGBMRegressor,0.23664669603551808,,STACK
2019-12-06,StackedEnsemble,BUY,0.00792042733468401,True,STACK,ElasticNetCV,1.233582907950554,1.233582907950554,ElasticNetCV,1.233582907950554,,XGBRegressor,-0.06539659923218864,,LGBMRegressor,-0.012534590856647654,,STACK
2020-01-13,StackedEnsemble,SELL,-0.00954979536152789,True,STACK,ElasticNetCV,1.1916906348094014,1.1916906348094014,ElasticNetCV,1.1916906348094014,,XGBRegressor,0.011469301024313764,,LGBMRegressor,0.014248891441023188,,STACK
2020-01-20,StackedEnsemble,SELL,-0.01352332546741708,True,STACK,ElasticNetCV,1.0916429282127837,1.0916429282127837,ElasticNetCV,1.0916429282127837,,XGBRegressor,0.05708656750821807,,LGBMRegressor,0.03359892025407297,,STACK
2020-03-05,StackedEnsemble,BUY,0.042859834212509496,True,STACK,ElasticNetCV,0.5958162985180735,0.5958162985180735,ElasticNetCV,0.5958162985180735,,XGBRegressor,0.25326535551566803,,LGBMRegressor,0.18135225853760992,,STACK
2020-03-19,StackedEnsemble,SELL,-0.025291301598771576,True,STACK,ElasticNetCV,0.7951816087594228,0.7951816087594228,ElasticNetCV,0.7951816087594228,,XGBRegressor,-0.06435948028580452,,LGBMRegressor,0.6306487755105484,,STACK
2020-04-29,StackedEnsemble,BUY,0.0032808398950130435,True,STACK,LGBMRegressor,0.6882644245167484,0.6882644245167484,ElasticNetCV,0.6185532172878921,,XGBRegressor,0.14235384305470983,,LGBMRegressor,0.6882644245167484,,STACK
2020-05-04,StackedEnsemble,BUY,0.005621135469364935,True,STACK,ElasticNetCV,0.8436277517044503,0.8436277517044503,ElasticNetCV,0.8436277517044503,,XGBRegressor,0.26225534952471763,,LGBMRegressor,0.2252289285139663,,STACK
2020-07-29,StackedEnsemble,BUY,0.01896683187190229,True,STACK,ElasticNetCV,0.6816725177220719,0.6816725177220719,ElasticNetCV,0.6816725177220719,,XGBRegressor,0.3826600923394475,,LGBMRegressor,-0.03970636269433996,,STACK
2020-11-05,StackedEnsemble,BUY,0.0024156923374238914,True,STACK,ElasticNetCV,0.14540093604993934,0.14540093604993934,ElasticNetCV,0.14540093604993934,,XGBRegressor,0.0644730385712945,,LGBMRegressor,0.0576791098074862,,STACK
2020-11-09,StackedEnsemble,SELL,-0.008160941355095819,True,STACK,ElasticNetCV,0.13225086260481694,0.13225086260481694,ElasticNetCV,0.13225086260481694,,XGBRegressor,0.07216801013973762,,LGBMRegressor,0.0627822557939627,,STACK
2021-01-11,StackedEnsemble,SELL,-0.004891617111068558,True,STACK,LGBMRegressor,0.024462655614907545,0.024462655614907545,ElasticNetCV,0.02209599662621488,,XGBRegressor,0.010613824069209465,,LGBMRegressor,0.024462655614907545,,STACK
2021-03-31,StackedEnsemble,SELL,-0.016166907514450823,True,STACK,XGBRegressor,0.9593046544015166,0.9593046544015166,ElasticNetCV,-0.06756776464387655,,XGBRegressor,0.9593046544015166,,LGBMRegressor,0.3261918233420338,,STACK
2021-05-27,StackedEnsemble,SELL,-0.004371186595027776,True,STACK,ElasticNetCV,0.5759891461216898,0.5759891461216898,ElasticNetCV,0.5759891461216898,,XGBRegressor,0.3152594147551705,,LGBMRegressor,0.1774793190138695,,STACK
2021-07-08,StackedEnsemble,BUY,0.003827925628873574,True,STACK,ElasticNetCV,0.5833562708776275,0.5833562708776275,ElasticNetCV,0.5833562708776275,,XGBRegressor,0.1888455720229992,,LGBMRegressor,0.14496474014323282,,STACK
2021-07-27,StackedEnsemble,BUY,0.007196210603024111,True,STACK,ElasticNetCV,0.5398619101069008,0.5398619101069008,ElasticNetCV,0.5398619101069008,,XGBRegressor,0.28352237022539833,,LGBMRegressor,0.06748912334381335,,STACK
2021-07-29,StackedEnsemble,BUY,0.008494702228717399,True,STACK,ElasticNetCV,0.5444621047600798,0.5444621047600798,ElasticNetCV,0.5444621047600798,,XGBRegressor,0.26560857784635034,,LGBMRegressor,0.07097229645538446,,STACK
2021-08-03,StackedEnsemble,BUY,0.005135730007336692,True,STACK,ElasticNetCV,0.5715862414171933,0.5715862414171933,ElasticNetCV,0.5715862414171933,,XGBRegressor,0.25867268480972305,,LGBMRegressor,0.07360534483037003,,STACK
2022-04-28,StackedEnsemble,SELL,-0.019182269774550953,True,STACK,ElasticNetCV,0.5521013800781311,0.5521013800781311,ElasticNetCV,0.5521013800781311,,XGBRegressor,0.18134218344414854,,LGBMRegressor,0.27812165162339597,,STACK
2022-06-16,StackedEnsemble,BUY,0.0265486725663715,True,STACK,LGBMRegressor,0.5575262469714074,0.5575262469714074,ElasticNetCV,0.40012709041945627,,XGBRegressor,0.19181180311930449,,LGBMRegressor,0.5575262469714074,,STACK
2022-08-10,StackedEnsemble,BUY,0.03183083753480331,True,STACK,ElasticNetCV,0.7057829051945186,0.7057829051945186,ElasticNetCV,0.7057829051945186,,XGBRegressor,0.3810513745022157,,LGBMRegressor,0.27052077673614644,,STACK
2023-10-03,StackedEnsemble,BUY,0.005301301838679384,True,STACK,ElasticNetCV,0.3023029254945971,0.3023029254945971,ElasticNetCV,0.3023029254945971,,XGBRegressor,0.16842526918643233,,LGBMRegressor,0.2444715581374277,,STACK
2023-12-21,StackedEnsemble,BUY,0.017661131438221123,True,STACK,ElasticNetCV,0.39138993154852925,0.39138993154852925,ElasticNetCV,0.39138993154852925,,XGBRegressor,0.3258890460319858,,LGBMRegressor,0.256682457875698,,STACK
2024-07-01,StackedEnsemble,SELL,-0.021057847144803743,True,STACK,ElasticNetCV,1.00287404824898,1.00287404824898,ElasticNetCV,1.00287404824898,,XGBRegressor,-0.20265149536186325,,LGBMRegressor,0.29816529796373775,,STACK
2025-01-07,StackedEnsemble,SELL,-0.016007592534008186,True,STACK,ElasticNetCV,0.8423182519050514,0.8423182519050514,ElasticNetCV,0.8423182519050514,,XGBRegressor,-0.0633379702849825,,LGBMRegressor,0.37414788496469087,,STACK
2025-02-28,StackedEnsemble,SELL,-0.013211179711876797,True,STACK,ElasticNetCV,0.6277310327187264,0.6277310327187264,ElasticNetCV,0.6277310327187264,,XGBRegressor,-0.00784085155350433,,LGBMRegressor,0.4359800065495084,,STACK
2025-03-11,StackedEnsemble,BUY,0.014413317092976108,True,STACK,ElasticNetCV,0.5320136412865795,0.5320136412865795,ElasticNetCV,0.5320136412865795,,XGBRegressor,0.27258363768714194,,LGBMRegressor,0.24420326188073668,,STACK
2025-09-02,StackedEnsemble,SELL,-0.012671879212725945,True,STACK,XGBRegressor,0.4187387808267008,0.4187387808267008,ElasticNetCV,0.4102223845843418,,XGBRegressor,0.4187387808267008,,LGBMRegressor,0.24462478541778654,,STACK
2026-01-23,StackedEnsemble,BUY,0.009762363519588924,True,STACK,ElasticNetCV,0.7089100485105649,0.7089100485105649,ElasticNetCV,0.7089100485105649,,XGBRegressor,0.3008131872771287,,LGBMRegressor,0.1464307673915252,,STACK
