Currency,Model,Observations,Signal_Triggers,Hit_Rate_Pct,Information_Coefficient,Sharpe_Ratio,Maximum_Drawdown_Pct,Strategy_Total_Return_Pct,Average_Adj_R2,Average_Train_RMSE,Average_Validation_RMSE,Test_RMSE,Generalization_Gap,Best_Params,Best_Validation_RMSE,Best_Alpha,Best_L1_Ratio,Best_N_Estimators,Best_Max_Depth,Best_Learning_Rate,Best_Subsample
JPY,ElasticNetCV,6426,194,46.90721649484536,0.014851147813469513,-0.006867756438046483,-12.94058258289461,-2.2474372393357256,0.3273308112334996,0.4791588638533077,0.4800242484172869,0.509350797948635,0.030191934095327333,"{""alpha"": 0.0012328467394420659, ""l1_ratio"": 0.1}",0.21579935025468214,0.0012328467394420659,0.1,,,,
JPY,LassoCV,6426,194,46.90721649484536,0.020180091781488895,-0.09683559782251508,-18.266095616665933,-10.194671564654668,0.32830316104128304,0.47871490247343357,0.4819902656096293,0.5094646647697288,0.03074976229629528,"{""alpha"": 0.0001}",0.21580999408257484,0.0001,,,,,
JPY,RidgeCV,6426,202,47.02970297029702,0.020249014814521415,-0.010675376202178174,-14.237300506571671,-2.4662688295001844,0.3379594387798267,0.47586867337182365,0.47982718792433615,0.5068813852577865,0.03101271188596283,"{""alpha"": 28.48035868435799}",0.21381024823754763,28.48035868435799,,,,,
JPY,OLS,6426,189,46.03174603174603,0.03227884133441888,-0.216346114925165,-22.400404495728875,-20.274032736987646,0.3374089760043816,0.47590458523590445,0.49046655615288665,0.5084990886471196,0.032594503411215114,{},0.21618980309176705,,,,,,
JPY,LGBMRegressor,6426,211,49.28909952606635,0.025268182744593453,0.048106707748707005,-13.8580529433037,2.8699534659431647,0.3956911033102831,0.452649124447244,0.48956917723911514,0.5248577859953175,0.07220866154807354,"{""learning_rate"": 0.03, ""max_depth"": 3, ""n_estimators"": 200, ""subsample"": 0.8}",0.2392610370310198,,,200.0,3.0,0.03,0.8
JPY,XGBRegressor,6426,201,48.756218905472636,0.024973777697638967,0.10907329864785645,-12.258448957796308,9.277059349053207,0.433694212673085,0.4371012330427517,0.4857972710614356,0.5278038672070245,0.09070263416427282,"{""learning_rate"": 0.03, ""max_depth"": 3, ""n_estimators"": 200, ""subsample"": 1.0}",0.22920057825347473,,,200.0,3.0,0.03,1.0
